epoch_ms,acc_x,acc_y,acc_z,magnitude
1785956089932,0.0185546875,-0.0029296875,1.0234375,1.0236098748562952
1785956089942,0.02099609375,-0.00341796875,1.03076171875,1.030981202206708
1785956089952,0.0205078125,-0.00390625,1.02685546875,1.0270676622620245
1785956089962,0.02001953125,-0.0029296875,1.029296875,1.0294957122713446
1785956089973,0.01806640625,-0.00341796875,1.02880859375,1.0289728859979832
1785956089983,0.01904296875,-0.00341796875,1.029296875,1.0294786904321793
1785956089993,0.01904296875,-0.00390625,1.02978515625,1.0299686216000528
1785956090003,0.01904296875,-0.00439453125,1.029296875,1.0294823958905204
1785956090012,0.01953125,-0.00390625,1.0283203125,1.0285131956449187
1785956090022,0.02001953125,-0.00439453125,1.03125,1.0314536616040377
1785956090033,0.0185546875,-0.0029296875,1.02880859375,1.0289800688404624
1785956090043,0.01708984375,-0.00341796875,1.029296875,1.0294444143102341
1785956090053,0.0185546875,-0.0029296875,1.029296875,1.029468268759089
1785956090063,0.01904296875,-0.0029296875,1.02978515625,1.029965380855346
1785956090074,0.0185546875,-0.00244140625,1.02978515625,1.0299551955913118
1785956090084,0.01953125,-0.00341796875,1.02880859375,1.0289996476242307
1785956090093,0.02001953125,-0.00244140625,1.0302734375,1.0304708138098884
1785956090103,0.021484375,-0.00390625,1.02978515625,1.0300166528707388
1785956090113,0.02099609375,-0.00341796875,1.02978515625,1.0300048478021702
1785956090123,0.0205078125,-0.0029296875,1.029296875,1.0295053231174418
1785956090134,0.0185546875,-0.00341796875,1.029296875,1.0294697741183878
1785956090144,0.01806640625,-0.00341796875,1.02880859375,1.0289728859979832
1785956090154,0.02001953125,-0.00390625,1.03369140625,1.0338926268117181
1785956090164,0.01953125,-0.0029296875,1.03173828125,1.0319272909425907
1785956090173,0.01806640625,-0.00341796875,1.029296875,1.0294610893229192
1785956090184,0.01708984375,-0.00537109375,1.0302734375,1.0304291666221104
1785956090194,0.01708984375,-0.00390625,1.0283203125,1.0284697305456099
1785956090204,0.0166015625,-0.0029296875,1.0283203125,1.0284584872742248
1785956090214,0.01806640625,-0.0029296875,1.03076171875,1.0309241965072369
1785956090225,0.0185546875,-0.00390625,1.0302734375,1.0304479080649112
1785956090235,0.0185546875,-0.00390625,1.03076171875,1.030936106680593
1785956090245,0.01708984375,-0.00244140625,1.0302734375,1.0304180604210813
1785956090255,0.0185546875,-0.0048828125,1.029296875,1.0294756797374567
1785956090264,0.01806640625,-0.00439453125,1.029296875,1.0294647948446138
1785956090274,0.01806640625,-0.0048828125,1.02880859375,1.0289787944688427
1785956090285,0.02099609375,-0.0029296875,1.0283203125,1.0285388102165636
1785956090295,0.01953125,-0.00341796875,1.02685546875,1.0270468859495756
1785956090305,0.0185546875,-0.00341796875,1.0283203125,1.0284933757874652
1785956090315,0.0205078125,-0.00390625,1.02978515625,1.0299967462062365
1785956090326,0.0205078125,-0.0029296875,1.029296875,1.0295053231174418
1785956090336,0.01806640625,-0.00341796875,1.02880859375,1.0289728859979832
1785956090345,0.0185546875,-0.0029296875,1.0302734375,1.0304446688275586
1785956090355,0.02099609375,-0.00244140625,1.02880859375,1.0290257134742011
1785956090365,0.01904296875,-0.00341796875,1.029296875,1.0294786904321793
1785956090375,0.01806640625,-0.00390625,1.029296875,1.0294628262878744
1785956090386,0.01953125,-0.00244140625,1.02880859375,1.0289968672279293
1785956090396,0.01708984375,-0.00341796875,1.0302734375,1.0304208369825612
1785956090406,0.0166015625,-0.00390625,1.02978515625,1.0299263753780368
1785956090416,0.017578125,-0.00439453125,1.02880859375,1.0289681360262208
1785956090425,0.01708984375,-0.0029296875,1.02880859375,1.028954696962942
1785956090435,0.015625,-0.00244140625,1.02978515625,1.0299065827162746
1785956090446,0.01708984375,-0.00390625,1.0302734375,1.0304225723296867
1785956090456,0.017578125,-0.00439453125,1.029296875,1.0294563416037557
1785956090466,0.0205078125,-0.00341796875,1.0302734375,1.030483191955103
1785956090476,0.0205078125,-0.00390625,1.029296875,1.0295085653103442
1785956090487,0.01806640625,-0.00341796875,1.029296875,1.0294610893229192
1785956090497,0.01904296875,-0.001953125,1.02978515625,1.0299630660314554
1785956090506,0.01953125,-0.00146484375,1.03076171875,1.030947785454835
1785956090516,0.02099609375,-0.001953125,1.0302734375,1.030489207448623
1785956090526,0.01904296875,-0.00390625,1.029296875,1.0294804273674374
1785956090537,0.0205078125,-0.0048828125,1.02978515625,1.030000912749247
1785956090547,0.021484375,-0.00341796875,1.03076171875,1.0309912617088326
1785956090557,0.0185546875,-0.00341796875,1.0302734375,1.0304461727604528
1785956090567,0.017578125,-0.00341796875,1.02978515625,1.0299408434573942
1785956090578,0.01806640625,-0.00341796875,1.03076171875,1.0309256997405876
1785956090588,0.017578125,-0.00390625,1.02978515625,1.0299425796132593
1785956090597,0.0166015625,-0.00390625,1.02783203125,1.027973518691024
1785956090607,0.01953125,-0.00341796875,1.02734375,1.0275350762387632
1785956090617,0.017578125,-0.00146484375,1.02978515625,1.0299362136941124
1785956090627,0.01708984375,-0.00537109375,1.03076171875,1.0309173741129425
1785956090638,0.0185546875,-0.00341796875,1.0302734375,1.0304461727604528
1785956090648,0.0185546875,-0.0009765625,1.0302734375,1.030440966829544
1785956090658,0.0185546875,-0.00244140625,1.029296875,1.0294669949918092
1785956090668,0.02001953125,-0.00439453125,1.0302734375,1.0304772921100414
1785956090677,0.01806640625,-0.00341796875,1.02880859375,1.0289728859979832
1785956090687,0.02001953125,-0.00244140625,1.0283203125,1.028518063621658
1785956090698,0.0224609375,-0.00341796875,1.03125,1.0315002368995148
1785956090708,0.01953125,-0.01806640625,1.033203125,1.03354562660345
1785956090718,0.01025390625,-0.015625,1.02880859375,1.0289783310605896
1785956090728,-0.029296875,0.01123046875,1.0302734375,1.0307510787436396
1785956090739,-0.01953125,0.02978515625,1.03857421875,1.039184792571356
1785956090749,0.005859375,0.0244140625,1.033203125,1.033508140380573
1785956090758,0.0146484375,0.01708984375,1.02734375,1.0275902978058198
1785956090768,0.02490234375,-0.001953125,1.0322265625,1.0325287491164956
1785956090778,0.02734375,-0.00439453125,1.033203125,1.0335742305605027
1785956090789,0.02685546875,0.01513671875,1.0361328125,1.0365913088558378
1785956090799,0.0361328125,0.01953125,1.04150390625,1.042313502071105
1785956090809,0.00732421875,0.14990234375,1.11669921875,1.1267393230019538
1785956090819,0.06201171875,0.15478515625,1.224609375,1.235909389557162
1785956090830,0.06103515625,0.0771484375,1.35595703125,1.3595207399313431
1785956090838,0.08642578125,0.09912109375,1.4189453125,1.4250263880913194
1785956090849,0.064453125,0.0263671875,1.32861328125,1.3304370278268782
1785956090859,0.064453125,0.04541015625,1.267578125,1.2700277912673528
1785956090869,0.10546875,0.0244140625,1.212890625,1.2177123518660748
1785956090879,0.107421875,0.0390625,1.1884765625,1.1939605846704413
1785956090890,0.06640625,0.060546875,1.20263671875,1.205989548626809
1785956090900,0.02685546875,0.00830078125,1.16455078125,1.1648899696027637
1785956090910,-0.0283203125,-0.0283203125,1.09228515625,1.0930191868234895
1785956090920,-0.046875,-0.02392578125,1.0341796875,1.0355179064946296
1785956090929,-0.08935546875,0.005859375,0.93896484375,0.9432251639292628
1785956090939,-0.109375,0.01513671875,0.92626953125,0.9328275593064408
1785956090950,-0.12158203125,-0.0263671875,0.90185546875,0.9103959058639369
1785956090960,-0.12255859375,-0.01708984375,0.79931640625,0.8088382959292865
1785956090970,-0.06689453125,-0.00341796875,0.662109375,0.6654888318254664
1785956090980,-0.0478515625,-0.0244140625,0.45703125,0.46017755481771144
1785956090991,-0.0869140625,-0.04052734375,0.23876953125,0.2573080039661209
1785956091001,-0.0595703125,-0.04541015625,-0.01416015625,0.07623132195509588
1785956091010,-0.16650390625,-0.1796875,-0.4794921875,0.5384458248759052
1785956091020,-0.14111328125,-0.376953125,-0.923828125,1.0077028436664366
1785956091030,-0.0849609375,-0.404296875,-1.14453125,1.2168098069387043
1785956091040,0.00927734375,-0.60107421875,-1.20654296875,1.3480067585116338
1785956091051,0.0888671875,0.15771484375,0.72607421875,0.7483014901005275
1785956091061,-1.0458984375,-0.03857421875,2.560546875,2.7661872335381386
1785956091071,2.17822265625,-1.60009765625,0.8515625,2.8337475436502455
1785956091081,-0.01123046875,0.14404296875,1.0576171875,1.0674402163915637
1785956091090,-0.14111328125,0.1669921875,1.033203125,1.0560814581938944
1785956091101,0.05517578125,-0.22802734375,1.029296875,1.0556954547685589
1785956091111,0.0537109375,-0.39306640625,1.0498046875,1.1222637597402811
1785956091121,0.0478515625,-0.12841796875,0.98193359375,0.9914507195349436
1785956091131,0.015625,0.45947265625,1.0380859375,1.1353332885552527
1785956091142,-0.00341796875,0.2666015625,1.0517578125,1.0850265304556395
1785956091152,0.0126953125,-0.02490234375,0.99169921875,0.9920930592202912
1785956091162,0.02685546875,-0.0283203125,1.01708984375,1.017838399040476
1785956091171,0.046875,-0.0224609375,1.04296875,1.0442631722008304
1785956091181,0.01171875,-0.01416015625,1.02978515625,1.0299491769788565
1785956091191,-0.0166015625,0.00927734375,1.0439453125,1.044118526066471
1785956091202,0.02099609375,-0.0322265625,1.02294921875,1.0236720624421478
1785956091212,0.01708984375,-0.01171875,1.00048828125,1.0007028493911372
1785956091222,0.01171875,-0.00341796875,1.05078125,1.0508521527615104
1785956091232,0.013671875,-0.00390625,1.05517578125,1.055271580348692
1785956091243,0.01708984375,0.00146484375,1.009765625,1.0099112960840928
1785956091253,0.02099609375,0.01953125,1.015625,1.0160297467615411
1785956091262,0.0517578125,-0.0185546875,1.03125,1.032714728317074
1785956091272,0.0302734375,-0.01220703125,1.03515625,1.0356707751713705
1785956091282,0.01904296875,-0.0078125,1.0390625,1.0392663511926639
1785956091292,0.00732421875,-0.0048828125,1.0224609375,1.0224988287287116
1785956091303,0.0068359375,-0.00830078125,1.013671875,1.0137289101021436
1785956091313,0.01611328125,-0.01171875,1.03564453125,1.0358361656373252
1785956091323,0.02197265625,-0.013671875,1.04345703125,1.0437778948865317
1785956091333,0.01904296875,-0.009765625,1.0263671875,1.0265902813036534
1785956091342,0.01904296875,-0.01318359375,1.0244140625,1.024675857649985
1785956091352,0.02001953125,-0.02392578125,1.02783203125,1.0283053579085317
1785956091363,0.0224609375,0.00341796875,1.03466796875,1.0349173792052222
1785956091373,0.02001953125,0.00830078125,1.037109375,1.0373357895656163
1785956091383,0.0224609375,-0.0029296875,1.0234375,1.0236881327770078
1785956091393,0.0185546875,0.001953125,1.0224609375,1.022631145545092
1785956091404,0.01953125,-0.00244140625,1.03125,1.031437827835997
1785956091414,0.0205078125,-0.005859375,1.03076171875,1.0309823584763125
1785956091423,0.02001953125,-0.00732421875,1.02978515625,1.0300057736947907
1785956091433,0.01953125,-0.0107421875,1.02978515625,1.030026374590323
1785956091443,0.01611328125,-0.00732421875,1.02392578125,1.024078750644384
1785956091454,0.02392578125,-0.03564453125,1.029296875,1.0301917455023704
1785956091464,0.01611328125,-0.005859375,1.03759765625,1.0377393055886075
1785956091474,0.015625,0.0078125,1.02880859375,1.0289568982008443
1785956091484,0.02197265625,-0.013671875,1.02001953125,1.0203477651860497
1785956091495,0.02197265625,-0.0078125,1.02880859375,1.0290728620232792
1785956091503,0.0224609375,-0.00439453125,1.0341796875,1.0344329034093434
1785956091514,0.0224609375,-0.0048828125,1.03173828125,1.0319942909570736
1785956091524,0.02294921875,-0.00390625,1.0263671875,1.0266311552875054
1785956091534,0.01904296875,-0.0029296875,1.0244140625,1.024595231872282
1785956091544,0.01953125,-0.0029296875,1.03173828125,1.0319272909425907
1785956091555,0.02001953125,-0.0048828125,1.03466796875,1.0348731463549679
1785956091565,0.0166015625,-0.00537109375,1.02783203125,1.0279801286936503
1785956091575,0.01611328125,-0.00830078125,1.0263671875,1.0265272253470252
1785956091585,0.01513671875,-0.00830078125,1.03173828125,1.0318826988667757
1785956091594,0.017578125,-0.0087890625,1.02880859375,1.028996287977754
1785956091604,0.01708984375,-0.009765625,1.0283203125,1.0285086753601729
1785956091615,0.01904296875,-0.00830078125,1.03173828125,1.0319473914036887
1785956091625,0.0205078125,-0.00537109375,1.029296875,1.029515165457203
1785956091635,0.0224609375,-0.00537109375,1.02734375,1.0276032906844512
1785956091645,0.02001953125,-0.0048828125,1.0322265625,1.0324322252913003
1785956091656,0.02294921875,-0.00341796875,1.03271484375,1.0329754583983097
1785956091666,0.0244140625,-0.00244140625,1.02685546875,1.0271485582008153
1785956091675,0.0224609375,-0.0029296875,1.0263671875,1.0266171050391117
1785956091685,0.02099609375,-0.00390625,1.03173828125,1.0319592897680243
1785956091695,0.02001953125,-0.00439453125,1.033203125,1.0334064016862594
1785956091706,0.02001953125,-0.005859375,1.029296875,1.0295082179330217
1785956091716,0.01953125,-0.0078125,1.0302734375,1.0304881663080265
1785956091726,0.0185546875,-0.0087890625,1.03076171875,1.030966170583839
1785956091736,0.015625,-0.01025390625,1.02880859375,1.0289783310605896
1785956091747,0.0166015625,-0.0107421875,1.0283203125,1.0285104139335801
1785956091755,0.0166015625,-0.0107421875,1.0302734375,1.0304631786181362
1785956091766,0.01611328125,-0.0087890625,1.02880859375,1.0289723067343082
1785956091776,0.01953125,-0.00634765625,1.0302734375,1.0304781018946967
1785956091786,0.02099609375,-0.0078125,1.0283203125,1.0285643082516067
1785956091796,0.0205078125,-0.0068359375,1.0283203125,1.028547502799524
1785956091807,0.02001953125,-0.0048828125,1.02734375,1.0275503900799428
1785956091817,0.021484375,-0.00390625,1.02783203125,1.0280639676701562
1785956091827,0.0224609375,-0.00390625,1.02978515625,1.030037485014637
1785956091836,0.02001953125,-0.00390625,1.02978515625,1.0299871399456253
1785956091846,0.0185546875,-0.00390625,1.02880859375,1.028983312688373
1785956091856,0.01953125,-0.00537109375,1.0302734375,1.0304725490728515
1785956091867,0.01904296875,-0.00634765625,1.02880859375,1.029004397450533
1785956091877,0.0205078125,-0.005859375,1.02978515625,1.030006005167816
1785956091887,0.02099609375,-0.00634765625,1.03076171875,1.0309950773563767
1785956091897,0.01904296875,-0.0068359375,1.03076171875,1.0309602735027046
1785956091908,0.0205078125,-0.0078125,1.02880859375,1.029042626961409
1785956091918,0.01806640625,-0.00830078125,1.03125,1.0314416418315437
1785956091927,0.01904296875,-0.005859375,1.02978515625,1.0299778808144575
1785956091937,0.0205078125,-0.0068359375,1.02880859375,1.0290356762468886
1785956091947,0.02001953125,-0.00732421875,1.0283203125,1.0285412441471977
1785956091957,0.01953125,-0.0068359375,1.0302734375,1.0304812253438356
1785956091968,0.01904296875,-0.00732421875,1.02734375,1.0275463296139857
1785956091978,0.01708984375,-0.00830078125,1.02783203125,1.0280076119330346
1785956091988,0.01806640625,-0.0107421875,1.03076171875,1.0309759989774394
1785956091998,0.01806640625,-0.009765625,1.02978515625,1.0299899176687448
1785956092007,0.01806640625,-0.0078125,1.03076171875,1.030949635545546
1785956092018,0.01953125,-0.0087890625,1.03076171875,1.0309842085049827
1785956092028,0.01708984375,-0.01123046875,1.02783203125,1.0280354423127858
1785956092038,0.0205078125,-0.009765625,1.02685546875,1.0271066602388275
1785956092048,0.02294921875,-0.00634765625,1.0302734375,1.030548550723919
1785956092059,0.021484375,-0.0068359375,1.029296875,1.0295437656046538
1785956092069,0.02099609375,-0.0068359375,1.0302734375,1.0305100300396544
1785956092079,0.02001953125,-0.0048828125,1.0302734375,1.0304794900954828
1785956092089,0.01708984375,-0.00341796875,1.0302734375,1.0304208369825612
1785956092098,0.0166015625,-0.00244140625,1.0283203125,1.028457212256308
1785956092108,0.0126953125,0.00146484375,1.02685546875,1.0269349884138075
1785956092119,0.02001953125,-0.0107421875,1.03125,1.0315002368995148
1785956092129,0.0185546875,-0.0126953125,1.033203125,1.0334476981915732
1785956092139,0.0166015625,-0.00927734375,1.03125,1.031425345570147
1785956092149,0.01513671875,-0.00732421875,1.02978515625,1.029922440025292
1785956092160,0.015625,-0.0078125,1.02978515625,1.0299333200814929
1785956092168,-0.001953125,-0.0048828125,1.041015625,1.041028908363892
1785956092179,0.0,0.025390625,1.04638671875,1.0466947257984451
1785956092189,0.02734375,-0.0068359375,1.03125,1.031635096924085
1785956092199,0.01904296875,-0.01611328125,1.025390625,1.0256940120373843
1785956092209,0.009765625,-0.01611328125,1.017578125,1.0177525464192156
1785956092220,0.0087890625,-0.00927734375,1.02685546875,1.0269349884138075
1785956092230,0.0068359375,-0.00390625,1.02880859375,1.0288387198217313
1785956092240,0.0029296875,-0.0009765625,1.03369140625,1.03369601919436
1785956092250,0.01171875,-0.005859375,1.02392578125,1.0240096029263475
1785956092259,0.013671875,-0.00537109375,1.02490234375,1.0250076014539258
1785956092269,0.001953125,-0.00341796875,1.0322265625,1.032234069161742
1785956092280,0.00146484375,-0.00146484375,1.0302734375,1.0302755202141272
1785956092290,0.001953125,-0.001953125,1.02880859375,1.0288123016218185
1785956092300,0.00048828125,-0.00244140625,1.02978515625,1.0297881660399355
1785956092310,0.00341796875,-0.00341796875,1.03271484375,1.0327261561141652
1785956092321,0.00341796875,-0.00537109375,1.0322265625,1.0322461951923163
1785956092331,0.00439453125,-0.00537109375,1.0302734375,1.0302968099392742
1785956092340,0.00439453125,-0.005859375,1.0302734375,1.0302994711239855
1785956092350,0.00390625,-0.00244140625,1.02880859375,1.028818906235394
1785956092360,0.00244140625,-0.0029296875,1.029296875,1.0293039397661368
1785956092371,0.00244140625,-0.0048828125,1.02880859375,1.0288230775484384
1785956092381,0.00439453125,-0.00341796875,1.02880859375,1.0288236568961349
1785956092391,0.009765625,-0.0029296875,1.03125,1.0313003990111167
1785956092401,0.0185546875,0.0,1.02490234375,1.0250702857133582
1785956092412,0.00146484375,-0.00634765625,1.03271484375,1.032735390605293
1785956092420,0.00146484375,-0.00439453125,1.0322265625,1.0322369563247993
1785956092431,0.00439453125,-0.0048828125,1.0322265625,1.0322474655301332
1785956092441,-0.01025390625,-0.00927734375,1.0341796875,1.0342721294408146
1785956092451,0.00048828125,-0.00390625,1.0302734375,1.0302809583922765
1785956092461,0.00390625,0.001953125,1.03076171875,1.0307709708401678
1785956092472,0.00390625,-0.0068359375,1.03271484375,1.0327448558730048
1785956092482,0.02587890625,-0.001953125,1.021484375,1.021814005020044
1785956092492,0.01806640625,-0.0009765625,1.02880859375,1.0289676726131676
1785956092501,0.001953125,0.0009765625,1.03759765625,1.0375999540415735
1785956092511,0.015625,-0.00341796875,1.02587890625,1.026003583533738
1785956092521,-0.0078125,-0.01123046875,1.02587890625,1.0259701208482102
1785956092532,-0.00537109375,-0.005859375,1.0283203125,1.028351032490151
1785956092542,0.00390625,-0.00732421875,1.0234375,1.023471161965793
1785956092552,-0.0244140625,-0.00634765625,1.01171875,1.0120331853695237
1785956092562,0.0048828125,-0.00048828125,1.04296875,1.0429802940386994
1785956092573,0.01806640625,0.0009765625,1.03759765625,1.0377553878273047
1785956092581,-0.0166015625,-0.009765625,1.0302734375,1.03045346101954
1785956092592,-0.03564453125,-0.0068359375,1.03759765625,1.0382322278300888
1785956092602,0.01123046875,-0.00341796875,1.03125,1.03131681283625
1785956092612,0.00830078125,-0.0068359375,1.0302734375,1.0303295536035695
1785956092622,0.00390625,-0.0029296875,1.029296875,1.0293084565584194
1785956092633,0.0078125,0.0,1.03271484375,1.0327443941546413
1785956092643,0.00732421875,-0.00146484375,1.0322265625,1.0322535862267934
1785956092653,0.00830078125,0.00146484375,1.02587890625,1.0259135338932168
1785956092664,0.0322265625,0.01220703125,1.0322265625,1.032801645657612
1785956092672,-0.01953125,-0.025390625,1.03173828125,1.0322354550010173
1785956092683,-0.01318359375,-0.00830078125,1.03076171875,1.0308794454027976
1785956092693,0.00927734375,-0.013671875,1.02734375,1.0274766031093525
1785956092703,0.0048828125,-0.0068359375,1.029296875,1.0293311560349174
1785956092713,-0.00048828125,-0.00048828125,1.03076171875,1.0307619500532663
1785956092724,0.0009765625,-0.00830078125,1.03125,1.0312838693316582
1785956092734,0.0029296875,-0.009765625,1.03076171875,1.0308121416344214
1785956092744,0.00146484375,-0.0068359375,1.02978515625,1.0298088870472777
1785956092753,0.0029296875,-0.01123046875,1.02734375,1.0274093084848195
1785956092763,0.00146484375,-0.00830078125,1.029296875,1.0293313876596486
1785956092773,0.00048828125,0.00244140625,1.03271484375,1.032717845001549
1785956092784,-0.00537109375,-0.0009765625,1.0263671875,1.0263817057503744
1785956092794,-0.03759765625,-0.05810546875,0.9345703125,0.9371293924856364
1785956092804,-0.013671875,-0.08642578125,0.93359375,0.9376852488280655
1785956092814,0.09130859375,-0.00048828125,1.17724609375,1.1807818862774002
1785956092825,0.00341796875,0.123046875,1.0908203125,1.0977436723207468
1785956092833,0.01513671875,-0.041015625,1.001953125,1.002906509324734
1785956092844,0.0224609375,-0.0078125,1.03173828125,1.032012310908321
1785956092854,0.01708984375,-0.0048828125,1.03173828125,1.0318913632810451
1785956092864,0.017578125,-0.00732421875,1.0302734375,1.0304494119930778
1785956092874,0.017578125,-0.005859375,1.0302734375,1.0304400413279624
1785956092885,0.01904296875,-0.00634765625,1.0283203125,1.0285162091570454
1785956092895,0.01953125,-0.005859375,1.029296875,1.0294988387010053
1785956092905,0.01904296875,-0.0048828125,1.0302734375,1.0304609805979021
1785956092914,0.017578125,-0.00634765625,1.02880859375,1.0289783310605896
1785956092924,0.01904296875,-0.005859375,1.02978515625,1.0299778808144575
1785956092935,0.01904296875,-0.005859375,1.03076171875,1.0309542607577982
1785956092945,0.017578125,-0.0068359375,1.02978515625,1.0299578576586794
1785956092955,0.02001953125,-0.00537109375,1.0302734375,1.0304819194423585
1785956092965,0.0205078125,-0.00634765625,1.02880859375,1.0290325484100373
1785956092976,0.0205078125,-0.00732421875,1.03125,1.0314798965824943
1785956092986,0.0205078125,-0.00732421875,1.02978515625,1.0300153797816176
1785956092996,0.02001953125,-0.005859375,1.03076171875,1.030972761399308
1785956093005,0.01953125,-0.00634765625,1.03125,1.0314544706221553
1785956093015,0.01904296875,-0.00732421875,1.0302734375,1.0304754411712962
1785956093025,0.0185546875,-0.00634765625,1.02978515625,1.0299718623345628
1785956093036,0.02001953125,-0.005859375,1.029296875,1.0295082179330217
1785956093046,0.0185546875,-0.00732421875,1.02978515625,1.0299783437729928
1785956093056,0.01806640625,-0.00634765625,1.02978515625,1.0299631817727735
1785956093066,0.0205078125,-0.00634765625,1.029296875,1.0295207234427917
1785956093077,0.02001953125,-0.005859375,1.02783203125,1.028043675322387
1785956093085,0.0185546875,-0.00634765625,1.03076171875,1.030948247977824
1785956093096,0.01806640625,-0.00634765625,1.029296875,1.029474984960501
1785956093106,0.01953125,-0.005859375,1.03076171875,1.0309633954910364
1785956093116,0.02099609375,-0.00634765625,1.02880859375,1.0290423952716814
1785956093126,0.01953125,-0.00634765625,1.02880859375,1.0290135494930488
1785956093137,0.01708984375,-0.00732421875,1.029296875,1.0294647948446138
1785956093147,0.02001953125,-0.00634765625,1.03076171875,1.0309756520945546
1785956093157,0.01953125,-0.00537109375,1.02978515625,1.0299843622150147
1785956093167,0.01953125,-0.00537109375,1.0302734375,1.0304725490728515
1785956093176,0.02001953125,-0.00634765625,1.03076171875,1.0309756520945546
1785956093186,0.01904296875,-0.005859375,1.02734375,1.027536932474092
1785956093197,0.01806640625,-0.0048828125,1.02978515625,1.0299551955913118
1785956093207,0.01904296875,-0.00439453125,1.0302734375,1.0304587825729796
1785956093217,0.01904296875,-0.0048828125,1.02880859375,1.0289964038278152
1785956093227,0.0185546875,-0.0068359375,1.029296875,1.0294867961049778
1785956093238,0.01953125,-0.005859375,1.03125,1.0314515812688219
1785956093247,0.02001953125,-0.0068359375,1.029296875,1.0295142391233543
1785956093257,0.0205078125,-0.0068359375,1.02880859375,1.0290356762468886
1785956093267,0.01806640625,-0.0068359375,1.029296875,1.0294781114531089
1785956093277,0.0205078125,-0.00537109375,1.02978515625,1.0300033432248865
1785956093288,0.0185546875,-0.00634765625,1.0283203125,1.0285072844993313
1785956093298,0.01953125,-0.00634765625,1.0283203125,1.028525365543567
1785956093308,0.01953125,-0.00537109375,1.02880859375,1.0290079887680592
1785956093318,0.02001953125,-0.0068359375,1.02734375,1.0275615272756353
1785956093329,0.02001953125,-0.00537109375,1.0302734375,1.0304819194423585
1785956093337,0.01904296875,-0.0048828125,1.0283203125,1.0285082117401014
1785956093348,0.01904296875,-0.00634765625,1.03076171875,1.0309571515049187
1785956093358,0.01953125,-0.00634765625,1.0283203125,1.028525365543567
1785956093368,0.01953125,-0.00537109375,1.02783203125,1.028031615680245
1785956093378,0.01806640625,-0.00634765625,1.0302734375,1.0304513786650609
1785956093389,0.01904296875,-0.005859375,1.029296875,1.0294896909726536
1785956093399,0.01806640625,-0.005859375,1.029296875,1.029472090051472
1785956093409,0.0185546875,-0.005859375,1.029296875,1.0294807747541375
1785956093418,0.01708984375,-0.00634765625,1.0283203125,1.0284819009585755
1785956093428,0.01904296875,-0.005859375,1.029296875,1.0294896909726536
1785956093438,0.015625,-0.00537109375,1.03125,1.0313823499425765
1785956093449,0.0205078125,-0.0048828125,1.03076171875,1.0309772708803524
1785956093459,0.0224609375,-0.00634765625,1.0283203125,1.0285851698101351
1785956093469,0.01953125,-0.005859375,1.0283203125,1.028522467961712
1785956093479,0.02099609375,-0.005859375,1.02978515625,1.0300158427232984
1785956093490,0.0234375,-0.00537109375,1.03076171875,1.0310421358483732
1785956093498,0.02197265625,-0.005859375,1.02978515625,1.0300362119512634
1785956093509,0.0185546875,-0.00634765625,1.029296875,1.0294836696387448
1785956093519,0.02197265625,-0.00537109375,1.02978515625,1.0300335500863984
1785956093529,0.02001953125,-0.00732421875,1.029296875,1.02951759707959
1785956093539,0.02001953125,-0.00732421875,1.02978515625,1.0300057736947907
1785956093550,0.0205078125,-0.00732421875,1.029296875,1.0295272077213884
1785956093560,0.0205078125,-0.00732421875,1.02880859375,1.029039035764769
1785956093570,0.01953125,-0.0068359375,1.0283203125,1.028528494922802
1785956093579,0.02001953125,-0.005859375,1.02978515625,1.0299963989935583
1785956093589,0.01806640625,-0.0048828125,1.029296875,1.0294669949918092
1785956093600,0.02099609375,-0.00537109375,1.0283203125,1.0285486618050348
1785956093610,0.017578125,-0.00439453125,1.02978515625,1.0299445472530353
1785956093620,0.01904296875,-0.0048828125,1.02880859375,1.0289964038278152
1785956093630,0.01953125,-0.00439453125,1.0302734375,1.0304679216984565
1785956093641,0.01904296875,-0.005859375,1.029296875,1.0294896909726536
1785956093651,0.01806640625,-0.005859375,1.02978515625,1.0299602882359191
1785956093661,0.02001953125,-0.0068359375,1.029296875,1.0295142391233543
1785956093670,0.01953125,-0.005859375,1.02783203125,1.0280342827286715
1785956093680,0.01953125,-0.005859375,1.029296875,1.0294988387010053
1785956093690,0.017578125,-0.00732421875,1.03173828125,1.0319140059401837
1785956093701,0.01904296875,-0.0087890625,1.03125,1.0314632542065871
1785956093711,0.0185546875,-0.005859375,1.02880859375,1.028992580768912
1785956093721,0.02099609375,-0.0068359375,1.029296875,1.0295336919591453
1785956093731,0.02099609375,-0.00634765625,1.03173828125,1.0319714190273541
1785956093742,0.01904296875,-0.00634765625,1.03173828125,1.0319335290586238
1785956093750,0.021484375,-0.00634765625,1.03076171875,1.0310051367231217
1785956093761,0.01953125,-0.0048828125,1.029296875,1.0294937437737242
1785956093771,0.01953125,-0.0048828125,1.02685546875,1.027052805500406
1785956093781,0.01953125,-0.0068359375,1.02978515625,1.0299930425983
1785956093791,0.0185546875,-0.00537109375,1.03076171875,1.0309426976882605
1785956093802,0.01806640625,-0.00732421875,1.02783203125,1.0280168888099985
1785956093812,0.017578125,-0.00537109375,1.0283203125,1.02848456683933
1785956093822,0.0185546875,-0.005859375,1.0283203125,1.028504386866537
1785956093831,0.01953125,-0.0068359375,1.02978515625,1.0299930425983
1785956093841,0.01904296875,-0.00732421875,1.03076171875,1.0309636267490554
1785956093851,0.02001953125,-0.00634765625,1.0302734375,1.0304874722137112
1785956093862,0.02099609375,-0.00537109375,1.02734375,1.0275723163188528
1785956093872,0.01904296875,-0.005859375,1.029296875,1.0294896909726536
1785956093882,0.02099609375,-0.00439453125,1.02783203125,1.0280558507791135
1785956093893,0.02001953125,-0.00341796875,1.02783203125,1.0280326593087141
1785956093903,0.01806640625,-0.00390625,1.02880859375,1.0289746237870518
1785956093912,0.0185546875,-0.00537109375,1.03076171875,1.0309426976882605
1785956093922,0.02001953125,-0.00634765625,1.03076171875,1.0309756520945546
1785956093932,0.02001953125,-0.0068359375,1.02978515625,1.030002417330081
1785956093942,0.01904296875,-0.00537109375,1.02880859375,1.0289988366760856
1785956093953,0.01953125,-0.0068359375,1.0283203125,1.028528494922802
1785956093963,0.01806640625,-0.0068359375,1.02880859375,1.0289899162043068
1785956093973,0.01953125,-0.0078125,1.03076171875,1.0309763458602077
1785956093983,0.01953125,-0.0068359375,1.03173828125,1.0319457741396931
1785956093994,0.02099609375,-0.0068359375,1.03125,1.031486368545054
1785956094002,0.02001953125,-0.00634765625,1.02978515625,1.029999292428968
1785956094013,0.01904296875,-0.0048828125,1.02978515625,1.0299727882568357
1785956094023,0.01904296875,-0.0048828125,1.0302734375,1.0304609805979021
1785956094033,0.017578125,-0.0048828125,1.02783203125,1.0279939283867034
1785956094043,0.01806640625,-0.00537109375,1.029296875,1.0294694267279758
1785956094054,0.01953125,-0.00537109375,1.0302734375,1.0304725490728515
1785956094064,0.01904296875,-0.0048828125,1.029296875,1.0294845960001
1785956094074,0.02001953125,-0.005859375,1.02978515625,1.0299963989935583
1785956094083,0.02001953125,-0.0068359375,1.0302734375,1.0304905956344483
1785956094093,0.01904296875,-0.00830078125,1.0302734375,1.0304828449063286
1785956094103,0.017578125,-0.00634765625,1.029296875,1.0294665318033167
1785956094114,0.01904296875,-0.005859375,1.02880859375,1.0290015012175913
1785956094124,0.02001953125,-0.00634765625,1.0283203125,1.0285347536527074
1785956094134,0.02099609375,-0.00732421875,1.0302734375,1.030513384751078
1785956094144,0.01904296875,-0.00537109375,1.02978515625,1.0299752187988416
1785956094155,0.02001953125,-0.005859375,1.02783203125,1.028043675322387
1785956094164,0.021484375,-0.00634765625,1.0283203125,1.0285643082516067
1785956094174,0.02294921875,-0.0048828125,1.029296875,1.0295642599585084
1785956094184,0.02001953125,-0.00537109375,1.03076171875,1.0309701019525228
1785956094194,0.02001953125,-0.00537109375,1.02978515625,1.0299937370258025
1785956094205,0.01806640625,-0.00732421875,1.0302734375,1.030457857087399
1785956094215,0.021484375,-0.0078125,1.02978515625,1.0300388738092499
1785956094225,0.01904296875,-0.0068359375,1.02978515625,1.0299838992591848
1785956094235,0.01806640625,-0.005859375,1.02978515625,1.0299602882359191
1785956094244,0.01806640625,-0.0068359375,1.03125,1.0314308932625074
1785956094254,0.01806640625,-0.00634765625,1.02978515625,1.0299631817727735
1785956094265,0.01904296875,-0.00634765625,1.0283203125,1.0285162091570454
1785956094275,0.017578125,-0.00634765625,1.0283203125,1.0284901303942986
1785956094285,0.01953125,-0.00634765625,1.02783203125,1.0280371816865048
1785956094295,0.0185546875,-0.0068359375,1.02783203125,1.0280222229763458
1785956094306,0.01904296875,-0.005859375,1.0302734375,1.03046607074288
1785956094316,0.01953125,-0.0048828125,1.0302734375,1.030470119703885
1785956094326,0.02001953125,-0.005859375,1.029296875,1.0295082179330217
1785956094335,0.01953125,-0.005859375,1.0302734375,1.0304752098037193
1785956094345,0.017578125,-0.00634765625,1.0302734375,1.0304429335176453
1785956094355,0.01953125,-0.00634765625,1.02880859375,1.0290135494930488
1785956094366,0.0205078125,-0.00732421875,1.029296875,1.0295272077213884
1785956094376,0.0185546875,-0.005859375,1.03076171875,1.0309453572057383
1785956094386,0.01953125,-0.0078125,1.03076171875,1.0309763458602077
1785956094396,0.01904296875,-0.005859375,1.029296875,1.0294896909726536
1785956094407,0.02099609375,-0.00634765625,1.029296875,1.029530565635325
1785956094415,0.01904296875,-0.005859375,1.02880859375,1.0290015012175913
1785956094426,0.02001953125,-0.00390625,1.02978515625,1.0299871399456253
1785956094436,0.01953125,-0.00537109375,1.03076171875,1.030960736020091
1785956094446,0.01806640625,-0.0068359375,1.029296875,1.0294781114531089
1785956094456,0.0205078125,-0.00634765625,1.0302734375,1.0304970738102412
1785956094467,0.02001953125,-0.00537109375,1.03076171875,1.0309701019525228
1785956094477,0.01953125,-0.0068359375,1.03076171875,1.030969408182668
1785956094487,0.01708984375,-0.005859375,1.0302734375,1.0304318274649984
1785956094496,0.0185546875,-0.0068359375,1.03173828125,1.0319277530265532
1785956094506,0.0185546875,-0.0068359375,1.029296875,1.0294867961049778
1785956094517,0.017578125,-0.00634765625,1.02783203125,1.0280019298045528
1785956094527,0.0185546875,-0.0068359375,1.02978515625,1.0299749873188977
1785956094537,0.01904296875,-0.00634765625,1.0302734375,1.030468962859507
1785956094547,0.01904296875,-0.005859375,1.02978515625,1.0299778808144575
1785956094558,0.01953125,-0.005859375,1.0283203125,1.028522467961712
1785956094568,0.01806640625,-0.005859375,1.02978515625,1.0299602882359191
1785956094577,0.01904296875,-0.0068359375,1.0322265625,1.0324248355356838
1785956094587,0.01806640625,-0.0068359375,1.02880859375,1.0289899162043068
1785956094597,0.01953125,-0.005859375,1.03173828125,1.0319397671369475
1785956094607,0.01953125,-0.00537109375,1.03125,1.0314489230566066
1785956094618,0.01953125,-0.00634765625,1.029296875,1.0295017335348184
1785956094628,0.01953125,-0.00634765625,1.02880859375,1.0290135494930488
1785956094638,0.02001953125,-0.00634765625,1.0302734375,1.0304874722137112
1785956094648,0.0185546875,-0.005859375,1.029296875,1.0294807747541375
1785956094659,0.02001953125,-0.0048828125,1.0302734375,1.0304794900954828
1785956094667,0.01904296875,-0.005859375,1.03125,1.031442450859089
1785956094678,0.0185546875,-0.00732421875,1.0283203125,1.0285137751671671
1785956094688,0.01953125,-0.00634765625,1.02880859375,1.0290135494930488
1785956094698,0.0185546875,-0.005859375,1.03076171875,1.0309453572057383
1785956094708,0.01904296875,-0.00634765625,1.02978515625,1.029980774301889
1785956094719,0.02099609375,-0.005859375,1.02783203125,1.028063155983936
1785956094729,0.02197265625,-0.0068359375,1.0302734375,1.030530389499626
1785956094739,0.02099609375,-0.0068359375,1.0302734375,1.0305100300396544
1785956094748,0.0205078125,-0.00341796875,1.02783203125,1.0280422838324366
1785956094758,0.02099609375,-0.00537109375,1.02978515625,1.0300131808057928
1785956094768,0.0205078125,-0.005859375,1.02978515625,1.030006005167816
1785956094779,0.02001953125,-0.00537109375,1.02880859375,1.029017372474048
1785956094789,0.017578125,-0.00439453125,1.02783203125,1.0279917250867945
1785956094799,0.01904296875,-0.005859375,1.03125,1.031442450859089
1785956094810,0.01953125,-0.00634765625,1.03125,1.0314544706221553
1785956094820,0.02001953125,-0.0068359375,1.029296875,1.0295142391233543
1785956094829,0.0185546875,-0.0068359375,1.02880859375,1.028998604976498
1785956094839,0.02001953125,-0.00634765625,1.0302734375,1.0304874722137112
1785956094849,0.0185546875,-0.00537109375,1.03125,1.0314308932625074
1785956094859,0.02001953125,-0.005859375,1.0302734375,1.030484580149032
1785956094870,0.02001953125,-0.00537109375,1.03125,1.0314582845561622
1785956094880,0.0205078125,-0.00537109375,1.029296875,1.029515165457203
1785956094890,0.01904296875,-0.0048828125,1.02880859375,1.0289964038278152
1785956094900,0.02001953125,-0.0048828125,1.029296875,1.0295031230521574
1785956094909,0.01904296875,-0.0068359375,1.0302734375,1.030472086336347
1785956094919,0.021484375,-0.005859375,1.02880859375,1.0290495776289807
1785956094930,0.021484375,-0.00537109375,1.0283203125,1.0285587450978722
1785956094940,0.0205078125,-0.0068359375,1.03076171875,1.0309883710573524
1785956094950,0.017578125,-0.0068359375,1.0302734375,1.030446057073385
1785956094960,0.0205078125,-0.00537109375,1.029296875,1.029515165457203
1785956094971,0.0185546875,-0.00634765625,1.0302734375,1.0304600551142957
1785956094981,0.0205078125,-0.00634765625,1.03076171875,1.0309852491446507
1785956094991,0.0185546875,-0.005859375,1.029296875,1.0294807747541375
1785956095000,0.01708984375,-0.0068359375,1.029296875,1.0294614367161448
1785956095010,0.02197265625,-0.0068359375,1.02978515625,1.030042230055167
1785956095020,0.02099609375,-0.00634765625,1.029296875,1.029530565635325
1785956095031,0.017578125,-0.00537109375,1.02880859375,1.0289727701452742
1785956095041,0.02001953125,-0.00634765625,1.02880859375,1.029022933148329
1785956095051,0.0185546875,-0.0048828125,1.03076171875,1.0309402694271803
1785956095061,0.02099609375,-0.00537109375,1.03076171875,1.0309895273189171
1785956095072,0.02001953125,-0.0048828125,1.02978515625,1.0299913065274953
1785956095081,0.0205078125,-0.00537109375,1.02880859375,1.0290269877877154
1785956095091,0.01904296875,-0.005859375,1.03076171875,1.0309542607577982
1785956095101,0.01953125,-0.00634765625,1.0322265625,1.0324308397161512
1785956095111,0.01904296875,-0.00634765625,1.029296875,1.029492585832189
1785956095122,0.01904296875,-0.0068359375,1.029296875,1.0294957122713446
1785956095132,0.0185546875,-0.00634765625,1.02978515625,1.0299718623345628
1785956095142,0.01611328125,-0.00634765625,1.03173828125,1.0318836230744308
1785956095152,0.01904296875,-0.00732421875,1.03125,1.0314518124173864
1785956095161,0.0205078125,-0.0068359375,1.02978515625,1.03001202344821
1785956095171,0.0205078125,-0.00634765625,1.02783203125,1.028056198647187
1785956095182,0.01904296875,-0.005859375,1.02880859375,1.0290015012175913
1785956095192,0.01953125,-0.0068359375,1.02880859375,1.02901667738765
1785956095202,0.0205078125,-0.00634765625,1.02880859375,1.0290325484100373
1785956095212,0.0205078125,-0.005859375,1.029296875,1.029517828662375
1785956095223,0.0185546875,-0.005859375,1.02978515625,1.0299689688220952
1785956095233,0.01953125,-0.0068359375,1.02880859375,1.02901667738765
1785956095242,0.02001953125,-0.00634765625,1.03125,1.0314638320713616
1785956095252,0.02099609375,-0.005859375,1.02880859375,1.0290394991456848
1785956095262,0.01953125,-0.00537109375,1.02978515625,1.0299843622150147
1785956095272,0.02001953125,-0.00537109375,1.03271484375,1.0329228329266074
1785956095283,0.02001953125,-0.00634765625,1.02978515625,1.029999292428968
1785956095293,0.02001953125,-0.00537109375,1.03173828125,1.0319464672531444
1785956095303,0.01953125,-0.005859375,1.02734375,1.027546097586875
1785956095313,0.01904296875,-0.005859375,1.029296875,1.0294896909726536
1785956095324,0.01904296875,-0.005859375,1.02978515625,1.0299778808144575
1785956095332,0.0185546875,-0.00537109375,1.029296875,1.0294781114531089
1785956095343,0.0185546875,-0.0068359375,1.03076171875,1.0309513700025723
1785956095353,0.0205078125,-0.00537109375,1.02880859375,1.0290269877877154
1785956095363,0.01953125,-0.00537109375,1.02978515625,1.0299843622150147
1785956095373,0.0205078125,-0.0068359375,1.029296875,1.0295238497964991
1785956095384,0.0205078125,-0.005859375,1.02880859375,1.0290296522563276
1785956095394,0.0205078125,-0.005859375,1.02978515625,1.030006005167816
1785956095404,0.0185546875,-0.0068359375,1.03076171875,1.0309513700025723
1785956095413,0.02001953125,-0.00634765625,1.03125,1.0314638320713616
1785956095423,0.01953125,-0.00732421875,1.02978515625,1.0299963989935583
1785956095434,0.02099609375,-0.0068359375,1.02978515625,1.0300218609462128
1785956095444,0.0185546875,-0.005859375,1.02978515625,1.0299689688220952
1785956095454,0.01904296875,-0.00732421875,1.0283203125,1.0285226997685608
1785956095464,0.017578125,-0.005859375,1.0302734375,1.0304400413279624
1785956095475,0.01611328125,-0.00537109375,1.03125,1.0313898627486664
1785956095485,0.01953125,-0.0048828125,1.0302734375,1.030470119703885
1785956095494,0.01904296875,-0.0048828125,1.029296875,1.0294845960001
1785956095504,0.01708984375,-0.005859375,1.02978515625,1.0299436213053736
1785956095514,0.02001953125,-0.00439453125,1.02880859375,1.0290127385558594
1785956095524,0.0185546875,-0.005859375,1.02880859375,1.028992580768912
1785956095535,0.0185546875,-0.00634765625,1.0283203125,1.0285072844993313
1785956095545,0.017578125,-0.0048828125,1.02978515625,1.0299467463753953
1785956095555,0.0185546875,-0.005859375,1.029296875,1.0294807747541375
1785956095565,0.02001953125,-0.00634765625,1.03076171875,1.0309756520945546
1785956095574,0.01953125,-0.00634765625,1.0302734375,1.0304781018946967
1785956095584,0.02001953125,-0.00537109375,1.0283203125,1.0285291903391165
1785956095595,0.02001953125,-0.00732421875,1.03076171875,1.0309821272224955
1785956095605,0.02099609375,-0.005859375,1.0322265625,1.0324567034789962
1785956095615,0.02001953125,-0.0068359375,1.0302734375,1.0304905956344483
1785956095625,0.01953125,-0.00732421875,1.029296875,1.0295082179330217
1785956095636,0.01708984375,-0.00537109375,1.029296875,1.0294527518503394
1785956095646,0.0205078125,-0.00537109375,1.0302734375,1.0304915210906265
1785956095656,0.0205078125,-0.00732421875,1.0302734375,1.0305035519453096
1785956095665,0.02001953125,-0.005859375,1.03076171875,1.030972761399308
1785956095675,0.0185546875,-0.00537109375,1.0283203125,1.0285017210371559
1785956095685,0.0205078125,-0.00634765625,1.02978515625,1.0300088985762406
1785956095696,0.01904296875,-0.005859375,1.03125,1.031442450859089
1785956095706,0.0185546875,-0.00537109375,1.0302734375,1.0304545021952014
1785956095716,0.017578125,-0.00390625,1.029296875,1.0294543730308516
1785956095726,0.01904296875,-0.00537109375,1.03076171875,1.0309516012632887
1785956095737,0.0185546875,-0.0068359375,1.03076171875,1.0309513700025723
1785956095746,0.01904296875,-0.00634765625,1.02978515625,1.029980774301889
1785956095756,0.017578125,-0.00537109375,1.02978515625,1.0299491769788565
1785956095766,0.02001953125,-0.0048828125,1.02978515625,1.0299913065274953
1785956095776,0.01904296875,-0.00732421875,1.02978515625,1.0299872556842382
1785956095787,0.01953125,-0.005859375,1.029296875,1.0294988387010053
1785956095797,0.02001953125,-0.00634765625,1.03076171875,1.0309756520945546
1785956095807,0.0205078125,-0.00634765625,1.0283203125,1.0285443734781212
1785956095817,0.02001953125,-0.0068359375,1.0283203125,1.0285378830033785
1785956095826,0.02001953125,-0.0068359375,1.02978515625,1.030002417330081
1785956095836,0.01904296875,-0.00634765625,1.029296875,1.029492585832189
1785956095847,0.01806640625,-0.00634765625,1.02880859375,1.0289867882283577
1785956095857,0.0205078125,-0.00537109375,1.03076171875,1.0309796990542832
1785956095867,0.01806640625,-0.0068359375,1.0302734375,1.0304545021952014
1785956095877,0.0185546875,-0.00537109375,1.03125,1.0314308932625074
1785956095888,0.0205078125,-0.005859375,1.02978515625,1.030006005167816
1785956095898,0.01904296875,-0.00537109375,1.02880859375,1.0289988366760856
1785956095907,0.0205078125,-0.00537109375,1.029296875,1.029515165457203
1785956095917,0.02001953125,-0.00634765625,1.02880859375,1.029022933148329
1785956095927,0.02099609375,-0.005859375,1.0302734375,1.0305040146676847
1785956095937,0.0185546875,-0.00537109375,1.02880859375,1.0289899162043068
1785956095948,0.017578125,-0.005859375,1.02783203125,1.0279990307473093
1785956095958,0.017578125,-0.0068359375,1.0302734375,1.030446057073385
1785956095968,0.0185546875,-0.00732421875,1.03173828125,1.0319311031290919
1785956095978,0.01904296875,-0.00732421875,1.02880859375,1.029010884982741
1785956095989,0.01953125,-0.0078125,1.02978515625,1.029999986852257
1785956095997,0.02001953125,-0.0068359375,1.0302734375,1.0304905956344483
1785956096008,0.0185546875,-0.00634765625,1.03076171875,1.030948247977824
1785956096018,0.0205078125,-0.00634765625,1.02783203125,1.028056198647187
1785956096028,0.0205078125,-0.00634765625,1.02880859375,1.0290325484100373
1785956096039,0.021484375,-0.005859375,1.03076171875,1.0310022461105433
1785956096049,0.02099609375,-0.0048828125,1.03125,1.0314752737272324
1785956096059,0.02294921875,-0.00439453125,1.029296875,1.0295620600191657
1785956096069,0.02099609375,-0.00439453125,1.029296875,1.0295203760695713
1785956096078,0.01953125,-0.00634765625,1.0302734375,1.0304781018946967
1785956096088,0.0185546875,-0.0068359375,1.02783203125,1.0280222229763458
1785956096099,0.01953125,-0.00537109375,1.029296875,1.0294961754467082
1785956096109,0.017578125,-0.00732421875,1.03125,1.0314258078789833
1785956096119,0.0185546875,-0.0078125,1.0302734375,1.030470119703885
1785956096129,0.017578125,-0.0078125,1.02880859375,1.0289884101429998
1785956096140,0.0185546875,-0.00634765625,1.0302734375,1.0304600551142957
1785956096150,0.01953125,-0.00634765625,1.02880859375,1.0290135494930488
1785956096159,0.01904296875,-0.0068359375,1.02880859375,1.0290075253729536
1785956096169,0.01953125,-0.00732421875,1.02978515625,1.0299963989935583
1785956096179,0.01904296875,-0.005859375,1.029296875,1.0294896909726536
1785956096189,0.01953125,-0.0068359375,1.02978515625,1.0299930425983
1785956096200,0.0205078125,-0.0068359375,1.03125,1.0314765450144947
1785956096210,0.0205078125,-0.00537109375,1.02880859375,1.0290269877877154
1785956096220,0.02001953125,-0.00634765625,1.029296875,1.0295111127404617
1785956096230,0.01708984375,-0.00732421875,1.0302734375,1.0304411982048096
1785956096239,0.01953125,-0.0078125,1.02978515625,1.029999986852257
1785956096249,0.02001953125,-0.00634765625,1.0302734375,1.0304874722137112
1785956096260,0.02197265625,-0.005859375,1.02880859375,1.0290598876994108
1785956096270,0.0205078125,-0.005859375,1.029296875,1.029517828662375
1785956096280,0.01953125,-0.0048828125,1.02880859375,1.029005555941427
1785956096290,0.02197265625,-0.00537109375,1.0283203125,1.0285690600882615
1785956096301,0.0205078125,-0.00537109375,1.03076171875,1.0309796990542832
1785956096311,0.0185546875,-0.00390625,1.02978515625,1.0299597095275728
1785956096321,0.01708984375,-0.00341796875,1.029296875,1.0294444143102341
1785956096330,0.01806640625,-0.005859375,1.03125,1.0314248832611033
1785956096340,0.02001953125,-0.005859375,1.029296875,1.0295082179330217
1785956096351,0.0185546875,-0.0068359375,1.02783203125,1.0280222229763458
1785956096361,0.01806640625,-0.00732421875,1.0302734375,1.030457857087399
1785956096371,0.017578125,-0.00634765625,1.03076171875,1.0309311344890297
1785956096381,0.01953125,-0.0068359375,1.02978515625,1.0299930425983
1785956096392,0.0185546875,-0.0078125,1.0302734375,1.030470119703885
1785956096402,0.01708984375,-0.0068359375,1.02880859375,1.0289732335560318
1785956096411,0.01953125,-0.00732421875,1.029296875,1.0295082179330217
1785956096421,0.01953125,-0.00634765625,1.03076171875,1.0309662862125437
1785956096431,0.01953125,-0.00537109375,1.03076171875,1.030960736020091
1785956096441,0.02001953125,-0.00634765625,1.02880859375,1.029022933148329
1785956096452,0.02099609375,-0.00537109375,1.029296875,1.0295250077028706
1785956096462,0.0205078125,-0.00634765625,1.02978515625,1.0300088985762406
1785956096472,0.01953125,-0.005859375,1.02978515625,1.0299870242069995
1785956096482,0.0185546875,-0.005859375,1.029296875,1.0294807747541375
1785956096491,0.02001953125,-0.0068359375,1.0283203125,1.0285378830033785
1785956096501,0.01904296875,-0.005859375,1.02978515625,1.0299778808144575
1785956096512,0.01708984375,-0.00537109375,1.029296875,1.0294527518503394
1785956096522,0.017578125,-0.00634765625,1.03125,1.031419335536417
1785956096532,0.01953125,-0.005859375,1.03173828125,1.0319397671369475
1785956096542,0.01904296875,-0.005859375,1.02978515625,1.0299778808144575
1785956096553,0.017578125,-0.00537109375,1.02978515625,1.0299491769788565
1785956096563,0.02001953125,-0.005859375,1.029296875,1.0295082179330217
1785956096572,0.0205078125,-0.00634765625,1.0302734375,1.0304970738102412
1785956096582,0.0185546875,-0.00634765625,1.03076171875,1.030948247977824
1785956096592,0.01904296875,-0.0068359375,1.0283203125,1.0285193385641396
1785956096602,0.01953125,-0.005859375,1.03076171875,1.0309633954910364
1785956096613,0.0205078125,-0.00634765625,1.0302734375,1.0304970738102412
1785956096623,0.02001953125,-0.00634765625,1.0302734375,1.0304874722137112
1785956096633,0.02099609375,-0.0068359375,1.02880859375,1.0290455230786029
1785956096643,0.01953125,-0.00634765625,1.0302734375,1.0304781018946967
1785956096654,0.0205078125,-0.00634765625,1.0302734375,1.0304970738102412
1785956096663,0.02001953125,-0.00732421875,1.02978515625,1.0300057736947907
1785956096673,0.01708984375,-0.00537109375,1.02978515625,1.0299409592012096
1785956096683,0.017578125,-0.005859375,1.02978515625,1.0299518390617801
1785956096693,0.0185546875,-0.005859375,1.02783203125,1.02801619304713
1785956096704,0.01953125,-0.00439453125,1.029296875,1.029491543683694
1785956096714,0.02001953125,-0.00537109375,1.02978515625,1.0299937370258025
1785956096724,0.01904296875,-0.0048828125,1.02734375,1.0275318278188692
1785956096734,0.01953125,-0.005859375,1.0283203125,1.028522467961712
1785956096743,0.0185546875,-0.0048828125,1.02978515625,1.0299638762204089
1785956096753,0.0185546875,-0.005859375,1.029296875,1.0294807747541375
1785956096764,0.0185546875,-0.00634765625,1.03076171875,1.030948247977824
1785956096774,0.0185546875,-0.00634765625,1.02978515625,1.0299718623345628
1785956096784,0.02001953125,-0.00732421875,1.029296875,1.02951759707959
1785956096794,0.02197265625,-0.005859375,1.02880859375,1.0290598876994108
1785956096805,0.01953125,-0.00537109375,1.02880859375,1.0290079887680592
1785956096815,0.01953125,-0.0048828125,1.029296875,1.0294937437737242
1785956096824,0.0205078125,-0.00634765625,1.03173828125,1.031961600114126
1785956096834,0.02001953125,-0.00537109375,1.0322265625,1.0324346500433368
1785956096844,0.02099609375,-0.00439453125,1.02978515625,1.0300085513676587
1785956096854,0.0224609375,-0.00634765625,1.0283203125,1.0285851698101351
1785956096865,0.02099609375,-0.0048828125,1.02880859375,1.029034401944134
1785956096875,0.0185546875,-0.0048828125,1.02880859375,1.0289874833349457
1785956096885,0.01611328125,-0.0068359375,1.03173828125,1.031886742269155
1785956096895,0.0185546875,-0.0078125,1.029296875,1.0294937437737242
1785956096904,0.01806640625,-0.005859375,1.03076171875,1.0309366848408466
1785956096914,0.0185546875,-0.00634765625,1.03173828125,1.0319246339557917
1785956096925,0.0185546875,-0.00634765625,1.0283203125,1.0285072844993313
1785956096935,0.01953125,-0.005859375,1.0283203125,1.028522467961712
1785956096945,0.01904296875,-0.00634765625,1.0302734375,1.030468962859507
1785956096956,0.01953125,-0.0048828125,1.03076171875,1.0309583078014972
1785956096966,0.02099609375,-0.0048828125,1.029296875,1.0295225760979865
1785956096976,0.021484375,-0.00537109375,1.02978515625,1.030023249761892
1785956096985,0.0185546875,-0.00537109375,1.02880859375,1.0289899162043068
1785956096995,0.0205078125,-0.00537109375,1.029296875,1.029515165457203
1785956097005,0.02197265625,-0.005859375,1.029296875,1.0295480497688474
1785956097016,0.0185546875,-0.005859375,1.029296875,1.0294807747541375
1785956097026,0.01806640625,-0.0068359375,1.0302734375,1.0304545021952014
1785956097036,0.01904296875,-0.00732421875,1.03125,1.0314518124173864
1785956097046,0.01904296875,-0.00732421875,1.03076171875,1.0309636267490554
1785956097057,0.0185546875,-0.00732421875,1.029296875,1.0294901541507262
1785956097067,0.021484375,-0.0068359375,1.02978515625,1.0300319298174603
1785956097076,0.02099609375,-0.005859375,1.03125,1.0314803588668808
1785956097086,0.0224609375,-0.0078125,1.03125,1.0315241593727356
1785956097096,0.02099609375,-0.00537109375,1.02978515625,1.0300131808057928
1785956097106,0.0205078125,-0.0048828125,1.02880859375,1.0290245550060007
1785956097117,0.01806640625,-0.0048828125,1.02587890625,1.0260495929444133
1785956097127,0.01708984375,-0.00439453125,1.0322265625,1.0323773781882637
1785956097137,0.01904296875,-0.00341796875,1.03125,1.0314314711454122
1785956097147,0.0185546875,-0.00390625,1.02783203125,1.0280069161638876
1785956097156,0.0166015625,-0.005859375,1.029296875,1.029447425096395
1785956097166,0.01806640625,-0.00732421875,1.02880859375,1.0289932758715872
1785956097177,0.0185546875,-0.00634765625,1.0263671875,1.0265545152327522
1785956097187,0.01904296875,-0.0068359375,1.03076171875,1.0309602735027046
1785956097197,0.02001953125,-0.00732421875,1.03125,1.031470304134718
1785956097207,0.01953125,-0.00830078125,1.025390625,1.025610211792869
1785956097218,0.02099609375,-0.0078125,1.03662109375,1.0368631361546494
1785956097228,0.02294921875,-0.00732421875,1.02783203125,1.0281142909643044
1785956097237,0.02099609375,-0.0048828125,1.0283203125,1.0285462278919537
1785956097247,0.02197265625,-0.00244140625,1.033203125,1.0334396235856858
1785956097257,0.021484375,-0.0029296875,1.02734375,1.0275725483400433
1785956097268,0.021484375,-0.00390625,1.03125,1.031481167864059
1785956097278,0.02294921875,-0.00341796875,1.03076171875,1.031022827095533
1785956097288,0.02099609375,-0.00537109375,1.02099609375,1.0212260807742763
1785956097298,0.02099609375,-0.00732421875,1.03271484375,1.0329542238815055
1785956097309,0.02099609375,-0.00732421875,1.03564453125,1.0358832343662527
1785956097317,0.01904296875,-0.0078125,1.02880859375,1.0290144762776257
1785956097328,0.017578125,-0.0068359375,1.02978515625,1.0299578576586794
1785956097338,0.01708984375,-0.005859375,1.0283203125,1.0284790032542657
1785956097348,0.017578125,-0.00732421875,1.029296875,1.029473016423247
1785956097358,0.0185546875,-0.00732421875,1.03173828125,1.0319311031290919
1785956097369,0.0185546875,-0.0048828125,1.02978515625,1.0299638762204089
1785956097379,0.01904296875,-0.00634765625,1.02880859375,1.029004397450533
1785956097389,0.01904296875,-0.00537109375,1.029296875,1.0294870276946915
1785956097399,0.0205078125,-0.00390625,1.02734375,1.027555842680416
1785956097408,0.0205078125,-0.00439453125,1.03076171875,1.0309750739561536
1785956097418,0.0205078125,-0.00439453125,1.03271484375,1.032927795530757
1785956097429,0.0234375,-0.0048828125,1.02783203125,1.028110812474833
1785956097439,0.02099609375,-0.0048828125,1.029296875,1.0295225760979865
1785956097449,0.02099609375,-0.00634765625,1.03125,1.0314832481396035
1785956097459,0.01953125,-0.00634765625,1.03076171875,1.0309662862125437
1785956097470,0.0185546875,-0.00634765625,1.03125,1.031436440925029
1785956097480,0.01904296875,-0.0068359375,1.0283203125,1.0285193385641396
1785956097489,0.02001953125,-0.005859375,1.02685546875,1.0270673140591333
1785956097499,0.01953125,-0.005859375,1.029296875,1.0294988387010053
1785956097509,0.01904296875,-0.00634765625,1.03125,1.031445340237999
1785956097519,0.01953125,-0.00537109375,1.029296875,1.0294961754467082
1785956097530,0.01708984375,-0.00439453125,1.02978515625,1.029936329438448
1785956097540,0.017578125,-0.00537109375,1.029296875,1.0294609735251514
1785956097550,0.0185546875,-0.005859375,1.02978515625,1.0299689688220952
1785956097560,0.02001953125,-0.005859375,1.02978515625,1.0299963989935583
1785956097569,0.0205078125,-0.0068359375,1.0283203125,1.028547502799524
1785956097580,0.01904296875,-0.005859375,1.02978515625,1.0299778808144575
1785956097590,0.0185546875,-0.0068359375,1.0302734375,1.0304631786181362
1785956097600,0.02099609375,-0.00634765625,1.02978515625,1.0300187361040885
1785956097610,0.02099609375,-0.00634765625,1.02978515625,1.0300187361040885
1785956097621,0.02001953125,-0.00732421875,1.03125,1.031470304134718
1785956097631,0.01904296875,-0.0068359375,1.0283203125,1.0285193385641396
1785956097641,0.01806640625,-0.00732421875,1.03076171875,1.030946050991778
1785956097650,0.02001953125,-0.00634765625,1.03271484375,1.0329283725762037
1785956097660,0.02001953125,-0.00537109375,1.029296875,1.0295055547029879
1785956097670,0.01953125,-0.00537109375,1.0283203125,1.0285198021791955
1785956097681,0.02001953125,-0.0048828125,1.0302734375,1.0304794900954828
1785956097691,0.017578125,-0.0048828125,1.02978515625,1.0299467463753953
1785956097701,0.017578125,-0.00537109375,1.0302734375,1.0304373805062845
1785956097711,0.01953125,-0.005859375,1.02978515625,1.0299870242069995
1785956097722,0.021484375,-0.005859375,1.02783203125,1.028073244038591
1785956097732,0.01806640625,-0.00634765625,1.0302734375,1.0304513786650609
1785956097741,0.01953125,-0.00634765625,1.0302734375,1.0304781018946967
1785956097751,0.02197265625,-0.00732421875,1.029296875,1.0295574285525524
1785956097761,0.02099609375,-0.0068359375,1.02880859375,1.0290455230786029
1785956097771,0.0224609375,-0.0068359375,1.02880859375,1.029076453101875
1785956097782,0.02099609375,-0.005859375,1.0302734375,1.0305040146676847
1785956097792,0.02197265625,-0.005859375,1.0302734375,1.0305243742464987
1785956097802,0.0185546875,-0.005859375,1.02880859375,1.028992580768912
1785956097812,0.021484375,-0.0048828125,1.0302734375,1.0305089889200953
1785956097821,0.02099609375,-0.00390625,1.03076171875,1.0309829366106287
1785956097831,0.01953125,-0.00537109375,1.0302734375,1.0304725490728515
1785956097842,0.01904296875,-0.00390625,1.02880859375,1.0289922332173982
1785956097852,0.01904296875,-0.0048828125,1.03076171875,1.0309491730231795
1785956097862,0.01708984375,-0.0068359375,1.029296875,1.0294614367161448
1785956097872,0.01953125,-0.00634765625,1.029296875,1.0295017335348184
1785956097883,0.0185546875,-0.00732421875,1.0302734375,1.030466533482086
1785956097893,0.01953125,-0.00634765625,1.03076171875,1.0309662862125437
1785956097902,0.021484375,-0.005859375,1.02880859375,1.0290495776289807
1785956097912,0.0205078125,-0.0068359375,1.03125,1.0314765450144947
1785956097922,0.02197265625,-0.00634765625,1.0302734375,1.0305272661995
1785956097933,0.01953125,-0.00537109375,1.03076171875,1.030960736020091
1785956097943,0.021484375,-0.00537109375,1.02978515625,1.030023249761892
1785956097953,0.02001953125,-0.00537109375,1.029296875,1.0295055547029879
1785956097963,0.021484375,-0.0048828125,1.02978515625,1.0300208193332248
1785956097974,0.01904296875,-0.005859375,1.0302734375,1.03046607074288
1785956097982,0.01806640625,-0.0068359375,1.03125,1.0314308932625074
1785956097993,0.0205078125,-0.00732421875,1.029296875,1.0295272077213884
1785956098003,0.02099609375,-0.00830078125,1.02978515625,1.0300326242187459
1785956098013,0.02001953125,-0.00634765625,1.029296875,1.0295111127404617
1785956098023,0.017578125,-0.00634765625,1.02978515625,1.0299547326223715
1785956098034,0.02099609375,-0.0078125,1.03173828125,1.0319814688770883
1785956098044,0.0205078125,-0.00634765625,1.02734375,1.0275680239173783
1785956098054,0.01953125,-0.00634765625,1.02978515625,1.0299899176687448
1785956098064,0.02001953125,-0.00634765625,1.03076171875,1.0309756520945546
1785956098073,0.0205078125,-0.00537109375,1.03125,1.0314678771157182
1785956098083,0.0205078125,-0.00537109375,1.02978515625,1.0300033432248865
1785956098094,0.02001953125,-0.0048828125,1.0302734375,1.0304794900954828
1785956098104,0.01806640625,-0.0048828125,1.0283203125,1.0284905940225209
1785956098114,0.01806640625,-0.0048828125,1.02978515625,1.0299551955913118
1785956098124,0.02099609375,-0.0048828125,1.0302734375,1.0304989247101306
1785956098135,0.0185546875,-0.00537109375,1.02880859375,1.0289899162043068
1785956098145,0.01708984375,-0.005859375,1.029296875,1.0294554152169757
1785956098154,0.01953125,-0.005859375,1.03125,1.0314515812688219
1785956098164,0.0205078125,-0.0068359375,1.03076171875,1.0309883710573524
1785956098174,0.01953125,-0.00634765625,1.02978515625,1.0299899176687448
1785956098185,0.02099609375,-0.0068359375,1.0302734375,1.0305100300396544
1785956098195,0.0205078125,-0.0078125,1.03173828125,1.0319716500594815
1785956098205,0.021484375,-0.00732421875,1.03125,1.0314997746240366
1785956098215,0.0224609375,-0.00732421875,1.02880859375,1.0290798124866356
1785956098226,0.021484375,-0.0068359375,1.02783203125,1.028079273633189
1785956098234,0.02197265625,-0.00634765625,1.0302734375,1.0305272661995
1785956098245,0.021484375,-0.00634765625,1.03076171875,1.0310051367231217
1785956098255,0.01953125,-0.005859375,1.029296875,1.0294988387010053
1785956098265,0.02001953125,-0.0048828125,1.0283203125,1.028526756379958
1785956098275,0.02099609375,-0.0048828125,1.03125,1.0314752737272324
1785956098286,0.01953125,-0.00537109375,1.0302734375,1.0304725490728515
1785956098296,0.0185546875,-0.00537109375,1.029296875,1.0294781114531089
1785956098306,0.0185546875,-0.00537109375,1.02978515625,1.0299663067834457
1785956098315,0.0185546875,-0.00634765625,1.02880859375,1.0289954770269611
1785956098325,0.0205078125,-0.00634765625,1.02783203125,1.028056198647187
1785956098335,0.02197265625,-0.005859375,1.0302734375,1.0305243742464987
1785956098346,0.021484375,-0.00634765625,1.0283203125,1.0285643082516067
1785956098356,0.0185546875,-0.00634765625,1.02783203125,1.0280190920559753
1785956098366,0.0205078125,-0.005859375,1.029296875,1.029517828662375
1785956098376,0.0205078125,-0.00634765625,1.03076171875,1.0309852491446507
1785956098387,0.0205078125,-0.00537109375,1.03076171875,1.0309796990542832
1785956098397,0.02099609375,-0.00634765625,1.0302734375,1.030506906677822
1785956098406,0.02099609375,-0.0078125,1.02783203125,1.0280761428865615
1785956098416,0.01904296875,-0.005859375,1.029296875,1.0294896909726536
1785956098426,0.02099609375,-0.005859375,1.02880859375,1.0290394991456848
1785956098436,0.0205078125,-0.00537109375,1.029296875,1.029515165457203
1785956098447,0.01806640625,-0.005859375,1.02978515625,1.0299602882359191
1785956098457,0.01708984375,-0.00634765625,1.03076171875,1.0309229245388434
1785956098467,0.017578125,-0.00634765625,1.02978515625,1.0299547326223715
1785956098477,0.0185546875,-0.005859375,1.0302734375,1.030457162972668
1785956098486,0.017578125,-0.00537109375,1.029296875,1.0294609735251514
1785956098497,0.01806640625,-0.00634765625,1.02880859375,1.0289867882283577
1785956098507,0.02099609375,-0.00537109375,1.0302734375,1.0305013540111903
1785956098517,0.0185546875,-0.005859375,1.029296875,1.0294807747541375
1785956098527,0.02099609375,-0.00634765625,1.02978515625,1.0300187361040885
1785956098538,0.021484375,-0.00537109375,1.03076171875,1.0309995867398134
1785956098548,0.017578125,-0.00341796875,1.029296875,1.0294526360516336
1785956098558,0.02001953125,-0.00439453125,1.029296875,1.0295009229821712
1785956098567,0.02099609375,-0.00537109375,1.03076171875,1.0309895273189171
1785956098577,0.01904296875,-0.005859375,1.0302734375,1.03046607074288
1785956098587,0.021484375,-0.00634765625,1.02783203125,1.0280761428865615
1785956098598,0.0205078125,-0.00634765625,1.029296875,1.0295207234427917
1785956098608,0.02001953125,-0.005859375,1.02880859375,1.0290200369675573
1785956098618,0.021484375,-0.00634765625,1.029296875,1.0295406393114235
1785956098628,0.01904296875,-0.0078125,1.0302734375,1.0304790273620952
1785956098639,0.0185546875,-0.0068359375,1.029296875,1.0294867961049778
1785956098647,0.01953125,-0.005859375,1.029296875,1.0294988387010053
1785956098658,0.0185546875,-0.0068359375,1.02978515625,1.0299749873188977
1785956098668,0.0185546875,-0.00732421875,1.03125,1.0314429131602585
1785956098678,0.01904296875,-0.00634765625,1.02978515625,1.029980774301889
1785956098688,0.02001953125,-0.005859375,1.029296875,1.0295082179330217
1785956098699,0.0185546875,-0.00634765625,1.03125,1.031436440925029
1785956098709,0.0185546875,-0.0048828125,1.03076171875,1.0309402694271803
1785956098719,0.01904296875,-0.005859375,1.029296875,1.0294896909726536
1785956098729,0.02001953125,-0.00634765625,1.029296875,1.0295111127404617
1785956098738,0.0166015625,-0.00634765625,1.03125,1.0314031545023068
1785956098748,0.01806640625,-0.005859375,1.02880859375,1.0289838919458523
1785956098759,0.02001953125,-0.00537109375,1.02978515625,1.0299937370258025
1785956098769,0.02001953125,-0.0048828125,1.0283203125,1.028526756379958
1785956098779,0.02099609375,-0.0068359375,1.02880859375,1.0290455230786029
1785956098789,0.01953125,-0.005859375,1.029296875,1.0294988387010053
1785956098800,0.01904296875,-0.005859375,1.02978515625,1.0299778808144575
1785956098810,0.02001953125,-0.0068359375,1.03076171875,1.0309787740363172
1785956098819,0.01953125,-0.0068359375,1.029296875,1.0295048599461938
1785956098829,0.02099609375,-0.00634765625,1.029296875,1.029530565635325
1785956098839,0.0224609375,-0.0068359375,1.02978515625,1.030052761652392
1785956098850,0.021484375,-0.00634765625,1.03173828125,1.0319814688770883
1785956098860,0.021484375,-0.0068359375,1.02880859375,1.0290556015029009
1785956098870,0.02197265625,-0.00634765625,1.0302734375,1.0305272661995
1785956098880,0.01904296875,-0.00537109375,1.03076171875,1.0309516012632887
1785956098891,0.01953125,-0.0068359375,1.03076171875,1.030969408182668
1785956098899,0.01904296875,-0.00634765625,1.02978515625,1.029980774301889
1785956098910,0.017578125,-0.00732421875,1.02978515625,1.029961214168597
1785956098920,0.0185546875,-0.00634765625,1.03173828125,1.0319246339557917
1785956098930,0.0166015625,-0.00537109375,1.02880859375,1.028956550637278
1785956098940,0.017578125,-0.00439453125,1.0302734375,1.0304327529739576
1785956098951,0.01708984375,-0.0048828125,1.0302734375,1.0304267371508642
1785956098961,0.0185546875,-0.0048828125,1.02880859375,1.0289874833349457
1785956098971,0.0185546875,-0.0048828125,1.03173828125,1.0319166629543477
1785956098981,0.01806640625,-0.0048828125,1.0302734375,1.0304433962672412
1785956098990,0.02001953125,-0.00537109375,1.02734375,1.0275528263518152
1785956099000,0.02197265625,-0.00439453125,1.0283203125,1.028564424150323
1785956099011,0.0205078125,-0.005859375,1.02880859375,1.0290296522563276
1785956099021,0.02197265625,-0.0048828125,1.0302734375,1.0305192843895048
1785956099031,0.02294921875,-0.00439453125,1.0302734375,1.030538371223609
1785956099041,0.0234375,-0.00634765625,1.02783203125,1.0281188129830225
1785956099052,0.0234375,-0.00732421875,1.02978515625,1.0300778750266335
1785956099062,0.0224609375,-0.0078125,1.02978515625,1.0300597055037468
1785956099071,0.02294921875,-0.0068359375,1.0283203125,1.028599077280763
1785956099081,0.02099609375,-0.005859375,1.03076171875,1.0309921867155947
1785956099091,0.0234375,-0.00732421875,1.02880859375,1.0291015903011715
1785956099101,0.0205078125,-0.00634765625,1.02978515625,1.0300088985762406
1785956099112,0.017578125,-0.00634765625,1.02978515625,1.0299547326223715
1785956099122,0.01513671875,-0.005859375,1.029296875,1.0294248439855496
1785956099132,0.0166015625,-0.005859375,1.03076171875,1.030912054926746
1785956099143,0.01806640625,-0.00537109375,1.02978515625,1.0299576261748336
1785956099151,0.0185546875,-0.00439453125,1.0302734375,1.0304498747397646
1785956099162,0.017578125,-0.0048828125,1.03125,1.031411360629902
1785956099172,0.01806640625,-0.00537109375,1.02880859375,1.0289812273587473
1785956099182,0.01806640625,-0.0048828125,1.029296875,1.0294669949918092
1785956099192,0.01953125,-0.005859375,1.0322265625,1.0324279530952847
1785956099203,0.01953125,-0.00537109375,1.029296875,1.0294961754467082
1785956099213,0.0205078125,-0.005859375,1.03076171875,1.0309823584763125
1785956099223,0.021484375,-0.005859375,1.0302734375,1.0305140788279399
1785956099232,0.02294921875,-0.005859375,1.02978515625,1.0300575066225492
1785956099242,0.0224609375,-0.005859375,1.033203125,1.0334638472140838
1785956099252,0.0205078125,-0.0068359375,1.0302734375,1.0305001972018761
1785956099263,0.021484375,-0.005859375,1.02978515625,1.0300259116533759
1785956099273,0.0205078125,-0.00537109375,1.0302734375,1.0304915210906265
1785956099283,0.017578125,-0.0068359375,1.02783203125,1.0280050607771931
1785956099293,0.02001953125,-0.00732421875,1.02978515625,1.0300057736947907
1785956099304,0.01904296875,-0.005859375,1.029296875,1.0294896909726536
1785956099312,0.02001953125,-0.0068359375,1.0302734375,1.0304905956344483
1785956099323,0.02001953125,-0.00634765625,1.02978515625,1.029999292428968
1785956099333,0.017578125,-0.0068359375,1.02978515625,1.0299578576586794
1785956099343,0.0185546875,-0.00732421875,1.02880859375,1.0290019646154098
1785956099353,0.017578125,-0.00634765625,1.0283203125,1.0284901303942986
1785956099364,0.01806640625,-0.00634765625,1.0302734375,1.0304513786650609
1785956099374,0.01806640625,-0.005859375,1.02978515625,1.0299602882359191
1785956099384,0.01611328125,-0.00634765625,1.03173828125,1.0318836230744308
1785956099394,0.01806640625,-0.00439453125,1.03173828125,1.0319058038098252
1785956099403,0.017578125,-0.00439453125,1.029296875,1.0294563416037557
1785956099414,0.0205078125,-0.00439453125,1.02978515625,1.0299987137425364
1785956099424,0.02197265625,-0.00341796875,1.0283203125,1.0285607153849277
1785956099434,0.02197265625,-0.00390625,1.03173828125,1.0319796206362057
1785956099444,0.021484375,-0.00537109375,1.02880859375,1.0290469132119606
1785956099455,0.02001953125,-0.00634765625,1.029296875,1.0295111127404617
1785956099465,0.0224609375,-0.005859375,1.0302734375,1.03053490091643
1785956099475,0.021484375,-0.00537109375,1.03076171875,1.0309995867398134
1785956099484,0.02001953125,-0.0078125,1.0302734375,1.0304975365355251
1785956099494,0.0185546875,-0.00732421875,1.029296875,1.0294901541507262
1785956099504,0.0185546875,-0.00634765625,1.02783203125,1.0280190920559753
1785956099515,0.01708984375,-0.00732421875,1.03076171875,1.0309293999979587
1785956099525,0.01904296875,-0.00732421875,1.029296875,1.02949907028801
1785956099535,0.01953125,-0.0068359375,1.029296875,1.0295048599461938
1785956099545,0.0185546875,-0.00732421875,1.029296875,1.0294901541507262
1785956099556,0.017578125,-0.0068359375,1.0302734375,1.030446057073385
1785956099564,0.02099609375,-0.00634765625,1.029296875,1.029530565635325
1785956099575,0.01953125,-0.00537109375,1.0302734375,1.0304725490728515
1785956099585,0.01904296875,-0.00537109375,1.02880859375,1.0289988366760856
1785956099595,0.0185546875,-0.0048828125,1.0283203125,1.0284992870129908
1785956099605,0.021484375,-0.0048828125,1.0302734375,1.0305089889200953
1785956099616,0.0205078125,-0.00537109375,1.03076171875,1.0309796990542832
1785956099626,0.021484375,-0.005859375,1.029296875,1.0295377445870049
1785956099636,0.01953125,-0.0048828125,1.02880859375,1.029005555941427
1785956099645,0.01904296875,-0.00537109375,1.02880859375,1.0289988366760856
1785956099655,0.02001953125,-0.00634765625,1.0302734375,1.0304874722137112
1785956099665,0.02001953125,-0.00732421875,1.029296875,1.02951759707959
1785956099676,0.01953125,-0.00634765625,1.02978515625,1.0299899176687448
1785956099686,0.01904296875,-0.0068359375,1.03076171875,1.0309602735027046
1785956099696,0.01904296875,-0.00732421875,1.03125,1.0314518124173864
1785956099706,0.01806640625,-0.005859375,1.0302734375,1.0304484864990813
1785956099717,0.01806640625,-0.0068359375,1.0302734375,1.0304545021952014
1785956099727,0.0185546875,-0.005859375,1.03125,1.031433551521189
1785956099736,0.02001953125,-0.00634765625,1.03076171875,1.0309756520945546
1785956099746,0.01904296875,-0.0068359375,1.029296875,1.0294957122713446
1785956099756,0.0205078125,-0.00634765625,1.02880859375,1.0290325484100373
1785956099767,0.0205078125,-0.00732421875,1.029296875,1.0295272077213884
1785956099777,0.01953125,-0.0078125,1.02880859375,1.0290236282305014
1785956099787,0.01953125,-0.00634765625,1.0302734375,1.0304781018946967
1785956099797,0.02001953125,-0.00732421875,1.02978515625,1.0300057736947907
1785956099808,0.0205078125,-0.005859375,1.029296875,1.029517828662375
1785956099816,0.0205078125,-0.0048828125,1.0302734375,1.0304890917663863
1785956099827,0.02001953125,-0.0048828125,1.02685546875,1.0270622070698356
1785956099837,0.02099609375,-0.00439453125,1.02978515625,1.0300085513676587
1785956099847,0.0185546875,-0.00537109375,1.02880859375,1.0289899162043068
1785956099857,0.0205078125,-0.0048828125,1.02978515625,1.030000912749247
1785956099868,0.0205078125,-0.00390625,1.02783203125,1.0280440231945802
1785956099878,0.0205078125,-0.00537109375,1.0283203125,1.0285388102165636
1785956099888,0.01953125,-0.00634765625,1.0302734375,1.0304781018946967
1785956099897,0.021484375,-0.00634765625,1.03076171875,1.0310051367231217
1785956099907,0.0205078125,-0.00634765625,1.02978515625,1.0300088985762406
1785956099917,0.017578125,-0.0078125,1.029296875,1.0294766061060014
1785956099928,0.01708984375,-0.0078125,1.02783203125,1.0280037851968982
1785956099938,0.0185546875,-0.00830078125,1.03125,1.031450309950791
1785956099948,0.02001953125,-0.00732421875,1.03076171875,1.0309821272224955
1785956099958,0.0205078125,-0.005859375,1.03076171875,1.0309823584763125
1785956099969,0.01904296875,-0.005859375,1.03076171875,1.0309542607577982
1785956099977,0.02001953125,-0.0078125,1.0302734375,1.0304975365355251
1785956099988,0.02001953125,-0.005859375,1.0302734375,1.030484580149032
1785956099998,0.02197265625,-0.00537109375,1.03173828125,1.031986204979241
1785956100008,0.01953125,-0.0048828125,1.03076171875,1.0309583078014972
1785956100018,0.01953125,-0.0048828125,1.0283203125,1.0285173681978201
1785956100029,0.02099609375,-0.00537109375,1.02783203125,1.0280604890104137
1785956100039,0.021484375,-0.005859375,1.0302734375,1.0305140788279399
1785956100049,0.02099609375,-0.00439453125,1.03173828125,1.0319612535625406
1785956100060,0.02001953125,-0.00634765625,1.03076171875,1.0309756520945546
1785956100068,0.0205078125,-0.00732421875,1.02880859375,1.029039035764769
1785956100079,0.02197265625,-0.0068359375,1.02978515625,1.030042230055167
1785956100089,0.021484375,-0.00732421875,1.0283203125,1.0285707985596013
1785956100099,0.021484375,-0.005859375,1.02978515625,1.0300259116533759
1785956100109,0.01953125,-0.0068359375,1.03125,1.0314575911146644
1785956100120,0.0205078125,-0.00537109375,1.02783203125,1.0280506327438874
1785956100130,0.01953125,-0.00537109375,1.02978515625,1.0299843622150147
1785956100140,0.01904296875,-0.0078125,1.0302734375,1.0304790273620952
1785956100149,0.01806640625,-0.0068359375,1.02880859375,1.0289899162043068
1785956100159,0.01806640625,-0.005859375,1.029296875,1.029472090051472
1785956100169,0.01708984375,-0.0068359375,1.0302734375,1.0304378432583743
1785956100180,0.02001953125,-0.00634765625,1.03125,1.0314638320713616
1785956100190,0.01953125,-0.00439453125,1.02880859375,1.029003354807613
1785956100200,0.02001953125,-0.005859375,1.03173828125,1.0319491241837286
1785956100210,0.01806640625,-0.0068359375,1.03076171875,1.0309426976882605
1785956100221,0.01806640625,-0.0068359375,1.029296875,1.0294781114531089
1785956100229,0.021484375,-0.005859375,1.02880859375,1.0290495776289807
1785956100240,0.021484375,-0.00537109375,1.029296875,1.0295350814333515
1785956100250,0.01904296875,-0.0048828125,1.02880859375,1.0289964038278152
1785956100260,0.02099609375,-0.00634765625,1.0302734375,1.030506906677822
1785956100270,0.02099609375,-0.00634765625,1.02978515625,1.0300187361040885
1785956100281,0.02099609375,-0.0048828125,1.03076171875,1.0309870991681336
1785956100291,0.02099609375,-0.00537109375,1.02978515625,1.0300131808057928
1785956100301,0.017578125,-0.00537109375,1.02880859375,1.0289727701452742
1785956100310,0.02001953125,-0.00634765625,1.02978515625,1.029999292428968
1785956100320,0.02001953125,-0.00732421875,1.0283203125,1.0285412441471977
1785956100331,0.01953125,-0.0078125,1.029296875,1.029511807493036
1785956100341,0.01904296875,-0.00634765625,1.02783203125,1.0280280209518526
1785956100351,0.01904296875,-0.00634765625,1.0283203125,1.0285162091570454
1785956100361,0.02001953125,-0.00634765625,1.02880859375,1.029022933148329
1785956100372,0.01904296875,-0.00732421875,1.02978515625,1.0299872556842382
1785956100382,0.02001953125,-0.00732421875,1.029296875,1.02951759707959
1785956100392,0.0205078125,-0.0068359375,1.029296875,1.0295238497964991
1785956100401,0.01904296875,-0.005859375,1.02880859375,1.0290015012175913
1785956100411,0.02099609375,-0.00634765625,1.0302734375,1.030506906677822
1785956100421,0.02099609375,-0.00634765625,1.029296875,1.029530565635325
1785956100432,0.01953125,-0.0048828125,1.02978515625,1.0299819316945853
1785956100442,0.02197265625,-0.00439453125,1.03125,1.0314934183152056
1785956100452,0.021484375,-0.00341796875,1.02978515625,1.0300149168397288
1785956100462,0.02001953125,-0.0048828125,1.029296875,1.0295031230521574
1785956100473,0.0205078125,-0.0048828125,1.02880859375,1.0290245550060007
1785956100481,0.02001953125,-0.00634765625,1.0302734375,1.0304874722137112
1785956100492,0.01806640625,-0.00439453125,1.0283203125,1.028488391786604
1785956100502,0.01806640625,-0.00537109375,1.029296875,1.0294694267279758
1785956100512,0.01708984375,-0.00732421875,1.02978515625,1.0299529964869922
1785956100522,0.01904296875,-0.0068359375,1.02783203125,1.0280311518450296
1785956100533,0.01953125,-0.00634765625,1.029296875,1.0295017335348184
1785956100543,0.01904296875,-0.00634765625,1.0302734375,1.030468962859507
1785956100553,0.0185546875,-0.005859375,1.03076171875,1.0309453572057383
1785956100562,0.02001953125,-0.00537109375,1.02880859375,1.029017372474048
1785956100572,0.02197265625,-0.00634765625,1.02880859375,1.029062783768027
1785956100582,0.01953125,-0.00634765625,1.02978515625,1.0299899176687448
1785956100593,0.01953125,-0.005859375,1.03076171875,1.0309633954910364
1785956100603,0.0205078125,-0.00732421875,1.02734375,1.0275745205180475
1785956100613,0.02294921875,-0.00634765625,1.0302734375,1.030548550723919
1785956100623,0.021484375,-0.005859375,1.03076171875,1.0310022461105433
1785956100634,0.0205078125,-0.005859375,1.03173828125,1.0319587121806908
1785956100643,0.0185546875,-0.00732421875,1.029296875,1.0294901541507262
1785956100653,0.01806640625,-0.00634765625,1.0302734375,1.0304513786650609
1785956100663,0.01953125,-0.00537109375,1.03076171875,1.030960736020091
1785956100673,0.017578125,-0.005859375,1.03076171875,1.030928243668957
1785956100684,0.01904296875,-0.0048828125,1.03076171875,1.0309491730231795
1785956100694,0.0166015625,-0.00537109375,1.03076171875,1.0309093953233557
1785956100704,0.01806640625,-0.005859375,1.02978515625,1.0299602882359191
1785956100714,0.0166015625,-0.0048828125,1.02880859375,1.0289541176890271
1785956100725,0.01904296875,-0.0048828125,1.02783203125,1.0280200197370792
1785956100733,0.0185546875,-0.00439453125,1.02978515625,1.0299616771346236
1785956100744,0.01953125,-0.0048828125,1.0302734375,1.030470119703885
1785956100754,0.01904296875,-0.00634765625,1.03076171875,1.0309571515049187
1785956100764,0.0185546875,-0.0068359375,1.02880859375,1.028998604976498
1785956100774,0.01953125,-0.00634765625,1.0322265625,1.0324308397161512
1785956100785,0.02197265625,-0.0078125,1.0322265625,1.0324899559363747
1785956100795,0.0205078125,-0.0078125,1.029296875,1.029530797215193
1785956100805,0.021484375,-0.00830078125,1.02978515625,1.0300426929847801
1785956100814,0.0205078125,-0.00732421875,1.02880859375,1.029039035764769
1785956100824,0.02001953125,-0.0078125,1.03125,1.0314738868666136
1785956100834,0.0205078125,-0.0068359375,1.02880859375,1.0290356762468886
1785956100845,0.0205078125,-0.00439453125,1.03076171875,1.0309750739561536
1785956100855,0.01806640625,-0.005859375,1.0283203125,1.0284956939191716
1785956100865,0.01904296875,-0.005859375,1.02978515625,1.0299778808144575
1785956100875,0.01904296875,-0.005859375,1.03076171875,1.0309542607577982
1785956100886,0.01708984375,-0.0048828125,1.02783203125,1.0279856949786852
1785956100894,0.01806640625,-0.0048828125,1.02783203125,1.0280023936529532
1785956100905,0.01708984375,-0.005859375,1.02978515625,1.0299436213053736
1785956100915,0.01806640625,-0.00537109375,1.02978515625,1.0299576261748336
1785956100925,0.0185546875,-0.005859375,1.02880859375,1.028992580768912
1785956100935,0.02099609375,-0.00634765625,1.029296875,1.029530565635325
1785956100946,0.021484375,-0.005859375,1.02783203125,1.028073244038591
1785956100956,0.021484375,-0.005859375,1.0283203125,1.028561410779458
1785956100966,0.01953125,-0.005859375,1.02978515625,1.0299870242069995
1785956100975,0.0224609375,-0.005859375,1.03076171875,1.0310230583402213
1785956100985,0.0224609375,-0.005859375,1.03125,1.031511215881228
1785956100996,0.0205078125,-0.00634765625,1.029296875,1.0295207234427917
1785956101006,0.0224609375,-0.00634765625,1.03173828125,1.0320022613589328
1785956101016,0.02099609375,-0.00537109375,1.0322265625,1.0324540478546231
1785956101026,0.0205078125,-0.00537109375,1.0302734375,1.0304915210906265
1785956101037,0.02099609375,-0.005859375,1.02880859375,1.0290394991456848
1785956101047,0.02001953125,-0.005859375,1.02880859375,1.0290200369675573
1785956101057,0.0166015625,-0.0068359375,1.02783203125,1.0279888260007723
1785956101066,0.0166015625,-0.00634765625,1.02978515625,1.0299385285783547
1785956101076,0.017578125,-0.00634765625,1.0283203125,1.0284901303942986
1785956101086,0.01708984375,-0.005859375,1.02783203125,1.027990797380157
1785956101097,0.0185546875,-0.005859375,1.02978515625,1.0299689688220952
1785956101107,0.0185546875,-0.00537109375,1.029296875,1.0294781114531089
1785956101117,0.01806640625,-0.00537109375,1.02978515625,1.0299576261748336
1785956101127,0.02001953125,-0.00634765625,1.03173828125,1.031952012143996
1785956101138,0.01953125,-0.00390625,1.0322265625,1.0324187158542755
1785956101146,0.02001953125,-0.0048828125,1.03076171875,1.0309676737559883
1785956101157,0.02001953125,-0.0068359375,1.03076171875,1.0309787740363172
1785956101167,0.02099609375,-0.005859375,1.02880859375,1.0290394991456848
1785956101177,0.02197265625,-0.00537109375,1.03125,1.0314980410891492
1785956101187,0.021484375,-0.0078125,1.0302734375,1.0305270348435587
1785956101198,0.02099609375,-0.005859375,1.02783203125,1.028063155983936
1785956101208,0.02099609375,-0.00634765625,1.0283203125,1.028554225013307
1785956101218,0.0185546875,-0.00634765625,1.0302734375,1.0304600551142957
1785956101227,0.01904296875,-0.00732421875,1.0302734375,1.0304754411712962
1785956101237,0.01708984375,-0.00732421875,1.02978515625,1.0299529964869922
1785956101247,0.01806640625,-0.0068359375,1.0283203125,1.0285017210371559
1785956101258,0.01953125,-0.00537109375,1.0302734375,1.0304725490728515
1785956101268,0.02099609375,-0.00732421875,1.0302734375,1.030513384751078
1785956101278,0.02001953125,-0.0078125,1.0283203125,1.0285448370818928
1785956101289,0.02001953125,-0.005859375,1.0302734375,1.030484580149032
1785956101299,0.02099609375,-0.0048828125,1.03076171875,1.0309870991681336
1785956101308,0.017578125,-0.00537109375,1.0322265625,1.0323901953511343
1785956101318,0.0205078125,-0.00537109375,1.0302734375,1.0304915210906265
1785956101328,0.02001953125,-0.005859375,1.03173828125,1.0319491241837286
1785956101338,0.0166015625,-0.0048828125,1.0302734375,1.0304187545621528
1785956101349,0.01708984375,-0.00439453125,1.02978515625,1.029936329438448
1785956101359,0.01708984375,-0.00634765625,1.029296875,1.0294583101728954
1785956101369,0.015625,-0.005859375,1.02783203125,1.027967488476115
1785956101379,0.0166015625,-0.00390625,1.029296875,1.0294381611108407
1785956101390,0.01708984375,-0.00390625,1.03173828125,1.0318872043712752
1785956101398,0.01904296875,-0.00537109375,1.029296875,1.0294870276946915
1785956101409,0.01611328125,-0.00537109375,1.02587890625,1.0260195011642854
1785956101419,0.0185546875,-0.00634765625,1.025390625,1.025578131107514
1785956101429,0.021484375,-0.00634765625,1.0244140625,1.02465898842335
1785956101439,0.02197265625,-0.0087890625,1.02197265625,1.0222466215962713
1785956101450,0.02294921875,-0.0078125,1.033203125,1.0334874935417704
1785956101460,0.02294921875,-0.0068359375,1.05712890625,1.0574000761831164
1785956101470,0.0224609375,-0.0068359375,1.048828125,1.0490908728732218
1785956101479,0.0263671875,-0.00439453125,1.01806640625,1.0184172759809005
1785956101489,0.02490234375,-0.00146484375,1.01416015625,1.0144669018831909
1785956101499,0.02392578125,-0.00341796875,1.025390625,1.025675416180328
1785956101510,0.02490234375,-0.00341796875,1.0341796875,1.0344851063559188
1785956101520,0.0234375,-0.00390625,1.03564453125,1.0359170672903042
1785956101530,0.01904296875,-0.00439453125,1.021484375,1.0216713145297078
1785956101540,0.0166015625,-0.0068359375,1.01318359375,1.0133426550595364
1785956101551,0.015625,-0.0078125,1.03515625,1.0353036451666306
1785956101560,0.013671875,-0.00830078125,1.05322265625,1.053344097042216
1785956101570,0.013671875,-0.00830078125,1.04541015625,1.0455325044808628
1785956101580,0.01513671875,-0.00634765625,1.02197265625,1.0221044580262164
1785956101590,0.017578125,-0.00537109375,1.013671875,1.0138385025696166
1785956101601,0.02099609375,-0.00537109375,1.02734375,1.0275723163188528
1785956101611,0.021484375,-0.0048828125,1.04248046875,1.0427132625761841
1785956101621,0.02197265625,-0.00439453125,1.04150390625,1.0417449285989333
1785956101631,0.02294921875,-0.0048828125,1.0263671875,1.0266353354895816
1785956101640,0.02392578125,-0.00537109375,1.0234375,1.0237312186617853
1785956101650,0.02490234375,-0.00732421875,1.03125,1.0315766250766547
1785956101661,0.02392578125,-0.0087890625,1.03466796875,1.0349818820565424
1785956101671,0.02294921875,-0.01025390625,1.033203125,1.0335088324462374
1785956101681,0.02001953125,-0.0087890625,1.0283203125,1.0285527183140377
1785956101691,0.02001953125,-0.009765625,1.02587890625,1.0261206943395142
1785956101702,0.01953125,-0.00927734375,1.0302734375,1.030500312882866
1785956101712,0.01904296875,-0.00732421875,1.03466796875,1.0348691146209565
1785956101721,0.01611328125,-0.0068359375,1.03076171875,1.030910320403574
1785956101731,0.01416015625,-0.005859375,1.02587890625,1.0259933589400623
1785956101741,0.01318359375,-0.00390625,1.0283203125,1.0284122378858223
1785956101751,0.015625,-0.00244140625,1.029296875,1.0294183590621664
1785956101762,0.009765625,-0.00048828125,1.03125,1.031296353309862
1785956101772,0.0107421875,0.00048828125,1.025390625,1.0254470083084521
1785956101782,0.013671875,-0.00146484375,1.02587890625,1.0259710503819899
1785956101792,0.0166015625,-0.00146484375,1.02978515625,1.0299200093587317
1785956101803,0.0185546875,-0.00390625,1.02880859375,1.028983312688373
1785956101811,0.021484375,-0.0068359375,1.0322265625,1.0324727525417854
1785956101822,0.025390625,-0.00830078125,1.0302734375,1.0306196887432908
1785956101832,0.029296875,-0.009765625,1.02783203125,1.0282958517760865
1785956101842,0.03125,-0.01025390625,1.0322265625,1.032750396477266
1785956101852,0.03173828125,-0.01025390625,1.033203125,1.0337413402780473
1785956101863,0.02978515625,-0.0107421875,1.0341796875,1.034664281862827
1785956101873,0.0283203125,-0.00927734375,1.03173828125,1.0321685861349672
1785956101883,0.025390625,-0.00927734375,1.02880859375,1.0291636777105957
1785956101892,0.0224609375,-0.00634765625,1.02978515625,1.0300496369040106
1785956101902,0.01806640625,-0.0068359375,1.0302734375,1.0304545021952014
1785956101913,0.01513671875,-0.00634765625,1.03076171875,1.0308923968265742
1785956101923,0.013671875,-0.00390625,1.03076171875,1.0308597866807747
1785956101933,0.009765625,-0.00341796875,1.0302734375,1.030325388389553
1785956101943,0.0107421875,-0.00439453125,1.0283203125,1.0283858087300164
1785956101954,0.009765625,-0.00390625,1.02978515625,1.0298388681019668
1785956101964,0.00927734375,-0.00341796875,1.02978515625,1.0298326172977181
1785956101973,0.01123046875,-0.00537109375,1.03125,1.031325135239327
1785956101983,0.01220703125,-0.00439453125,1.0283203125,1.0284021531565088
1785956101993,0.0185546875,-0.00439453125,1.0283203125,1.0284970847956876
1785956102003,0.02001953125,-0.005859375,1.03125,1.0314609427442516
1785956102014,0.021484375,-0.00537109375,1.02880859375,1.0290469132119606
1785956102024,0.0263671875,-0.0048828125,1.02978515625,1.030134233227596
1785956102034,0.02978515625,-0.0048828125,1.029296875,1.0297393137466941
1785956102044,0.029296875,-0.0048828125,1.029296875,1.0297253059080569
1785956102053,0.03125,-0.005859375,1.02880859375,1.0292997704018219
1785956102063,0.029296875,-0.00634765625,1.02978515625,1.0302213682784251
1785956102074,0.02587890625,-0.005859375,1.03125,1.0315913011285462
1785956102084,0.02587890625,-0.00732421875,1.02978515625,1.0301363162231643
1785956102094,0.02099609375,-0.0087890625,1.03076171875,1.0310129991483337
1785956102104,0.015625,-0.0078125,1.03125,1.0313979534017168
1785956102115,0.013671875,-0.01025390625,1.029296875,1.0294387401123803
1785956102125,0.01220703125,-0.009765625,1.02978515625,1.0299038047683948
1785956102135,0.0107421875,-0.00927734375,1.033203125,1.0333006151208401
1785956102144,0.00927734375,-0.00927734375,1.03125,1.0313334575752457
1785956102154,0.01171875,-0.0087890625,1.029296875,1.029401104334922
1785956102164,0.01416015625,-0.005859375,1.02978515625,1.029899174838611
1785956102175,0.0146484375,-0.0029296875,1.02734375,1.027452354347442
1785956102185,0.0185546875,-0.0029296875,1.029296875,1.029468268759089
1785956102195,0.021484375,-0.00146484375,1.02783203125,1.0280575901183033
1785956102206,0.0224609375,-0.0009765625,1.0283203125,1.0285660467309783
1785956102216,0.0244140625,0.0,1.029296875,1.0295863748770764
1785956102225,0.025390625,-0.00244140625,1.029296875,1.0296128889962157
1785956102235,0.0263671875,-0.0048828125,1.02978515625,1.030134233227596
1785956102245,0.0263671875,-0.0048828125,1.02734375,1.027693656251041
1785956102255,0.025390625,-0.0078125,1.02880859375,1.0291515153601014
1785956102266,0.0234375,-0.0078125,1.029296875,1.0295933218738675
1785956102276,0.0224609375,-0.00927734375,1.0302734375,1.0305600025415798
1785956102286,0.0185546875,-0.009765625,1.03125,1.0314631386335933
1785956102296,0.01611328125,-0.01123046875,1.02880859375,1.0289960562775928
1785956102305,0.01513671875,-0.0107421875,1.02880859375,1.0289760140161939
1785956102315,0.013671875,-0.009765625,1.02978515625,1.0299222085334858
1785956102326,0.01416015625,-0.009765625,1.02978515625,1.029928806029573
1785956102336,0.0146484375,-0.0068359375,1.0302734375,1.0304002439735551
1785956102346,0.01416015625,-0.0078125,1.0302734375,1.0304003596657665
1785956102356,0.015625,-0.005859375,1.029296875,1.0294321394755248
1785956102367,0.01904296875,-0.00390625,1.02880859375,1.0289922332173982
1785956102377,0.01953125,-0.00439453125,1.0302734375,1.0304679216984565
1785956102386,0.01953125,-0.00341796875,1.0283203125,1.0285114570762137
1785956102396,0.02197265625,-0.0029296875,1.03125,1.0314882176697553
1785956102406,0.02294921875,-0.00439453125,1.0302734375,1.030538371223609
1785956102416,0.02392578125,-0.00537109375,1.02978515625,1.0300770649273436
1785956102427,0.0244140625,-0.00439453125,1.029296875,1.0295957533116706
1785956102437,0.02587890625,-0.00439453125,1.02783203125,1.0281671625553428
1785956102447,0.0244140625,-0.0068359375,1.03125,1.031561602130119
1785956102457,0.02392578125,-0.0068359375,1.03271484375,1.0330145795445065
1785956102468,0.0234375,-0.00732421875,1.02978515625,1.0300778750266335
1785956102476,0.02001953125,-0.005859375,1.02685546875,1.0270673140591333
1785956102487,0.017578125,-0.00537109375,1.03173828125,1.03190199152986
1785956102497,0.01806640625,-0.0068359375,1.0283203125,1.0285017210371559
1785956102507,0.015625,-0.0078125,1.02880859375,1.0289568982008443
1785956102518,0.015625,-0.00732421875,1.03271484375,1.0328590094039383
1785956102528,0.01416015625,-0.00830078125,1.0302734375,1.0304041775014556
1785956102538,0.01416015625,-0.00830078125,1.02978515625,1.02991595823505
1785956102548,0.01513671875,-0.00927734375,1.03125,1.0314028077630835
1785956102557,0.01904296875,-0.00830078125,1.02685546875,1.0270655730429075
1785956102567,0.01806640625,-0.0068359375,1.03076171875,1.0309426976882605
1785956102578,0.01953125,-0.0068359375,1.03076171875,1.030969408182668
1785956102588,0.0224609375,-0.00732421875,1.02978515625,1.0300561178530583
1785956102598,0.02197265625,-0.005859375,1.0302734375,1.0305243742464987
1785956102608,0.02294921875,-0.0048828125,1.02783203125,1.0280997971805297
1785956102619,0.02294921875,-0.00439453125,1.0263671875,1.0266331292739401
1785956102629,0.021484375,-0.00439453125,1.03125,1.03148313256885
1785956102638,0.025390625,-0.00244140625,1.02978515625,1.030101020451492
1785956102648,0.0224609375,-0.00244140625,1.029296875,1.0295448077002876
1785956102658,0.021484375,-0.00439453125,1.03076171875,1.0309949617309009
1785956102668,0.021484375,-0.0029296875,1.029296875,1.0295252392839886
1785956102679,0.01708984375,-0.00439453125,1.02978515625,1.029936329438448
1785956102689,0.01806640625,-0.00537109375,1.029296875,1.0294694267279758
1785956102699,0.0166015625,-0.005859375,1.02880859375,1.0289592152882856
1785956102709,0.015625,-0.00927734375,1.02880859375,1.0289690628517012
1785956102718,0.01318359375,-0.009765625,1.03125,1.0313805006280687
1785956102728,0.0146484375,-0.00830078125,1.03271484375,1.032852084372268
1785956102739,0.013671875,-0.0087890625,1.0302734375,1.0304016322792346
1785956102749,0.01611328125,-0.009765625,1.02783203125,1.028004712891815
1785956102759,0.01806640625,-0.0078125,1.02880859375,1.0289968672279293
1785956102769,0.02001953125,-0.00830078125,1.03125,1.0314777007288283
1785956102780,0.0185546875,-0.00830078125,1.02978515625,1.0299857510812565
1785956102790,0.0234375,-0.00634765625,1.0283203125,1.0286069580973172
1785956102800,0.02392578125,-0.005859375,1.0302734375,1.0305678683628168
1785956102809,0.0244140625,-0.00390625,1.029296875,1.0295937850053205
1785956102819,0.0244140625,-0.00341796875,1.029296875,1.0295920482612984
1785956102830,0.0224609375,-0.00390625,1.0302734375,1.0305256467068191
1785956102840,0.0224609375,-0.0029296875,1.02783203125,1.0280815926986182
1785956102850,0.02197265625,-0.00244140625,1.0263671875,1.0266052608786973
1785956102860,0.01904296875,-0.0048828125,1.03125,1.0314373655325484
1785956102871,0.0205078125,-0.005859375,1.03076171875,1.0309823584763125
1785956102881,0.01806640625,-0.005859375,1.03125,1.0314248832611033
1785956102890,0.01611328125,-0.005859375,1.0302734375,1.0304160936855065
1785956102900,0.0166015625,-0.00634765625,1.02783203125,1.0279856949786852
1785956102910,0.015625,-0.0078125,1.02978515625,1.0299333200814929
1785956102920,0.015625,-0.00732421875,1.0302734375,1.0304179447308575
1785956102931,0.0166015625,-0.0068359375,1.02978515625,1.0299416536638288
1785956102941,0.01708984375,-0.0078125,1.03076171875,1.0309329846096222
1785956102951,0.017578125,-0.00732421875,1.03076171875,1.0309376098965775
1785956102961,0.02001953125,-0.0078125,1.0302734375,1.0304975365355251
1785956102970,0.01953125,-0.00830078125,1.03076171875,1.030980161562955
1785956102980,0.0224609375,-0.00732421875,1.02978515625,1.0300561178530583
1785956102991,0.02294921875,-0.00634765625,1.02880859375,1.0290840985823053
1785956103001,0.02392578125,-0.00634765625,1.029296875,1.029594479702109
1785956103011,0.02392578125,-0.005859375,1.02978515625,1.0300797266797606
1785956103021,0.021484375,-0.005859375,1.0302734375,1.0305140788279399
1785956103032,0.02294921875,-0.00537109375,1.0302734375,1.0305429982816694
1785956103042,0.0205078125,-0.0048828125,1.0283203125,1.0285363762801698
1785956103051,0.017578125,-0.0048828125,1.02978515625,1.0299467463753953
1785956103061,0.0185546875,-0.0048828125,1.0302734375,1.0304520727836881
1785956103071,0.02099609375,-0.00439453125,1.0302734375,1.0304967267661418
1785956103081,0.01708984375,-0.00341796875,1.029296875,1.0294444143102341
1785956103092,0.0166015625,-0.0029296875,1.02978515625,1.0299231345003985
1785956103102,0.01708984375,-0.00244140625,1.0283203125,1.0284652100698275
1785956103112,0.01611328125,-0.00439453125,1.02880859375,1.028944154126647
1785956103122,0.0205078125,-0.00634765625,1.029296875,1.0295207234427917
1785956103133,0.0166015625,-0.0068359375,1.0302734375,1.0304298607557003
1785956103142,0.01708984375,-0.0078125,1.03125,1.0314211847812946
1785956103152,0.01904296875,-0.0068359375,1.029296875,1.0294957122713446
1785956103162,0.02001953125,-0.0078125,1.02978515625,1.0300093615208343
1785956103172,0.0224609375,-0.009765625,1.0302734375,1.0305645138287491
1785956103183,0.0205078125,-0.009765625,1.02978515625,1.0300356332855736
1785956103193,0.02001953125,-0.00927734375,1.03173828125,1.03197419140947
1785956103203,0.0224609375,-0.0078125,1.0302734375,1.030547856670274
1785956103213,0.02294921875,-0.00634765625,1.03076171875,1.031036701685036
1785956103222,0.0224609375,-0.0068359375,1.02783203125,1.0281001450337335
1785956103232,0.0224609375,-0.005859375,1.02294921875,1.023212553739449
1785956103243,0.021484375,-0.00390625,1.009765625,1.0100017101915442
1785956103253,0.01708984375,-0.0009765625,1.03515625,1.0352977727918564
1785956103263,0.015625,-0.00244140625,1.06201171875,1.062129460965944
1785956103273,0.01806640625,-0.00439453125,1.02880859375,1.028976593277782
1785956103284,0.017578125,-0.00390625,1.0166015625,1.0167610270584821
1785956103294,0.017578125,-0.0048828125,1.02880859375,1.0289703372353736
1785956103303,0.01708984375,-0.00634765625,1.02392578125,1.0240880631116107
1785956103313,0.0146484375,-0.00732421875,1.037109375,1.0372386787111152
1785956103323,0.01708984375,-0.00732421875,1.037109375,1.0372760301157007
1785956103333,0.02001953125,-0.00634765625,1.01904296875,1.019259361757424
1785956103344,0.01953125,-0.0068359375,1.0283203125,1.028528494922802
1785956103354,0.01904296875,-0.0078125,1.03173828125,1.0319435792773592
1785956103364,0.02001953125,-0.00732421875,1.03125,1.031470304134718
1785956103374,0.02001953125,-0.00634765625,1.0322265625,1.0324401923123219
1785956103383,0.0166015625,-0.005859375,1.02490234375,1.0250535392734739
1785956103393,0.02001953125,-0.005859375,1.0224609375,1.022673693130042
1785956103404,0.02001953125,-0.00732421875,1.03369140625,1.0339111901739289
1785956103414,0.0185546875,-0.0087890625,1.03369140625,1.0338952787410116
1785956103424,0.01806640625,-0.0078125,1.02880859375,1.0289968672279293
1785956103435,0.017578125,-0.00732421875,1.02880859375,1.0289848187571409
1785956103445,0.017578125,-0.005859375,1.02734375,1.0275108288567905
1785956103455,0.01904296875,-0.00439453125,1.02978515625,1.0299705891900786
1785956103465,0.02001953125,-0.00439453125,1.02978515625,1.0299891075002754
1785956103474,0.02099609375,-0.00439453125,1.02783203125,1.0280558507791135
1785956103484,0.0244140625,-0.001953125,1.025390625,1.0256830870122164
1785956103495,0.0234375,-0.00244140625,1.029296875,1.029566575679054
1785956103505,0.0234375,-0.0029296875,1.033203125,1.0334730751136496
1785956103515,0.01953125,-0.00341796875,1.029296875,1.0294878382582788
1785956103525,0.021484375,-0.00390625,1.02587890625,1.0261112841436348
1785956103536,0.0205078125,-0.00634765625,1.03076171875,1.0309852491446507
1785956103546,0.02001953125,-0.00732421875,1.03271484375,1.0329348354631838
1785956103555,0.01953125,-0.00732421875,1.03125,1.0314609427442516
1785956103565,0.01806640625,-0.0078125,1.02734375,1.0275322918794827
1785956103575,0.017578125,-0.00830078125,1.029296875,1.0294804273674374
1785956103585,0.0205078125,-0.00732421875,1.03173828125,1.0319680690556938
1785956103596,0.0185546875,-0.00732421875,1.0322265625,1.03241929318426
1785956103606,0.01708984375,-0.0078125,1.02880859375,1.0289801846923496
1785956103616,0.02001953125,-0.0068359375,1.0283203125,1.0285378830033785
1785956103626,0.01806640625,-0.005859375,1.03076171875,1.0309366848408466
1785956103635,0.01806640625,-0.00537109375,1.03076171875,1.0309340253009964
1785956103645,0.01953125,-0.00634765625,1.03076171875,1.0309662862125437
1785956103656,0.02099609375,-0.00439453125,1.03076171875,1.030984902264878
1785956103666,0.01611328125,-0.0048828125,1.02880859375,1.0289463553871039
1785956103676,0.01806640625,-0.005859375,1.02783203125,1.0280074959715428
1785956103686,0.01953125,-0.0068359375,1.02978515625,1.0299930425983
1785956103697,0.01806640625,-0.0048828125,1.03125,1.0314197978479471
1785956103707,0.01953125,-0.00341796875,1.0283203125,1.0285114570762137
1785956103716,0.02197265625,-0.0048828125,1.03125,1.0314956141354121
1785956103726,0.01953125,-0.0068359375,1.03076171875,1.030969408182668
1785956103736,0.01953125,-0.0068359375,1.0283203125,1.028528494922802
1785956103747,0.02099609375,-0.005859375,1.0283203125,1.0285513275127534
1785956103757,0.0205078125,-0.00634765625,1.029296875,1.0295207234427917
1785956103767,0.01953125,-0.00537109375,1.03271484375,1.032913484700544
1785956103777,0.01806640625,-0.005859375,1.03076171875,1.0309366848408466
1785956103788,0.01904296875,-0.00732421875,1.0302734375,1.0304754411712962
1785956103798,0.017578125,-0.0068359375,1.02978515625,1.0299578576586794
1785956103807,0.0185546875,-0.00537109375,1.02978515625,1.0299663067834457
1785956103817,0.0185546875,-0.00732421875,1.03076171875,1.0309547232778822
1785956103827,0.0185546875,-0.0078125,1.02880859375,1.029005555941427
1785956103837,0.0185546875,-0.0068359375,1.02587890625,1.026069460006691
1785956103848,0.01806640625,-0.0068359375,1.02978515625,1.0299663067834457
1785956103858,0.0185546875,-0.0068359375,1.029296875,1.0294867961049778
1785956103868,0.01904296875,-0.0068359375,1.03173828125,1.0319366481024994
1785956103878,0.02099609375,-0.005859375,1.03076171875,1.0309921867155947
1785956103887,0.02001953125,-0.00439453125,1.029296875,1.0295009229821712
1785956103897,0.0185546875,-0.0048828125,1.0283203125,1.0284992870129908
1785956103908,0.02001953125,-0.005859375,1.0283203125,1.0285318560973005
1785956103918,0.0205078125,-0.00439453125,1.03076171875,1.0309750739561536
1785956103928,0.0205078125,-0.00390625,1.03076171875,1.0309731082831655
1785956103938,0.02001953125,-0.00390625,1.02978515625,1.0299871399456253
1785956103949,0.01953125,-0.00341796875,1.0302734375,1.030464219783979
1785956103959,0.0185546875,-0.0048828125,1.03076171875,1.0309402694271803
1785956103968,0.01904296875,-0.005859375,1.03125,1.031442450859089
1785956103978,0.0185546875,-0.00732421875,1.03076171875,1.0309547232778822
1785956103988,0.017578125,-0.00732421875,1.0283203125,1.0284966211703912
1785956103998,0.01611328125,-0.0078125,1.029296875,1.0294526360516336
1785956104009,0.0185546875,-0.00830078125,1.0283203125,1.0285211930231095
1785956104019,0.01806640625,-0.0087890625,1.0283203125,1.028516556869415
1785956104029,0.021484375,-0.0087890625,1.02978515625,1.03004674361002
1785956104039,0.01904296875,-0.0068359375,1.03076171875,1.0309602735027046
1785956104048,0.0205078125,-0.00634765625,1.029296875,1.0295207234427917
1785956104059,0.021484375,-0.00439453125,1.0302734375,1.0305067909975723
1785956104069,0.02001953125,-0.0048828125,1.03076171875,1.0309676737559883
1785956104079,0.02099609375,-0.005859375,1.0283203125,1.0285513275127534
1785956104089,0.02197265625,-0.00537109375,1.02880859375,1.0290572233090853
1785956104100,0.01904296875,-0.0048828125,1.02880859375,1.0289964038278152
1785956104110,0.0205078125,-0.00439453125,1.02783203125,1.0280459944681188
1785956104120,0.01953125,-0.005859375,1.0302734375,1.0304752098037193
1785956104130,0.0185546875,-0.005859375,1.03173828125,1.0319217459189032
1785956104139,0.01708984375,-0.00634765625,1.0302734375,1.030434719677736
1785956104149,0.0185546875,-0.005859375,1.0283203125,1.028504386866537
1785956104160,0.01806640625,-0.00634765625,1.02880859375,1.0289867882283577
1785956104170,0.01806640625,-0.0068359375,1.0302734375,1.0304545021952014
1785956104180,0.01806640625,-0.005859375,1.0302734375,1.0304484864990813
1785956104190,0.02001953125,-0.005859375,1.0283203125,1.0285318560973005
1785956104201,0.02099609375,-0.005859375,1.029296875,1.0295276708825825
1785956104211,0.02099609375,-0.0068359375,1.02880859375,1.0290455230786029
1785956104220,0.0185546875,-0.00634765625,1.0302734375,1.0304600551142957
1785956104230,0.0185546875,-0.00732421875,1.03125,1.0314429131602585
1785956104240,0.01953125,-0.00732421875,1.02880859375,1.0290200369675573
1785956104250,0.0205078125,-0.0078125,1.0302734375,1.0305071380382824
1785956104261,0.01953125,-0.0068359375,1.03076171875,1.030969408182668
1785956104271,0.02001953125,-0.00732421875,1.0302734375,1.0304939504091395
1785956104281,0.01953125,-0.0068359375,1.0302734375,1.0304812253438356
1785956104291,0.01953125,-0.005859375,1.0302734375,1.0304752098037193
1785956104300,0.01904296875,-0.00537109375,1.029296875,1.0294870276946915
1785956104310,0.0205078125,-0.00439453125,1.02880859375,1.0290223539128267
1785956104321,0.01953125,-0.0048828125,1.03125,1.0314464959872969
1785956104331,0.01904296875,-0.0048828125,1.02978515625,1.0299727882568357
1785956104341,0.01806640625,-0.00439453125,1.0283203125,1.028488391786604
1785956104351,0.01904296875,-0.00439453125,1.0283203125,1.0285060095419076
1785956104362,0.02001953125,-0.0048828125,1.02978515625,1.0299913065274953
1785956104372,0.017578125,-0.0048828125,1.0283203125,1.0284821327745677
1785956104381,0.0166015625,-0.00634765625,1.02783203125,1.0279856949786852
1785956104391,0.0185546875,-0.00634765625,1.03076171875,1.030948247977824
1785956104401,0.017578125,-0.00634765625,1.03173828125,1.031907536659699
1785956104412,0.01904296875,-0.0087890625,1.029296875,1.0295105337796249
1785956104422,0.017578125,-0.0078125,1.029296875,1.0294766061060014
1785956104432,0.02001953125,-0.00830078125,1.03076171875,1.0309895273189171
1785956104442,0.01953125,-0.0078125,1.029296875,1.029511807493036
1785956104453,0.01953125,-0.005859375,1.02978515625,1.0299870242069995
1785956104463,0.02099609375,-0.00537109375,1.02880859375,1.0290368347025691
1785956104472,0.02099609375,-0.005859375,1.0283203125,1.0285513275127534
1785956104482,0.01953125,-0.0068359375,1.02880859375,1.02901667738765
1785956104492,0.0205078125,-0.005859375,1.02978515625,1.030006005167816
1785956104502,0.0205078125,-0.00439453125,1.0302734375,1.0304868938014247
1785956104513,0.02001953125,-0.00439453125,1.0302734375,1.0304772921100414
1785956104523,0.01806640625,-0.00439453125,1.02783203125,1.0280001903711877
1785956104533,0.0185546875,-0.0048828125,1.029296875,1.0294756797374567
1785956104543,0.01904296875,-0.00634765625,1.03173828125,1.0319335290586238
1785956104552,0.01953125,-0.00537109375,1.029296875,1.0294961754467082
1785956104562,0.01806640625,-0.00390625,1.0302734375,1.0304392315133963
1785956104573,0.017578125,-0.005859375,1.02880859375,1.0289754347542797
1785956104583,0.01806640625,-0.00634765625,1.0302734375,1.0304513786650609
1785956104593,0.0205078125,-0.00537109375,1.0302734375,1.0304915210906265
1785956104603,0.0205078125,-0.00634765625,1.03125,1.0314734245793264
1785956104614,0.01953125,-0.00634765625,1.0322265625,1.0324308397161512
1785956104624,0.01953125,-0.005859375,1.029296875,1.0294988387010053
1785956104633,0.02001953125,-0.00537109375,1.02734375,1.0275528263518152
1785956104643,0.02197265625,-0.00634765625,1.029296875,1.0295509444642914
1785956104653,0.021484375,-0.00634765625,1.029296875,1.0295406393114235
1785956104664,0.01953125,-0.0068359375,1.03076171875,1.030969408182668
1785956104674,0.02001953125,-0.005859375,1.0322265625,1.0324373057176046
1785956104684,0.02197265625,-0.0078125,1.029296875,1.0295610179409942
1785956104694,0.01904296875,-0.00537109375,1.03125,1.031439792623343
1785956104705,0.01904296875,-0.0068359375,1.0302734375,1.030472086336347
1785956104713,0.01806640625,-0.005859375,1.02978515625,1.0299602882359191
1785956104724,0.01953125,-0.00537109375,1.03125,1.0314489230566066
1785956104734,0.01953125,-0.00439453125,1.02880859375,1.029003354807613
1785956104744,0.02001953125,-0.00390625,1.02978515625,1.0299871399456253
1785956104754,0.02099609375,-0.00341796875,1.03076171875,1.030981202206708
1785956104765,0.0205078125,-0.00390625,1.02734375,1.027555842680416
1785956104775,0.01904296875,-0.005859375,1.02685546875,1.0270487430672346
1785956104785,0.01513671875,-0.00732421875,1.02978515625,1.029922440025292
1785956104795,0.01513671875,-0.0087890625,1.02880859375,1.0289574774731938
1785956104804,0.013671875,-0.0107421875,1.0283203125,1.0284672964457346
1785956104814,0.01513671875,-0.0107421875,1.03173828125,1.0319052261925539
1785956104825,0.01611328125,-0.0107421875,1.029296875,1.0294790378194654
1785956104835,0.017578125,-0.0107421875,1.0283203125,1.0285266404769973
1785956104845,0.0185546875,-0.00830078125,1.0302734375,1.030473937281118
1785956104855,0.02099609375,-0.005859375,1.02978515625,1.0300158427232984
1785956104866,0.02001953125,-0.0029296875,1.029296875,1.0294957122713446
1785956104876,0.0224609375,-0.0009765625,1.029296875,1.0295423761421678
1785956104885,0.0244140625,-0.001953125,1.03076171875,1.0310526572321481
1785956104895,0.025390625,-0.001953125,1.029296875,1.0296118469694888
1785956104905,0.0234375,-0.001953125,1.03076171875,1.0310299956567557
1785956104915,0.0205078125,-0.0029296875,1.02880859375,1.0290171407786342
1785956104926,0.0205078125,-0.0048828125,1.02880859375,1.0290245550060007
1785956104936,0.0166015625,-0.0048828125,1.0322265625,1.0323716046394913
1785956104946,0.0166015625,-0.0068359375,1.03076171875,1.0309180679178145
1785956104956,0.0185546875,-0.005859375,1.03076171875,1.0309453572057383
1785956104965,0.01708984375,-0.00634765625,1.0302734375,1.030434719677736
1785956104976,0.01806640625,-0.00732421875,1.02978515625,1.0299696632658288
1785956104986,0.0166015625,-0.0068359375,1.02880859375,1.0289652396912141
1785956104996,0.0185546875,-0.005859375,1.0302734375,1.030457162972668
1785956105006,0.01953125,-0.00537109375,1.03076171875,1.030960736020091
1785956105017,0.01904296875,-0.0048828125,1.03125,1.0314373655325484
1785956105027,0.01904296875,-0.0048828125,1.03125,1.0314373655325484
1785956105037,0.0185546875,-0.00537109375,1.02978515625,1.0299663067834457
1785956105046,0.0185546875,-0.00634765625,1.029296875,1.0294836696387448
1785956105056,0.01904296875,-0.0078125,1.0302734375,1.0304790273620952
1785956105066,0.01904296875,-0.009765625,1.0322265625,1.0324483901973118
1785956105077,0.0185546875,-0.00830078125,1.03076171875,1.0309621235710054
1785956105087,0.02001953125,-0.00830078125,1.03125,1.0314777007288283
1785956105097,0.01904296875,-0.0078125,1.0302734375,1.0304790273620952
1785956105107,0.021484375,-0.0078125,1.02978515625,1.0300388738092499
1785956105118,0.0205078125,-0.00732421875,1.03076171875,1.0309917242123174
1785956105128,0.02099609375,-0.0068359375,1.03076171875,1.0309981992393182
1785956105137,0.02294921875,-0.00537109375,1.02978515625,1.0300548448127136
1785956105147,0.0224609375,-0.00244140625,1.029296875,1.0295448077002876
1785956105157,0.0205078125,-0.00390625,1.02978515625,1.0299967462062365
1785956105167,0.02197265625,-0.001953125,1.0302734375,1.0305095673199802
1785956105178,0.0205078125,-0.001953125,1.0302734375,1.0304793744121554
1785956105188,0.0185546875,-0.00341796875,1.02734375,1.0275169777685724
1785956105198,0.01806640625,-0.00439453125,1.0283203125,1.028488391786604
1785956105208,0.017578125,-0.005859375,1.02880859375,1.0289754347542797
1785956105217,0.0166015625,-0.00732421875,1.02978515625,1.029945010226554
1785956105227,0.01806640625,-0.0078125,1.0302734375,1.0304614433393937
1785956105238,0.01806640625,-0.0087890625,1.03076171875,1.0309574983940284
1785956105248,0.01904296875,-0.009765625,1.029296875,1.0295193339492075
1785956105258,0.0185546875,-0.00927734375,1.0302734375,1.0304822664914446
1785956105268,0.0205078125,-0.0078125,1.0302734375,1.0305071380382824
1785956105279,0.0205078125,-0.00830078125,1.02880859375,1.0290464498343834
1785956105289,0.0205078125,-0.0068359375,1.0302734375,1.0305001972018761
1785956105298,0.02392578125,-0.005859375,1.02978515625,1.0300797266797606
1785956105308,0.02392578125,-0.0048828125,1.02880859375,1.0290983468260873
1785956105318,0.02099609375,-0.00390625,1.0302734375,1.0304947601807044
1785956105329,0.01953125,-0.00390625,1.029296875,1.0294895751781028
1785956105339,0.01953125,-0.0048828125,1.02978515625,1.0299819316945853
1785956105349,0.017578125,-0.0048828125,1.029296875,1.0294585417690172
1785956105359,0.0185546875,-0.00341796875,1.0302734375,1.0304461727604528
1785956105370,0.01708984375,-0.0048828125,1.0302734375,1.0304267371508642
1785956105378,0.0146484375,-0.005859375,1.0302734375,1.030394227960662
1785956105389,0.01806640625,-0.00537109375,1.02880859375,1.0289812273587473
1785956105399,0.0205078125,-0.0048828125,1.02880859375,1.0290245550060007
1785956105409,0.01904296875,-0.00537109375,1.03076171875,1.0309516012632887
1785956105419,0.02099609375,-0.00537109375,1.03125,1.0314777007288283
1785956105430,0.02294921875,-0.0068359375,1.03076171875,1.0310398234419431
1785956105440,0.02197265625,-0.0068359375,1.03173828125,1.0319948685244944
1785956105450,0.0224609375,-0.0068359375,1.03076171875,1.0310290706839147
1785956105460,0.0244140625,-0.00732421875,1.03125,1.0315649534217668
1785956105469,0.02294921875,-0.0087890625,1.03173828125,1.0320309080921795
1785956105479,0.021484375,-0.0107421875,1.029296875,1.0295771121417723
1785956105490,0.0166015625,-0.01171875,1.0322265625,1.0324265675144022
1785956105500,0.015625,-0.01123046875,1.025390625,1.0255711569126909
1785956105510,0.013671875,-0.01025390625,1.02783203125,1.0279740985175163
1785956105520,0.0126953125,-0.009765625,1.03173828125,1.0318625971454811
1785956105531,0.0126953125,-0.00732421875,1.02978515625,1.029889451918315
1785956105541,0.0146484375,-0.00390625,1.03076171875,1.0308732009081951
1785956105550,0.0166015625,-0.0009765625,1.0302734375,1.0304076482488977
1785956105560,0.01953125,-0.00048828125,1.02978515625,1.029970473449593
1785956105570,0.01953125,0.00146484375,1.0283203125,1.0285068208786328
1785956105581,0.0234375,0.0,1.0283203125,1.0285873718388476
1785956105591,0.02392578125,-0.0009765625,1.02783203125,1.0281109284246717
1785956105601,0.02392578125,-0.00146484375,1.029296875,1.0295759542939997
1785956105611,0.0234375,-0.00390625,1.03271484375,1.0329881527379197
1785956105622,0.025390625,-0.005859375,1.03076171875,1.0310910420296238
1785956105630,0.02392578125,-0.0068359375,1.0283203125,1.0286213288426527
1785956105641,0.0234375,-0.0078125,1.02685546875,1.0271526202392136
1785956105651,0.02197265625,-0.00830078125,1.02880859375,1.0290766847839345
1785956105661,0.02099609375,-0.0087890625,1.0302734375,1.0305248369595243
1785956105671,0.017578125,-0.0087890625,1.02978515625,1.0299726725165972
1785956105682,0.017578125,-0.0078125,1.02978515625,1.029964802149861
1785956105692,0.017578125,-0.00732421875,1.0283203125,1.0284966211703912
1785956105702,0.015625,-0.00732421875,1.02978515625,1.0299297319905543
1785956105711,0.013671875,-0.0068359375,1.03076171875,1.0308750511327616
1785956105721,0.0146484375,-0.0068359375,1.0302734375,1.0304002439735551
1785956105731,0.0166015625,-0.0068359375,1.02880859375,1.0289652396912141
1785956105742,0.0146484375,-0.00634765625,1.0322265625,1.0323500112808766
1785956105752,0.01708984375,-0.0048828125,1.0302734375,1.0304267371508642
1785956105762,0.017578125,-0.005859375,1.0302734375,1.0304400413279624
1785956105772,0.02001953125,-0.0048828125,1.029296875,1.0295031230521574
1785956105783,0.02294921875,-0.00537109375,1.02783203125,1.028102232150484
1785956105793,0.0224609375,-0.00439453125,1.0322265625,1.0324802574135994
1785956105802,0.0234375,-0.00537109375,1.03173828125,1.0320184329996367
1785956105812,0.02392578125,-0.00537109375,1.02978515625,1.0300770649273436
1785956105822,0.0234375,-0.00390625,1.0302734375,1.030547393967584
1785956105832,0.0244140625,-0.00439453125,1.0283203125,1.0286194745642137
1785956105843,0.0224609375,-0.0048828125,1.029296875,1.02955349178955
1785956105853,0.021484375,-0.0048828125,1.03173828125,1.0319734983146394
1785956105863,0.01904296875,-0.005859375,1.03173828125,1.0319306410466298
1785956105873,0.01611328125,-0.00634765625,1.02734375,1.027489713445625
1785956105882,0.01708984375,-0.0048828125,1.02978515625,1.0299385285783547
1785956105893,0.013671875,-0.00830078125,1.03125,1.0313740280011787
1785956105903,0.0166015625,-0.00830078125,1.02978515625,1.0299524177745487
1785956105913,0.0166015625,-0.0087890625,1.0283203125,1.0284918689990543
1785956105923,0.01513671875,-0.00927734375,1.0283203125,1.0284735555480606
1785956105934,0.01513671875,-0.00927734375,1.0322265625,1.0323792257170514
1785956105944,0.01904296875,-0.00830078125,1.03076171875,1.0309710269782697
1785956105954,0.01904296875,-0.00830078125,1.02978515625,1.029994662928411
1785956105963,0.0185546875,-0.00927734375,1.0283203125,1.0285295380470976
1785956105973,0.021484375,-0.00732421875,1.02978515625,1.0300352860860036
1785956105983,0.02294921875,-0.005859375,1.03173828125,1.0320101161874966
1785956105994,0.02392578125,-0.0048828125,1.0322265625,1.0325153563976177
1785956106004,0.02490234375,-0.00341796875,1.02880859375,1.029115606629533
1785956106014,0.0244140625,-0.0029296875,1.02880859375,1.0291024011683454
1785956106024,0.0224609375,-0.0029296875,1.0283203125,1.02856975547715
1785956106035,0.02294921875,-0.00390625,1.02978515625,1.0300482481239093
1785956106043,0.02001953125,-0.00341796875,1.03173828125,1.031938149861003
1785956106054,0.0185546875,-0.00341796875,1.0302734375,1.0304461727604528
1785956106064,0.01611328125,-0.0048828125,1.02880859375,1.0289463553871039
1785956106074,0.015625,-0.00537109375,1.0302734375,1.030405912876638
1785956106084,0.0166015625,-0.00634765625,1.02978515625,1.0299385285783547
1785956106095,0.0166015625,-0.0068359375,1.0302734375,1.0304298607557003
1785956106105,0.01708984375,-0.00927734375,1.0283203125,1.0285041550555607
1785956106115,0.01513671875,-0.009765625,1.0263671875,1.0265252511569394
1785956106125,0.01806640625,-0.00830078125,1.0302734375,1.0304652609487701
1785956106134,0.01806640625,-0.00830078125,1.03125,1.0314416418315437
1785956106144,0.01904296875,-0.0078125,1.03076171875,1.0309672112417143
1785956106155,0.021484375,-0.00732421875,1.02978515625,1.0300352860860036
1785956106165,0.02099609375,-0.005859375,1.02978515625,1.0300158427232984
1785956106175,0.02099609375,-0.00537109375,1.02978515625,1.0300131808057928
1785956106185,0.0244140625,-0.005859375,1.03125,1.031555592890245
1785956106196,0.02099609375,-0.00537109375,1.0283203125,1.0285486618050348
1785956106206,0.02099609375,-0.00537109375,1.029296875,1.0295250077028706
1785956106215,0.0234375,-0.00390625,1.02880859375,1.0290829401798307
1785956106225,0.0224609375,-0.0048828125,1.029296875,1.02955349178955
1785956106235,0.021484375,-0.00537109375,1.03076171875,1.0309995867398134
1785956106246,0.01953125,-0.005859375,1.0302734375,1.0304752098037193
1785956106256,0.01708984375,-0.00390625,1.02880859375,1.0289579408908385
1785956106266,0.017578125,-0.00390625,1.02880859375,1.0289661665193033
1785956106276,0.01708984375,-0.00634765625,1.029296875,1.0294583101728954
1785956106287,0.01513671875,-0.00537109375,1.0302734375,1.0303986242812315
1785956106295,0.017578125,-0.00537109375,1.0322265625,1.0323901953511343
1785956106306,0.0146484375,-0.00634765625,1.02734375,1.0274677854439633
1785956106316,0.01611328125,-0.00537109375,1.0322265625,1.0323662929461033
1785956106326,0.01611328125,-0.00830078125,1.02978515625,1.0299446629964344
1785956106336,0.01904296875,-0.0087890625,1.03173828125,1.031951434552589
1785956106347,0.01953125,-0.00732421875,1.03076171875,1.030972761399308
1785956106357,0.01953125,-0.0087890625,1.02783203125,1.0280551550426136
1785956106367,0.021484375,-0.0078125,1.03076171875,1.03101519599172
1785956106376,0.0224609375,-0.0068359375,1.033203125,1.033469845358174
1785956106386,0.021484375,-0.00341796875,1.02978515625,1.0300149168397288
1785956106396,0.021484375,-0.00439453125,1.02783203125,1.028065938905452
1785956106407,0.0244140625,-0.01904296875,1.02734375,1.0278102265353415
1785956106417,0.0205078125,-0.0068359375,1.02880859375,1.0290356762468886
1785956106427,0.02001953125,-0.005859375,1.03076171875,1.030972761399308
1785956106437,0.02001953125,-0.00634765625,1.02880859375,1.029022933148329
1785956106448,0.021484375,-0.0029296875,1.0322265625,1.0324542787787527
1785956106458,0.017578125,-0.00390625,1.029296875,1.0294543730308516
1785956106467,0.01611328125,-0.00439453125,1.02734375,1.0274795036406377
1785956106477,0.015625,-0.00390625,1.02978515625,1.029911096865598
1785956106487,0.0146484375,-0.005859375,1.02880859375,1.0289295561749767
1785956106497,0.01611328125,-0.005859375,1.029296875,1.0294396665141663
1785956106508,0.0166015625,-0.0068359375,1.0283203125,1.0284770328106714
1785956106518,0.01708984375,-0.005859375,1.0302734375,1.0304318274649984
1785956106528,0.0185546875,-0.0078125,1.03125,1.0314464959872969
1785956106539,0.02001953125,-0.0068359375,1.029296875,1.0295142391233543
1785956106547,0.02392578125,-0.00732421875,1.02978515625,1.0300891006226391
1785956106558,0.0224609375,-0.00634765625,1.03125,1.0315141050675203
1785956106568,0.02099609375,-0.0068359375,1.03173828125,1.031974537956711
1785956106578,0.02197265625,-0.00732421875,1.0283203125,1.028581113429114
1785956106588,0.0234375,-0.00732421875,1.03076171875,1.0310541602782086
1785956106599,0.0205078125,-0.00732421875,1.03076171875,1.0309917242123174
1785956106609,0.0185546875,-0.0078125,1.03173828125,1.0319346842611585
1785956106619,0.02001953125,-0.00634765625,1.03076171875,1.0309756520945546
1785956106628,0.01953125,-0.005859375,1.0302734375,1.0304752098037193
1785956106638,0.01806640625,-0.005859375,1.02880859375,1.0289838919458523
1785956106648,0.0166015625,-0.00634765625,1.02978515625,1.0299385285783547
1785956106659,0.01708984375,-0.0048828125,1.03076171875,1.030914945792214
1785956106669,0.01708984375,-0.0048828125,1.02978515625,1.0299385285783547
1785956106679,0.01806640625,-0.00390625,1.0302734375,1.0304392315133963
1785956106689,0.0205078125,-0.00927734375,1.02783203125,1.0280784619590528
1785956106700,0.01220703125,0.00732421875,1.02783203125,1.0279306106229824
1785956106708,0.0234375,-0.0166015625,1.03466796875,1.0350665359487488
1785956106719,0.02294921875,-0.0087890625,1.0322265625,1.0325190509581073
1785956106729,0.025390625,-0.02294921875,1.0244140625,1.024985620351271
1785956106739,0.01220703125,0.02490234375,1.02978515625,1.030158534580488
1785956106749,0.017578125,-0.00830078125,1.03076171875,1.0309450103125433
1785956106760,0.02099609375,-0.005859375,1.029296875,1.0295276708825825
1785956106770,0.0205078125,0.0009765625,1.029296875,1.0295016177416223
1785956106780,0.02099609375,0.00244140625,1.02880859375,1.0290257134742011
1785956106789,0.0205078125,0.00537109375,1.029296875,1.029515165457203
1785956106799,0.01953125,-0.00048828125,1.0302734375,1.0304586668873275
1785956106810,0.01708984375,-0.01318359375,1.02978515625,1.0300113290330362
1785956106820,0.01806640625,-0.00830078125,1.02685546875,1.027047930578672
1785956106830,0.01953125,-0.00537109375,1.0283203125,1.0285198021791955
1785956106840,0.01953125,-0.00634765625,1.02978515625,1.0299899176687448
1785956106851,0.0185546875,-0.0048828125,1.029296875,1.0294756797374567
1785956106861,0.0185546875,-0.00390625,1.03076171875,1.030936106680593
1785956106871,0.0205078125,-0.00341796875,1.029296875,1.0295068284225593
1785956106880,0.02001953125,-0.00146484375,1.0302734375,1.030468962859507
1785956106890,0.01953125,-0.00341796875,1.029296875,1.0294878382582788
1785956106900,0.021484375,-0.00439453125,1.03076171875,1.0309949617309009
1785956106911,0.021484375,-0.0009765625,1.03076171875,1.030986058530333
1785956106921,0.01953125,0.0029296875,1.02880859375,1.0289981415771667
1785956106931,0.02001953125,-0.0009765625,1.02978515625,1.029980195605053
1785956106941,0.02099609375,-0.0068359375,1.03076171875,1.0309981992393182
1785956106952,0.0224609375,-0.0029296875,1.0302734375,1.0305224077138222
1785956106960,0.02001953125,-0.0048828125,1.02978515625,1.0299913065274953
1785956106971,0.0185546875,-0.0068359375,1.029296875,1.0294867961049778
1785956106981,0.02001953125,-0.00537109375,1.02880859375,1.029017372474048
1785956106991,0.0205078125,-0.0048828125,1.03076171875,1.0309772708803524
1785956107001,0.0205078125,-0.00634765625,1.03125,1.0314734245793264
1785956107012,0.017578125,-0.0068359375,1.02978515625,1.0299578576586794
1785956107022,0.01904296875,-0.00634765625,1.0283203125,1.0285162091570454
1785956107032,0.02001953125,-0.005859375,1.029296875,1.0295082179330217
1785956107041,0.01953125,-0.00634765625,1.02978515625,1.0299899176687448
1785956107051,0.0185546875,-0.0048828125,1.029296875,1.0294756797374567
1785956107061,0.01904296875,-0.00634765625,1.0302734375,1.030468962859507
1785956107072,0.01904296875,-0.00537109375,1.03076171875,1.0309516012632887
1785956107082,0.02099609375,-0.005859375,1.02734375,1.027574984559381
1785956107092,0.01953125,-0.005859375,1.02880859375,1.0290106532858665
1785956107102,0.02099609375,-0.0048828125,1.03125,1.0314752737272324
1785956107113,0.02001953125,-0.005859375,1.029296875,1.0295082179330217
1785956107122,0.0205078125,-0.00341796875,1.0302734375,1.030483191955103
1785956107132,0.01904296875,-0.00390625,1.02978515625,1.0299686216000528
1785956107142,0.01904296875,-0.00537109375,1.02978515625,1.0299752187988416
1785956107152,0.02001953125,-0.00634765625,1.02880859375,1.029022933148329
1785956107163,0.01904296875,-0.00439453125,1.029296875,1.0294823958905204
1785956107173,0.0185546875,-0.00439453125,1.02783203125,1.0280088875085813
1785956107183,0.01904296875,-0.00390625,1.029296875,1.0294804273674374
1785956107193,0.01806640625,-0.0048828125,1.03076171875,1.0309315970194892
1785956107204,0.01806640625,-0.005859375,1.0302734375,1.0304484864990813
1785956107212,0.01953125,-0.0048828125,1.02880859375,1.029005555941427
1785956107223,0.0185546875,-0.00390625,1.029296875,1.0294715110686894
1785956107233,0.017578125,-0.0048828125,1.029296875,1.0294585417690172
1785956107243,0.01953125,-0.00439453125,1.029296875,1.029491543683694
1785956107253,0.021484375,-0.00439453125,1.02880859375,1.0290422794267982
1785956107264,0.01953125,-0.00537109375,1.029296875,1.0294961754467082
1785956107274,0.02001953125,-0.00537109375,1.0302734375,1.0304819194423585
1785956107284,0.0185546875,-0.0048828125,1.0302734375,1.0304520727836881
1785956107293,0.0185546875,-0.005859375,1.02880859375,1.028992580768912
1785956107303,0.02001953125,-0.00341796875,1.0302734375,1.0304735902292266
1785956107313,0.0205078125,-0.0029296875,1.02978515625,1.0299935055500202
1785956107324,0.0185546875,-0.00341796875,1.0283203125,1.0284933757874652
1785956107334,0.021484375,-0.00244140625,1.0302734375,1.030500312882866
1785956107344,0.0205078125,-0.00341796875,1.02978515625,1.0299950101416744
1785956107354,0.021484375,-0.0126953125,1.0302734375,1.0305756184514943
1785956107365,0.021484375,-0.00341796875,1.0283203125,1.028550400310852
1785956107373,0.01904296875,-0.00341796875,1.02880859375,1.0289904954580689
1785956107384,0.01806640625,-0.00390625,1.02880859375,1.0289746237870518
1785956107394,0.01904296875,-0.005859375,1.02978515625,1.0299778808144575
1785956107404,0.01806640625,-0.00634765625,1.03076171875,1.0309395756372497
1785956107414,0.02001953125,-0.0068359375,1.02978515625,1.030002417330081
1785956107425,0.01806640625,-0.00634765625,1.02978515625,1.0299631817727735
1785956107435,0.01806640625,-0.00439453125,1.03076171875,1.0309293999979587
1785956107445,0.017578125,-0.00634765625,1.029296875,1.0294665318033167
1785956107454,0.01806640625,-0.0048828125,1.0302734375,1.0304433962672412
1785956107464,0.017578125,-0.005859375,1.02978515625,1.0299518390617801
1785956107475,0.01708984375,-0.00439453125,1.0322265625,1.0323773781882637
1785956107485,0.02001953125,-0.00439453125,1.03173828125,1.0319418464880088
1785956107495,0.01953125,-0.00390625,1.0322265625,1.0324187158542755
1785956107505,0.01806640625,-0.00390625,1.0283203125,1.028486421360997
1785956107516,0.01953125,-0.00341796875,1.02978515625,1.0299760289782356
1785956107526,0.0205078125,-0.00390625,1.029296875,1.0295085653103442
1785956107536,0.01904296875,-0.00390625,1.0302734375,1.0304568159151273
1785956107545,0.01953125,-0.00390625,1.03076171875,1.0309541451277449
1785956107555,0.01904296875,-0.00537109375,1.03173828125,1.0319279840684565
1785956107565,0.01904296875,-0.00439453125,1.02880859375,1.0289942026744239
1785956107576,0.01904296875,-0.005859375,1.029296875,1.0294896909726536
1785956107586,0.0185546875,-0.00634765625,1.02880859375,1.0289954770269611
1785956107596,0.02001953125,-0.00634765625,1.02978515625,1.029999292428968
1785956107606,0.02294921875,-0.0048828125,1.03076171875,1.0310287238188856
1785956107617,0.0205078125,-0.00634765625,1.0302734375,1.0304970738102412
1785956107625,0.0205078125,-0.005859375,1.0302734375,1.0304941817725086
1785956107636,0.01953125,-0.00439453125,1.02880859375,1.029003354807613
1785956107646,0.02001953125,-0.00390625,1.02978515625,1.0299871399456253
1785956107656,0.01904296875,-0.005859375,1.029296875,1.0294896909726536
1785956107666,0.01806640625,-0.00537109375,1.02978515625,1.0299576261748336
1785956107677,0.0185546875,-0.00390625,1.03076171875,1.030936106680593
1785956107687,0.0205078125,-0.00537109375,1.029296875,1.029515165457203
1785956107697,0.0166015625,-0.00537109375,1.02734375,1.0274919178220212
1785956107706,0.01806640625,-0.0048828125,1.02880859375,1.0289787944688427
1785956107716,0.02001953125,-0.0048828125,1.02978515625,1.0299913065274953
1785956107726,0.01904296875,-0.00439453125,1.03076171875,1.030946976039105
1785956107737,0.0205078125,-0.00390625,1.03125,1.0314612894639321
1785956107747,0.01904296875,-0.00244140625,1.029296875,1.029475911329671
1785956107757,0.01953125,-0.00439453125,1.02734375,1.0275387887060674
1785956107768,0.021484375,-0.00537109375,1.02880859375,1.0290469132119606
1785956107778,0.021484375,-0.0048828125,1.02978515625,1.0300208193332248
1785956107787,0.02099609375,-0.005859375,1.03076171875,1.0309921867155947
1785956107797,0.02001953125,-0.00634765625,1.02978515625,1.029999292428968
1785956107807,0.01904296875,-0.0068359375,1.0302734375,1.030472086336347
1785956107817,0.02001953125,-0.0078125,1.0302734375,1.0304975365355251
1785956107828,0.02197265625,-0.00830078125,1.03076171875,1.0310293019272028
1785956107838,0.0205078125,-0.0078125,1.0283203125,1.0285544568129987
1785956107848,0.01904296875,-0.00830078125,1.02880859375,1.0290182992551815
1785956107858,0.017578125,-0.00830078125,1.0302734375,1.0304568159151273
1785956107869,0.01953125,-0.0068359375,1.0302734375,1.0304812253438356
1785956107877,0.017578125,-0.005859375,1.029296875,1.029463636870517
1785956107888,0.02001953125,-0.00341796875,1.0283203125,1.0285208453123074
1785956107898,0.0205078125,-0.00439453125,1.029296875,1.0295105337796249
1785956107908,0.01953125,-0.00439453125,1.029296875,1.029491543683694
1785956107918,0.01904296875,-0.00439453125,1.029296875,1.0294823958905204
1785956107929,0.02099609375,-0.0048828125,1.03076171875,1.0309870991681336
1785956107939,0.02099609375,-0.00537109375,1.02978515625,1.0300131808057928
1785956107949,0.01953125,-0.00634765625,1.02880859375,1.0290135494930488
1785956107958,0.01904296875,-0.005859375,1.02880859375,1.0290015012175913
1785956107968,0.01904296875,-0.00537109375,1.0283203125,1.0285106457431457
1785956107978,0.02099609375,-0.00537109375,1.02978515625,1.0300131808057928
1785956107989,0.02099609375,-0.005859375,1.02978515625,1.0300158427232984
1785956107999,0.021484375,-0.005859375,1.0302734375,1.0305140788279399
1785956108009,0.0205078125,-0.0048828125,1.03125,1.0314654500910079
1785956108019,0.02099609375,-0.00537109375,1.029296875,1.0295250077028706
1785956108030,0.02001953125,-0.0048828125,1.0302734375,1.0304794900954828
1785956108039,0.02197265625,-0.0068359375,1.02978515625,1.030042230055167
1785956108049,0.01953125,-0.00732421875,1.0302734375,1.030484580149032
1785956108059,0.0205078125,-0.0068359375,1.03271484375,1.0329410674944752
1785956108069,0.0185546875,-0.00732421875,1.029296875,1.0294901541507262
1785956108080,0.01953125,-0.0068359375,1.0283203125,1.028528494922802
1785956108090,0.01953125,-0.00439453125,1.02734375,1.0275387887060674
1785956108100,0.01904296875,-0.00048828125,1.02978515625,1.0299613299101231
1785956108110,0.0185546875,-0.0029296875,1.02734375,1.0275154695483337
1785956108119,0.0224609375,-0.0146484375,1.02734375,1.027693656251041
1785956108129,0.01953125,-0.0029296875,1.03125,1.031439099169413
1785956108140,0.02099609375,-0.00439453125,1.03076171875,1.030984902264878
1785956108150,0.02294921875,-0.0048828125,1.02880859375,1.0290761055786875
1785956108160,0.02197265625,-0.00341796875,1.02880859375,1.0290488825643362
1785956108170,0.0205078125,-0.0048828125,1.03173828125,1.0319536293982154
1785956108181,0.02001953125,-0.00390625,1.03076171875,1.0309635111200524
1785956108191,0.021484375,-0.00390625,1.03125,1.031481167864059
1785956108201,0.02001953125,-0.005859375,1.03125,1.0314609427442516
1785956108210,0.01953125,-0.0068359375,1.03076171875,1.030969408182668
1785956108220,0.02001953125,-0.00732421875,1.029296875,1.02951759707959
1785956108230,0.01953125,-0.0078125,1.029296875,1.029511807493036
1785956108241,0.01904296875,-0.0087890625,1.0302734375,1.0304868938014247
1785956108251,0.02001953125,-0.00732421875,1.0283203125,1.0285412441471977
1785956108261,0.0205078125,-0.005859375,1.02880859375,1.0290296522563276
1785956108271,0.02197265625,-0.005859375,1.02978515625,1.0300362119512634
1785956108282,0.01953125,-0.00537109375,1.02978515625,1.0299843622150147
1785956108290,0.0185546875,-0.00537109375,1.03076171875,1.0309426976882605
1785956108301,0.01953125,-0.00537109375,1.0302734375,1.0304725490728515
1785956108311,0.0205078125,-0.0048828125,1.03076171875,1.0309772708803524
1785956108321,0.0205078125,-0.00439453125,1.02978515625,1.0299987137425364
1785956108331,0.0205078125,-0.005859375,1.0302734375,1.0304941817725086
1785956108342,0.021484375,-0.0048828125,1.029296875,1.0295326498522601
1785956108352,0.01708984375,-0.00537109375,1.02880859375,1.0289645445695994
1785956108362,0.01708984375,-0.005859375,1.0283203125,1.0284790032542657
1785956108371,0.02001953125,-0.00537109375,1.02880859375,1.029017372474048
1785956108381,0.01806640625,-0.00634765625,1.03125,1.0314277726892263
1785956108392,0.0185546875,-0.0048828125,1.03173828125,1.0319166629543477
1785956108402,0.0205078125,-0.00537109375,1.02978515625,1.0300033432248865
1785956108412,0.02099609375,-0.0068359375,1.0283203125,1.028557354304737
1785956108422,0.02392578125,-0.00537109375,1.02880859375,1.0291007794333589
1785956108433,0.0224609375,-0.005859375,1.02880859375,1.029070429350014
1785956108443,0.0224609375,-0.005859375,1.02880859375,1.029070429350014
1785956108452,0.0205078125,-0.00439453125,1.02978515625,1.0299987137425364
1785956108462,0.0224609375,-0.005859375,1.029296875,1.029558586421159
1785956108472,0.021484375,-0.00634765625,1.02978515625,1.0300288050058821
1785956108482,0.02197265625,-0.00634765625,1.0283203125,1.0285746231862063
1785956108493,0.02099609375,-0.00439453125,1.03125,1.0314730778637249
1785956108503,0.01708984375,-0.00537109375,1.02978515625,1.0299409592012096
1785956108513,0.01806640625,-0.005859375,1.02978515625,1.0299602882359191
1785956108523,0.0185546875,-0.005859375,1.02880859375,1.028992580768912
1785956108534,0.01904296875,-0.00634765625,1.02880859375,1.029004397450533
1785956108542,0.01953125,-0.005859375,1.02978515625,1.0299870242069995
1785956108553,0.02001953125,-0.005859375,1.029296875,1.0295082179330217
1785956108563,0.02001953125,-0.00634765625,1.02978515625,1.029999292428968
1785956108573,0.0185546875,-0.00390625,1.0322265625,1.0324007029965891
1785956108583,0.021484375,-0.00341796875,1.033203125,1.0334321256808703
1785956108594,0.01806640625,-0.00390625,1.02783203125,1.027998219009816
1785956108604,0.02001953125,-0.00439453125,1.0283203125,1.0285245542214705
1785956108614,0.02099609375,-0.0078125,1.0322265625,1.0324696351174572
1785956108623,0.0185546875,-0.00537109375,1.0302734375,1.0304545021952014
1785956108633,0.015625,-0.00634765625,1.03076171875,1.0308996819309444
1785956108643,0.01953125,-0.0048828125,1.0283203125,1.0285173681978201
1785956108654,0.01806640625,-0.00341796875,1.0283203125,1.0284846827470322
1785956108664,0.01708984375,-0.00634765625,1.02978515625,1.029946514889052
1785956108674,0.01708984375,-0.00439453125,1.029296875,1.0294481198919507
1785956108685,0.01953125,-0.0068359375,1.0283203125,1.028528494922802
1785956108695,0.01953125,-0.0029296875,1.0283203125,1.0285099503142923
1785956108704,0.01806640625,-0.00537109375,1.02978515625,1.0299576261748336
1785956108714,0.02001953125,-0.0048828125,1.02880859375,1.029014939669601
1785956108724,0.01904296875,-0.0048828125,1.0283203125,1.0285082117401014
1785956108734,0.01953125,-0.00439453125,1.0302734375,1.0304679216984565
1785956108745,0.02001953125,-0.0048828125,1.02880859375,1.029014939669601
1785956108755,0.0185546875,-0.01708984375,1.029296875,1.0296059421314485
1785956108765,0.01806640625,-0.00146484375,1.02978515625,1.0299446629964344
1785956108775,0.01806640625,-0.001953125,1.03076171875,1.0309218838362633
1785956108786,0.0185546875,0.0,1.0302734375,1.0304405040788571
1785956108794,0.0185546875,-0.0029296875,1.02978515625,1.0299564687548242
1785956108805,0.0166015625,-0.00732421875,1.02880859375,1.0289685994390654
1785956108815,0.01904296875,-0.005859375,1.03076171875,1.0309542607577982
1785956108825,0.0166015625,-0.0009765625,1.0302734375,1.0304076482488977
1785956108835,0.0166015625,-0.005859375,1.02880859375,1.0289592152882856
1785956108846,0.0185546875,-0.00634765625,1.0283203125,1.0285072844993313
1785956108856,0.01806640625,-0.0048828125,1.029296875,1.0294669949918092
1785956108866,0.02001953125,-0.00537109375,1.029296875,1.0295055547029879
1785956108875,0.017578125,-0.0048828125,1.02880859375,1.0289703372353736
1785956108885,0.01611328125,-0.005859375,1.0283203125,1.028463239599807
1785956108895,0.02001953125,-0.0048828125,1.0302734375,1.0304794900954828
1785956108906,0.021484375,-0.00341796875,1.03125,1.0314794342979003
1785956108916,0.0205078125,-0.005859375,1.0302734375,1.0304941817725086
1785956108926,0.02197265625,-0.00537109375,1.02734375,1.0275927339830768
1785956108936,0.0205078125,-0.00439453125,1.0302734375,1.0304868938014247
1785956108947,0.01904296875,-0.00537109375,1.03076171875,1.0309516012632887
1785956108956,0.0205078125,-0.00537109375,1.0302734375,1.0304915210906265
1785956108966,0.02001953125,-0.00439453125,1.02880859375,1.0290127385558594
1785956108976,0.0185546875,-0.005859375,1.02880859375,1.028992580768912
1785956108986,0.01806640625,-0.005859375,1.0322265625,1.0324012803366465
1785956108997,0.01708984375,-0.0048828125,1.03076171875,1.030914945792214
1785956109007,0.01806640625,-0.00439453125,1.0302734375,1.0304411982048096
1785956109017,0.0185546875,-0.00341796875,1.03125,1.031422571712777
1785956109027,0.02099609375,-0.00537109375,1.02978515625,1.0300131808057928
1785956109036,0.01953125,-0.00390625,1.02880859375,1.0290013853681041
1785956109046,0.01953125,-0.0048828125,1.0302734375,1.030470119703885
1785956109057,0.01904296875,-0.00439453125,1.0302734375,1.0304587825729796
1785956109067,0.01953125,-0.0068359375,1.02783203125,1.028040312551783
1785956109077,0.01904296875,-0.005859375,1.02880859375,1.0290015012175913
1785956109087,0.01904296875,-0.00439453125,1.03076171875,1.030946976039105
1785956109098,0.02001953125,-0.00634765625,1.0322265625,1.0324401923123219
1785956109108,0.01953125,-0.0068359375,1.02978515625,1.0299930425983
1785956109117,0.0205078125,-0.005859375,1.0283203125,1.0285414759498148
1785956109127,0.0224609375,-0.00537109375,1.03076171875,1.0310203990231737
1785956109137,0.01953125,-0.0048828125,1.0322265625,1.0324228726229572
1785956109147,0.01806640625,-0.00439453125,1.0302734375,1.0304411982048096
1785956109158,0.0166015625,-0.00439453125,1.0283203125,1.0284637032401514
1785956109168,0.0166015625,-0.00537109375,1.02783203125,1.0279801286936503
1785956109178,0.02001953125,-0.00390625,1.02734375,1.027546213600437
1785956109188,0.01806640625,-0.0048828125,1.03076171875,1.0309315970194892
1785956109199,0.017578125,-0.00390625,1.02783203125,1.027989753709189
1785956109207,0.01806640625,-0.00341796875,1.02734375,1.0275082764675079
1785956109218,0.01953125,-0.00439453125,1.03125,1.0314443000625237
1785956109228,0.01708984375,-0.00537109375,1.02880859375,1.0289645445695994
1785956109238,0.021484375,-0.005859375,1.0283203125,1.028561410779458
1785956109248,0.01953125,-0.00439453125,1.03173828125,1.031932489375237
1785956109259,0.01953125,-0.0048828125,1.0302734375,1.030470119703885
1785956109269,0.0205078125,-0.00634765625,1.029296875,1.0295207234427917
1785956109279,0.01953125,-0.005859375,1.029296875,1.0294988387010053
1785956109288,0.01953125,-0.00537109375,1.03076171875,1.030960736020091
1785956109298,0.02001953125,-0.005859375,1.0302734375,1.030484580149032
1785956109309,0.01806640625,-0.005859375,1.029296875,1.029472090051472
1785956109319,0.017578125,-0.0048828125,1.0283203125,1.0284821327745677
1785956109329,0.01806640625,-0.005859375,1.029296875,1.029472090051472
1785956109339,0.0185546875,-0.0048828125,1.03125,1.0314284661507713
1785956109350,0.01953125,-0.0048828125,1.03076171875,1.0309583078014972
1785956109360,0.0185546875,-0.0048828125,1.02978515625,1.0299638762204089
1785956109369,0.017578125,-0.00341796875,1.0302734375,1.0304290509331333
1785956109379,0.017578125,-0.0048828125,1.02880859375,1.0289703372353736
1785956109389,0.01904296875,-0.00537109375,1.02734375,1.0275342641347525
1785956109399,0.01708984375,-0.005859375,1.03076171875,1.030920033695749
1785956109410,0.017578125,-0.0048828125,1.029296875,1.0294585417690172
1785956109420,0.01904296875,-0.0048828125,1.03076171875,1.0309491730231795
1785956109430,0.02099609375,-0.00390625,1.02880859375,1.0290302314877215
1785956109440,0.0205078125,-0.00537109375,1.02880859375,1.0290269877877154
1785956109449,0.02001953125,-0.00439453125,1.0283203125,1.0285245542214705
1785956109459,0.021484375,-0.0048828125,1.02978515625,1.0300208193332248
1785956109470,0.02001953125,-0.00537109375,1.02978515625,1.0299937370258025
1785956109480,0.02001953125,-0.00341796875,1.02978515625,1.0299854038648715
1785956109490,0.021484375,-0.0029296875,1.029296875,1.0295252392839886
1785956109500,0.0205078125,-0.00439453125,1.0283203125,1.028534174142279
1785956109511,0.0185546875,-0.0048828125,1.029296875,1.0294756797374567
1785956109521,0.0205078125,-0.00537109375,1.03076171875,1.0309796990542832
1785956109531,0.01904296875,-0.005859375,1.02880859375,1.0290015012175913
1785956109540,0.0185546875,-0.0048828125,1.029296875,1.0294756797374567
1785956109550,0.0185546875,-0.00634765625,1.02978515625,1.0299718623345628
1785956109560,0.01611328125,-0.00634765625,1.03173828125,1.0318836230744308
1785956109571,0.01611328125,-0.005859375,1.03125,1.0313925211130979
1785956109581,0.01904296875,-0.0048828125,1.0283203125,1.0285082117401014
1785956109591,0.02001953125,-0.0048828125,1.03076171875,1.0309676737559883
1785956109601,0.0205078125,-0.00439453125,1.0302734375,1.0304868938014247
1785956109612,0.0205078125,-0.00439453125,1.029296875,1.0295105337796249
1785956109621,0.01953125,-0.005859375,1.02978515625,1.0299870242069995
1785956109631,0.02099609375,-0.00341796875,1.02880859375,1.0290284937925613
1785956109641,0.021484375,-0.00244140625,1.02783203125,1.0280594454101957
1785956109651,0.01953125,-0.00439453125,1.0302734375,1.0304679216984565
1785956109662,0.01953125,-0.00439453125,1.02978515625,1.02997973264735
1785956109672,0.01904296875,-0.0048828125,1.0302734375,1.0304609805979021
1785956109682,0.01953125,-0.00537109375,1.02978515625,1.0299843622150147
1785956109692,0.0185546875,-0.005859375,1.02978515625,1.0299689688220952
1785956109701,0.017578125,-0.00634765625,1.0283203125,1.0284901303942986
1785956109711,0.01708984375,-0.00390625,1.0283203125,1.0284697305456099
1785956109722,0.02001953125,-0.00634765625,1.02880859375,1.029022933148329
1785956109732,0.02001953125,-0.00537109375,1.029296875,1.0295055547029879
1785956109742,0.0205078125,-0.00439453125,1.02880859375,1.0290223539128267
1785956109752,0.02001953125,-0.00537109375,1.02880859375,1.029017372474048
1785956109763,0.0185546875,-0.00390625,1.02880859375,1.028983312688373
1785956109773,0.01806640625,-0.0048828125,1.02978515625,1.0299551955913118
1785956109782,0.0185546875,-0.005859375,1.02880859375,1.028992580768912
1785956109792,0.01904296875,-0.00390625,1.03173828125,1.0319213993539333
1785956109802,0.017578125,-0.0048828125,1.03076171875,1.0309231558059406
1785956109812,0.0185546875,-0.00537109375,1.0283203125,1.0285017210371559
1785956109823,0.017578125,-0.00537109375,1.0302734375,1.0304373805062845
1785956109833,0.0166015625,-0.005859375,1.02880859375,1.0289592152882856
1785956109843,0.01806640625,-0.005859375,1.03173828125,1.0319130817597404
1785956109853,0.017578125,-0.00537109375,1.029296875,1.0294609735251514
1785956109864,0.01953125,-0.0068359375,1.02978515625,1.0299930425983
1785956109872,0.02001953125,-0.005859375,1.03076171875,1.030972761399308
1785956109883,0.0185546875,-0.0048828125,1.02978515625,1.0299638762204089
1785956109893,0.0185546875,-0.00439453125,1.02978515625,1.0299616771346236
1785956109903,0.01904296875,-0.0029296875,1.02880859375,1.0289889893976094
1785956109914,0.0205078125,-0.00390625,1.029296875,1.0295085653103442
1785956109924,0.01953125,-0.00390625,1.0302734375,1.0304659550580462
1785956109934,0.0185546875,-0.00439453125,1.0302734375,1.0304498747397646
1785956109944,0.01708984375,-0.0048828125,1.0283203125,1.0284739032748509
1785956109953,0.01708984375,-0.00439453125,1.03076171875,1.0309127487351977
1785956109963,0.01806640625,-0.005859375,1.029296875,1.029472090051472
1785956109974,0.01806640625,-0.0068359375,1.03076171875,1.0309426976882605
1785956109984,0.015625,-0.005859375,1.02880859375,1.028943922414746
1785956109994,0.01708984375,-0.00537109375,1.02783203125,1.0279881302189104
1785956110004,0.01953125,-0.005859375,1.03076171875,1.0309633954910364
1785956110015,0.0166015625,-0.005859375,1.02880859375,1.0289592152882856
1785956110025,0.01708984375,-0.005859375,1.02880859375,1.0289672091999058
1785956110034,0.01953125,-0.00537109375,1.0302734375,1.0304725490728515
1785956110044,0.01904296875,-0.0048828125,1.02880859375,1.0289964038278152
1785956110054,0.017578125,-0.00341796875,1.02978515625,1.0299408434573942
1785956110064,0.01904296875,-0.00439453125,1.0302734375,1.0304587825729796
1785956110075,0.02099609375,-0.00390625,1.0302734375,1.0304947601807044
1785956110085,0.02099609375,-0.00439453125,1.02880859375,1.0290322008720225
1785956110095,0.017578125,-0.0048828125,1.0302734375,1.0304349510544042
1785956110105,0.01806640625,-0.00390625,1.03076171875,1.030927434237884
1785956110114,0.01953125,-0.00390625,1.02978515625,1.0299777650747912
1785956110124,0.02001953125,-0.0048828125,1.029296875,1.0295031230521574
1785956110135,0.0185546875,-0.00634765625,1.0302734375,1.0304600551142957
1785956110145,0.0185546875,-0.00537109375,1.0302734375,1.0304545021952014
1785956110155,0.01904296875,-0.0048828125,1.0302734375,1.0304609805979021
1785956110165,0.02099609375,-0.00390625,1.02880859375,1.0290302314877215
1785956110176,0.01953125,-0.0048828125,1.0283203125,1.0285173681978201
1785956110186,0.01904296875,-0.0048828125,1.02978515625,1.0299727882568357
1785956110196,0.01953125,-0.00537109375,1.0302734375,1.0304725490728515
1785956110205,0.01708984375,-0.00390625,1.0302734375,1.0304225723296867
1785956110215,0.01904296875,-0.00439453125,1.02880859375,1.0289942026744239
1785956110226,0.01953125,-0.005859375,1.02783203125,1.0280342827286715
1785956110236,0.0185546875,-0.0048828125,1.02880859375,1.0289874833349457
1785956110246,0.01953125,-0.00537109375,1.029296875,1.0294961754467082
1785956110256,0.01953125,-0.00634765625,1.02880859375,1.0290135494930488
1785956110267,0.02197265625,-0.00390625,1.03076171875,1.0310032867320051
1785956110277,0.01953125,-0.00439453125,1.03125,1.0314443000625237
1785956110286,0.017578125,-0.0048828125,1.029296875,1.0294585417690172
1785956110296,0.01953125,-0.0048828125,1.03125,1.0314464959872969
1785956110306,0.02001953125,-0.0048828125,1.02880859375,1.029014939669601
1785956110316,0.01904296875,-0.00537109375,1.02880859375,1.0289988366760856
1785956110327,0.0185546875,-0.005859375,1.0302734375,1.030457162972668
1785956110337,0.02001953125,-0.00439453125,1.02880859375,1.0290127385558594
1785956110347,0.01708984375,-0.0048828125,1.029296875,1.029450320074784
1785956110357,0.017578125,-0.0048828125,1.03076171875,1.0309231558059406
1785956110366,0.017578125,-0.00341796875,1.029296875,1.0294526360516336
1785956110376,0.017578125,-0.00439453125,1.0302734375,1.0304327529739576
1785956110387,0.017578125,-0.00537109375,1.0302734375,1.0304373805062845
1785956110397,0.01953125,-0.0048828125,1.02978515625,1.0299819316945853
1785956110407,0.01904296875,-0.00390625,1.02783203125,1.0280158451655192
1785956110417,0.017578125,-0.0048828125,1.0322265625,1.0323877704946878
1785956110428,0.01806640625,-0.0048828125,1.0322265625,1.032396199733061
1785956110438,0.02001953125,-0.00537109375,1.029296875,1.0295055547029879
1785956110447,0.01953125,-0.00439453125,1.0302734375,1.0304679216984565
1785956110457,0.0185546875,-0.00439453125,1.03076171875,1.0309380724241315
1785956110467,0.02001953125,-0.00439453125,1.029296875,1.0295009229821712
1785956110477,0.02001953125,-0.00439453125,1.0302734375,1.0304772921100414
1785956110488,0.0185546875,-0.00439453125,1.029296875,1.0294734796088219
1785956110498,0.0185546875,-0.0048828125,1.02978515625,1.0299638762204089
1785956110508,0.0185546875,-0.00341796875,1.029296875,1.0294697741183878
1785956110518,0.021484375,-0.00390625,1.029296875,1.0295284814141707
1785956110529,0.01806640625,-0.0029296875,1.02880859375,1.0289713799117497
1785956110538,0.017578125,-0.00390625,1.0302734375,1.030430786266426
1785956110548,0.017578125,-0.00537109375,1.03076171875,1.0309255841073308
1785956110558,0.0185546875,-0.00537109375,1.02880859375,1.0289899162043068
1785956110568,0.01708984375,-0.00439453125,1.0283203125,1.0284717010031945
1785956110579,0.0166015625,-0.00439453125,1.0302734375,1.030416556447156
1785956110589,0.015625,-0.0048828125,1.03125,1.031379922716605
1785956110599,0.015625,-0.005859375,1.0302734375,1.0304085737795745
1785956110609,0.017578125,-0.0048828125,1.03076171875,1.0309231558059406
1785956110618,0.0185546875,-0.0048828125,1.02880859375,1.0289874833349457
1785956110628,0.01904296875,-0.00537109375,1.02978515625,1.0299752187988416
1785956110639,0.01953125,-0.00439453125,1.03076171875,1.030956110836889
1785956110649,0.0185546875,-0.00390625,1.03173828125,1.0319125041465431
1785956110659,0.017578125,-0.00390625,1.02783203125,1.027989753709189
1785956110669,0.02099609375,-0.00341796875,1.03076171875,1.030981202206708
1785956110680,0.02099609375,-0.00439453125,1.03125,1.0314730778637249
1785956110690,0.0185546875,-0.0048828125,1.0302734375,1.0304520727836881
1785956110699,0.01953125,-0.0048828125,1.02978515625,1.0299819316945853
1785956110709,0.0185546875,-0.005859375,1.03076171875,1.0309453572057383
1785956110719,0.01953125,-0.00537109375,1.03076171875,1.030960736020091
1785956110729,0.02197265625,-0.005859375,1.02880859375,1.0290598876994108
1785956110740,0.01806640625,-0.00439453125,1.02880859375,1.028976593277782
1785956110750,0.01708984375,-0.00390625,1.0302734375,1.0304225723296867
1785956110760,0.01904296875,-0.00341796875,1.02880859375,1.0289904954580689
1785956110770,0.017578125,-0.00439453125,1.0283203125,1.028479930520533
1785956110779,0.01806640625,-0.00439453125,1.029296875,1.0294647948446138
1785956110789,0.0185546875,-0.00341796875,1.02734375,1.0275169777685724
1785956110800,0.01904296875,-0.00390625,1.02783203125,1.0280158451655192
1785956110810,0.01806640625,-0.005859375,1.0302734375,1.0304484864990813
1785956110820,0.017578125,-0.0048828125,1.0302734375,1.0304349510544042
1785956110831,0.01953125,-0.00439453125,1.03125,1.0314443000625237
1785956110841,0.017578125,-0.005859375,1.02978515625,1.0299518390617801
1785956110851,0.0185546875,-0.005859375,1.02880859375,1.028992580768912
1785956110860,0.01904296875,-0.005859375,1.03173828125,1.0319306410466298
1785956110870,0.01806640625,-0.00537109375,1.03173828125,1.0319104247363553
1785956110880,0.0185546875,-0.00439453125,1.0302734375,1.0304498747397646
1785956110891,0.0185546875,-0.0048828125,1.029296875,1.0294756797374567
1785956110901,0.02001953125,-0.00390625,1.029296875,1.0294989544945141
1785956110911,0.017578125,-0.00341796875,1.0283203125,1.0284762214504473
1785956110921,0.01953125,-0.00341796875,1.02978515625,1.0299760289782356
1785956110932,0.01904296875,-0.00439453125,1.02880859375,1.0289942026744239
1785956110942,0.01904296875,-0.00390625,1.02880859375,1.0289922332173982
1785956110951,0.017578125,-0.00341796875,1.0302734375,1.0304290509331333
1785956110961,0.01806640625,-0.00537109375,1.03173828125,1.0319104247363553
1785956110971,0.01904296875,-0.005859375,1.029296875,1.0294896909726536
1785956110981,0.0185546875,-0.00537109375,1.0283203125,1.0285017210371559
1785956110992,0.01708984375,-0.0048828125,1.02880859375,1.0289621116402499
1785956111002,0.0185546875,-0.00537109375,1.02880859375,1.0289899162043068
1785956111012,0.017578125,-0.005859375,1.02978515625,1.0299518390617801
1785956111022,0.01953125,-0.00634765625,1.0302734375,1.0304781018946967
1785956111031,0.0185546875,-0.005859375,1.0302734375,1.030457162972668
1785956111041,0.01904296875,-0.00537109375,1.0302734375,1.0304634099884145
1785956111052,0.02001953125,-0.00439453125,1.029296875,1.0295009229821712
1785956111062,0.01904296875,-0.005859375,1.029296875,1.0294896909726536
1785956111072,0.0205078125,-0.00341796875,1.029296875,1.0295068284225593
1785956111082,0.02197265625,-0.00390625,1.02978515625,1.0300269532612145
1785956111093,0.01904296875,-0.00390625,1.0302734375,1.0304568159151273
1785956111103,0.017578125,-0.00439453125,1.02978515625,1.0299445472530353
1785956111112,0.01806640625,-0.00390625,1.02978515625,1.029951028863358
1785956111122,0.02001953125,-0.0048828125,1.0302734375,1.0304794900954828
1785956111132,0.0205078125,-0.0048828125,1.02978515625,1.030000912749247
1785956111143,0.01806640625,-0.00537109375,1.02880859375,1.0289812273587473
1785956111153,0.01611328125,-0.0048828125,1.02783203125,1.027969923759471
1785956111163,0.01708984375,-0.00341796875,1.03076171875,1.0309090484180599
1785956111173,0.01806640625,-0.00390625,1.029296875,1.0294628262878744
1785956111184,0.01806640625,-0.00390625,1.029296875,1.0294628262878744
1785956111192,0.017578125,-0.0029296875,1.03125,1.0314039635600414
1785956111203,0.01953125,-0.0029296875,1.029296875,1.0294863329253943
1785956111213,0.0185546875,-0.00439453125,1.03125,1.0314262701876125
1785956111223,0.01611328125,-0.00537109375,1.0283203125,1.0284605736637698
1785956111233,0.0166015625,-0.0048828125,1.0283203125,1.0284659055289336
1785956111244,0.01953125,-0.0029296875,1.02685546875,1.0270453770390051
1785956111254,0.01953125,-0.00341796875,1.02734375,1.0275350762387632
1785956111264,0.01953125,-0.00634765625,1.029296875,1.0295017335348184
1785956111274,0.0224609375,-0.005859375,1.03125,1.031511215881228
1785956111283,0.0205078125,-0.005859375,1.0302734375,1.0304941817725086
1785956111293,0.01904296875,-0.005859375,1.0302734375,1.03046607074288
1785956111304,0.01953125,-0.0048828125,1.02880859375,1.029005555941427
1785956111314,0.0185546875,-0.00390625,1.02978515625,1.0299597095275728
1785956111324,0.02001953125,-0.0048828125,1.029296875,1.0295031230521574
1785956111334,0.0185546875,-0.00439453125,1.02783203125,1.0280088875085813
1785956111345,0.01904296875,-0.00439453125,1.0283203125,1.0285060095419076
1785956111355,0.0185546875,-0.0029296875,1.0302734375,1.0304446688275586
1785956111364,0.01904296875,-0.00244140625,1.0283203125,1.0284995188250643
1785956111374,0.017578125,-0.00244140625,1.029296875,1.0294498568787889
1785956111384,0.0185546875,-0.0029296875,1.0302734375,1.0304446688275586
1785956111394,0.0166015625,-0.00390625,1.02783203125,1.027973518691024
1785956111405,0.017578125,-0.00439453125,1.02783203125,1.0279917250867945
1785956111415,0.01708984375,-0.00439453125,1.02880859375,1.0289599104135005
1785956111425,0.017578125,-0.0048828125,1.03076171875,1.0309231558059406
1785956111435,0.0185546875,-0.0048828125,1.03076171875,1.0309402694271803
1785956111444,0.01806640625,-0.00537109375,1.029296875,1.0294694267279758
1785956111455,0.0205078125,-0.00634765625,1.029296875,1.0295207234427917
1785956111465,0.017578125,-0.005859375,1.02978515625,1.0299518390617801
1785956111475,0.01904296875,-0.005859375,1.03076171875,1.0309542607577982
1785956111485,0.01904296875,-0.0048828125,1.02978515625,1.0299727882568357
1785956111496,0.01904296875,-0.00439453125,1.02880859375,1.0289942026744239
1785956111506,0.01953125,-0.0029296875,1.0302734375,1.030462715877424
1785956111516,0.02001953125,-0.0029296875,1.03076171875,1.0309602735027046
1785956111525,0.01806640625,-0.00439453125,1.0302734375,1.0304411982048096
1785956111535,0.0185546875,-0.0029296875,1.03173828125,1.0319092695066627
1785956111545,0.01806640625,-0.00341796875,1.0322265625,1.032390310820347
1785956111556,0.01708984375,-0.00341796875,1.0302734375,1.0304208369825612
1785956111566,0.0185546875,-0.0029296875,1.02783203125,1.0280036692349748
1785956111576,0.0166015625,-0.00439453125,1.02880859375,1.0289519164451764
1785956111586,0.01806640625,-0.00390625,1.02880859375,1.0289746237870518
1785956111597,0.017578125,-0.0048828125,1.03076171875,1.0309231558059406
1785956111607,0.0185546875,-0.00439453125,1.0302734375,1.0304498747397646
1785956111616,0.01953125,-0.0029296875,1.02880859375,1.0289981415771667
1785956111626,0.01904296875,-0.0048828125,1.02880859375,1.0289964038278152
1785956111636,0.0185546875,-0.00439453125,1.02978515625,1.0299616771346236
1785956111646,0.0185546875,-0.00390625,1.029296875,1.0294715110686894
1785956111657,0.01806640625,-0.00390625,1.03076171875,1.030927434237884
1785956111667,0.01953125,-0.0048828125,1.0302734375,1.030470119703885
1785956111677,0.02001953125,-0.00341796875,1.029296875,1.0294972175905146
1785956111687,0.02099609375,-0.0048828125,1.03125,1.0314752737272324
1785956111696,0.01611328125,-0.00634765625,1.0302734375,1.030418985942406
1785956111706,0.01904296875,-0.00537109375,1.0302734375,1.0304634099884145
1785956111717,0.0205078125,-0.00634765625,1.02880859375,1.0290325484100373
1785956111727,0.0166015625,-0.005859375,1.02783203125,1.027982795875657
1785956111737,0.0185546875,-0.00390625,1.0283203125,1.028495114386735
1785956111747,0.0205078125,-0.00537109375,1.03076171875,1.0309796990542832
1785956111758,0.017578125,-0.0048828125,1.02978515625,1.0299467463753953
1785956111768,0.01806640625,-0.00341796875,1.03125,1.0314139033604144
1785956111777,0.01953125,-0.00439453125,1.03076171875,1.030956110836889
1785956111787,0.01953125,-0.0029296875,1.029296875,1.0294863329253943
1785956111797,0.02001953125,-0.00244140625,1.02880859375,1.0290062510353375
1785956111808,0.017578125,-0.0029296875,1.02978515625,1.0299393387866105
1785956111818,0.01806640625,-0.00341796875,1.03076171875,1.0309256997405876
1785956111828,0.0185546875,-0.00341796875,1.02880859375,1.0289815749139783
1785956111838,0.01904296875,-0.0048828125,1.0302734375,1.0304609805979021
1785956111849,0.01953125,-0.005859375,1.02880859375,1.0290106532858665
1785956111857,0.0166015625,-0.00634765625,1.0283203125,1.0284739032748509
1785956111868,0.01611328125,-0.00634765625,1.0322265625,1.0323718355820621
1785956111878,0.01904296875,-0.00537109375,1.03125,1.031439792623343
1785956111888,0.0205078125,-0.00537109375,1.029296875,1.029515165457203
1785956111898,0.0185546875,-0.0048828125,1.03125,1.0314284661507713
1785956111909,0.01708984375,-0.005859375,1.03076171875,1.030920033695749
1785956111919,0.02001953125,-0.00390625,1.02734375,1.027546213600437
1785956111929,0.02001953125,-0.0048828125,1.02734375,1.0275503900799428
1785956111939,0.01904296875,-0.0029296875,1.02978515625,1.029965380855346
1785956111948,0.01953125,-0.00439453125,1.0283203125,1.0285151660192315
1785956111958,0.02099609375,-0.0048828125,1.02783203125,1.0280580539415904
1785956111969,0.01904296875,-0.00439453125,1.02978515625,1.0299705891900786
1785956111979,0.0166015625,-0.00390625,1.02880859375,1.028949946907213
1785956111989,0.01806640625,-0.00390625,1.02978515625,1.029951028863358
1785956111999,0.0166015625,-0.00390625,1.02978515625,1.0299263753780368
1785956112010,0.0185546875,-0.00537109375,1.02880859375,1.0289899162043068
1785956112020,0.01806640625,-0.005859375,1.03076171875,1.0309366848408466
1785956112029,0.01806640625,-0.00537109375,1.03076171875,1.0309340253009964
1785956112039,0.01806640625,-0.00537109375,1.02783203125,1.0280048288536208
1785956112049,0.01953125,-0.00537109375,1.029296875,1.0294961754467082
1785956112060,0.01953125,-0.00390625,1.03076171875,1.0309541451277449
1785956112070,0.01953125,-0.00439453125,1.03076171875,1.030956110836889
1785956112080,0.0185546875,-0.00439453125,1.02978515625,1.0299616771346236
1785956112090,0.01953125,-0.0029296875,1.029296875,1.0294863329253943
1785956112101,0.02001953125,-0.0048828125,1.0302734375,1.0304794900954828
1785956112109,0.01904296875,-0.00537109375,1.02978515625,1.0299752187988416
1785956112120,0.01953125,-0.005859375,1.03076171875,1.0309633954910364
1785956112130,0.01806640625,-0.0048828125,1.0302734375,1.0304433962672412
1785956112140,0.017578125,-0.0048828125,1.0302734375,1.0304349510544042
1785956112150,0.0166015625,-0.00439453125,1.02880859375,1.0289519164451764
1785956112161,0.01708984375,-0.00634765625,1.02978515625,1.029946514889052
1785956112171,0.0185546875,-0.005859375,1.02880859375,1.028992580768912
1785956112181,0.01806640625,-0.00439453125,1.02783203125,1.0280001903711877
1785956112190,0.01806640625,-0.00537109375,1.02978515625,1.0299576261748336
1785956112200,0.0166015625,-0.00244140625,1.02978515625,1.029921861295679
1785956112210,0.01806640625,-0.00341796875,1.02783203125,1.027996479570172
1785956112221,0.02001953125,-0.00439453125,1.02978515625,1.0299891075002754
1785956112231,0.01806640625,-0.00390625,1.029296875,1.0294628262878744
1785956112241,0.0185546875,-0.00439453125,1.029296875,1.0294734796088219
1785956112251,0.01806640625,-0.00439453125,1.03173828125,1.0319058038098252
1785956112262,0.01806640625,-0.00390625,1.03125,1.031415637036715
1785956112272,0.01904296875,-0.00390625,1.0283203125,1.0285040391500528
1785956112281,0.0185546875,-0.00439453125,1.029296875,1.0294734796088219
1785956112291,0.01708984375,-0.00537109375,1.0283203125,1.02847633735909
1785956112301,0.017578125,-0.00537109375,1.0302734375,1.0304373805062845
1785956112311,0.0185546875,-0.0068359375,1.02880859375,1.028998604976498
1785956112322,0.01806640625,-0.00634765625,1.02978515625,1.0299631817727735
1785956112332,0.0166015625,-0.0068359375,1.0302734375,1.0304298607557003
1785956112342,0.01708984375,-0.00390625,1.029296875,1.0294461513033246
1785956112352,0.01953125,-0.00390625,1.02880859375,1.0290013853681041
1785956112361,0.02001953125,-0.00390625,1.02880859375,1.0290107691343102
1785956112372,0.01953125,-0.00439453125,1.02880859375,1.029003354807613
1785956112382,0.0185546875,-0.00390625,1.03125,1.0314243053745074
1785956112392,0.01708984375,-0.00341796875,1.029296875,1.0294444143102341
1785956112402,0.01708984375,-0.00341796875,1.0302734375,1.0304208369825612
1785956112413,0.01904296875,-0.00390625,1.02880859375,1.0289922332173982
1785956112423,0.02001953125,-0.00537109375,1.03076171875,1.0309701019525228
1785956112433,0.01708984375,-0.0048828125,1.0283203125,1.0284739032748509
1785956112442,0.01708984375,-0.005859375,1.0302734375,1.0304318274649984
1785956112452,0.02001953125,-0.0068359375,1.029296875,1.0295142391233543
1785956112462,0.01904296875,-0.00537109375,1.03076171875,1.0309516012632887
1785956112473,0.01806640625,-0.00537109375,1.02880859375,1.0289812273587473
1785956112483,0.02001953125,-0.00439453125,1.03125,1.0314536616040377
1785956112493,0.021484375,-0.00537109375,1.0302734375,1.03051141819743
1785956112503,0.01953125,-0.00537109375,1.02978515625,1.0299843622150147
1785956112514,0.021484375,-0.00439453125,1.02978515625,1.030018620369013
1785956112522,0.01953125,-0.00390625,1.02978515625,1.0299777650747912
1785956112533,0.01806640625,-0.0029296875,1.03173828125,1.0319006052427442
1785956112543,0.01953125,-0.0029296875,1.029296875,1.0294863329253943
1785956112553,0.01806640625,-0.00390625,1.0302734375,1.0304392315133963
1785956112563,0.01953125,-0.00341796875,1.03076171875,1.0309524106753873
1785956112574,0.0166015625,-0.00390625,1.02978515625,1.0299263753780368
1785956112584,0.0185546875,-0.0048828125,1.03076171875,1.0309402694271803
1785956112594,0.01904296875,-0.00439453125,1.029296875,1.0294823958905204
1785956112604,0.01806640625,-0.005859375,1.02978515625,1.0299602882359191
1785956112613,0.0185546875,-0.005859375,1.02880859375,1.028992580768912
1785956112623,0.01806640625,-0.00439453125,1.03076171875,1.0309293999979587
1785956112634,0.02001953125,-0.00537109375,1.03076171875,1.0309701019525228
1785956112644,0.01904296875,-0.00439453125,1.0302734375,1.0304587825729796
1785956112654,0.0166015625,-0.00341796875,1.03076171875,1.030901069564035
1785956112664,0.0185546875,-0.00439453125,1.029296875,1.0294734796088219
1785956112675,0.01904296875,-0.0029296875,1.02783203125,1.0280125982648083
1785956112685,0.01953125,-0.00390625,1.02978515625,1.0299777650747912
1785956112694,0.01904296875,-0.00390625,1.0302734375,1.0304568159151273
1785956112704,0.0185546875,-0.0048828125,1.02978515625,1.0299638762204089
1785956112714,0.01953125,-0.00537109375,1.02783203125,1.028031615680245
1785956112725,0.01806640625,-0.0048828125,1.0283203125,1.0284905940225209
1785956112735,0.017578125,-0.005859375,1.02783203125,1.0279990307473093
1785956112745,0.017578125,-0.0048828125,1.029296875,1.0294585417690172
1785956112755,0.0185546875,-0.00439453125,1.029296875,1.0294734796088219
1785956112766,0.01953125,-0.00439453125,1.029296875,1.029491543683694
1785956112774,0.0205078125,-0.00537109375,1.0302734375,1.0304915210906265
1785956112785,0.017578125,-0.0048828125,1.03076171875,1.0309231558059406
1785956112795,0.0166015625,-0.00390625,1.02734375,1.0274853046786443
1785956112805,0.0185546875,-0.00439453125,1.02978515625,1.0299616771346236
1785956112815,0.0185546875,-0.0029296875,1.03173828125,1.0319092695066627
1785956112826,0.01904296875,-0.001953125,1.03125,1.0314276571122567
1785956112836,0.0166015625,-0.00341796875,1.029296875,1.0294364241042684
1785956112846,0.01708984375,-0.00439453125,1.029296875,1.0294481198919507
1785956112855,0.01806640625,-0.00439453125,1.03076171875,1.0309293999979587
1785956112865,0.017578125,-0.00341796875,1.02978515625,1.0299408434573942
1785956112875,0.017578125,-0.00341796875,1.02978515625,1.0299408434573942
1785956112886,0.02001953125,-0.00341796875,1.02978515625,1.0299854038648715
1785956112896,0.02001953125,-0.00439453125,1.02978515625,1.0299891075002754
1785956112906,0.01953125,-0.0048828125,1.029296875,1.0294937437737242
1785956112916,0.01904296875,-0.00390625,1.0302734375,1.0304568159151273
1785956112927,0.01806640625,-0.00439453125,1.03173828125,1.0319058038098252
1785956112937,0.0205078125,-0.00537109375,1.03076171875,1.0309796990542832
1785956112946,0.01953125,-0.00439453125,1.0283203125,1.0285151660192315
1785956112956,0.0166015625,-0.00537109375,1.03125,1.0313976066607449
1785956112966,0.017578125,-0.00439453125,1.02978515625,1.0299445472530353
1785956112976,0.0185546875,-0.00439453125,1.0302734375,1.0304498747397646
1785956112987,0.01806640625,-0.00390625,1.02978515625,1.029951028863358
1785956112997,0.01806640625,-0.0048828125,1.03076171875,1.0309315970194892
1785956113007,0.0185546875,-0.00390625,1.02880859375,1.028983312688373
1785956113018,0.015625,-0.00439453125,1.02978515625,1.0299130645655215
1785956113026,0.01904296875,-0.005859375,1.03173828125,1.0319306410466298
1785956113037,0.01904296875,-0.0048828125,1.029296875,1.0294845960001
1785956113047,0.017578125,-0.00537109375,1.02685546875,1.0270199573661503
1785956113057,0.021484375,-0.005859375,1.03076171875,1.0310022461105433
1785956113067,0.02099609375,-0.00439453125,1.0302734375,1.0304967267661418
1785956113078,0.0205078125,-0.0048828125,1.02880859375,1.0290245550060007
1785956113088,0.021484375,-0.00390625,1.02978515625,1.0300166528707388
1785956113098,0.0205078125,-0.00341796875,1.03173828125,1.0319477379599296
1785956113107,0.017578125,-0.00390625,1.03125,1.031407199784633
1785956113117,0.01904296875,-0.00439453125,1.02880859375,1.0289942026744239
1785956113127,0.017578125,-0.00439453125,1.029296875,1.0294563416037557
1785956113138,0.01708984375,-0.00390625,1.03076171875,1.030910782943372
1785956113148,0.017578125,-0.00390625,1.0302734375,1.030430786266426
1785956113158,0.017578125,-0.0048828125,1.02783203125,1.0279939283867034
1785956113168,0.01904296875,-0.00439453125,1.029296875,1.0294823958905204
1785956113179,0.017578125,-0.00439453125,1.029296875,1.0294563416037557
1785956113187,0.01806640625,-0.00537109375,1.02880859375,1.0289812273587473
1785956113198,0.017578125,-0.00439453125,1.029296875,1.0294563416037557
1785956113208,0.0205078125,-0.00537109375,1.029296875,1.029515165457203
1785956113218,0.01953125,-0.0048828125,1.03173828125,1.0319346842611585
1785956113228,0.01708984375,-0.00390625,1.0322265625,1.0323754151853037
1785956113239,0.017578125,-0.00439453125,1.029296875,1.0294563416037557
1785956113249,0.017578125,-0.00439453125,1.0302734375,1.0304327529739576
1785956113259,0.02001953125,-0.00341796875,1.029296875,1.0294972175905146
1785956113269,0.0185546875,-0.00439453125,1.029296875,1.0294734796088219
1785956113278,0.02001953125,-0.0048828125,1.0302734375,1.0304794900954828
1785956113289,0.01953125,-0.00341796875,1.02978515625,1.0299760289782356
1785956113299,0.0166015625,-0.00390625,1.02880859375,1.028949946907213
1785956113309,0.0185546875,-0.00390625,1.02978515625,1.0299597095275728
1785956113319,0.01806640625,-0.00439453125,1.03076171875,1.0309293999979587
1785956113330,0.02001953125,-0.00390625,1.0322265625,1.0324280685602745
1785956113340,0.01904296875,-0.00390625,1.02880859375,1.0289922332173982
1785956113350,0.017578125,-0.0048828125,1.02978515625,1.0299467463753953
1785956113359,0.017578125,-0.0048828125,1.03076171875,1.0309231558059406
1785956113369,0.0185546875,-0.00390625,1.02880859375,1.028983312688373
1785956113379,0.017578125,-0.0048828125,1.0302734375,1.0304349510544042
1785956113390,0.02001953125,-0.0048828125,1.0302734375,1.0304794900954828
1785956113400,0.0185546875,-0.0048828125,1.03125,1.0314284661507713
1785956113410,0.0185546875,-0.00537109375,1.0302734375,1.0304545021952014
1785956113420,0.01953125,-0.00439453125,1.02978515625,1.02997973264735
1785956113431,0.01904296875,-0.00439453125,1.03125,1.0314351695883366
1785956113439,0.01611328125,-0.00537109375,1.0302734375,1.0304134328019892
1785956113450,0.0166015625,-0.00390625,1.0302734375,1.0304145897087105
1785956113460,0.01953125,-0.00439453125,1.029296875,1.029491543683694
1785956113470,0.01953125,-0.0029296875,1.029296875,1.0294863329253943
1785956113480,0.02001953125,-0.00390625,1.02978515625,1.0299871399456253
1785956113491,0.02099609375,-0.00439453125,1.02978515625,1.0300085513676587
1785956113501,0.02001953125,-0.00390625,1.02880859375,1.0290107691343102
1785956113511,0.01953125,-0.00341796875,1.02978515625,1.0299760289782356
1785956113520,0.01953125,-0.00341796875,1.03173828125,1.0319287927147118
1785956113530,0.017578125,-0.0048828125,1.0322265625,1.0323877704946878
1785956113540,0.017578125,-0.00390625,1.02880859375,1.0289661665193033
1785956113551,0.01953125,-0.00439453125,1.02734375,1.0275387887060674
1785956113561,0.0185546875,-0.0048828125,1.029296875,1.0294756797374567
1785956113571,0.017578125,-0.0048828125,1.0302734375,1.0304349510544042
1785956113581,0.01806640625,-0.00390625,1.029296875,1.0294628262878744
1785956113592,0.01708984375,-0.00634765625,1.02978515625,1.029946514889052
1785956113602,0.01953125,-0.00537109375,1.02978515625,1.0299843622150147
1785956113611,0.01806640625,-0.00390625,1.02880859375,1.0289746237870518
1785956113621,0.0185546875,-0.00439453125,1.03125,1.0314262701876125
1785956113631,0.0185546875,-0.005859375,1.03076171875,1.0309453572057383
1785956113642,0.01904296875,-0.00439453125,1.0302734375,1.0304587825729796
1785956113652,0.01904296875,-0.00390625,1.03076171875,1.0309450103125433
1785956113662,0.01806640625,-0.005859375,1.0283203125,1.0284956939191716
1785956113672,0.01904296875,-0.00537109375,1.02880859375,1.0289988366760856
1785956113683,0.01904296875,-0.00537109375,1.0302734375,1.0304634099884145
1785956113691,0.017578125,-0.0048828125,1.02880859375,1.0289703372353736
1785956113702,0.01953125,-0.00390625,1.0302734375,1.0304659550580462
1785956113712,0.017578125,-0.00439453125,1.02880859375,1.0289681360262208
1785956113722,0.017578125,-0.0048828125,1.02978515625,1.0299467463753953
1785956113732,0.02197265625,-0.0029296875,1.0302734375,1.030511880916273
1785956113743,0.02001953125,-0.00341796875,1.029296875,1.0294972175905146
1785956113753,0.0205078125,-0.00390625,1.02978515625,1.0299967462062365
1785956113763,0.01904296875,-0.0048828125,1.03173828125,1.031925558125889
1785956113772,0.017578125,-0.00390625,1.0283203125,1.0284779600787155
1785956113782,0.01806640625,-0.0048828125,1.029296875,1.0294669949918092
1785956113792,0.01904296875,-0.00390625,1.029296875,1.0294804273674374
1785956113803,0.01904296875,-0.00439453125,1.03076171875,1.030946976039105
1785956113813,0.0185546875,-0.005859375,1.03076171875,1.0309453572057383
1785956113823,0.01953125,-0.00537109375,1.029296875,1.0294961754467082
1785956113833,0.0185546875,-0.005859375,1.029296875,1.0294807747541375
1785956113844,0.01806640625,-0.00732421875,1.029296875,1.0294814695271857
1785956113852,0.01806640625,-0.00537109375,1.029296875,1.0294694267279758
1785956113863,0.01953125,-0.00537109375,1.0302734375,1.0304725490728515
1785956113873,0.02001953125,-0.00439453125,1.029296875,1.0295009229821712
1785956113883,0.02001953125,-0.0048828125,1.02978515625,1.0299913065274953
1785956113893,0.021484375,-0.00390625,1.029296875,1.0295284814141707
1785956113904,0.021484375,-0.001953125,1.02978515625,1.0300110975612073
1785956113914,0.01806640625,-0.00341796875,1.029296875,1.0294610893229192
1785956113924,0.0166015625,-0.00390625,1.029296875,1.0294381611108407
1785956113935,0.01806640625,-0.00390625,1.03173828125,1.0319038399097837
1785956113943,0.01806640625,-0.00341796875,1.029296875,1.0294610893229192
1785956113954,0.0166015625,-0.00390625,1.0302734375,1.0304145897087105
1785956113964,0.01708984375,-0.00439453125,1.02880859375,1.0289599104135005
1785956113974,0.0185546875,-0.00439453125,1.02978515625,1.0299616771346236
1785956113984,0.017578125,-0.0048828125,1.03076171875,1.0309231558059406
1785956113995,0.01806640625,-0.005859375,1.0283203125,1.0284956939191716
1785956114005,0.0185546875,-0.0048828125,1.02978515625,1.0299638762204089
1785956114015,0.01611328125,-0.0048828125,1.02978515625,1.0299227872629038
1785956114024,0.017578125,-0.00439453125,1.029296875,1.0294563416037557
1785956114034,0.02001953125,-0.0048828125,1.029296875,1.0295031230521574
1785956114044,0.01904296875,-0.00341796875,1.03125,1.0314314711454122
1785956114055,0.02099609375,-0.00390625,1.02978515625,1.030006583850151
1785956114065,0.02294921875,-0.00439453125,1.0302734375,1.030538371223609
1785956114075,0.02197265625,-0.00341796875,1.03125,1.0314897200811342
1785956114085,0.01953125,-0.0048828125,1.029296875,1.0294937437737242
1785956114096,0.0185546875,-0.00537109375,1.029296875,1.0294781114531089
1785956114104,0.01904296875,-0.0048828125,1.03125,1.0314373655325484
1785956114115,0.017578125,-0.00634765625,1.03125,1.031419335536417
1785956114125,0.0185546875,-0.00537109375,1.03076171875,1.0309426976882605
1785956114135,0.01611328125,-0.0048828125,1.03125,1.0313874355403754
1785956114145,0.0185546875,-0.00439453125,1.03076171875,1.0309380724241315
1785956114156,0.01953125,-0.00341796875,1.02880859375,1.0289996476242307
1785956114166,0.0185546875,-0.00439453125,1.02978515625,1.0299616771346236
1785956114176,0.0205078125,-0.00390625,1.02734375,1.027555842680416
1785956114186,0.01904296875,-0.00390625,1.02978515625,1.0299686216000528
1785956114195,0.0185546875,-0.00537109375,1.02880859375,1.0289899162043068
1785956114206,0.0185546875,-0.00537109375,1.0283203125,1.0285017210371559
1785956114216,0.01904296875,-0.0048828125,1.0302734375,1.0304609805979021
1785956114226,0.01953125,-0.00390625,1.03076171875,1.0309541451277449
1785956114236,0.0185546875,-0.00537109375,1.0322265625,1.0324072846541041
1785956114247,0.01953125,-0.00537109375,1.02978515625,1.0299843622150147
1785956114257,0.0205078125,-0.00537109375,1.029296875,1.029515165457203
1785956114267,0.021484375,-0.005859375,1.02880859375,1.0290495776289807
1785956114276,0.02001953125,-0.005859375,1.02978515625,1.0299963989935583
1785956114286,0.01953125,-0.00634765625,1.02880859375,1.0290135494930488
1785956114296,0.01708984375,-0.0048828125,1.029296875,1.029450320074784
1785956114307,0.01708984375,-0.00439453125,1.0283203125,1.0284717010031945
1785956114317,0.0185546875,-0.00439453125,1.02783203125,1.0280088875085813
1785956114327,0.01806640625,-0.00341796875,1.02880859375,1.0289728859979832
1785956114337,0.01806640625,-0.00341796875,1.02880859375,1.0289728859979832
1785956114348,0.01806640625,-0.00390625,1.0283203125,1.028486421360997
1785956114356,0.01806640625,-0.00439453125,1.029296875,1.0294647948446138
1785956114367,0.01806640625,-0.00439453125,1.02978515625,1.0299529964869922
1785956114377,0.01953125,-0.0048828125,1.03125,1.0314464959872969
1785956114387,0.021484375,-0.00537109375,1.03125,1.0314877553888906
1785956114397,0.0205078125,-0.0048828125,1.02685546875,1.0270718406875088
1785956114408,0.01708984375,-0.00390625,1.02978515625,1.0299343617829724
1785956114418,0.01708984375,-0.0029296875,1.02978515625,1.029931120930465
1785956114428,0.01904296875,-0.0048828125,1.02880859375,1.0289964038278152
1785956114437,0.0185546875,-0.00537109375,1.02880859375,1.0289899162043068
1785956114447,0.01904296875,-0.00439453125,1.02978515625,1.0299705891900786
1785956114457,0.021484375,-0.00537109375,1.03125,1.0314877553888906
1785956114468,0.01953125,-0.0029296875,1.03173828125,1.0319272909425907
1785956114478,0.01904296875,-0.00341796875,1.02783203125,1.0280141057556995
1785956114488,0.0185546875,-0.00390625,1.02734375,1.0275187180199432
1785956114498,0.0185546875,-0.00390625,1.0283203125,1.028495114386735
1785956114509,0.0166015625,-0.00439453125,1.02880859375,1.0289519164451764
1785956114518,0.017578125,-0.00439453125,1.02978515625,1.0299445472530353
1785956114528,0.01904296875,-0.00390625,1.03076171875,1.0309450103125433
1785956114538,0.01806640625,-0.00537109375,1.02978515625,1.0299576261748336
1785956114548,0.0205078125,-0.005859375,1.02880859375,1.0290296522563276
1785956114559,0.0205078125,-0.0048828125,1.02880859375,1.0290245550060007
1785956114569,0.01904296875,-0.00537109375,1.02880859375,1.0289988366760856
1785956114579,0.02001953125,-0.00341796875,1.02880859375,1.0290090314062836
1785956114589,0.02001953125,-0.001953125,1.03125,1.0314461492626434
1785956114600,0.0185546875,-0.00341796875,1.0302734375,1.0304461727604528
1785956114608,0.0205078125,-0.00439453125,1.02978515625,1.0299987137425364
1785956114619,0.02099609375,-0.00390625,1.029296875,1.0295184076191095
1785956114629,0.0185546875,-0.0048828125,1.03125,1.0314284661507713
1785956114639,0.01904296875,-0.0048828125,1.0302734375,1.0304609805979021
1785956114649,0.01806640625,-0.005859375,1.029296875,1.029472090051472
1785956114660,0.01953125,-0.00537109375,1.02880859375,1.0290079887680592
1785956114670,0.0185546875,-0.005859375,1.03076171875,1.0309453572057383
1785956114680,0.0166015625,-0.005859375,1.0302734375,1.0304238449157213
1785956114689,0.01806640625,-0.00634765625,1.02978515625,1.0299631817727735
1785956114699,0.02099609375,-0.00537109375,1.02978515625,1.0300131808057928
1785956114709,0.01953125,-0.00341796875,1.03076171875,1.0309524106753873
1785956114720,0.0185546875,-0.00439453125,1.0302734375,1.0304498747397646
1785956114730,0.01953125,-0.00390625,1.029296875,1.0294895751781028
1785956114740,0.02099609375,-0.0029296875,1.02880859375,1.0290269877877154
1785956114750,0.0205078125,-0.00439453125,1.029296875,1.0295105337796249
1785956114761,0.01904296875,-0.0029296875,1.029296875,1.0294771850859186
1785956114769,0.017578125,-0.0029296875,1.02978515625,1.0299393387866105
1785956114780,0.01806640625,-0.00390625,1.02880859375,1.0289746237870518
1785956114790,0.0166015625,-0.00439453125,1.029296875,1.0294401297147466
1785956114800,0.0185546875,-0.0048828125,1.029296875,1.0294756797374567
1785956114810,0.0166015625,-0.005859375,1.02880859375,1.0289592152882856
1785956114821,0.017578125,-0.00439453125,1.02880859375,1.0289681360262208
1785956114831,0.01904296875,-0.00390625,1.03173828125,1.0319213993539333
1785956114841,0.01904296875,-0.00537109375,1.0302734375,1.0304634099884145
1785956114850,0.0185546875,-0.0048828125,1.029296875,1.0294756797374567
1785956114860,0.01953125,-0.00341796875,1.02880859375,1.0289996476242307
1785956114871,0.01904296875,-0.0048828125,1.02880859375,1.0289964038278152
1785956114881,0.01904296875,-0.0048828125,1.03125,1.0314373655325484
1785956114891,0.0185546875,-0.0048828125,1.02978515625,1.0299638762204089
1785956114901,0.01806640625,-0.0048828125,1.02880859375,1.0289787944688427
1785956114912,0.017578125,-0.00537109375,1.0302734375,1.0304373805062845
1785956114922,0.01904296875,-0.0048828125,1.0302734375,1.0304609805979021
1785956114932,0.0205078125,-0.005859375,1.02880859375,1.0290296522563276
1785956114941,0.02001953125,-0.00439453125,1.029296875,1.0295009229821712
1785956114951,0.0185546875,-0.0048828125,1.03125,1.0314284661507713
1785956114961,0.0185546875,-0.00341796875,1.02880859375,1.0289815749139783
1785956114972,0.02001953125,-0.0048828125,1.02783203125,1.028038573183361
1785956114982,0.01953125,-0.0048828125,1.02880859375,1.029005555941427
1785956114992,0.02001953125,-0.00390625,1.029296875,1.0294989544945141
1785956115002,0.01953125,-0.00390625,1.02880859375,1.0290013853681041
1785956115013,0.0205078125,-0.00537109375,1.02880859375,1.0290269877877154
1785956115021,0.01904296875,-0.00390625,1.0302734375,1.0304568159151273
1785956115032,0.0185546875,-0.0029296875,1.029296875,1.029468268759089
1785956115042,0.01806640625,-0.00390625,1.029296875,1.0294628262878744
1785956115052,0.015625,-0.00439453125,1.03125,1.0313777266500896
1785956115062,0.02001953125,-0.00341796875,1.03076171875,1.030961776683452
1785956115073,0.0185546875,-0.0048828125,1.0283203125,1.0284992870129908
1785956115083,0.01708984375,-0.005859375,1.02734375,1.0275025915776819
1785956115093,0.01806640625,-0.0048828125,1.0283203125,1.0284905940225209
1785956115102,0.01953125,-0.00634765625,1.02978515625,1.0299899176687448
1785956115112,0.01953125,-0.005859375,1.0302734375,1.0304752098037193
1785956115122,0.02001953125,-0.00439453125,1.02978515625,1.0299891075002754
1785956115133,0.0205078125,-0.005859375,1.029296875,1.029517828662375
1785956115143,0.01953125,-0.00537109375,1.03125,1.0314489230566066
1785956115153,0.0205078125,-0.00390625,1.0302734375,1.030484927197222
1785956115164,0.02001953125,-0.00341796875,1.03125,1.0314499632274199
1785956115174,0.01953125,-0.0048828125,1.0302734375,1.030470119703885
1785956115183,0.017578125,-0.00341796875,1.02978515625,1.0299408434573942
1785956115193,0.0185546875,-0.00341796875,1.02978515625,1.0299579734005828
1785956115203,0.0185546875,-0.00341796875,1.029296875,1.0294697741183878
1785956115213,0.0185546875,-0.00439453125,1.0302734375,1.0304498747397646
1785956115224,0.01806640625,-0.00634765625,1.029296875,1.029474984960501
1785956115234,0.01708984375,-0.005859375,1.029296875,1.0294554152169757
1785956115244,0.017578125,-0.0048828125,1.029296875,1.0294585417690172
1785956115254,0.0185546875,-0.00537109375,1.02880859375,1.0289899162043068
1785956115265,0.017578125,-0.0048828125,1.03076171875,1.0309231558059406
1785956115273,0.0185546875,-0.00341796875,1.03076171875,1.0309343721978876
1785956115284,0.0185546875,-0.0048828125,1.02880859375,1.0289874833349457
1785956115294,0.01953125,-0.00537109375,1.029296875,1.0294961754467082
1785956115304,0.0185546875,-0.00341796875,1.029296875,1.0294697741183878
1785956115314,0.02099609375,-0.001953125,1.02880859375,1.0290246708528794
1785956115325,0.0185546875,-0.00439453125,1.0302734375,1.0304498747397646
1785956115335,0.02001953125,-0.00439453125,1.029296875,1.0295009229821712
1785956115345,0.01904296875,-0.00537109375,1.02880859375,1.0289988366760856
1785956115354,0.01708984375,-0.00634765625,1.0283203125,1.0284819009585755
1785956115364,0.0185546875,-0.00634765625,1.03076171875,1.030948247977824
1785956115374,0.01708984375,-0.0068359375,1.03125,1.0314142500959076
1785956115385,0.01806640625,-0.005859375,1.02978515625,1.0299602882359191
1785956115395,0.01904296875,-0.00390625,1.02783203125,1.0280158451655192
1785956115405,0.01904296875,-0.00390625,1.02978515625,1.0299686216000528
1785956115415,0.0185546875,-0.00341796875,1.0302734375,1.0304461727604528
1785956115426,0.01708984375,-0.00390625,1.02880859375,1.0289579408908385
1785956115435,0.01806640625,-0.001953125,1.02734375,1.0275044478716957
1785956115445,0.02001953125,-0.00244140625,1.0283203125,1.028518063621658
1785956115455,0.0185546875,-0.0029296875,1.02783203125,1.0280036692349748
1785956115465,0.01953125,-0.00439453125,1.03076171875,1.030956110836889
1785956115476,0.01904296875,-0.00390625,1.02978515625,1.0299686216000528
1785956115486,0.017578125,-0.0048828125,1.03173828125,1.0318995655261853
1785956115496,0.01806640625,-0.0048828125,1.03076171875,1.0309315970194892
1785956115506,0.01708984375,-0.00537109375,1.0302734375,1.0304291666221104
1785956115515,0.0185546875,-0.005859375,1.02978515625,1.0299689688220952
1785956115525,0.021484375,-0.00732421875,1.029296875,1.0295471234645863
1785956115536,0.0205078125,-0.00634765625,1.02978515625,1.0300088985762406
1785956115546,0.02001953125,-0.0048828125,1.02880859375,1.029014939669601
1785956115556,0.021484375,-0.00390625,1.02978515625,1.0300166528707388
1785956115566,0.01953125,-0.00341796875,1.02880859375,1.0289996476242307
1785956115577,0.02001953125,-0.00341796875,1.03173828125,1.031938149861003
1785956115587,0.0185546875,-0.00390625,1.0302734375,1.0304479080649112
1785956115596,0.01953125,-0.00341796875,1.02978515625,1.0299760289782356
1785956115606,0.01904296875,-0.00390625,1.029296875,1.0294804273674374
1785956115616,0.01806640625,-0.0048828125,1.029296875,1.0294669949918092
1785956115626,0.01806640625,-0.005859375,1.02978515625,1.0299602882359191
1785956115637,0.017578125,-0.0029296875,1.029296875,1.029451130667274
1785956115647,0.0185546875,-0.005859375,1.029296875,1.0294807747541375
1785956115657,0.0166015625,-0.005859375,1.02880859375,1.0289592152882856
1785956115667,0.01708984375,-0.00537109375,1.02685546875,1.027011716149944
1785956115678,0.017578125,-0.00439453125,1.02880859375,1.0289681360262208
1785956115686,0.017578125,-0.00390625,1.0283203125,1.0284779600787155
1785956115697,0.0185546875,-0.00537109375,1.029296875,1.0294781114531089
1785956115707,0.02001953125,-0.00439453125,1.02978515625,1.0299891075002754
1785956115717,0.01904296875,-0.0029296875,1.029296875,1.0294771850859186
1785956115727,0.01904296875,-0.00439453125,1.0283203125,1.0285060095419076
1785956115738,0.01953125,-0.00439453125,1.02880859375,1.029003354807613
1785956115748,0.01806640625,-0.00439453125,1.029296875,1.0294647948446138
1785956115758,0.0185546875,-0.00341796875,1.03076171875,1.0309343721978876
1785956115768,0.02001953125,-0.00439453125,1.0283203125,1.0285245542214705
1785956115777,0.0205078125,-0.00439453125,1.02880859375,1.0290223539128267
1785956115788,0.0166015625,-0.0048828125,1.03125,1.0313951794706777
1785956115798,0.0185546875,-0.00439453125,1.029296875,1.0294734796088219
1785956115808,0.017578125,-0.005859375,1.02978515625,1.0299518390617801
1785956115818,0.01806640625,-0.005859375,1.0302734375,1.0304484864990813
1785956115829,0.0166015625,-0.00537109375,1.029296875,1.0294447617090867
1785956115839,0.017578125,-0.0048828125,1.029296875,1.0294585417690172
1785956115848,0.0205078125,-0.00537109375,1.02978515625,1.0300033432248865
1785956115858,0.017578125,-0.0048828125,1.029296875,1.0294585417690172
1785956115868,0.0185546875,-0.00341796875,1.02978515625,1.0299579734005828
1785956115878,0.0185546875,-0.00439453125,1.02978515625,1.0299616771346236
1785956115889,0.01953125,-0.0029296875,1.03125,1.031439099169413
1785956115899,0.01904296875,-0.00390625,1.02783203125,1.0280158451655192
1785956115909,0.0205078125,-0.00390625,1.02978515625,1.0299967462062365
1785956115919,0.01904296875,-0.0048828125,1.03076171875,1.0309491730231795
1785956115928,0.017578125,-0.005859375,1.029296875,1.029463636870517
1785956115938,0.0185546875,-0.00439453125,1.029296875,1.0294734796088219
1785956115949,0.017578125,-0.00439453125,1.02978515625,1.0299445472530353
1785956115959,0.01904296875,-0.0048828125,1.0302734375,1.0304609805979021
1785956115969,0.01904296875,-0.00439453125,1.02978515625,1.0299705891900786
1785956115979,0.017578125,-0.00439453125,1.02978515625,1.0299445472530353
1785956115990,0.01953125,-0.00439453125,1.03125,1.0314443000625237
1785956116000,0.01708984375,-0.00390625,1.02978515625,1.0299343617829724
1785956116010,0.01806640625,-0.0029296875,1.029296875,1.029459583950921
1785956116019,0.02001953125,-0.00390625,1.03076171875,1.0309635111200524
1785956116029,0.0185546875,-0.00439453125,1.0302734375,1.0304498747397646
1785956116039,0.01806640625,-0.0048828125,1.029296875,1.0294669949918092
1785956116050,0.0185546875,-0.00439453125,1.03076171875,1.0309380724241315
1785956116060,0.017578125,-0.0048828125,1.03173828125,1.0318995655261853
1785956116070,0.01953125,-0.00439453125,1.0283203125,1.0285151660192315
1785956116081,0.02001953125,-0.0048828125,1.0302734375,1.0304794900954828
1785956116091,0.01904296875,-0.0048828125,1.03125,1.0314373655325484
1785956116100,0.0185546875,-0.00439453125,1.03076171875,1.0309380724241315
1785956116110,0.01904296875,-0.00439453125,1.029296875,1.0294823958905204
1785956116120,0.0185546875,-0.00439453125,1.02978515625,1.0299616771346236
1785956116130,0.01904296875,-0.0048828125,1.02978515625,1.0299727882568357
1785956116141,0.02099609375,-0.00537109375,1.02880859375,1.0290368347025691
1785956116151,0.01953125,-0.00537109375,1.03076171875,1.030960736020091
1785956116161,0.0205078125,-0.0048828125,1.02880859375,1.0290245550060007
1785956116171,0.021484375,-0.00439453125,1.029296875,1.0295304498453717
1785956116180,0.0185546875,-0.0048828125,1.029296875,1.0294756797374567
1785956116190,0.02001953125,-0.00390625,1.0283203125,1.0285225838651428
1785956116201,0.01953125,-0.00390625,1.02978515625,1.0299777650747912
1785956116211,0.01708984375,-0.0048828125,1.02880859375,1.0289621116402499
1785956116221,0.0205078125,-0.0048828125,1.029296875,1.0295127338290726
1785956116231,0.02099609375,-0.00244140625,1.03173828125,1.031954784578249
1785956116242,0.01708984375,-0.00390625,1.03076171875,1.030910782943372
1785956116252,0.0185546875,-0.00439453125,1.029296875,1.0294734796088219
1785956116261,0.01953125,-0.00341796875,1.03076171875,1.0309524106753873
1785956116271,0.02001953125,-0.0029296875,1.029296875,1.0294957122713446
1785956116281,0.0205078125,-0.0048828125,1.0283203125,1.0285363762801698
1785956116291,0.01904296875,-0.0048828125,1.0302734375,1.0304609805979021
1785956116302,0.01953125,-0.00439453125,1.029296875,1.029491543683694
1785956116312,0.0185546875,-0.00537109375,1.02978515625,1.0299663067834457
1785956116322,0.01611328125,-0.00537109375,1.03173828125,1.0318780778160843
1785956116332,0.01708984375,-0.00634765625,1.02978515625,1.029946514889052
1785956116343,0.0205078125,-0.00634765625,1.02978515625,1.0300088985762406
1785956116351,0.02099609375,-0.00390625,1.0302734375,1.0304947601807044
1785956116362,0.0205078125,-0.0029296875,1.02978515625,1.0299935055500202
1785956116372,0.02001953125,-0.00439453125,1.02880859375,1.0290127385558594
1785956116382,0.02001953125,-0.00439453125,1.02978515625,1.0299891075002754
1785956116393,0.017578125,-0.00390625,1.03076171875,1.0309189929902505
1785956116403,0.0185546875,-0.00439453125,1.03173828125,1.0319144680300951
1785956116413,0.02001953125,-0.00341796875,1.029296875,1.0294972175905146
1785956116423,0.01904296875,-0.00244140625,1.0283203125,1.0284995188250643
1785956116432,0.0166015625,-0.00537109375,1.02783203125,1.0279801286936503
1785956116442,0.01806640625,-0.00537109375,1.0283203125,1.0284930280672586
1785956116453,0.01806640625,-0.00390625,1.0302734375,1.0304392315133963
1785956116463,0.017578125,-0.00390625,1.0322265625,1.0323836135846716
1785956116473,0.01806640625,-0.00537109375,1.03076171875,1.0309340253009964
1785956116483,0.0166015625,-0.00439453125,1.02880859375,1.0289519164451764
1785956116494,0.01953125,-0.00439453125,1.029296875,1.029491543683694
1785956116504,0.0205078125,-0.00439453125,1.0283203125,1.028534174142279
1785956116513,0.01806640625,-0.00439453125,1.03076171875,1.0309293999979587
1785956116523,0.0185546875,-0.00439453125,1.03173828125,1.0319144680300951
1785956116533,0.02001953125,-0.00439453125,1.02880859375,1.0290127385558594
1785956116543,0.02197265625,-0.00390625,1.02978515625,1.0300269532612145
1785956116554,0.0205078125,-0.0048828125,1.02880859375,1.0290245550060007
1785956116564,0.01806640625,-0.00390625,1.0302734375,1.0304392315133963
1785956116574,0.01904296875,-0.00537109375,1.02978515625,1.0299752187988416
1785956116584,0.02099609375,-0.00341796875,1.02880859375,1.0290284937925613
1785956116593,0.01953125,-0.005859375,1.03076171875,1.0309633954910364
1785956116603,0.017578125,-0.0048828125,1.0283203125,1.0284821327745677
1785956116614,0.017578125,-0.00390625,1.029296875,1.0294543730308516
1785956116624,0.017578125,-0.0048828125,1.0283203125,1.0284821327745677
1785956116634,0.01904296875,-0.00439453125,1.02978515625,1.0299705891900786
1785956116644,0.01953125,-0.00341796875,1.0283203125,1.0285114570762137
1785956116655,0.0185546875,-0.00390625,1.02880859375,1.028983312688373
1785956116665,0.017578125,-0.00439453125,1.02978515625,1.0299445472530353
1785956116675,0.01904296875,-0.00341796875,1.02880859375,1.0289904954580689
1785956116684,0.0205078125,-0.0029296875,1.0302734375,1.0304816880762362
1785956116694,0.0185546875,-0.00390625,1.02978515625,1.0299597095275728
1785956116705,0.01904296875,-0.00341796875,1.02880859375,1.0289904954580689
1785956116715,0.02001953125,-0.00439453125,1.02783203125,1.0280363699791355
1785956116725,0.0205078125,-0.0048828125,1.029296875,1.0295127338290726
1785956116735,0.01904296875,-0.0048828125,1.0302734375,1.0304609805979021
1785956116746,0.0185546875,-0.0048828125,1.029296875,1.0294756797374567
1785956116756,0.0185546875,-0.00537109375,1.029296875,1.0294781114531089
1785956116765,0.01904296875,-0.0048828125,1.029296875,1.0294845960001
1785956116775,0.02099609375,-0.0048828125,1.03076171875,1.0309870991681336
1785956116785,0.021484375,-0.00537109375,1.02978515625,1.030023249761892
1785956116795,0.01953125,-0.00390625,1.02880859375,1.0290013853681041
1785956116806,0.01904296875,-0.00390625,1.03173828125,1.0319213993539333
1785956116816,0.01806640625,-0.005859375,1.029296875,1.029472090051472
1785956116826,0.01708984375,-0.00439453125,1.0302734375,1.0304245390528959
1785956116836,0.0185546875,-0.00439453125,1.02880859375,1.028985282162472
1785956116845,0.02001953125,-0.00390625,1.03076171875,1.0309635111200524
1785956116855,0.01953125,-0.00390625,1.0302734375,1.0304659550580462
1785956116866,0.01904296875,-0.00439453125,1.02978515625,1.0299705891900786
1785956116876,0.01611328125,-0.00439453125,1.02978515625,1.0299205880893856
1785956116886,0.01513671875,-0.00634765625,1.02880859375,1.0289395198787135
1785956116896,0.0185546875,-0.00439453125,1.02880859375,1.028985282162472
1785956116907,0.02001953125,-0.0029296875,1.0302734375,1.030472086336347
1785956116917,0.02099609375,-0.00439453125,1.02978515625,1.0300085513676587
1785956116926,0.01953125,-0.0048828125,1.02880859375,1.029005555941427
1785956116936,0.02099609375,-0.00390625,1.0283203125,1.028542055456129
1785956116946,0.021484375,-0.005859375,1.02783203125,1.028073244038591
1785956116956,0.0205078125,-0.00390625,1.02978515625,1.0299967462062365
1785956116967,0.02099609375,-0.00439453125,1.02978515625,1.0300085513676587
1785956116977,0.02099609375,-0.00537109375,1.02978515625,1.0300131808057928
1785956116987,0.017578125,-0.00390625,1.03125,1.031407199784633
1785956116997,0.017578125,-0.00439453125,1.029296875,1.0294563416037557
1785956117008,0.0185546875,-0.0048828125,1.0322265625,1.032404859837796
1785956117017,0.01611328125,-0.00439453125,1.0302734375,1.0304088051621139
1785956117027,0.01708984375,-0.00341796875,1.02880859375,1.0289562030735944
1785956117037,0.0185546875,-0.00341796875,1.02880859375,1.0289815749139783
1785956117047,0.01904296875,-0.0048828125,1.0302734375,1.0304609805979021
1785956117058,0.01953125,-0.00390625,1.02978515625,1.0299777650747912
1785956117068,0.01904296875,-0.0048828125,1.02978515625,1.0299727882568357
1785956117078,0.01953125,-0.00439453125,1.0302734375,1.0304679216984565
1785956117088,0.01953125,-0.00439453125,1.02978515625,1.02997973264735
1785956117097,0.02001953125,-0.00439453125,1.02880859375,1.0290127385558594
1785956117107,0.0205078125,-0.00439453125,1.0302734375,1.0304868938014247
1785956117118,0.02099609375,-0.00537109375,1.0302734375,1.0305013540111903
1785956117128,0.02001953125,-0.00390625,1.02880859375,1.0290107691343102
1785956117138,0.02001953125,-0.00341796875,1.02783203125,1.0280326593087141
1785956117148,0.02197265625,-0.00341796875,1.0283203125,1.0285607153849277
1785956117159,0.01806640625,-0.00537109375,1.03076171875,1.0309340253009964
1785956117169,0.017578125,-0.0048828125,1.02880859375,1.0289703372353736
1785956117178,0.021484375,-0.00439453125,1.02978515625,1.030018620369013
1785956117188,0.01904296875,-0.00537109375,1.03076171875,1.0309516012632887
1785956117198,0.01806640625,-0.0048828125,1.02880859375,1.0289787944688427
1785956117208,0.01611328125,-0.0048828125,1.0283203125,1.0284581395422223
1785956117219,0.0185546875,-0.0048828125,1.0302734375,1.0304520727836881
1785956117229,0.01953125,-0.005859375,1.02880859375,1.0290106532858665
1785956117239,0.01953125,-0.0048828125,1.02783203125,1.02802918054303
1785956117249,0.02001953125,-0.00439453125,1.0283203125,1.0285245542214705
1785956117258,0.01806640625,-0.00439453125,1.03076171875,1.0309293999979587
1785956117268,0.01953125,-0.00439453125,1.02978515625,1.02997973264735
1785956117279,0.02001953125,-0.00390625,1.0302734375,1.0304753254875143
1785956117289,0.0166015625,-0.0048828125,1.029296875,1.029442329914657
1785956117299,0.01708984375,-0.00390625,1.02978515625,1.0299343617829724
1785956117310,0.01806640625,-0.00390625,1.02978515625,1.029951028863358
1785956117320,0.01953125,-0.00390625,1.0302734375,1.0304659550580462
1785956117330,0.01953125,-0.00439453125,1.02978515625,1.02997973264735
1785956117340,0.01708984375,-0.0048828125,1.0283203125,1.0284739032748509
1785956117349,0.0185546875,-0.0048828125,1.02978515625,1.0299638762204089
1785956117359,0.017578125,-0.005859375,1.029296875,1.029463636870517
1785956117370,0.017578125,-0.0048828125,1.0283203125,1.0284821327745677
1785956117380,0.017578125,-0.00537109375,1.02685546875,1.0270199573661503
1785956117390,0.02001953125,-0.00439453125,1.0302734375,1.0304772921100414
1785956117400,0.01806640625,-0.0029296875,1.03076171875,1.0309241965072369
1785956117411,0.01806640625,-0.00390625,1.029296875,1.0294628262878744
1785956117421,0.01904296875,-0.00439453125,1.03076171875,1.030946976039105
1785956117430,0.01904296875,-0.00341796875,1.0283203125,1.02850230056587
1785956117440,0.0205078125,-0.00341796875,1.03173828125,1.0319477379599296
1785956117450,0.021484375,-0.00439453125,1.029296875,1.0295304498453717
1785956117460,0.02001953125,-0.00244140625,1.02978515625,1.029982626129579
1785956117471,0.0185546875,-0.0029296875,1.03125,1.0314210692035868
1785956117481,0.02001953125,-0.0048828125,1.02978515625,1.0299913065274953
1785956117491,0.0185546875,-0.0048828125,1.02978515625,1.0299638762204089
1785956117501,0.01513671875,-0.00341796875,1.0302734375,1.030390294394779
1785956117510,0.017578125,-0.00390625,1.03076171875,1.0309189929902505
1785956117520,0.01806640625,-0.00537109375,1.03076171875,1.0309340253009964
1785956117531,0.0185546875,-0.0048828125,1.0302734375,1.0304520727836881
1785956117541,0.01708984375,-0.0048828125,1.02978515625,1.0299385285783547
1785956117551,0.01904296875,-0.00537109375,1.029296875,1.0294870276946915
1785956117561,0.01953125,-0.00439453125,1.03076171875,1.030956110836889
1785956117572,0.01904296875,-0.0029296875,1.03125,1.0314299686491861
1785956117582,0.0185546875,-0.00341796875,1.0302734375,1.0304461727604528
1785956117591,0.0185546875,-0.00390625,1.029296875,1.0294715110686894
1785956117601,0.01904296875,-0.00439453125,1.02978515625,1.0299705891900786
1785956117611,0.01904296875,-0.00439453125,1.03125,1.0314351695883366
1785956117622,0.01806640625,-0.0029296875,1.02978515625,1.0299477880632952
1785956117632,0.01806640625,-0.00390625,1.02783203125,1.027998219009816
1785956117642,0.01953125,-0.005859375,1.02978515625,1.0299870242069995
1785956117652,0.017578125,-0.0048828125,1.02978515625,1.0299467463753953
1785956117663,0.01708984375,-0.00390625,1.03173828125,1.0318872043712752
1785956117673,0.0185546875,-0.00390625,1.02880859375,1.028983312688373
1785956117682,0.01953125,-0.0048828125,1.02880859375,1.029005555941427
1785956117692,0.02001953125,-0.00341796875,1.029296875,1.0294972175905146
1785956117702,0.02001953125,-0.00341796875,1.03076171875,1.030961776683452
1785956117712,0.01953125,-0.00341796875,1.03125,1.0314406016523388
1785956117723,0.01806640625,-0.00244140625,1.0283203125,1.0284819009585755
1785956117733,0.01904296875,-0.0029296875,1.0283203125,1.0285007937905342
1785956117743,0.01953125,-0.0029296875,1.029296875,1.0294863329253943
1785956117753,0.01953125,-0.00390625,1.0283203125,1.0285131956449187
1785956117762,0.01904296875,-0.00390625,1.029296875,1.0294804273674374
1785956117772,0.01953125,-0.00537109375,1.03173828125,1.0319371101822716
1785956117783,0.01904296875,-0.00634765625,1.0302734375,1.030468962859507
1785956117793,0.01904296875,-0.00439453125,1.029296875,1.0294823958905204
1785956117803,0.01953125,-0.005859375,1.0283203125,1.028522467961712
1785956117813,0.0205078125,-0.005859375,1.029296875,1.029517828662375
1785956117824,0.01904296875,-0.0048828125,1.02880859375,1.0289964038278152
1785956117834,0.02001953125,-0.00341796875,1.02978515625,1.0299854038648715
1785956117843,0.0205078125,-0.00341796875,1.0302734375,1.030483191955103
1785956117853,0.0185546875,-0.00341796875,1.029296875,1.0294697741183878
1785956117863,0.0185546875,-0.001953125,1.02734375,1.027513149205182
1785956117873,0.02001953125,-0.00390625,1.02783203125,1.0280343986871419
1785956117884,0.017578125,-0.00390625,1.02978515625,1.0299425796132593
1785956117894,0.01904296875,-0.00341796875,1.02978515625,1.0299668854880852
1785956117904,0.0185546875,-0.00244140625,1.0283203125,1.0284905940225209
1785956117914,0.017578125,-0.0048828125,1.02783203125,1.0279939283867034
1785956117923,0.0185546875,-0.00537109375,1.029296875,1.0294781114531089
1785956117934,0.01708984375,-0.00634765625,1.029296875,1.0294583101728954
1785956117944,0.01953125,-0.0048828125,1.0302734375,1.030470119703885
1785956117954,0.02001953125,-0.00439453125,1.03076171875,1.0309654768113388
1785956117964,0.01806640625,-0.00537109375,1.0283203125,1.0284930280672586
1785956117975,0.0166015625,-0.0048828125,1.0302734375,1.0304187545621528
1785956117985,0.01953125,-0.00390625,1.0302734375,1.0304659550580462
1785956117995,0.01953125,-0.00439453125,1.0302734375,1.0304679216984565
1785956118005,0.02001953125,-0.00439453125,1.029296875,1.0295009229821712
1785956118014,0.02001953125,-0.0048828125,1.03076171875,1.0309676737559883
1785956118024,0.01904296875,-0.00341796875,1.03076171875,1.0309432758448176
1785956118035,0.01611328125,-0.00341796875,1.03076171875,1.0308933219220462
1785956118045,0.0166015625,-0.00537109375,1.029296875,1.0294447617090867
1785956118055,0.01953125,-0.00537109375,1.029296875,1.0294961754467082
1785956118065,0.01953125,-0.00390625,1.0302734375,1.0304659550580462
1785956118076,0.0185546875,-0.00537109375,1.02978515625,1.0299663067834457
1785956118086,0.01904296875,-0.005859375,1.029296875,1.0294896909726536
1785956118095,0.02001953125,-0.00439453125,1.02880859375,1.0290127385558594
1785956118105,0.02099609375,-0.00439453125,1.0302734375,1.0304967267661418
1785956118115,0.0185546875,-0.00439453125,1.02880859375,1.028985282162472
1785956118125,0.02197265625,-0.0029296875,1.03076171875,1.0310000492395635
1785956118136,0.02001953125,-0.00244140625,1.02978515625,1.029982626129579
1785956118146,0.021484375,-0.00341796875,1.0302734375,1.0305030892227267
1785956118156,0.01904296875,-0.00341796875,1.02880859375,1.0289904954580689
1785956118166,0.01904296875,-0.00244140625,1.02783203125,1.028011322693866
1785956118175,0.02001953125,-0.00390625,1.02978515625,1.0299871399456253
1785956118185,0.01708984375,-0.00537109375,1.03173828125,1.0318937893040032
1785956118196,0.01806640625,-0.0048828125,1.03076171875,1.0309315970194892
1785956118206,0.01904296875,-0.00537109375,1.029296875,1.0294870276946915
1785956118216,0.0185546875,-0.0048828125,1.0302734375,1.0304520727836881
1785956118226,0.01904296875,-0.00439453125,1.03173828125,1.0319233632205567
1785956118237,0.02001953125,-0.00634765625,1.02978515625,1.029999292428968
1785956118247,0.0185546875,-0.0048828125,1.029296875,1.0294756797374567
1785956118256,0.021484375,-0.00390625,1.02978515625,1.0300166528707388
1785956118266,0.01904296875,-0.0048828125,1.0283203125,1.0285082117401014
1785956118276,0.01953125,-0.0029296875,1.02978515625,1.0299745243588538
1785956118287,0.02001953125,-0.0029296875,1.0322265625,1.0324248355356838
1785956118297,0.02001953125,-0.001953125,1.03173828125,1.0319343377005339
1785956118307,0.01953125,-0.00341796875,1.02880859375,1.0289996476242307
1785956118317,0.01953125,-0.00341796875,1.029296875,1.0294878382582788
1785956118328,0.01708984375,-0.00341796875,1.02978515625,1.0299326256132546
1785956118338,0.01904296875,-0.005859375,1.0302734375,1.03046607074288
1785956118347,0.02001953125,-0.00537109375,1.02880859375,1.029017372474048
1785956118357,0.02001953125,-0.0048828125,1.0302734375,1.0304794900954828
1785956118367,0.017578125,-0.00537109375,1.0283203125,1.02848456683933
1785956118377,0.01904296875,-0.00390625,1.02978515625,1.0299686216000528
1785956118388,0.01953125,-0.00341796875,1.029296875,1.0294878382582788
1785956118398,0.0205078125,-0.00439453125,1.03076171875,1.0309750739561536
1785956118408,0.0185546875,-0.00390625,1.029296875,1.0294715110686894
1785956118418,0.01953125,-0.00341796875,1.02978515625,1.0299760289782356
1785956118427,0.01806640625,-0.00341796875,1.03125,1.0314139033604144
1785956118437,0.01806640625,-0.00390625,1.0302734375,1.0304392315133963
1785956118448,0.02001953125,-0.00341796875,1.0283203125,1.0285208453123074
1785956118458,0.01953125,-0.00390625,1.02978515625,1.0299777650747912
1785956118468,0.0166015625,-0.00390625,1.0302734375,1.0304145897087105
1785956118478,0.01806640625,-0.0048828125,1.0283203125,1.0284905940225209
1785956118489,0.01953125,-0.00390625,1.0302734375,1.0304659550580462
1785956118499,0.0185546875,-0.00537109375,1.0302734375,1.0304545021952014
1785956118508,0.02001953125,-0.00537109375,1.0302734375,1.0304819194423585
1785956118518,0.01806640625,-0.00537109375,1.02978515625,1.0299576261748336
1785956118528,0.0205078125,-0.00537109375,1.0302734375,1.0304915210906265
1785956118539,0.01953125,-0.00439453125,1.029296875,1.029491543683694
1785956118549,0.02099609375,-0.00244140625,1.02783203125,1.0280493572201372
1785956118559,0.0205078125,-0.0029296875,1.02880859375,1.0290171407786342
1785956118569,0.0185546875,-0.0029296875,1.02880859375,1.0289800688404624
1785956118580,0.01806640625,-0.00439453125,1.029296875,1.0294647948446138
1785956118588,0.02001953125,-0.00390625,1.02880859375,1.0290107691343102
1785956118599,0.01708984375,-0.00390625,1.03125,1.0313989936239332
1785956118609,0.01806640625,-0.00341796875,1.02978515625,1.0299492927217353
1785956118619,0.017578125,-0.0048828125,1.02880859375,1.0289703372353736
1785956118629,0.0166015625,-0.00390625,1.02978515625,1.0299263753780368
1785956118640,0.017578125,-0.0048828125,1.03076171875,1.0309231558059406
1785956118650,0.017578125,-0.00439453125,1.0283203125,1.028479930520533
1785956118660,0.01904296875,-0.00341796875,1.02978515625,1.0299668854880852
1785956118670,0.01708984375,-0.00439453125,1.02978515625,1.029936329438448
1785956118679,0.0185546875,-0.00439453125,1.0302734375,1.0304498747397646
1785956118689,0.0205078125,-0.00244140625,1.03076171875,1.030968598783914
1785956118700,0.01953125,-0.00341796875,1.02978515625,1.0299760289782356
1785956118710,0.01904296875,-0.00341796875,1.03125,1.0314314711454122
1785956118720,0.01904296875,-0.00244140625,1.0302734375,1.03045230415646
1785956118730,0.02001953125,-0.00439453125,1.03076171875,1.0309654768113388
1785956118741,0.01953125,-0.00390625,1.02978515625,1.0299777650747912
1785956118751,0.0205078125,-0.00439453125,1.02978515625,1.0299987137425364
1785956118760,0.01953125,-0.0029296875,1.033203125,1.0333918667694146
1785956118770,0.0205078125,-0.00439453125,1.029296875,1.0295105337796249
1785956118780,0.01953125,-0.0048828125,1.02734375,1.027540992977183
1785956118790,0.02001953125,-0.005859375,1.03076171875,1.030972761399308
1785956118801,0.01953125,-0.00341796875,1.029296875,1.0294878382582788
1785956118811,0.01806640625,-0.00244140625,1.02783203125,1.0279936964606196
1785956118821,0.01904296875,-0.00341796875,1.02978515625,1.0299668854880852
1785956118831,0.01904296875,-0.00341796875,1.029296875,1.0294786904321793
1785956118840,0.01904296875,-0.00390625,1.02880859375,1.0289922332173982
1785956118851,0.01904296875,-0.00439453125,1.0302734375,1.0304587825729796
1785956118861,0.01953125,-0.00390625,1.0283203125,1.0285131956449187
1785956118871,0.01806640625,-0.00341796875,1.029296875,1.0294610893229192
1785956118881,0.01904296875,-0.00390625,1.03271484375,1.0328977887232904
1785956118892,0.017578125,-0.00439453125,1.029296875,1.0294563416037557
1785956118902,0.01953125,-0.00341796875,1.02880859375,1.0289996476242307
1785956118912,0.01953125,-0.00439453125,1.0283203125,1.0285151660192315
1785956118921,0.0205078125,-0.00537109375,1.02978515625,1.0300033432248865
1785956118931,0.0185546875,-0.00439453125,1.0302734375,1.0304498747397646
1785956118941,0.01953125,-0.00439453125,1.03076171875,1.030956110836889
1785956118952,0.01708984375,-0.005859375,1.0302734375,1.0304318274649984
1785956118962,0.01953125,-0.00341796875,1.03076171875,1.0309524106753873
1785956118972,0.02001953125,-0.00341796875,1.029296875,1.0294972175905146
1785956118982,0.017578125,-0.00390625,1.02734375,1.0275015474108253
1785956118993,0.01953125,-0.00341796875,1.02978515625,1.0299760289782356
1785956119003,0.01904296875,-0.0029296875,1.0302734375,1.0304535767057765
1785956119012,0.01904296875,-0.00341796875,1.02880859375,1.0289904954580689
1785956119022,0.01806640625,-0.00439453125,1.02978515625,1.0299529964869922
1785956119032,0.0185546875,-0.00390625,1.02880859375,1.028983312688373
1785956119042,0.02001953125,-0.00439453125,1.02783203125,1.0280363699791355
1785956119053,0.0185546875,-0.00341796875,1.0283203125,1.0284933757874652
1785956119063,0.01806640625,-0.00390625,1.03125,1.031415637036715
1785956119073,0.01904296875,-0.00390625,1.03125,1.0314332047921844
1785956119083,0.01611328125,-0.005859375,1.029296875,1.0294396665141663
1785956119092,0.01611328125,-0.005859375,1.0302734375,1.0304160936855065
1785956119102,0.01953125,-0.005859375,1.0302734375,1.0304752098037193
1785956119113,0.01904296875,-0.00439453125,1.02880859375,1.0289942026744239
1785956119123,0.0185546875,-0.00244140625,1.02978515625,1.0299551955913118
1785956119133,0.01806640625,-0.00390625,1.0302734375,1.0304392315133963
1785956119143,0.02001953125,-0.00341796875,1.02978515625,1.0299854038648715
1785956119154,0.0185546875,-0.0029296875,1.029296875,1.029468268759089
1785956119164,0.0185546875,-0.0048828125,1.02978515625,1.0299638762204089
1785956119173,0.01953125,-0.00439453125,1.03125,1.0314443000625237
1785956119183,0.021484375,-0.00439453125,1.02978515625,1.030018620369013
1785956119193,0.01904296875,-0.00439453125,1.02978515625,1.0299705891900786
1785956119204,0.0185546875,-0.00537109375,1.0302734375,1.0304545021952014
1785956119214,0.017578125,-0.0048828125,1.029296875,1.0294585417690172
1785956119224,0.01953125,-0.00439453125,1.0283203125,1.0285151660192315
1785956119234,0.01904296875,-0.0048828125,1.02978515625,1.0299727882568357
1785956119245,0.0185546875,-0.00537109375,1.02978515625,1.0299663067834457
1785956119253,0.01904296875,-0.00341796875,1.02978515625,1.0299668854880852
1785956119264,0.01806640625,-0.0029296875,1.0302734375,1.0304359922487685
1785956119274,0.01904296875,-0.00390625,1.03076171875,1.0309450103125433
1785956119284,0.02001953125,-0.00341796875,1.02783203125,1.0280326593087141
1785956119294,0.01806640625,-0.00390625,1.02880859375,1.0289746237870518
1785956119305,0.01806640625,-0.00390625,1.03125,1.031415637036715
1785956119315,0.01904296875,-0.00390625,1.0302734375,1.0304568159151273
1785956119325,0.01708984375,-0.0048828125,1.02783203125,1.0279856949786852
1785956119335,0.01708984375,-0.00537109375,1.03076171875,1.0309173741129425
1785956119344,0.01953125,-0.0048828125,1.02978515625,1.0299819316945853
1785956119354,0.02001953125,-0.005859375,1.029296875,1.0295082179330217
1785956119365,0.0166015625,-0.00634765625,1.02978515625,1.0299385285783547
1785956119375,0.0185546875,-0.0048828125,1.0283203125,1.0284992870129908
1785956119385,0.01806640625,-0.00537109375,1.029296875,1.0294694267279758
1785956119395,0.0185546875,-0.0048828125,1.03125,1.0314284661507713
1785956119406,0.02099609375,-0.00341796875,1.02978515625,1.0300048478021702
1785956119416,0.0185546875,-0.0029296875,1.029296875,1.029468268759089
1785956119425,0.01953125,-0.0029296875,1.03076171875,1.030950907480984
1785956119435,0.0205078125,-0.00244140625,1.0283203125,1.0285276836031738
1785956119445,0.01953125,-0.001953125,1.02685546875,1.0270430556337988
1785956119456,0.017578125,-0.00390625,1.029296875,1.0294543730308516
1785956119466,0.017578125,-0.0048828125,1.02880859375,1.0289703372353736
1785956119476,0.01806640625,-0.0029296875,1.0302734375,1.0304359922487685
1785956119486,0.0185546875,-0.00439453125,1.02880859375,1.028985282162472
1785956119497,0.0166015625,-0.00439453125,1.02880859375,1.0289519164451764
1785956119505,0.01611328125,-0.00537109375,1.0302734375,1.0304134328019892
1785956119516,0.017578125,-0.00634765625,1.02978515625,1.0299547326223715
1785956119526,0.017578125,-0.0048828125,1.029296875,1.0294585417690172
1785956119536,0.01708984375,-0.00439453125,1.02783203125,1.0279834916611295
1785956119546,0.0185546875,-0.00439453125,1.0302734375,1.0304498747397646
1785956119557,0.021484375,-0.0048828125,1.02978515625,1.0300208193332248
1785956119567,0.02099609375,-0.00439453125,1.029296875,1.0295203760695713
1785956119577,0.02001953125,-0.00390625,1.0283203125,1.0285225838651428
1785956119586,0.0205078125,-0.00439453125,1.02978515625,1.0299987137425364
1785956119596,0.02001953125,-0.00439453125,1.029296875,1.0295009229821712
1785956119606,0.0185546875,-0.00390625,1.02783203125,1.0280069161638876
1785956119617,0.0205078125,-0.00439453125,1.0302734375,1.0304868938014247
1785956119627,0.01953125,-0.00537109375,1.02978515625,1.0299843622150147
1785956119637,0.017578125,-0.00390625,1.02978515625,1.0299425796132593
1785956119647,0.01904296875,-0.00439453125,1.03076171875,1.030946976039105
1785956119658,0.0166015625,-0.0048828125,1.02978515625,1.0299305422057297
1785956119668,0.01708984375,-0.0048828125,1.0302734375,1.0304267371508642
1785956119677,0.017578125,-0.00439453125,1.029296875,1.0294563416037557
1785956119687,0.0185546875,-0.00439453125,1.02880859375,1.028985282162472
1785956119697,0.01953125,-0.00439453125,1.02978515625,1.02997973264735
1785956119707,0.01806640625,-0.0029296875,1.02880859375,1.0289713799117497
1785956119718,0.0185546875,-0.0029296875,1.02978515625,1.0299564687548242
1785956119728,0.01806640625,-0.0029296875,1.029296875,1.029459583950921
1785956119738,0.0205078125,-0.00146484375,1.0302734375,1.0304785646285
1785956119748,0.01904296875,-0.0048828125,1.0283203125,1.0285082117401014
1785956119757,0.01953125,-0.00439453125,1.029296875,1.029491543683694
1785956119768,0.01953125,-0.00439453125,1.029296875,1.029491543683694
1785956119778,0.02001953125,-0.0048828125,1.029296875,1.0295031230521574
1785956119788,0.01904296875,-0.00537109375,1.02978515625,1.0299752187988416
1785956119798,0.0205078125,-0.0048828125,1.029296875,1.0295127338290726
1785956119809,0.02001953125,-0.0048828125,1.02880859375,1.029014939669601
1785956119819,0.01806640625,-0.0048828125,1.02978515625,1.0299551955913118
1785956119829,0.0205078125,-0.00390625,1.02978515625,1.0299967462062365
1785956119838,0.02001953125,-0.00390625,1.0283203125,1.0285225838651428
1785956119848,0.0185546875,-0.00390625,1.02783203125,1.0280069161638876
1785956119858,0.0185546875,-0.00390625,1.02978515625,1.0299597095275728
1785956119869,0.0185546875,-0.00341796875,1.0302734375,1.0304461727604528
1785956119879,0.01806640625,-0.00341796875,1.0302734375,1.0304374961943263
1785956119889,0.0185546875,-0.00439453125,1.0302734375,1.0304498747397646
1785956119899,0.0205078125,-0.00244140625,1.0302734375,1.0304804155616345
1785956119910,0.0185546875,-0.00244140625,1.0283203125,1.0284905940225209
1785956119918,0.017578125,-0.0048828125,1.02978515625,1.0299467463753953
1785956119929,0.01806640625,-0.005859375,1.03076171875,1.0309366848408466
1785956119939,0.01806640625,-0.005859375,1.029296875,1.029472090051472
1785956119949,0.017578125,-0.00390625,1.029296875,1.0294543730308516
1785956119959,0.01953125,-0.0048828125,1.029296875,1.0294937437737242
1785956119970,0.0234375,-0.005859375,1.03173828125,1.0320210897449453
1785956119980,0.01953125,-0.00439453125,1.0302734375,1.0304679216984565
1785956119990,0.01953125,-0.0048828125,1.02734375,1.027540992977183
1785956120000,0.0185546875,-0.00341796875,1.02880859375,1.0289815749139783
1785956120009,0.017578125,-0.0029296875,1.0283203125,1.028474714636904
1785956120019,0.01904296875,-0.00439453125,1.02978515625,1.0299705891900786
1785956120030,0.0205078125,-0.00439453125,1.02978515625,1.0299987137425364
1785956120040,0.01806640625,-0.00390625,1.02978515625,1.029951028863358
1785956120050,0.0185546875,-0.00341796875,1.02978515625,1.0299579734005828
1785956120060,0.01806640625,-0.00439453125,1.0302734375,1.0304411982048096
1785956120071,0.017578125,-0.0048828125,1.03125,1.031411360629902
1785956120081,0.017578125,-0.00341796875,1.03173828125,1.03189367377923
1785956120090,0.017578125,-0.00439453125,1.0302734375,1.0304327529739576
1785956120100,0.01806640625,-0.0048828125,1.029296875,1.0294669949918092
1785956120110,0.01904296875,-0.00439453125,1.02978515625,1.0299705891900786
1785956120121,0.01904296875,-0.0048828125,1.03271484375,1.0329019435640105
1785956120131,0.01953125,-0.00341796875,1.029296875,1.0294878382582788
1785956120141,0.02099609375,-0.0029296875,1.0283203125,1.0285388102165636
1785956120151,0.01904296875,-0.00341796875,1.03125,1.0314314711454122
1785956120162,0.01806640625,-0.00341796875,1.02880859375,1.0289728859979832
1785956120172,0.02001953125,-0.00390625,1.02880859375,1.0290107691343102
1785956120181,0.0205078125,-0.00439453125,1.0283203125,1.028534174142279
1785956120191,0.017578125,-0.00341796875,1.029296875,1.0294526360516336
1785956120201,0.01904296875,-0.0048828125,1.0302734375,1.0304609805979021
1785956120211,0.02001953125,-0.00390625,1.03125,1.0314516968431107
1785956120222,0.0185546875,-0.00439453125,1.029296875,1.0294734796088219
1785956120232,0.02001953125,-0.00537109375,1.02880859375,1.029017372474048
1785956120242,0.01953125,-0.005859375,1.0302734375,1.0304752098037193
1785956120251,0.0185546875,-0.00537109375,1.029296875,1.0294781114531089
1785956120261,0.01806640625,-0.00390625,1.0283203125,1.028486421360997
1785956120271,0.0205078125,-0.00341796875,1.03125,1.031459555864364
1785956120282,0.01953125,-0.0029296875,1.0302734375,1.030462715877424
1785956120292,0.01904296875,-0.00439453125,1.0302734375,1.0304587825729796
1785956120302,0.0185546875,-0.00244140625,1.02978515625,1.0299551955913118
1785956120312,0.0185546875,-0.0029296875,1.029296875,1.029468268759089
1785956120323,0.01806640625,-0.001953125,1.0302734375,1.0304336784820856
1785956120333,0.01806640625,-0.00341796875,1.02978515625,1.0299492927217353
1785956120342,0.0166015625,-0.0048828125,1.03125,1.0313951794706777
1785956120352,0.01611328125,-0.00439453125,1.0302734375,1.0304088051621139
1785956120362,0.01904296875,-0.0048828125,1.0283203125,1.0285082117401014
1785956120372,0.01904296875,-0.005859375,1.02978515625,1.0299778808144575
1785956120383,0.02001953125,-0.0068359375,1.02978515625,1.030002417330081
1785956120393,0.02197265625,-0.005859375,1.03173828125,1.0319888618075175
1785956120403,0.0244140625,-0.005859375,1.03125,1.031555592890245
1785956120414,0.0205078125,-0.00634765625,1.02978515625,1.0300088985762406
1785956120422,0.01806640625,-0.01220703125,1.02685546875,1.0270869293046772
1785956120433,0.01953125,0.0068359375,1.02734375,1.0275521302747268
1785956120443,0.0205078125,-0.00341796875,1.03076171875,1.0309713738627106
1785956120453,0.01953125,-0.00537109375,1.029296875,1.0294961754467082
1785956120463,0.02099609375,-0.01171875,1.03271484375,1.0329947306525373
1785956120474,0.015625,0.00830078125,1.02783203125,1.027984303410252
1785956120484,0.0185546875,-0.0048828125,1.03125,1.0314284661507713
1785956120494,0.01708984375,-0.0048828125,1.0283203125,1.0284739032748509
1785956120503,0.0166015625,-0.00439453125,1.029296875,1.0294401297147466
1785956120513,0.01611328125,-0.00634765625,1.02783203125,1.027977925364164
1785956120523,0.01708984375,-0.00537109375,1.029296875,1.0294527518503394
1785956120534,0.01904296875,-0.00439453125,1.03125,1.0314351695883366
1785956120544,0.01904296875,-0.0048828125,1.029296875,1.0294845960001
1785956120554,0.01904296875,-0.00439453125,1.02880859375,1.0289942026744239
1785956120564,0.01806640625,-0.00390625,1.029296875,1.0294628262878744
1785956120575,0.01953125,-0.00390625,1.0302734375,1.0304659550580462
1785956120583,0.017578125,-0.0029296875,1.0302734375,1.0304275469752493
1785956120594,0.021484375,-0.00244140625,1.02978515625,1.030012139184027
1785956120604,0.021484375,-0.00439453125,1.02880859375,1.0290422794267982
1785956120614,0.01953125,-0.00341796875,1.029296875,1.0294878382582788
1785956120624,0.01953125,-0.00390625,1.029296875,1.0294895751781028
1785956120635,0.02099609375,-0.00439453125,1.02880859375,1.0290322008720225
1785956120645,0.0205078125,-0.00439453125,1.03173828125,1.031951434552589
1785956120655,0.01953125,-0.0048828125,1.02978515625,1.0299819316945853
1785956120664,0.017578125,-0.005859375,1.02978515625,1.0299518390617801
1785956120674,0.017578125,-0.0048828125,1.029296875,1.0294585417690172
1785956120685,0.01611328125,-0.00341796875,1.03076171875,1.0308933219220462
1785956120695,0.01708984375,-0.00390625,1.029296875,1.0294461513033246
1785956120705,0.01806640625,-0.00341796875,1.02978515625,1.0299492927217353
1785956120715,0.017578125,-0.00439453125,1.02880859375,1.0289681360262208
1785956120726,0.017578125,-0.00341796875,1.03271484375,1.0328700893580367
1785956120736,0.01708984375,-0.00390625,1.029296875,1.0294461513033246
1785956120746,0.01904296875,-0.00341796875,1.02685546875,1.0270377163819115
1785956120755,0.01904296875,-0.00390625,1.0302734375,1.0304568159151273
1785956120765,0.01953125,-0.00537109375,1.03076171875,1.030960736020091
1785956120775,0.01806640625,-0.00390625,1.02880859375,1.0289746237870518
1785956120786,0.01904296875,-0.005859375,1.02978515625,1.0299778808144575
1785956120796,0.0205078125,-0.00537109375,1.02978515625,1.0300033432248865
1785956120806,0.02001953125,-0.00537109375,1.03076171875,1.0309701019525228
1785956120816,0.015625,-0.00634765625,1.03076171875,1.0308996819309444
1785956120827,0.02001953125,-0.00537109375,1.02978515625,1.0299937370258025
1785956120835,0.02001953125,-0.00537109375,1.029296875,1.0295055547029879
1785956120846,0.01904296875,-0.00537109375,1.0302734375,1.0304634099884145
1785956120856,0.01708984375,-0.0029296875,1.029296875,1.0294429089138517
1785956120866,0.01904296875,-0.00390625,1.03076171875,1.0309450103125433
1785956120876,0.01904296875,-0.00341796875,1.03173828125,1.0319196665273385
1785956120887,0.01611328125,-0.00390625,1.03076171875,1.0308950564738188
1785956120897,0.01708984375,-0.00390625,1.029296875,1.0294461513033246
1785956120907,0.0166015625,-0.00390625,1.0283203125,1.0284617327672438
1785956120916,0.0166015625,-0.00439453125,1.0283203125,1.0284637032401514
1785956120926,0.01611328125,-0.00341796875,1.02880859375,1.0289404467299699
1785956120936,0.01708984375,-0.00439453125,1.029296875,1.0294481198919507
1785956120947,0.0185546875,-0.00439453125,1.029296875,1.0294734796088219
1785956120957,0.01904296875,-0.00537109375,1.03076171875,1.0309516012632887
1785956120967,0.02001953125,-0.00341796875,1.0302734375,1.0304735902292266
1785956120977,0.02099609375,-0.0048828125,1.029296875,1.0295225760979865
1785956120988,0.0224609375,-0.0048828125,1.02978515625,1.030041651392858
1785956120997,0.0205078125,-0.0048828125,1.03076171875,1.0309772708803524
1785956121007,0.0205078125,-0.00390625,1.0302734375,1.030484927197222
1785956121017,0.0205078125,-0.00390625,1.029296875,1.0295085653103442
1785956121027,0.01806640625,-0.0048828125,1.03173828125,1.031907998752507
1785956121038,0.0185546875,-0.0048828125,1.0283203125,1.0284992870129908
1785956121048,0.01806640625,-0.00341796875,1.02880859375,1.0289728859979832
1785956121058,0.01806640625,-0.00439453125,1.02783203125,1.0280001903711877
1785956121068,0.0185546875,-0.00537109375,1.02978515625,1.0299663067834457
1785956121079,0.01708984375,-0.00390625,1.02783203125,1.0279815202677347
1785956121087,0.01806640625,-0.00390625,1.02978515625,1.029951028863358
1785956121098,0.01806640625,-0.00390625,1.03125,1.031415637036715
1785956121108,0.01953125,-0.0048828125,1.0302734375,1.030470119703885
1785956121118,0.017578125,-0.00537109375,1.0302734375,1.0304373805062845
1785956121128,0.017578125,-0.00439453125,1.03173828125,1.031897370565565
1785956121139,0.01806640625,-0.00341796875,1.03173828125,1.0319021070537022
1785956121149,0.02001953125,-0.0048828125,1.0302734375,1.0304794900954828
1785956121159,0.017578125,-0.00439453125,1.0302734375,1.0304327529739576
1785956121168,0.01611328125,-0.0478515625,1.02978515625,1.0310222489835852
1785956121178,0.01416015625,-0.0185546875,1.0322265625,1.0324904177685204
1785956121188,-0.02734375,0.0859375,1.04638671875,1.0502657281596426
1785956121199,-0.04345703125,0.06787109375,1.05322265625,1.0563015490711876
1785956121209,-0.05517578125,-0.0498046875,1.09033203125,1.0928626684553149
1785956121219,-0.115234375,-0.09716796875,1.17578125,1.185403780652063
1785956121229,0.095703125,-0.01611328125,1.42333984375,1.4266446778275528
1785956121240,-0.0205078125,-0.07275390625,1.44091796875,1.442899266724741
1785956121248,-0.05859375,-0.0537109375,1.58154296875,1.5835391546623516
1785956121259,0.1572265625,0.04345703125,1.81640625,1.823716088254883
1785956121269,0.06396484375,0.05810546875,1.78173828125,1.7838326854294164
1785956121279,-0.0283203125,-0.0712890625,1.49609375,1.498058970575354
1785956121289,0.00390625,-0.0703125,1.31982421875,1.3217015831284913
1785956121300,0.04052734375,0.00634765625,1.2744140625,1.2750741002110633
1785956121310,-0.01611328125,0.00439453125,1.16748046875,1.1675999291924732
1785956121320,-0.02734375,-0.0166015625,1.02978515625,1.0302818840367625
1785956121329,-0.07421875,-0.01806640625,0.9140625,0.9172486422953171
1785956121339,-0.1328125,-0.00048828125,0.73486328125,0.7467686661238175
1785956121350,-0.0498046875,0.015625,0.47216796875,0.47504445921984356
1785956121360,-0.01904296875,0.07470703125,0.1728515625,0.18926552204692051
1785956121370,-0.1767578125,0.072265625,-0.23486328125,0.30269853933566043
1785956121380,-0.1728515625,0.044921875,-0.82666015625,0.8457320210583736
1785956121391,-0.1552734375,-0.12841796875,-1.66796875,1.6800954633792404
1785956121401,-0.01904296875,-0.4423828125,-2.384765625,2.4255251541956566
1785956121411,0.029296875,-0.6142578125,-2.34619140625,2.4254453368120674
1785956121420,-0.0546875,-0.9345703125,-2.11279296875,2.310910322894862
1785956121430,0.23681640625,-0.822265625,-0.31591796875,0.9121441395442562
1785956121440,-0.85595703125,1.32080078125,4.0009765625,4.299417471794434
1785956121451,3.16943359375,-3.10009765625,1.34619140625,4.633373078626319
1785956121461,0.28173828125,0.005859375,0.81982421875,0.8669039975949716
1785956121471,-0.1416015625,0.35400390625,0.98486328125,1.056089698319805
1785956121481,0.0009765625,-0.419921875,1.08349609375,1.1620237174642094
1785956121492,-0.13232421875,-1.09375,0.97705078125,1.4725579752624456
1785956121500,0.22802734375,0.5166015625,0.9794921875,1.1306098306881367
1785956121511,0.12548828125,0.90185546875,1.13037109375,1.451492130475027
1785956121521,-0.0166015625,0.087890625,1.013671875,1.0176104578896326
1785956121531,0.00341796875,-0.078125,0.953125,0.9563275922822555
1785956121541,0.0234375,-0.00048828125,1.0498046875,1.05006639633968
1785956121552,0.0185546875,-0.01953125,1.03955078125,1.0398997898606723
1785956121562,0.01611328125,-0.017578125,1.0517578125,1.0520281006066057
1785956121572,0.01123046875,-0.01171875,1.06787109375,1.0679944407143365
1785956121582,0.01708984375,-0.00439453125,0.955078125,0.955241121140533
1785956121591,0.01513671875,-0.00146484375,0.9921875,0.9923040366631481
1785956121601,0.01611328125,-0.00390625,1.1005859375,1.1007108169017228
1785956121612,0.01171875,0.00146484375,1.05859375,1.0586596253791096
1785956121622,0.03955078125,-0.05419921875,1.0087890625,1.0110178990652068
1785956121632,0.0185546875,0.04248046875,1.0087890625,1.0098535731842866
1785956121643,0.01513671875,0.00830078125,1.0126953125,1.0128424453898788
1785956121653,0.029296875,-0.01220703125,1.048828125,1.0493082265415248
1785956121663,0.0234375,-0.0048828125,1.0615234375,1.0617933728489628
1785956121672,0.02099609375,-0.0078125,0.99560546875,0.9958574800210701
1785956121682,0.01611328125,-0.0087890625,1.0,1.0001684285420485
1785956121692,0.01513671875,-0.0087890625,1.05615234375,1.0562973734146857
1785956121703,0.01513671875,-0.01318359375,1.048828125,1.0490201919837852
1785956121713,0.01708984375,-0.0244140625,1.02490234375,1.0253355174923946
1785956121723,-0.00146484375,0.0029296875,1.0107421875,1.0107474948909567
1785956121733,0.00830078125,-0.00390625,1.017578125,1.017619478113965
1785956121744,0.015625,-0.01171875,1.046875,1.047057178644778
1785956121752,0.01708984375,-0.0107421875,1.04736328125,1.047557778961357
1785956121763,0.02197265625,-0.0078125,1.01708984375,1.0173571560854773
1785956121773,0.02392578125,-0.0068359375,1.0146484375,1.0149535086747166
1785956121783,0.02587890625,-0.00634765625,1.03076171875,1.0311060718320975
1785956121793,0.029296875,-0.0078125,1.0361328125,1.0365763585863685
1785956121804,0.02734375,-0.01220703125,1.041015625,1.0414462174160226
1785956121814,0.02587890625,-0.0146484375,1.0244140625,1.0248455815183288
1785956121824,0.02587890625,-0.0107421875,1.00927734375,1.0096662166221255
1785956121833,0.02294921875,-0.01171875,1.0341796875,1.0345006630159284
1785956121843,0.01953125,-0.0107421875,1.0498046875,1.050041306909314
1785956121853,0.0185546875,-0.00927734375,1.025390625,1.0256004482122505
1785956121864,0.01708984375,-0.0068359375,1.01806640625,1.0182327829802444
1785956121874,0.0146484375,-0.0068359375,1.0283203125,1.0284473597918335
1785956121884,0.01416015625,-0.0068359375,1.037109375,1.0372285648686208
1785956121894,0.01318359375,-0.005859375,1.03759765625,1.0376979501160484
1785956121905,0.0146484375,-0.005859375,1.0244140625,1.024535543768168
1785956121915,0.01611328125,-0.00390625,1.017578125,1.0177131900001197
1785956121924,0.015625,-0.00634765625,1.0302734375,1.0304114660575816
1785956121934,0.01953125,-0.00927734375,1.03857421875,1.038799281230879
1785956121944,0.02001953125,-0.0126953125,1.0263671875,1.0266409090658732
1785956121955,0.0185546875,-0.0146484375,1.02587890625,1.0261512478373305
1785956121965,0.0224609375,-0.013671875,1.03076171875,1.031097053976903
1785956121975,0.025390625,-0.01416015625,1.02685546875,1.0272669310187579
1785956121985,0.025390625,-0.01611328125,1.0322265625,1.032664513770614
1785956121996,0.02587890625,-0.013671875,1.03564453125,1.0360580259149312
1785956122004,0.0263671875,-0.009765625,1.02294921875,1.023335575532062
1785956122015,0.02587890625,-0.0087890625,1.0244140625,1.0247785794287851
1785956122025,0.025390625,-0.005859375,1.03857421875,1.0389010655329285
1785956122035,0.02392578125,-0.005859375,1.033203125,1.0334967212302026
1785956122045,0.0205078125,-0.00634765625,1.02197265625,1.0221981086052174
1785956122056,0.01806640625,-0.00439453125,1.0283203125,1.028488391786604
1785956122066,0.015625,-0.005859375,1.0341796875,1.0343143134163755
1785956122076,0.0146484375,-0.00830078125,1.02978515625,1.0299227872629038
1785956122085,0.01171875,-0.0087890625,1.02685546875,1.0269599458708083
1785956122095,0.01025390625,-0.00927734375,1.02880859375,1.0289015182583279
1785956122105,0.01220703125,-0.0107421875,1.029296875,1.0294253071927992
1785956122116,0.015625,-0.0107421875,1.02978515625,1.0299597095275728
1785956122126,0.01806640625,-0.009765625,1.03076171875,1.0309662862125437
1785956122136,0.01904296875,-0.009765625,1.0283203125,1.0285429826655528
1785956122146,0.02197265625,-0.0107421875,1.02880859375,1.0290992735342972
1785956122157,0.0234375,-0.01025390625,1.03173828125,1.0320553957982768
1785956122165,0.0234375,-0.00830078125,1.029296875,1.029597142702123
1785956122176,0.0263671875,-0.00927734375,1.029296875,1.0296763348589115
1785956122186,0.02685546875,-0.00830078125,1.03076171875,1.031144917075964
1785956122196,0.0263671875,-0.0078125,1.02783203125,1.0281998580997818
1785956122206,0.02490234375,-0.01025390625,1.0302734375,1.0306253564393286
1785956122217,0.02294921875,-0.01220703125,1.03125,1.0315775495585264
1785956122227,0.02001953125,-0.0107421875,1.03076171875,1.0310120741602442
1785956122237,0.01806640625,-0.01318359375,1.03076171875,1.0310043273524168
1785956122247,0.01611328125,-0.0126953125,1.02978515625,1.0299894547154118
1785956122256,0.0166015625,-0.01025390625,1.02880859375,1.0289936234227488
1785956122267,0.01416015625,-0.0107421875,1.029296875,1.029450320074784
1785956122277,0.015625,-0.009765625,1.03173828125,1.031902800196484
1785956122287,0.015625,-0.0078125,1.0302734375,1.030421531121762
1785956122297,0.015625,-0.00927734375,1.0283203125,1.0284808577859645
1785956122308,0.01708984375,-0.009765625,1.0283203125,1.0285086753601729
1785956122318,0.01806640625,-0.00732421875,1.02880859375,1.0289932758715872
1785956122328,0.021484375,-0.00732421875,1.02783203125,1.0280826362763547
1785956122337,0.02392578125,-0.0087890625,1.0283203125,1.0286361629498302
1785956122347,0.02392578125,-0.009765625,1.02978515625,1.0301093526771323
1785956122357,0.02099609375,-0.01123046875,1.0302734375,1.030548550723919
1785956122368,0.0205078125,-0.009765625,1.03076171875,1.0310119585366748
1785956122378,0.02392578125,-0.009765625,1.02880859375,1.0291330978128708
1785956122388,0.02294921875,-0.01123046875,1.029296875,1.0296139310218884
1785956122398,0.0205078125,-0.0107421875,1.03369140625,1.0339506218001528
1785956122409,0.01953125,-0.01171875,1.02880859375,1.0290606985994448
1785956122417,0.02001953125,-0.01220703125,1.02685546875,1.027123141081531
1785956122428,0.01708984375,-0.01171875,1.02880859375,1.0290172566263476
1785956122438,0.01806640625,-0.009765625,1.03076171875,1.0309662862125437
1785956122448,0.01513671875,-0.00830078125,1.02783203125,1.0279769976450728
1785956122458,0.0166015625,-0.00927734375,1.02978515625,1.029960751202362
1785956122469,0.017578125,-0.0087890625,1.0322265625,1.0324136353364919
1785956122479,0.01611328125,-0.00830078125,1.02880859375,1.0289682518794516
1785956122489,0.017578125,-0.00830078125,1.02880859375,1.0289922332173982
1785956122498,0.01708984375,-0.0107421875,1.02880859375,1.0290065985821166
1785956122508,0.02001953125,-0.01220703125,1.02978515625,1.030052067264682
1785956122518,0.01806640625,-0.00927734375,1.03076171875,1.030961776683452
1785956122529,0.0185546875,-0.00927734375,1.029296875,1.029505902081209
1785956122539,0.01904296875,-0.00927734375,1.029296875,1.0295148180821074
1785956122549,0.02197265625,-0.0087890625,1.0302734375,1.0305451961269705
1785956122560,0.02392578125,-0.009765625,1.03125,1.031573736065466
1785956122570,0.0224609375,-0.01123046875,1.03076171875,1.0310675719768214
1785956122580,0.0244140625,-0.01123046875,1.03125,1.031600083547931
1785956122589,0.0205078125,-0.0107421875,1.0302734375,1.0305335127902862
1785956122599,0.0224609375,-0.00830078125,1.0283203125,1.028599077280763
1785956122609,0.01953125,-0.0087890625,1.029296875,1.0295196813227794
1785956122620,0.02001953125,-0.00927734375,1.029296875,1.0295333445903008
1785956122630,0.017578125,-0.0107421875,1.0283203125,1.0285266404769973
1785956122640,0.015625,-0.01171875,1.0283203125,1.028505777731297
1785956122650,0.01513671875,-0.01171875,1.0322265625,1.0324040515644277
1785956122661,0.0166015625,-0.01123046875,1.03173828125,1.0319329514568716
1785956122669,0.0166015625,-0.01220703125,1.0283203125,1.028526756379958
1785956122680,0.01318359375,-0.013671875,1.02490234375,1.025078309952183
1785956122690,0.0205078125,-0.00927734375,1.03271484375,1.0329601095793475
1785956122700,0.02099609375,-0.0087890625,1.0322265625,1.032477486390359
1785956122710,0.01904296875,-0.00927734375,1.02880859375,1.0290266402478225
1785956122721,0.02099609375,-0.0087890625,1.02685546875,1.0271077048071298
1785956122731,0.02001953125,-0.00927734375,1.02880859375,1.0290451755449699
1785956122741,0.02294921875,-0.00732421875,1.0322265625,1.0325076208687758
1785956122750,0.0244140625,-0.00830078125,1.0302734375,1.0305960922860036
1785956122760,0.02294921875,-0.0087890625,1.02783203125,1.0281257698960595
1785956122770,0.0224609375,-0.0107421875,1.02880859375,1.029109814781453
1785956122781,0.02099609375,-0.01123046875,1.02978515625,1.0300603998863078
1785956122791,0.01904296875,-0.009765625,1.02685546875,1.027078456493094
1785956122801,0.01904296875,-0.0107421875,1.02880859375,1.0290408892871805
1785956122811,0.017578125,-0.01025390625,1.03271484375,1.0329153312704222
1785956122822,0.017578125,-0.01123046875,1.02880859375,1.0290200369675573
1785956122831,0.0185546875,-0.0078125,1.03076171875,1.0309583078014972
1785956122841,0.01611328125,-0.00927734375,1.03125,1.031417601866333
1785956122851,0.01708984375,-0.01025390625,1.03076171875,1.0309543763878386
1785956122861,0.017578125,-0.01025390625,1.02734375,1.0275452854915748
1785956122872,0.01806640625,-0.01025390625,1.029296875,1.0295064810446506
1785956122882,0.01904296875,-0.009765625,1.02978515625,1.0300075097412111
1785956122892,0.021484375,-0.0087890625,1.029296875,1.029558586421159
1785956122902,0.02197265625,-0.00830078125,1.02978515625,1.030052993114858
1785956122913,0.02099609375,-0.00830078125,1.0302734375,1.030520788213506
1785956122921,0.02099609375,-0.0078125,1.0283203125,1.0285643082516067
1785956122932,0.0205078125,-0.01025390625,1.025390625,1.0256469406208013
1785956122942,0.0224609375,-0.0078125,1.03076171875,1.0310360079599952
1785956122952,0.02099609375,-0.0078125,1.03076171875,1.0310051367231217
1785956122962,0.0205078125,-0.00830078125,1.03076171875,1.0309991242398557
1785956122973,0.02294921875,-0.0087890625,1.0283203125,1.0286139117088402
1785956122983,0.0205078125,-0.00927734375,1.02880859375,1.02905479059885
1785956122993,0.0205078125,-0.0078125,1.03125,1.0314834792810716
1785956123002,0.02001953125,-0.00830078125,1.02783203125,1.0280604890104137
1785956123012,0.01904296875,-0.0078125,1.03125,1.0314553952135126
1785956123022,0.01806640625,-0.009765625,1.02880859375,1.0290135494930488
1785956123033,0.01708984375,-0.0087890625,1.03125,1.031429044035036
1785956123043,0.017578125,-0.01025390625,1.029296875,1.029498028146079
1785956123053,0.01904296875,-0.01171875,1.0283203125,1.0285633810614072
1785956123063,0.017578125,-0.009765625,1.02978515625,1.029981468737663
1785956123074,0.01708984375,-0.00830078125,1.029296875,1.0294722058479895
1785956123082,0.01806640625,-0.009765625,1.029296875,1.0295017335348184
1785956123093,0.01953125,-0.009765625,1.0283203125,1.028552138813731
1785956123103,0.01953125,-0.009765625,1.03076171875,1.0309929960958306
1785956123113,0.01953125,-0.01025390625,1.03076171875,1.0309977367387382
1785956123123,0.02099609375,-0.0078125,1.029296875,1.0295406393114235
1785956123134,0.02099609375,-0.00732421875,1.02978515625,1.030025217247565
1785956123144,0.021484375,-0.00830078125,1.02685546875,1.0271137400698538
1785956123154,0.02197265625,-0.009765625,1.02880859375,1.0290895430564697
1785956123163,0.021484375,-0.0087890625,1.0283203125,1.0285822723967526
1785956123173,0.0205078125,-0.00927734375,1.0283203125,1.0285666262234492
1785956123184,0.02001953125,-0.009765625,1.03076171875,1.031002361735202
1785956123194,0.01708984375,-0.00830078125,1.0302734375,1.0304486021858763
1785956123204,0.0185546875,-0.00732421875,1.0283203125,1.0285137751671671
1785956123214,0.017578125,-0.0087890625,1.029296875,1.0294844802049763
1785956123225,0.0185546875,-0.00830078125,1.03076171875,1.0309621235710054
1785956123235,0.01708984375,-0.01025390625,1.02978515625,1.029977996554111
1785956123244,0.0166015625,-0.0087890625,1.02978515625,1.0299564687548242
1785956123254,0.01806640625,-0.00927734375,1.0302734375,1.0304735902292266
1785956123264,0.01708984375,-0.00927734375,1.03173828125,1.031921514875603
1785956123274,0.01806640625,-0.00927734375,1.0302734375,1.0304735902292266
1785956123285,0.02001953125,-0.00830078125,1.02978515625,1.0300131808057928
1785956123295,0.01953125,-0.0078125,1.02880859375,1.0290236282305014
1785956123305,0.02099609375,-0.0087890625,1.03076171875,1.0310129991483337
1785956123315,0.021484375,-0.0107421875,1.03173828125,1.0320178554454036
1785956123326,0.0205078125,-0.009765625,1.0302734375,1.0305237958549245
1785956123334,0.0185546875,-0.00830078125,1.02880859375,1.0290093789521237
1785956123345,0.01953125,-0.0078125,1.03076171875,1.0309763458602077
1785956123355,0.02001953125,-0.00830078125,1.0302734375,1.0305013540111903
1785956123365,0.02001953125,-0.00927734375,1.02978515625,1.0300215137420006
1785956123375,0.01953125,-0.0087890625,1.02978515625,1.030007856950144
1785956123386,0.02099609375,-0.0087890625,1.0302734375,1.0305248369595243
1785956123396,0.01806640625,-0.01025390625,1.02880859375,1.0290182992551815
1785956123406,0.01806640625,-0.00927734375,1.02978515625,1.0299854038648715
1785956123415,0.01953125,-0.00927734375,1.03076171875,1.0309884866835672
1785956123425,0.0185546875,-0.0078125,1.02978515625,1.0299819316945853
1785956123435,0.02001953125,-0.00927734375,1.02783203125,1.028068837774021
1785956123446,0.02001953125,-0.01171875,1.02880859375,1.0290700818247924
1785956123456,0.01904296875,-0.0107421875,1.029296875,1.0295290603649148
1785956123466,0.01904296875,-0.009765625,1.0302734375,1.0304956856331424
1785956123476,0.0205078125,-0.0087890625,1.0302734375,1.0305150042630289
1785956123487,0.01806640625,-0.009765625,1.02978515625,1.0299899176687448
1785956123496,0.02099609375,-0.0107421875,1.03173828125,1.0320078059500073
1785956123506,0.02001953125,-0.0087890625,1.029296875,1.0295290603649148
1785956123516,0.02001953125,-0.00927734375,1.03076171875,1.0309978523639025
1785956123526,0.01806640625,-0.0087890625,1.0302734375,1.0304693099129567
1785956123537,0.0205078125,-0.009765625,1.02880859375,1.0290593084847095
1785956123547,0.02099609375,-0.0107421875,1.02880859375,1.0290788857609006
1785956123557,0.02197265625,-0.00830078125,1.029296875,1.0295648388891332
1785956123567,0.0205078125,-0.009765625,1.02978515625,1.0300356332855736
1785956123576,0.0185546875,-0.009765625,1.03076171875,1.0309749583284347
1785956123586,0.01953125,-0.00830078125,1.03173828125,1.031956517345875
1785956123597,0.02001953125,-0.00830078125,1.02880859375,1.0290368347025691
1785956123607,0.01953125,-0.00830078125,1.02978515625,1.0300038061719772
1785956123617,0.0185546875,-0.009765625,1.03076171875,1.0309749583284347
1785956123627,0.0185546875,-0.00927734375,1.02783203125,1.0280413561714234
1785956123638,0.01806640625,-0.0078125,1.02978515625,1.02997325121766
1785956123648,0.02001953125,-0.0087890625,1.0283203125,1.0285527183140377
1785956123658,0.01904296875,-0.0087890625,1.03125,1.0314632542065871
1785956123667,0.0185546875,-0.0087890625,1.02978515625,1.029989801930431
1785956123677,0.01904296875,-0.009765625,1.02978515625,1.0300075097412111
1785956123687,0.0185546875,-0.01025390625,1.029296875,1.029515165457203
1785956123698,0.01953125,-0.009765625,1.02978515625,1.0300166528707388
1785956123708,0.021484375,-0.0087890625,1.02880859375,1.029070429350014
1785956123718,0.02099609375,-0.01025390625,1.03125,1.0315146829038075
1785956123728,0.0205078125,-0.00927734375,1.03173828125,1.0319837791735367
1785956123739,0.0185546875,-0.0087890625,1.0302734375,1.0304779862112134
1785956123747,0.01904296875,-0.009765625,1.0302734375,1.0304956856331424
1785956123758,0.01904296875,-0.0087890625,1.03076171875,1.0309750739561536
1785956123768,0.01806640625,-0.0078125,1.02978515625,1.02997325121766
1785956123778,0.02001953125,-0.00830078125,1.02880859375,1.0290368347025691
1785956123789,0.01904296875,-0.00732421875,1.029296875,1.02949907028801
1785956123799,0.01904296875,-0.0087890625,1.02978515625,1.0299987137425364
1785956123809,0.01904296875,-0.00927734375,1.03125,1.0314675303982521
1785956123819,0.0185546875,-0.00732421875,1.03076171875,1.0309547232778822
1785956123828,0.02001953125,-0.00634765625,1.0283203125,1.0285347536527074
1785956123838,0.01806640625,-0.00732421875,1.0302734375,1.030457857087399
1785956123849,0.0185546875,-0.00830078125,1.0302734375,1.030473937281118
1785956123859,0.017578125,-0.00830078125,1.0322265625,1.032409593997674
