epoch_ms,q0_w,q1_x,q2_y,q3_z
1785956089933,0.9999578595161438,-0.0014313030987977982,-0.009064918383955956,0.0
1785956089942,0.9999578595161438,-0.0014313340652734041,-0.009065071120858192,6.1936344941671e-11
1785956089952,0.9999578595161438,-0.0014314624713733792,-0.009065402671694756,7.520016831463749e-10
1785956089962,0.9999578595161438,-0.00143152114469558,-0.009065679274499416,8.876331891727318e-10
1785956089973,0.9999578595161438,-0.0014315597945824265,-0.00906573049724102,1.1641885233615312e-09
1785956089983,0.9999578595161438,-0.0014316022861748934,-0.009065776132047176,1.4847822971120195e-09
1785956089993,0.9999578595161438,-0.0014316857559606433,-0.009065828286111355,2.1669155358949865e-09
1785956090003,0.9999579787254333,-0.0013679787516593933,-0.0090658999979496,5.834264129589428e-07
1785956090014,0.9999580383300781,-0.001304339850321412,-0.009066035971045494,1.165228582067357e-06
1785956090022,0.9999580979347229,-0.0012462164741009474,-0.009066310711205006,1.7002995491566253e-06
1785956090033,0.9999580979347229,-0.001246398314833641,-0.009066392667591572,1.7018461448969902e-06
1785956090043,0.9999580979347229,-0.0012465554755181074,-0.009066317230463028,1.7033651147357887e-06
1785956090053,0.9999580979347229,-0.001246635103598237,-0.009066282771527767,1.7041309092746815e-06
1785956090063,0.9999580979347229,-0.0012466695625334978,-0.009066282771527767,1.7044428659573896e-06
1785956090074,0.9999580979347229,-0.0012466778280213475,-0.009066280908882618,1.7045204003807157e-06
1785956090084,0.9999580979347229,-0.001246731262654066,-0.009066319093108177,1.704958094705944e-06
1785956090094,0.9999580979347229,-0.0012467586202546954,-0.009066415950655937,1.705085082903679e-06
1785956090104,0.9999580979347229,-0.0012469666544348001,-0.009066903963685036,1.7063625818991568e-06
1785956090113,0.9999580979347229,-0.0012472209054976702,-0.00906754843890667,1.7078647260859725e-06
1785956090123,0.9999580979347229,-0.0012473959941416979,-0.009068114683032036,1.7087461401388282e-06
1785956090134,0.9999580979347229,-0.0012475387193262577,-0.009068316780030727,1.7097881936933845e-06
1785956090144,0.9999580979347229,-0.001247634761966765,-0.009068352170288563,1.7106154928114847e-06
1785956090154,0.9999580979347229,-0.001247844542376697,-0.009068501181900501,1.712331823000568e-06
1785956090164,0.9999580979347229,-0.0012479705037549138,-0.009068635292351246,1.7133071423813817e-06
1785956090175,0.9999580979347229,-0.0012480554869398475,-0.009068652056157589,1.7140573618235067e-06
1785956090185,0.9999580979347229,-0.001248517190106213,-0.009068477898836136,1.7184622720378684e-06
1785956090194,0.9999580979347229,-0.0012489832006394863,-0.009068156592547894,1.7230886442121118e-06
1785956090204,0.9999580979347229,-0.0012492798268795013,-0.009067712351679802,1.7263328118133359e-06
1785956090214,0.9999580979347229,-0.0012494322145357728,-0.009067474864423275,1.72801117059862e-06
1785956090225,0.9999580979347229,-0.0012496255803853273,-0.009067344479262829,1.729927703308931e-06
1785956090235,0.9999580979347229,-0.0012498371070250869,-0.009067264385521412,1.731945985739003e-06
1785956090245,0.9999580979347229,-0.0012499388540163636,-0.009067093022167683,1.7330826267425437e-06
1785956090255,0.9999580979347229,-0.0012502457248046994,-0.009066962637007236,1.7360283663947484e-06
1785956090266,0.9999580979347229,-0.0012506414204835892,-0.009066813625395298,1.739802428346593e-06
1785956090274,0.9999580979347229,-0.0012511981185525656,-0.00906664039939642,1.7450661289331038e-06
1785956090285,0.9999580979347229,-0.0012514730915427208,-0.00906680803745985,1.7473496427555801e-06
1785956090295,0.9999580979347229,-0.001251701731234789,-0.009066985920071602,1.7492001234131749e-06
1785956090305,0.9999581575393677,-0.0011986230965703726,-0.009067055769264698,2.2337378595693735e-06
1785956090315,0.9999581575393677,-0.001198953832499683,-0.009067337028682232,2.2363997231877875e-06
1785956090326,0.9999581575393677,-0.0011991923674941063,-0.009067715145647526,2.2381088911060942e-06
1785956090336,0.9999581575393677,-0.001199345220811665,-0.009067798964679241,2.2393935523723485e-06
1785956090346,0.9999581575393677,-0.0011994225205853581,-0.009067822247743607,2.2400661237043096e-06
1785956090355,0.9999581575393677,-0.0011994914384558797,-0.009068035520613194,2.240434696432203e-06
1785956090365,0.9999581575393677,-0.001199599588289857,-0.009068174287676811,2.241249376311316e-06
1785956090375,0.9999581575393677,-0.0011997368419542909,-0.009068198502063751,2.2424653707275866e-06
1785956090386,0.9999581575393677,-0.001199801336042583,-0.009068257175385952,2.242979689981439e-06
1785956090396,0.9999581575393677,-0.0011999006383121014,-0.009068194776773453,2.2439544409280643e-06
1785956090406,0.9999581575393677,-0.0012001735158264637,-0.009067884646356106,2.2468011593446136e-06
1785956090416,0.9999581575393677,-0.001200610538944602,-0.009067539125680923,2.2511783299705712e-06
1785956090427,0.9999581575393677,-0.0012008845806121826,-0.0090671731159091,2.2541021280630957e-06
1785956090435,0.9999581575393677,-0.0012010505888611078,-0.009066518396139145,2.2563945094589144e-06
1785956090446,0.9999581575393677,-0.001201361184939742,-0.009065897203981876,2.259956090711057e-06
1785956090456,0.9999581575393677,-0.0012018326669931412,-0.009065377525985241,2.2648548565484816e-06
1785956090466,0.9999581575393677,-0.0012019991409033537,-0.009065375663340092,2.2663659819954773e-06
1785956090476,0.9999581575393677,-0.001202321844175458,-0.009065580554306507,2.2690448986395495e-06
1785956090487,0.9999581575393677,-0.0012024983298033476,-0.009065608493983746,2.270610366394976e-06
1785956090497,0.9999581575393677,-0.001202528364956379,-0.009065628983080387,2.270857521580183e-06
1785956090507,0.9999581575393677,-0.0012025063624605536,-0.009065676480531693,2.270601498821634e-06
1785956090518,0.9999581575393677,-0.0012024323223158717,-0.009065942838788033,2.2696108317177277e-06
1785956090526,0.9999581575393677,-0.0012025019386783242,-0.009066085331141949,2.270070581289474e-06
1785956090537,0.9999581575393677,-0.0012029147474095225,-0.009066496975719929,2.2733186142431805e-06
1785956090547,0.9999581575393677,-0.0012033387320116162,-0.009067227132618427,2.276284021718311e-06
1785956090557,0.9999581575393677,-0.0012035974068567157,-0.009067479521036148,2.278325155202765e-06
1785956090567,0.9999581575393677,-0.0012037240667268634,-0.009067488834261894,2.279462933074683e-06
1785956090578,0.9999581575393677,-0.0012038631830364466,-0.009067454375326633,2.2807662389823236e-06
1785956090588,0.9999582767486572,-0.0011242704931646585,-0.009067308157682419,3.0083047022344545e-06
1785956090598,0.9999582767486572,-0.0011247372021898627,-0.009066903032362461,3.0129917831800412e-06
1785956090607,0.9999584555625916,-0.0009865944739431143,-0.009066838771104813,4.2719825614767615e-06
1785956090617,0.9999584555625916,-0.0009866864420473576,-0.009066740982234478,4.272912974556675e-06
1785956090627,0.9999585747718811,-0.0008702737977728248,-0.00906633771955967,5.342846179701155e-06
1785956090638,0.9999586939811707,-0.0007431359263136983,-0.009066122584044933,6.508465503429761e-06
1785956090648,0.9999587535858154,-0.0006900403532199562,-0.009066051803529263,6.993112947384361e-06
1785956090658,0.9999587535858154,-0.0006901987362653017,-0.00906600896269083,6.994578598096268e-06
1785956090668,0.9999587535858154,-0.000541744870133698,-0.009066147729754448,8.352983059012331e-06
1785956090679,0.999958872795105,-0.00037209829315543175,-0.009066140279173851,9.905667866405565e-06
1785956090687,0.9999589323997498,-0.00016003649216145277,-0.009066369384527206,1.1846407687698957e-05
1785956090698,0.9999589323997498,2.667129137989832e-06,-0.009067597799003124,6.663036765530705e-05
1785956090708,0.9999586343765259,0.0003662178060039878,-0.009069660678505898,0.0006082058534957469
1785956090718,0.9999570846557617,0.0003302571421954781,-0.009064622223377228,0.0018760847160592675
1785956090728,0.9999562501907349,0.000310529867419973,-0.008775093592703342,0.0032131001353263855
1785956090739,0.9999567270278931,0.0003566479426808655,-0.008178746327757835,0.0044175381772220135
1785956090749,0.9999542832374573,0.00047979815280996263,-0.007599659729748964,0.0057820891961455345
1785956090759,0.9999482035636902,0.00016690159100107849,-0.007080151699483395,0.007308703847229481
1785956090768,0.9999363422393799,0.0003136647865176201,-0.006450777407735586,0.009254035539925098
1785956090778,0.9999189376831055,0.0002933688519988209,-0.005732411053031683,0.011368723586201668
1785956090789,0.9998928308486938,0.000609935843385756,-0.004818491172045469,0.013804913498461246
1785956090799,0.9998616576194763,0.002605689689517021,-0.0038918477948755026,0.01596147194504738
1785956090809,0.9998595714569092,0.008789092302322388,-0.002344586653634906,0.014077111147344112
1785956090819,0.9998509287834167,0.011673519387841225,-0.0029921415261924267,0.012368031777441502
1785956090830,0.9998648762702942,0.011391579173505306,-0.004794432781636715,0.0108387041836977
1785956090840,0.9998646974563599,0.011920460499823093,-0.005894266534596682,0.009683364070951939
1785956090849,0.9998587965965271,0.012460385449230671,-0.006781226955354214,0.009004692547023296
1785956090859,0.9998549222946167,0.013397199101746082,-0.006650318391621113,0.00815496128052473
1785956090869,0.9998446702957153,0.014449398033320904,-0.00619705393910408,0.007970846258103848
1785956090879,0.9998260140419006,0.015891188755631447,-0.005436442326754332,0.00811848696321249
1785956090890,0.999798595905304,0.017817219719290733,-0.004492916166782379,0.008069155737757683
1785956090900,0.9997553825378418,0.02007814310491085,-0.0037520513869822025,0.008486415259540081
1785956090910,0.9996955394744873,0.02239588089287281,-0.0032476054038852453,0.009826033376157284
1785956090920,0.9996248483657837,0.02484999969601631,-0.002063598483800888,0.011335724033415318
1785956090931,0.9995571374893188,0.027167772874236107,-0.0009320942335762084,0.012108534574508667
1785956090939,0.9994957447052002,0.029244497418403625,0.0012405493762344122,0.012307334691286087
1785956090950,0.9994322061538696,0.030989142134785652,0.0039869798347353935,0.012608576565980911
1785956090960,0.9993650913238525,0.032597966492176056,0.0072044194675982,0.012445264495909214
1785956090970,0.9992913007736206,0.034226611256599426,0.010266107507050037,0.01183426845818758
1785956090980,0.9992356896400452,0.03571139648556709,0.010943735018372536,0.011532416567206383
1785956090991,0.9992325901985168,0.03637358918786049,0.009444202296435833,0.011045098304748535
1785956091001,0.9992982745170593,0.035277653485536575,0.007324704900383949,0.010232756845653057
1785956091011,0.9994925856590271,0.029979202896356583,0.0033383683767169714,0.010228804312646389
1785956091020,0.9997296929359436,0.019852643832564354,-0.001464603585191071,0.012007415294647217
1785956091030,0.9998738765716553,0.0020252896938472986,-0.007395209278911352,0.013905501924455166
1785956091040,0.9994428157806396,-0.023333333432674408,-0.01675587147474289,0.016994621604681015
1785956091051,0.9940108060836792,0.10684659332036972,0.013317719101905823,0.01868370920419693
1785956091061,0.9942011833190918,0.10598329454660416,0.01799527183175087,-0.0027311367448419333
1785956091071,0.9940105676651001,0.10811580717563629,0.015937574207782745,-0.00010085470421472564
1785956091081,0.9939656853675842,0.10858780890703201,0.014827209524810314,0.0045827762223780155
1785956091092,0.993911862373352,0.10902981460094452,0.015202071517705917,0.004547228571027517
1785956091101,0.9938687682151794,0.10940588265657425,0.01575642079114914,0.00262994272634387
1785956091111,0.993914008140564,0.10905569791793823,0.015527818351984024,0.0008097154786810279
1785956091121,0.9939607381820679,0.10856292396783829,0.015107489190995693,0.00527830608189106
1785956091131,0.993987500667572,0.10827527940273285,0.01491468120366335,0.006542534101754427
1785956091142,0.9940416216850281,0.10777759552001953,0.014911403879523277,0.006550000514835119
1785956091152,0.9941456913948059,0.1068161129951477,0.014833583496510983,0.00667992141097784
1785956091162,0.9942308664321899,0.10602892935276031,0.014734433963894844,0.006767318584024906
1785956091172,0.9942589998245239,0.10553162544965744,0.014285456389188766,0.010396802797913551
1785956091181,0.9942325353622437,0.10556407272815704,0.014043709263205528,0.012674020603299141
1785956091191,0.9942036867141724,0.10571212321519852,0.013927307911217213,0.013784261420369148
1785956091202,0.9941667914390564,0.10605186969041824,0.013925813138484955,0.013837771490216255
1785956091212,0.994128942489624,0.10640667378902435,0.01393075194209814,0.013832801952958107
1785956091222,0.994084894657135,0.10680992156267166,0.013930114917457104,0.01388541515916586
1785956091232,0.9943910241127014,0.10398832708597183,0.013391394168138504,0.013910624198615551
1785956091243,0.9946962594985962,0.10111386328935623,0.012913327664136887,0.013729216530919075
1785956091253,0.9950310587882996,0.09817861020565033,0.012647945433855057,0.010683971457183361
1785956091263,0.995354950428009,0.09517303854227066,0.012044384144246578,0.008093615993857384
1785956091272,0.9956566095352173,0.09220971912145615,0.011435609310865402,0.005874150432646275
1785956091282,0.9999000430107117,-0.0037331534549593925,-0.012615022249519825,0.005175628699362278
1785956091292,0.9999513626098633,-0.0031359803397208452,-0.008578772656619549,0.003716215491294861
1785956091303,0.9999677538871765,-0.0035583365242928267,-0.006262724753469229,0.0035687435884028673
1785956091313,0.9999679923057556,-0.0034899436868727207,-0.006263069808483124,0.0035691806115210056
1785956091323,0.9999679327011108,-0.0034940214827656746,-0.006268002558499575,0.0035691887605935335
1785956091333,0.9999678730964661,-0.003497433615848422,-0.00627359002828598,0.003569190390408039
1785956091344,0.999964714050293,-0.003648883430287242,-0.006369387730956078,0.004069291986525059
1785956091352,0.9999597072601318,-0.0038684182800352573,-0.006378225516527891,0.004973575007170439
1785956091363,0.9999510645866394,-0.004190268460661173,-0.00638209143653512,0.006292453967034817
1785956091373,0.9999468326568604,-0.004517126828432083,-0.006396003533154726,0.006700236350297928
1785956091383,0.9999410510063171,-0.004771450534462929,-0.006410660222172737,0.007353483699262142
1785956091393,0.9999397993087769,-0.0048950714990496635,-0.006425369065254927,0.007432259153574705
1785956091404,0.9999397993087769,-0.004878196399658918,-0.006437653210014105,0.0074320905841887
1785956091414,0.9999401569366455,-0.004797960631549358,-0.006448294036090374,0.007432411890476942
1785956091424,0.999940812587738,-0.004639043472707272,-0.006456424482166767,0.007433312479406595
1785956091433,0.9999393224716187,-0.004521708469837904,-0.006460927426815033,0.007695016451179981
1785956091443,0.9999388456344604,-0.004520535469055176,-0.006464683450758457,0.007758907973766327
1785956091454,0.9999261498451233,-0.004552495200186968,-0.006474227178841829,0.00922367163002491
1785956091464,0.9999243021011353,-0.004616627003997564,-0.00647999020293355,0.009393734857439995
1785956091474,0.9999237060546875,-0.0047004432417452335,-0.0064854128286242485,0.009393081068992615
1785956091484,0.9999237656593323,-0.0046991161070764065,-0.006491033360362053,0.009393046610057354
1785956091495,0.9999241828918457,-0.0046969144605100155,-0.006499122362583876,0.009339742362499237
1785956091505,0.99992436170578,-0.0046391598880290985,-0.006509513594210148,0.009340008720755577
1785956091514,0.999924898147583,-0.004505866672843695,-0.006520657334476709,0.009340750053524971
1785956091524,0.9999256134033203,-0.00434474041685462,-0.006533308885991573,0.009341653436422348
1785956091534,0.9999260306358337,-0.004220438655465841,-0.006543187890201807,0.009342324919998646
1785956091544,0.9999263286590576,-0.00414909515529871,-0.006552313454449177,0.009342653676867485
1785956091555,0.9999262690544128,-0.004142976365983486,-0.006561169866472483,0.009342576377093792
1785956091565,0.9999262094497681,-0.00413866899907589,-0.006566623691469431,0.009342525154352188
1785956091575,0.9999259114265442,-0.004205971024930477,-0.006570359226316214,0.009342044591903687
1785956091585,0.9999255537986755,-0.004284865688532591,-0.006572744809091091,0.009341505356132984
1785956091596,0.9999255537986755,-0.004284295253455639,-0.006574614904820919,0.009341493248939514
1785956091604,0.9999255537986755,-0.004284193739295006,-0.006576214917004108,0.009341485798358917
1785956091615,0.9999255537986755,-0.004283933900296688,-0.006578801199793816,0.009341472759842873
1785956091625,0.9999254941940308,-0.00428226450458169,-0.00658376282081008,0.009341440163552761
1785956091635,0.999925434589386,-0.004279163666069508,-0.006592020858079195,0.009341384284198284
1785956091645,0.9999252557754517,-0.004328255541622639,-0.006600753869861364,0.009340970776975155
1785956091656,0.9999251961708069,-0.004321726504713297,-0.006612355355173349,0.009340876713395119
1785956091666,0.9999251365661621,-0.004312267992645502,-0.006628391798585653,0.009340744465589523
1785956091676,0.9999250769615173,-0.004302190616726875,-0.006644278299063444,0.00934060849249363
1785956091685,0.9999250769615173,-0.0042933146469295025,-0.006657666992396116,0.009340491145849228
1785956091695,0.9999249577522278,-0.004285834264010191,-0.006668462883681059,0.009340393356978893
1785956091706,0.999924898147583,-0.004280312452465296,-0.006677490659058094,0.00934031791985035
1785956091716,0.9999248385429382,-0.004277198575437069,-0.006684498395770788,0.009340266697108746
1785956091726,0.9999247789382935,-0.004275759216398001,-0.006689457688480616,0.009340235963463783
1785956091736,0.9999247789382935,-0.004275594837963581,-0.006691519170999527,0.009340225718915462
1785956091747,0.9999247789382935,-0.004275902174413204,-0.006693236064165831,0.009340220130980015
1785956091757,0.9999247789382935,-0.004276492167264223,-0.006694907788187265,0.009340216405689716
1785956091767,0.9999244809150696,-0.004340559709817171,-0.006696612108498812,0.00933978520333767
1785956091776,0.9999241828918457,-0.004409055225551128,-0.00669990386813879,0.009339304640889168
1785956091786,0.9999240040779114,-0.0044611478224396706,-0.00670501496642828,0.009338920004665852
1785956091796,0.9999239444732666,-0.00445933174341917,-0.006710829678922892,0.009338881820440292
1785956091807,0.9999238848686218,-0.004455982707440853,-0.006717595271766186,0.00933882873505354
1785956091817,0.999923825263977,-0.004450598265975714,-0.006726530380547047,0.00933875236660242
1785956091827,0.999923825263977,-0.004443672019988298,-0.006737735588103533,0.00933865550905466
1785956091837,0.999923825263977,-0.004436522256582975,-0.0067476327531039715,0.009338563308119774
1785956091848,0.999923825263977,-0.0044296979904174805,-0.006755443289875984,0.009338482283055782
1785956091856,0.9999237656593323,-0.004424013197422028,-0.00676258560270071,0.009338412433862686
1785956091867,0.9999237060546875,-0.004419743549078703,-0.006768696941435337,0.00933835655450821
1785956091877,0.9999236464500427,-0.00441556004807353,-0.006775558926165104,0.009338297881186008
1785956091887,0.9999234676361084,-0.0044647688046097755,-0.006783659569919109,0.009337876923382282
1785956091897,0.999923050403595,-0.0045412261970341206,-0.006790671031922102,0.009337282739579678
1785956091908,0.9999227523803711,-0.004597027786076069,-0.006797687616199255,0.009336835704743862
1785956091918,0.9999223351478577,-0.004669626709073782,-0.006803012918680906,0.009336293675005436
1785956091928,0.9999216794967651,-0.004794211592525244,-0.006809338461607695,0.009335377253592014
1785956091937,0.9999210834503174,-0.00490757217630744,-0.006816760636866093,0.009334522299468517
1785956091947,0.9999205470085144,-0.005020876415073872,-0.006824403535574675,0.009333664551377296
1785956091957,0.9999200105667114,-0.0051125106401741505,-0.00683171721175313,0.009332949295639992
1785956091968,0.9999195337295532,-0.005193641409277916,-0.006838398985564709,0.009332308545708656
1785956091978,0.9999195337295532,-0.0051907701417803764,-0.0068423207849264145,0.009332268498837948
1785956091988,0.9999195337295532,-0.005189470946788788,-0.006845344789326191,0.009332243353128433
1785956091998,0.9999195337295532,-0.005188477225601673,-0.0068481117486953735,0.009332221932709217
1785956092009,0.9999195337295532,-0.005186851602047682,-0.006851141341030598,0.009332194924354553
1785956092018,0.9999195337295532,-0.005185116082429886,-0.006854956969618797,0.009332163259387016
1785956092028,0.9999195337295532,-0.00518453074619174,-0.0068573071621358395,0.009332146495580673
1785956092038,0.9999201893806458,-0.005131228361278772,-0.006791456136852503,0.009332127869129181
1785956092048,0.9999213218688965,-0.0050123208202421665,-0.006713084410876036,0.009332430548965931
1785956092059,0.9999225735664368,-0.00488218292593956,-0.0066252234391868114,0.009332742542028427
1785956092069,0.9999241828918457,-0.004720349330455065,-0.006500187795609236,0.009333084337413311
1785956092079,0.9999262094497681,-0.004493898246437311,-0.0063533843494951725,0.009333738125860691
1785956092089,0.9999272227287292,-0.004404397215694189,-0.006243156269192696,0.009333685040473938
1785956092098,0.9999276399612427,-0.004398174583911896,-0.0061866044998168945,0.009333335794508457
1785956092108,0.9999260306358337,-0.004737218841910362,-0.006300168577581644,0.009262310341000557
1785956092119,0.9999269247055054,-0.0046590096317231655,-0.006224694196134806,0.009262352250516415
1785956092129,0.9999287128448486,-0.004552821163088083,-0.006094931624829769,0.009209117852151394
1785956092139,0.9999309182167053,-0.004347228445112705,-0.005856864620000124,0.009209275245666504
1785956092149,0.9999329447746277,-0.004230959806591272,-0.005683272145688534,0.009155928157269955
1785956092160,0.9999346733093262,-0.004104674328118563,-0.005477474071085453,0.009155760519206524
1785956092170,0.9999375343322754,-0.003804876236245036,-0.005036625545471907,0.009224877692759037
1785956092179,0.9999451637268066,-0.004394539166241884,-0.004277481697499752,0.00848902203142643
1785956092189,0.9999518990516663,-0.004274729173630476,-0.003197555663064122,0.008223531767725945
1785956092199,0.9999566674232483,-0.004097955301403999,-0.002220934722572565,0.008049325086176395
1785956092209,0.9999579787254333,-0.00404738262295723,-0.0016977526247501373,0.008047194220125675
1785956092220,0.999958872795105,-0.0039728060364723206,-0.0013459539040923119,0.008045823313295841
1785956092230,0.9999592900276184,-0.003974458202719688,-0.0010388288646936417,0.008044545538723469
1785956092240,0.9999610185623169,-0.003888277569785714,-0.0006870760698802769,0.0078993896022439
1785956092250,0.9999627470970154,-0.0037482886109501123,-0.0004462375654838979,0.007770647760480642
1785956092261,0.9999644160270691,-0.003622981021180749,-0.0003655390755739063,0.007621155120432377
1785956092269,0.9999662041664124,-0.0034661185927689075,-0.0002813639002852142,0.007461076136678457
1785956092280,0.9999670386314392,-0.003462852444499731,-0.00018986879149451852,0.007348882965743542
1785956092290,0.9999675750732422,-0.0034591362345963717,-0.00013432238483801484,0.007279433775693178
1785956092300,0.999967098236084,-0.0036034025251865387,-7.146946882130578e-05,0.007279193494468927
1785956092310,0.9999665021896362,-0.0037636863999068737,-3.4065451472997665e-06,0.007278932258486748
1785956092321,0.9999662041664124,-0.003838245291262865,-3.949271558667533e-06,0.0072789317928254604
1785956092331,0.9999659061431885,-0.003912804182618856,-4.4919979700353e-06,0.007278931327164173
1785956092341,0.9999659061431885,-0.003913695923984051,0.00011799710046034306,0.0072784521616995335
1785956092350,0.9999664425849915,-0.003855761606246233,0.00020874636538792402,0.0072248331271111965
1785956092360,0.9999670386314392,-0.0038562410045415163,0.0002723174402490258,0.007139372173696756
1785956092371,0.999967634677887,-0.0038562642876058817,0.00027198882889933884,0.007054157555103302
1785956092381,0.9999672770500183,-0.0039414758794009686,0.00027138771838508546,0.007054180838167667
1785956092391,0.9999669790267944,-0.00401603477075696,0.00027086175396107137,0.007054200861603022
1785956092401,0.9999666213989258,-0.004100607242435217,0.00017969703185372055,0.007054587826132774
1785956092412,0.9999666213989258,-0.004100607242435217,0.00017969703185372055,0.007054587826132774
1785956092422,0.999967098236084,-0.0041006188839674,0.00017943495186045766,0.006990678608417511
1785956092431,0.9999677538871765,-0.00410063611343503,0.0001790418173186481,0.0068948110565543175
1785956092441,0.9999678134918213,-0.004101995378732681,0.00037609977880492806,0.006894004065543413
1785956092451,0.9999687075614929,-0.004049794282764196,0.0005251072579994798,0.006776198744773865
1785956092461,0.9999707937240601,-0.004125775769352913,0.0007041711360216141,0.006402667611837387
1785956092472,0.9999719858169556,-0.004127679392695427,0.0009748313459567726,0.006167193409055471
1785956092482,0.9999731779098511,-0.004127866122871637,0.0009740398963913321,0.005975451320409775
1785956092492,0.9999736547470093,-0.004128929693251848,0.0011333526344969869,0.005862944759428501
1785956092502,0.9999753832817078,-0.004131094086915255,0.0014318787725642323,0.005503794178366661
1785956092513,0.9999775290489197,-0.004132247529923916,0.0015205182135105133,0.005045357625931501
1785956092521,0.999978244304657,-0.0041324663907289505,0.0015199239132925868,0.004901552107185125
1785956092532,0.9999796152114868,-0.004132489208132029,0.0014442817773669958,0.0046462006866931915
1785956092542,0.9999803304672241,-0.004077606834471226,0.001098297885619104,0.0046475548297166824
1785956092552,0.9999784827232361,-0.004381886217743158,0.00015503016766160727,0.004886103793978691
1785956092562,0.9999791383743286,-0.004454242065548897,-0.000304422719636932,0.004659093916416168
1785956092573,0.9999792575836182,-0.004543074406683445,-0.0006623691297136247,0.004516850225627422
1785956092583,0.9999799132347107,-0.004541871603578329,-0.0009028954082168639,0.004336848855018616
1785956092593,0.9999791979789734,-0.004615878686308861,-0.0010414791759103537,0.004390680696815252
1785956092602,0.9999791979789734,-0.004615878686308861,-0.0010414791759103537,0.004390680696815252
1785956092612,0.9999791979789734,-0.004615878686308861,-0.0010414791759103537,0.004390680696815252
1785956092622,0.9999791979789734,-0.004615878686308861,-0.0010414791759103537,0.004390680696815252
1785956092633,0.9999797940254211,-0.004616370424628258,-0.0009035255643539131,0.004278193693608046
1785956092643,0.9999790191650391,-0.004872799851000309,-0.0007131313323043287,0.00422382028773427
1785956092653,0.9999770522117615,-0.005336093250662088,-0.0007157113286666572,0.004095661919564009
1785956092664,0.9999780058860779,-0.005538644269108772,-0.0005966078024357557,0.0036154959816485643
1785956092674,0.999976634979248,-0.005858740769326687,-0.0004333400574978441,0.0034918899182230234
1785956092683,0.999976634979248,-0.006051016505807638,-0.0002440863027004525,0.003181760199368
1785956092693,0.999976634979248,-0.006051304750144482,-0.00015355412324424833,0.0031812123488634825
1785956092703,0.9999759197235107,-0.00616898387670517,5.848152795806527e-06,0.0031802274752408266
1785956092713,0.999975323677063,-0.006377229001373053,0.00016904022777453065,0.002976814517751336
1785956092724,0.9999741911888123,-0.006596248131245375,0.0003749473253265023,0.002794436411932111
1785956092734,0.9999732971191406,-0.006777886766940355,0.0005547133041545749,0.002670810092240572
1785956092744,0.9999720454216003,-0.0069915228523314,0.0007504090899601579,0.002552419202402234
1785956092754,0.999970555305481,-0.007173097692430019,0.0009416791144758463,0.0025512143038213253
1785956092765,0.9999687075614929,-0.007413099054247141,0.0010688836919143796,0.002550523029640317
1785956092773,0.9999682307243347,-0.007561832666397095,0.0014071839395910501,0.0020849641878157854
1785956092785,0.9999669790267944,-0.007856250740587711,0.0015978707233443856,0.001322227530181408
1785956092794,0.999970555305481,-0.007377929985523224,-0.0011469245655462146,0.0017212311504408717
1785956092804,0.9999326467514038,-0.007862213999032974,-0.006703587714582682,0.005293108522891998
1785956092814,0.99993896484375,-0.005039462354034185,-0.005879966076463461,0.007883775047957897
1785956092825,0.99993497133255,-0.00594325689598918,-0.0059572975151240826,0.007692386861890554
1785956092835,0.99993497133255,-0.00594325689598918,-0.0059572975151240826,0.007692386861890554
1785956092844,0.99993497133255,-0.00594325689598918,-0.0059572975151240826,0.007692386861890554
1785956092854,0.99993497133255,-0.005852046888321638,-0.006041835527867079,0.007693433202803135
1785956092864,0.999935507774353,-0.005777471698820591,-0.00604126276448369,0.007693884894251823
1785956092874,0.999935507774353,-0.005777471698820591,-0.00604126276448369,0.007693884894251823
1785956092885,0.999935507774353,-0.005777471698820591,-0.00604126276448369,0.007693884894251823
1785956092895,0.999935507774353,-0.005777471698820591,-0.00604126276448369,0.007693884894251823
1785956092905,0.999935507774353,-0.005777471698820591,-0.00604126276448369,0.007693884894251823
1785956092915,0.999935507774353,-0.005777471698820591,-0.00604126276448369,0.007693884894251823
1785956092926,0.999935507774353,-0.005777471698820591,-0.00604126276448369,0.007693884894251823
1785956092935,0.999935507774353,-0.005777471698820591,-0.00604126276448369,0.007693884894251823
1785956092945,0.999935507774353,-0.005777471698820591,-0.00604126276448369,0.007693884894251823
1785956092955,0.999935507774353,-0.005777471698820591,-0.00604126276448369,0.007693884894251823
1785956092965,0.999935507774353,-0.005777471698820591,-0.00604126276448369,0.007693884894251823
1785956092976,0.999935507774353,-0.005777471698820591,-0.00604126276448369,0.007693884894251823
1785956092986,0.999935507774353,-0.005777471698820591,-0.00604126276448369,0.007693884894251823
1785956092996,0.999935507774353,-0.005777471698820591,-0.00604126276448369,0.007693884894251823
1785956093006,0.999935507774353,-0.005777471698820591,-0.00604126276448369,0.007693884894251823
1785956093015,0.999935507774353,-0.005777471698820591,-0.00604126276448369,0.007693884894251823
1785956093025,0.999935507774353,-0.005777471698820591,-0.00604126276448369,0.007693884894251823
1785956093036,0.999935507774353,-0.005777471698820591,-0.00604126276448369,0.007693884894251823
1785956093046,0.999935507774353,-0.005777471698820591,-0.00604126276448369,0.007693884894251823
1785956093056,0.999935507774353,-0.005777471698820591,-0.00604126276448369,0.007693884894251823
1785956093066,0.999935507774353,-0.005777471698820591,-0.00604126276448369,0.007693884894251823
1785956093077,0.999935507774353,-0.005777471698820591,-0.00604126276448369,0.007693884894251823
1785956093087,0.999935507774353,-0.005777471698820591,-0.00604126276448369,0.007693884894251823
1785956093096,0.999935507774353,-0.005777471698820591,-0.00604126276448369,0.007693884894251823
1785956093106,0.999935507774353,-0.005777471698820591,-0.00604126276448369,0.007693884894251823
1785956093116,0.999935507774353,-0.005777471698820591,-0.00604126276448369,0.007693884894251823
1785956093126,0.999935507774353,-0.005777471698820591,-0.00604126276448369,0.007693884894251823
1785956093137,0.999935507774353,-0.005777471698820591,-0.00604126276448369,0.007693884894251823
1785956093147,0.999935507774353,-0.005777471698820591,-0.00604126276448369,0.007693884894251823
1785956093157,0.999935507774353,-0.005777471698820591,-0.00604126276448369,0.007693884894251823
1785956093167,0.999935507774353,-0.005777471698820591,-0.00604126276448369,0.007693884894251823
1785956093176,0.999935507774353,-0.005777471698820591,-0.00604126276448369,0.007693884894251823
1785956093186,0.999935507774353,-0.005777471698820591,-0.00604126276448369,0.007693884894251823
1785956093197,0.999935507774353,-0.005777471698820591,-0.00604126276448369,0.007693884894251823
1785956093207,0.999935507774353,-0.005777471698820591,-0.00604126276448369,0.007693884894251823
1785956093217,0.999935507774353,-0.005777471698820591,-0.00604126276448369,0.007693884894251823
1785956093227,0.999935507774353,-0.005777471698820591,-0.00604126276448369,0.007693884894251823
1785956093238,0.999935507774353,-0.005777471698820591,-0.00604126276448369,0.007693884894251823
1785956093248,0.999935507774353,-0.005777471698820591,-0.00604126276448369,0.007693884894251823
1785956093258,0.999935507774353,-0.005777471698820591,-0.00604126276448369,0.007693884894251823
1785956093267,0.999935507774353,-0.005777471698820591,-0.00604126276448369,0.007693884894251823
1785956093277,0.999935507774353,-0.005777471698820591,-0.00604126276448369,0.007693884894251823
1785956093288,0.999935507774353,-0.005777471698820591,-0.00604126276448369,0.007693884894251823
1785956093298,0.999935507774353,-0.005777471698820591,-0.00604126276448369,0.007693884894251823
1785956093308,0.999935507774353,-0.005777471698820591,-0.00604126276448369,0.007693884894251823
1785956093318,0.999935507774353,-0.005777471698820591,-0.00604126276448369,0.007693884894251823
1785956093329,0.999935507774353,-0.005777471698820591,-0.00604126276448369,0.007693884894251823
1785956093339,0.999935507774353,-0.005777471698820591,-0.00604126276448369,0.007693884894251823
1785956093349,0.999935507774353,-0.005777471698820591,-0.00604126276448369,0.007693884894251823
1785956093358,0.999935507774353,-0.005777471698820591,-0.00604126276448369,0.007693884894251823
1785956093368,0.999935507774353,-0.005777471698820591,-0.00604126276448369,0.007693884894251823
1785956093378,0.999935507774353,-0.005777471698820591,-0.00604126276448369,0.007693884894251823
1785956093389,0.999935507774353,-0.005777471698820591,-0.00604126276448369,0.007693884894251823
1785956093399,0.999935507774353,-0.005777471698820591,-0.00604126276448369,0.007693884894251823
1785956093409,0.999935507774353,-0.005777471698820591,-0.00604126276448369,0.007693884894251823
1785956093419,0.999935507774353,-0.005777471698820591,-0.00604126276448369,0.007693884894251823
1785956093428,0.999935507774353,-0.005777471698820591,-0.00604126276448369,0.007693884894251823
1785956093438,0.999935507774353,-0.005777471698820591,-0.00604126276448369,0.007693884894251823
1785956093449,0.999935507774353,-0.005777471698820591,-0.00604126276448369,0.007693884894251823
1785956093459,0.999935507774353,-0.005777471698820591,-0.00604126276448369,0.007693884894251823
1785956093469,0.999935507774353,-0.005777471698820591,-0.00604126276448369,0.007693884894251823
1785956093479,0.999935507774353,-0.005777471698820591,-0.00604126276448369,0.007693884894251823
1785956093490,0.999935507774353,-0.005777471698820591,-0.00604126276448369,0.007693884894251823
1785956093500,0.999935507774353,-0.005777471698820591,-0.00604126276448369,0.007693884894251823
1785956093510,0.999935507774353,-0.005777471698820591,-0.00604126276448369,0.007693884894251823
1785956093519,0.999935507774353,-0.005777471698820591,-0.00604126276448369,0.007693884894251823
1785956093529,0.999935507774353,-0.005777471698820591,-0.00604126276448369,0.007693884894251823
1785956093539,0.999935507774353,-0.005777471698820591,-0.00604126276448369,0.007693884894251823
1785956093550,0.999935507774353,-0.005777471698820591,-0.00604126276448369,0.007693884894251823
1785956093560,0.999935507774353,-0.005777471698820591,-0.00604126276448369,0.007693884894251823
1785956093570,0.999935507774353,-0.005777471698820591,-0.00604126276448369,0.007693884894251823
1785956093581,0.999935507774353,-0.005777471698820591,-0.00604126276448369,0.007693884894251823
1785956093591,0.999935507774353,-0.005777471698820591,-0.00604126276448369,0.007693884894251823
1785956093600,0.999935507774353,-0.005777471698820591,-0.00604126276448369,0.007693884894251823
1785956093610,0.999935507774353,-0.005777471698820591,-0.00604126276448369,0.007693884894251823
1785956093620,0.999935507774353,-0.005777471698820591,-0.00604126276448369,0.007693884894251823
1785956093630,0.999935507774353,-0.005777471698820591,-0.00604126276448369,0.007693884894251823
1785956093641,0.999935507774353,-0.005777471698820591,-0.00604126276448369,0.007693884894251823
1785956093651,0.999935507774353,-0.005777471698820591,-0.00604126276448369,0.007693884894251823
1785956093661,0.999935507774353,-0.005777471698820591,-0.00604126276448369,0.007693884894251823
1785956093671,0.999935507774353,-0.005777471698820591,-0.00604126276448369,0.007693884894251823
1785956093680,0.999935507774353,-0.005777471698820591,-0.00604126276448369,0.007693884894251823
1785956093690,0.999935507774353,-0.005777471698820591,-0.00604126276448369,0.007693884894251823
1785956093701,0.999935507774353,-0.005777471698820591,-0.00604126276448369,0.007693884894251823
1785956093711,0.999935507774353,-0.005777471698820591,-0.00604126276448369,0.007693884894251823
1785956093721,0.999935507774353,-0.005777471698820591,-0.00604126276448369,0.007693884894251823
1785956093731,0.999935507774353,-0.005777471698820591,-0.00604126276448369,0.007693884894251823
1785956093742,0.999935507774353,-0.005777471698820591,-0.00604126276448369,0.007693884894251823
1785956093752,0.999935507774353,-0.005777471698820591,-0.00604126276448369,0.007693884894251823
1785956093761,0.999935507774353,-0.005777471698820591,-0.00604126276448369,0.007693884894251823
1785956093771,0.999935507774353,-0.005777471698820591,-0.00604126276448369,0.007693884894251823
1785956093781,0.999935507774353,-0.005777471698820591,-0.00604126276448369,0.007693884894251823
1785956093791,0.999935507774353,-0.005777471698820591,-0.00604126276448369,0.007693884894251823
1785956093802,0.999935507774353,-0.005777471698820591,-0.00604126276448369,0.007693884894251823
1785956093812,0.999935507774353,-0.005777471698820591,-0.00604126276448369,0.007693884894251823
1785956093822,0.999935507774353,-0.005777471698820591,-0.00604126276448369,0.007693884894251823
1785956093832,0.999935507774353,-0.005777471698820591,-0.00604126276448369,0.007693884894251823
1785956093843,0.999935507774353,-0.005777471698820591,-0.00604126276448369,0.007693884894251823
1785956093851,0.999935507774353,-0.005777471698820591,-0.00604126276448369,0.007693884894251823
1785956093862,0.999935507774353,-0.005777471698820591,-0.00604126276448369,0.007693884894251823
1785956093872,0.999935507774353,-0.005777471698820591,-0.00604126276448369,0.007693884894251823
1785956093882,0.999935507774353,-0.005777471698820591,-0.00604126276448369,0.007693884894251823
1785956093893,0.999935507774353,-0.005777471698820591,-0.00604126276448369,0.007693884894251823
1785956093903,0.999935507774353,-0.005777471698820591,-0.00604126276448369,0.007693884894251823
1785956093913,0.999935507774353,-0.005777471698820591,-0.00604126276448369,0.007693884894251823
1785956093923,0.999935507774353,-0.005777471698820591,-0.00604126276448369,0.007693884894251823
1785956093932,0.999935507774353,-0.005777471698820591,-0.00604126276448369,0.007693884894251823
1785956093942,0.999935507774353,-0.005777471698820591,-0.00604126276448369,0.007693884894251823
1785956093953,0.999935507774353,-0.005777471698820591,-0.00604126276448369,0.007693884894251823
1785956093963,0.999935507774353,-0.005777471698820591,-0.00604126276448369,0.007693884894251823
1785956093973,0.999935507774353,-0.005777471698820591,-0.00604126276448369,0.007693884894251823
1785956093983,0.999935507774353,-0.005777471698820591,-0.00604126276448369,0.007693884894251823
1785956093994,0.999935507774353,-0.005777471698820591,-0.00604126276448369,0.007693884894251823
1785956094004,0.999935507774353,-0.005777471698820591,-0.00604126276448369,0.007693884894251823
1785956094013,0.999935507774353,-0.005777471698820591,-0.00604126276448369,0.007693884894251823
1785956094023,0.999935507774353,-0.005777471698820591,-0.00604126276448369,0.007693884894251823
1785956094033,0.999935507774353,-0.005777471698820591,-0.00604126276448369,0.007693884894251823
1785956094043,0.999935507774353,-0.005777471698820591,-0.00604126276448369,0.007693884894251823
1785956094054,0.999935507774353,-0.005777471698820591,-0.00604126276448369,0.007693884894251823
1785956094064,0.999935507774353,-0.005777471698820591,-0.00604126276448369,0.007693884894251823
1785956094074,0.999935507774353,-0.005777471698820591,-0.00604126276448369,0.007693884894251823
1785956094084,0.999935507774353,-0.005777471698820591,-0.00604126276448369,0.007693884894251823
1785956094093,0.999935507774353,-0.005777471698820591,-0.00604126276448369,0.007693884894251823
1785956094103,0.999935507774353,-0.005777471698820591,-0.00604126276448369,0.007693884894251823
1785956094114,0.999935507774353,-0.005777471698820591,-0.00604126276448369,0.007693884894251823
1785956094124,0.999935507774353,-0.005777471698820591,-0.00604126276448369,0.007693884894251823
1785956094134,0.999935507774353,-0.005777471698820591,-0.00604126276448369,0.007693884894251823
1785956094144,0.999935507774353,-0.005777471698820591,-0.00604126276448369,0.007693884894251823
1785956094155,0.999935507774353,-0.005777471698820591,-0.00604126276448369,0.007693884894251823
1785956094165,0.999935507774353,-0.005777471698820591,-0.00604126276448369,0.007693884894251823
1785956094174,0.999935507774353,-0.005777471698820591,-0.00604126276448369,0.007693884894251823
1785956094184,0.999935507774353,-0.005777471698820591,-0.00604126276448369,0.007693884894251823
1785956094194,0.999935507774353,-0.005777471698820591,-0.00604126276448369,0.007693884894251823
1785956094205,0.999935507774353,-0.005777471698820591,-0.00604126276448369,0.007693884894251823
1785956094215,0.999935507774353,-0.005777471698820591,-0.00604126276448369,0.007693884894251823
1785956094225,0.999935507774353,-0.005777471698820591,-0.00604126276448369,0.007693884894251823
1785956094235,0.999935507774353,-0.005777471698820591,-0.00604126276448369,0.007693884894251823
1785956094246,0.999935507774353,-0.005777471698820591,-0.00604126276448369,0.007693884894251823
1785956094256,0.999935507774353,-0.005777471698820591,-0.00604126276448369,0.007693884894251823
1785956094265,0.999935507774353,-0.005777471698820591,-0.00604126276448369,0.007693884894251823
1785956094275,0.999935507774353,-0.005777471698820591,-0.00604126276448369,0.007693884894251823
1785956094285,0.999935507774353,-0.005777471698820591,-0.00604126276448369,0.007693884894251823
1785956094295,0.999935507774353,-0.005777471698820591,-0.00604126276448369,0.007693884894251823
1785956094306,0.999935507774353,-0.005777471698820591,-0.00604126276448369,0.007693884894251823
1785956094316,0.999935507774353,-0.005777471698820591,-0.00604126276448369,0.007693884894251823
1785956094326,0.999935507774353,-0.005777471698820591,-0.00604126276448369,0.007693884894251823
1785956094336,0.999935507774353,-0.005777471698820591,-0.00604126276448369,0.007693884894251823
1785956094345,0.999935507774353,-0.005777471698820591,-0.00604126276448369,0.007693884894251823
1785956094355,0.999935507774353,-0.005777471698820591,-0.00604126276448369,0.007693884894251823
1785956094366,0.999935507774353,-0.005777471698820591,-0.00604126276448369,0.007693884894251823
1785956094376,0.999935507774353,-0.005777471698820591,-0.00604126276448369,0.007693884894251823
1785956094386,0.999935507774353,-0.005777471698820591,-0.00604126276448369,0.007693884894251823
1785956094396,0.999935507774353,-0.005777471698820591,-0.00604126276448369,0.007693884894251823
1785956094407,0.999935507774353,-0.005777471698820591,-0.00604126276448369,0.007693884894251823
1785956094417,0.999935507774353,-0.005777471698820591,-0.00604126276448369,0.007693884894251823
1785956094426,0.999935507774353,-0.005777471698820591,-0.00604126276448369,0.007693884894251823
1785956094436,0.999935507774353,-0.005777471698820591,-0.00604126276448369,0.007693884894251823
1785956094446,0.999935507774353,-0.005777471698820591,-0.00604126276448369,0.007693884894251823
1785956094456,0.999935507774353,-0.005777471698820591,-0.00604126276448369,0.007693884894251823
1785956094467,0.999935507774353,-0.005777471698820591,-0.00604126276448369,0.007693884894251823
1785956094477,0.999935507774353,-0.005777471698820591,-0.00604126276448369,0.007693884894251823
1785956094487,0.999935507774353,-0.005777471698820591,-0.00604126276448369,0.007693884894251823
1785956094497,0.999935507774353,-0.005777471698820591,-0.00604126276448369,0.007693884894251823
1785956094506,0.999935507774353,-0.005777471698820591,-0.00604126276448369,0.007693884894251823
1785956094517,0.999935507774353,-0.005777471698820591,-0.00604126276448369,0.007693884894251823
1785956094527,0.999935507774353,-0.005777471698820591,-0.00604126276448369,0.007693884894251823
1785956094537,0.999935507774353,-0.005777471698820591,-0.00604126276448369,0.007693884894251823
1785956094547,0.999935507774353,-0.005777471698820591,-0.00604126276448369,0.007693884894251823
1785956094558,0.999935507774353,-0.005777471698820591,-0.00604126276448369,0.007693884894251823
1785956094568,0.999935507774353,-0.005777471698820591,-0.00604126276448369,0.007693884894251823
1785956094578,0.999935507774353,-0.005777471698820591,-0.00604126276448369,0.007693884894251823
1785956094588,0.999935507774353,-0.005777471698820591,-0.00604126276448369,0.007693884894251823
1785956094597,0.999935507774353,-0.005777471698820591,-0.00604126276448369,0.007693884894251823
1785956094607,0.999935507774353,-0.005777471698820591,-0.00604126276448369,0.007693884894251823
1785956094618,0.999935507774353,-0.005777471698820591,-0.00604126276448369,0.007693884894251823
1785956094628,0.999935507774353,-0.005777471698820591,-0.00604126276448369,0.007693884894251823
1785956094638,0.999935507774353,-0.005777471698820591,-0.00604126276448369,0.007693884894251823
1785956094648,0.999935507774353,-0.005777471698820591,-0.00604126276448369,0.007693884894251823
1785956094659,0.999935507774353,-0.005777471698820591,-0.00604126276448369,0.007693884894251823
1785956094669,0.999935507774353,-0.005777471698820591,-0.00604126276448369,0.007693884894251823
1785956094678,0.999935507774353,-0.005777471698820591,-0.00604126276448369,0.007693884894251823
1785956094688,0.999935507774353,-0.005777471698820591,-0.00604126276448369,0.007693884894251823
1785956094698,0.999935507774353,-0.005777471698820591,-0.00604126276448369,0.007693884894251823
1785956094708,0.999935507774353,-0.005777471698820591,-0.00604126276448369,0.007693884894251823
1785956094719,0.999935507774353,-0.005777471698820591,-0.00604126276448369,0.007693884894251823
1785956094729,0.999935507774353,-0.005777471698820591,-0.00604126276448369,0.007693884894251823
1785956094739,0.999935507774353,-0.005777471698820591,-0.00604126276448369,0.007693884894251823
1785956094749,0.999935507774353,-0.005777471698820591,-0.00604126276448369,0.007693884894251823
1785956094758,0.999935507774353,-0.005777471698820591,-0.00604126276448369,0.007693884894251823
1785956094768,0.999935507774353,-0.005777471698820591,-0.00604126276448369,0.007693884894251823
1785956094779,0.999935507774353,-0.005777471698820591,-0.00604126276448369,0.007693884894251823
1785956094789,0.999935507774353,-0.005777471698820591,-0.00604126276448369,0.007693884894251823
1785956094799,0.999935507774353,-0.005777471698820591,-0.00604126276448369,0.007693884894251823
1785956094810,0.999935507774353,-0.005777471698820591,-0.00604126276448369,0.007693884894251823
1785956094820,0.999935507774353,-0.005777471698820591,-0.00604126276448369,0.007693884894251823
1785956094830,0.999935507774353,-0.005777471698820591,-0.00604126276448369,0.007693884894251823
1785956094839,0.999935507774353,-0.005777471698820591,-0.00604126276448369,0.007693884894251823
1785956094849,0.999935507774353,-0.005777471698820591,-0.00604126276448369,0.007693884894251823
1785956094859,0.999935507774353,-0.005777471698820591,-0.00604126276448369,0.007693884894251823
1785956094870,0.999935507774353,-0.005777471698820591,-0.00604126276448369,0.007693884894251823
1785956094880,0.999935507774353,-0.005777471698820591,-0.00604126276448369,0.007693884894251823
1785956094890,0.999935507774353,-0.005777471698820591,-0.00604126276448369,0.007693884894251823
1785956094900,0.999935507774353,-0.005777471698820591,-0.00604126276448369,0.007693884894251823
1785956094911,0.999935507774353,-0.005777471698820591,-0.00604126276448369,0.007693884894251823
1785956094919,0.999935507774353,-0.005777471698820591,-0.00604126276448369,0.007693884894251823
1785956094930,0.999935507774353,-0.005777471698820591,-0.00604126276448369,0.007693884894251823
1785956094940,0.999935507774353,-0.005777471698820591,-0.00604126276448369,0.007693884894251823
1785956094950,0.999935507774353,-0.005777471698820591,-0.00604126276448369,0.007693884894251823
1785956094960,0.999935507774353,-0.005777471698820591,-0.00604126276448369,0.007693884894251823
1785956094971,0.999935507774353,-0.005777471698820591,-0.00604126276448369,0.007693884894251823
1785956094981,0.999935507774353,-0.005777471698820591,-0.00604126276448369,0.007693884894251823
1785956094991,0.999935507774353,-0.005777471698820591,-0.00604126276448369,0.007693884894251823
1785956095001,0.999935507774353,-0.005777471698820591,-0.00604126276448369,0.007693884894251823
1785956095010,0.999935507774353,-0.005777471698820591,-0.00604126276448369,0.007693884894251823
1785956095020,0.999935507774353,-0.005777471698820591,-0.00604126276448369,0.007693884894251823
1785956095031,0.999935507774353,-0.005777471698820591,-0.00604126276448369,0.007693884894251823
1785956095041,0.999935507774353,-0.005777471698820591,-0.00604126276448369,0.007693884894251823
1785956095051,0.999935507774353,-0.005777471698820591,-0.00604126276448369,0.007693884894251823
1785956095061,0.999935507774353,-0.005777471698820591,-0.00604126276448369,0.007693884894251823
1785956095072,0.999935507774353,-0.005777471698820591,-0.00604126276448369,0.007693884894251823
1785956095082,0.999935507774353,-0.005777471698820591,-0.00604126276448369,0.007693884894251823
1785956095091,0.999935507774353,-0.005777471698820591,-0.00604126276448369,0.007693884894251823
1785956095101,0.999935507774353,-0.005777471698820591,-0.00604126276448369,0.007693884894251823
1785956095111,0.999935507774353,-0.005777471698820591,-0.00604126276448369,0.007693884894251823
1785956095122,0.999935507774353,-0.005777471698820591,-0.00604126276448369,0.007693884894251823
1785956095132,0.999935507774353,-0.005777471698820591,-0.00604126276448369,0.007693884894251823
1785956095142,0.999935507774353,-0.005777471698820591,-0.00604126276448369,0.007693884894251823
1785956095152,0.999935507774353,-0.005777471698820591,-0.00604126276448369,0.007693884894251823
1785956095163,0.999935507774353,-0.005777471698820591,-0.00604126276448369,0.007693884894251823
1785956095173,0.999935507774353,-0.005777471698820591,-0.00604126276448369,0.007693884894251823
1785956095182,0.999935507774353,-0.005777471698820591,-0.00604126276448369,0.007693884894251823
1785956095192,0.999935507774353,-0.005777471698820591,-0.00604126276448369,0.007693884894251823
1785956095202,0.999935507774353,-0.005777471698820591,-0.00604126276448369,0.007693884894251823
1785956095212,0.999935507774353,-0.005777471698820591,-0.00604126276448369,0.007693884894251823
1785956095223,0.999935507774353,-0.005777471698820591,-0.00604126276448369,0.007693884894251823
1785956095233,0.999935507774353,-0.005777471698820591,-0.00604126276448369,0.007693884894251823
1785956095243,0.999935507774353,-0.005777471698820591,-0.00604126276448369,0.007693884894251823
1785956095253,0.999935507774353,-0.005777471698820591,-0.00604126276448369,0.007693884894251823
1785956095262,0.999935507774353,-0.005777471698820591,-0.00604126276448369,0.007693884894251823
1785956095272,0.999935507774353,-0.005777471698820591,-0.00604126276448369,0.007693884894251823
1785956095283,0.999935507774353,-0.005777471698820591,-0.00604126276448369,0.007693884894251823
1785956095293,0.999935507774353,-0.005777471698820591,-0.00604126276448369,0.007693884894251823
1785956095303,0.999935507774353,-0.005777471698820591,-0.00604126276448369,0.007693884894251823
1785956095313,0.999935507774353,-0.005777471698820591,-0.00604126276448369,0.007693884894251823
1785956095324,0.999935507774353,-0.005777471698820591,-0.00604126276448369,0.007693884894251823
1785956095334,0.999935507774353,-0.005777471698820591,-0.00604126276448369,0.007693884894251823
1785956095343,0.999935507774353,-0.005777471698820591,-0.00604126276448369,0.007693884894251823
1785956095353,0.999935507774353,-0.005777471698820591,-0.00604126276448369,0.007693884894251823
1785956095363,0.999935507774353,-0.005777471698820591,-0.00604126276448369,0.007693884894251823
1785956095373,0.999935507774353,-0.005777471698820591,-0.00604126276448369,0.007693884894251823
1785956095384,0.999935507774353,-0.005777471698820591,-0.00604126276448369,0.007693884894251823
1785956095394,0.999935507774353,-0.005777471698820591,-0.00604126276448369,0.007693884894251823
1785956095404,0.999935507774353,-0.005777471698820591,-0.00604126276448369,0.007693884894251823
1785956095414,0.999935507774353,-0.005777471698820591,-0.00604126276448369,0.007693884894251823
1785956095423,0.999935507774353,-0.005777471698820591,-0.00604126276448369,0.007693884894251823
1785956095434,0.999935507774353,-0.005777471698820591,-0.00604126276448369,0.007693884894251823
1785956095444,0.999935507774353,-0.005777471698820591,-0.00604126276448369,0.007693884894251823
1785956095454,0.999935507774353,-0.005777471698820591,-0.00604126276448369,0.007693884894251823
1785956095464,0.999935507774353,-0.005777471698820591,-0.00604126276448369,0.007693884894251823
1785956095475,0.999935507774353,-0.005777471698820591,-0.00604126276448369,0.007693884894251823
1785956095485,0.999935507774353,-0.005777471698820591,-0.00604126276448369,0.007693884894251823
1785956095495,0.999935507774353,-0.005777471698820591,-0.00604126276448369,0.007693884894251823
1785956095504,0.999935507774353,-0.005777471698820591,-0.00604126276448369,0.007693884894251823
1785956095514,0.999935507774353,-0.005777471698820591,-0.00604126276448369,0.007693884894251823
1785956095524,0.999935507774353,-0.005777471698820591,-0.00604126276448369,0.007693884894251823
1785956095535,0.999935507774353,-0.005777471698820591,-0.00604126276448369,0.007693884894251823
1785956095545,0.999935507774353,-0.005777471698820591,-0.00604126276448369,0.007693884894251823
1785956095555,0.999935507774353,-0.005777471698820591,-0.00604126276448369,0.007693884894251823
1785956095565,0.999935507774353,-0.005777471698820591,-0.00604126276448369,0.007693884894251823
1785956095576,0.999935507774353,-0.005777471698820591,-0.00604126276448369,0.007693884894251823
1785956095584,0.999935507774353,-0.005777471698820591,-0.00604126276448369,0.007693884894251823
1785956095595,0.999935507774353,-0.005777471698820591,-0.00604126276448369,0.007693884894251823
1785956095605,0.999935507774353,-0.005777471698820591,-0.00604126276448369,0.007693884894251823
1785956095615,0.999935507774353,-0.005777471698820591,-0.00604126276448369,0.007693884894251823
1785956095625,0.999935507774353,-0.005777471698820591,-0.00604126276448369,0.007693884894251823
1785956095636,0.999935507774353,-0.005777471698820591,-0.00604126276448369,0.007693884894251823
1785956095646,0.999935507774353,-0.005777471698820591,-0.00604126276448369,0.007693884894251823
1785956095656,0.999935507774353,-0.005777471698820591,-0.00604126276448369,0.007693884894251823
1785956095666,0.999935507774353,-0.005777471698820591,-0.00604126276448369,0.007693884894251823
1785956095675,0.999935507774353,-0.005777471698820591,-0.00604126276448369,0.007693884894251823
1785956095685,0.999935507774353,-0.005777471698820591,-0.00604126276448369,0.007693884894251823
1785956095696,0.999935507774353,-0.005777471698820591,-0.00604126276448369,0.007693884894251823
1785956095706,0.999935507774353,-0.005777471698820591,-0.00604126276448369,0.007693884894251823
1785956095716,0.999935507774353,-0.005777471698820591,-0.00604126276448369,0.007693884894251823
1785956095726,0.999935507774353,-0.005777471698820591,-0.00604126276448369,0.007693884894251823
1785956095737,0.999935507774353,-0.005777471698820591,-0.00604126276448369,0.007693884894251823
1785956095747,0.999935507774353,-0.005777471698820591,-0.00604126276448369,0.007693884894251823
1785956095756,0.999935507774353,-0.005777471698820591,-0.00604126276448369,0.007693884894251823
1785956095766,0.999935507774353,-0.005777471698820591,-0.00604126276448369,0.007693884894251823
1785956095776,0.999935507774353,-0.005777471698820591,-0.00604126276448369,0.007693884894251823
1785956095787,0.999935507774353,-0.005777471698820591,-0.00604126276448369,0.007693884894251823
1785956095797,0.999935507774353,-0.005777471698820591,-0.00604126276448369,0.007693884894251823
1785956095807,0.999935507774353,-0.005777471698820591,-0.00604126276448369,0.007693884894251823
1785956095817,0.999935507774353,-0.005777471698820591,-0.00604126276448369,0.007693884894251823
1785956095828,0.999935507774353,-0.005777471698820591,-0.00604126276448369,0.007693884894251823
1785956095836,0.999935507774353,-0.005777471698820591,-0.00604126276448369,0.007693884894251823
1785956095847,0.999935507774353,-0.005777471698820591,-0.00604126276448369,0.007693884894251823
1785956095857,0.999935507774353,-0.005777471698820591,-0.00604126276448369,0.007693884894251823
1785956095867,0.999935507774353,-0.005777471698820591,-0.00604126276448369,0.007693884894251823
1785956095877,0.999935507774353,-0.005777471698820591,-0.00604126276448369,0.007693884894251823
1785956095888,0.999935507774353,-0.005777471698820591,-0.00604126276448369,0.007693884894251823
1785956095898,0.999935507774353,-0.005777471698820591,-0.00604126276448369,0.007693884894251823
1785956095908,0.999935507774353,-0.005777471698820591,-0.00604126276448369,0.007693884894251823
1785956095917,0.999935507774353,-0.005777471698820591,-0.00604126276448369,0.007693884894251823
1785956095927,0.999935507774353,-0.005777471698820591,-0.00604126276448369,0.007693884894251823
1785956095937,0.999935507774353,-0.005777471698820591,-0.00604126276448369,0.007693884894251823
1785956095948,0.999935507774353,-0.005777471698820591,-0.00604126276448369,0.007693884894251823
1785956095958,0.999935507774353,-0.005777471698820591,-0.00604126276448369,0.007693884894251823
1785956095968,0.999935507774353,-0.005777471698820591,-0.00604126276448369,0.007693884894251823
1785956095978,0.999935507774353,-0.005777471698820591,-0.00604126276448369,0.007693884894251823
1785956095989,0.999935507774353,-0.005777471698820591,-0.00604126276448369,0.007693884894251823
1785956095999,0.999935507774353,-0.005777471698820591,-0.00604126276448369,0.007693884894251823
1785956096008,0.999935507774353,-0.005777471698820591,-0.00604126276448369,0.007693884894251823
1785956096018,0.999935507774353,-0.005777471698820591,-0.00604126276448369,0.007693884894251823
1785956096028,0.999935507774353,-0.005777471698820591,-0.00604126276448369,0.007693884894251823
1785956096039,0.999935507774353,-0.005777471698820591,-0.00604126276448369,0.007693884894251823
1785956096049,0.999935507774353,-0.005777471698820591,-0.00604126276448369,0.007693884894251823
1785956096059,0.999935507774353,-0.005777471698820591,-0.00604126276448369,0.007693884894251823
1785956096069,0.999935507774353,-0.005777471698820591,-0.00604126276448369,0.007693884894251823
1785956096080,0.999935507774353,-0.005777471698820591,-0.00604126276448369,0.007693884894251823
1785956096088,0.999935507774353,-0.005777471698820591,-0.00604126276448369,0.007693884894251823
1785956096099,0.999935507774353,-0.005777471698820591,-0.00604126276448369,0.007693884894251823
1785956096109,0.999935507774353,-0.005777471698820591,-0.00604126276448369,0.007693884894251823
1785956096119,0.999935507774353,-0.005777471698820591,-0.00604126276448369,0.007693884894251823
1785956096129,0.999935507774353,-0.005777471698820591,-0.00604126276448369,0.007693884894251823
1785956096140,0.999935507774353,-0.005777471698820591,-0.00604126276448369,0.007693884894251823
1785956096150,0.999935507774353,-0.005777471698820591,-0.00604126276448369,0.007693884894251823
1785956096160,0.999935507774353,-0.005777471698820591,-0.00604126276448369,0.007693884894251823
1785956096169,0.999935507774353,-0.005777471698820591,-0.00604126276448369,0.007693884894251823
1785956096179,0.999935507774353,-0.005777471698820591,-0.00604126276448369,0.007693884894251823
1785956096189,0.999935507774353,-0.005777471698820591,-0.00604126276448369,0.007693884894251823
1785956096200,0.999935507774353,-0.005777471698820591,-0.00604126276448369,0.007693884894251823
1785956096210,0.999935507774353,-0.005777471698820591,-0.00604126276448369,0.007693884894251823
1785956096220,0.999935507774353,-0.005777471698820591,-0.00604126276448369,0.007693884894251823
1785956096230,0.999935507774353,-0.005777471698820591,-0.00604126276448369,0.007693884894251823
1785956096241,0.999935507774353,-0.005777471698820591,-0.00604126276448369,0.007693884894251823
1785956096249,0.999935507774353,-0.005777471698820591,-0.00604126276448369,0.007693884894251823
1785956096260,0.999935507774353,-0.005777471698820591,-0.00604126276448369,0.007693884894251823
1785956096270,0.999935507774353,-0.005777471698820591,-0.00604126276448369,0.007693884894251823
1785956096280,0.999935507774353,-0.005777471698820591,-0.00604126276448369,0.007693884894251823
1785956096290,0.999935507774353,-0.005777471698820591,-0.00604126276448369,0.007693884894251823
1785956096301,0.999935507774353,-0.005777471698820591,-0.00604126276448369,0.007693884894251823
1785956096311,0.999935507774353,-0.005777471698820591,-0.00604126276448369,0.007693884894251823
1785956096321,0.999935507774353,-0.005777471698820591,-0.00604126276448369,0.007693884894251823
1785956096331,0.999935507774353,-0.005777471698820591,-0.00604126276448369,0.007693884894251823
1785956096340,0.999935507774353,-0.005777471698820591,-0.00604126276448369,0.007693884894251823
1785956096351,0.999935507774353,-0.005777471698820591,-0.00604126276448369,0.007693884894251823
1785956096361,0.999935507774353,-0.005777471698820591,-0.00604126276448369,0.007693884894251823
1785956096371,0.999935507774353,-0.005777471698820591,-0.00604126276448369,0.007693884894251823
1785956096381,0.999935507774353,-0.005777471698820591,-0.00604126276448369,0.007693884894251823
1785956096392,0.999935507774353,-0.005777471698820591,-0.00604126276448369,0.007693884894251823
1785956096402,0.999935507774353,-0.005777471698820591,-0.00604126276448369,0.007693884894251823
1785956096412,0.999935507774353,-0.005777471698820591,-0.00604126276448369,0.007693884894251823
1785956096421,0.999935507774353,-0.005777471698820591,-0.00604126276448369,0.007693884894251823
1785956096431,0.999935507774353,-0.005777471698820591,-0.00604126276448369,0.007693884894251823
1785956096441,0.999935507774353,-0.005777471698820591,-0.00604126276448369,0.007693884894251823
1785956096452,0.999935507774353,-0.005777471698820591,-0.00604126276448369,0.007693884894251823
1785956096462,0.999935507774353,-0.005777471698820591,-0.00604126276448369,0.007693884894251823
1785956096472,0.999935507774353,-0.005777471698820591,-0.00604126276448369,0.007693884894251823
1785956096482,0.999935507774353,-0.005777471698820591,-0.00604126276448369,0.007693884894251823
1785956096493,0.999935507774353,-0.005777471698820591,-0.00604126276448369,0.007693884894251823
1785956096501,0.999935507774353,-0.005777471698820591,-0.00604126276448369,0.007693884894251823
1785956096512,0.999935507774353,-0.005777471698820591,-0.00604126276448369,0.007693884894251823
1785956096522,0.999935507774353,-0.005777471698820591,-0.00604126276448369,0.007693884894251823
1785956096532,0.999935507774353,-0.005777471698820591,-0.00604126276448369,0.007693884894251823
1785956096542,0.999935507774353,-0.005777471698820591,-0.00604126276448369,0.007693884894251823
1785956096553,0.999935507774353,-0.005777471698820591,-0.00604126276448369,0.007693884894251823
1785956096563,0.999935507774353,-0.005777471698820591,-0.00604126276448369,0.007693884894251823
1785956096573,0.999935507774353,-0.005777471698820591,-0.00604126276448369,0.007693884894251823
1785956096582,0.999935507774353,-0.005777471698820591,-0.00604126276448369,0.007693884894251823
1785956096592,0.999935507774353,-0.005777471698820591,-0.00604126276448369,0.007693884894251823
1785956096602,0.999935507774353,-0.005777471698820591,-0.00604126276448369,0.007693884894251823
1785956096613,0.999935507774353,-0.005777471698820591,-0.00604126276448369,0.007693884894251823
1785956096623,0.999935507774353,-0.005777471698820591,-0.00604126276448369,0.007693884894251823
1785956096633,0.999935507774353,-0.005777471698820591,-0.00604126276448369,0.007693884894251823
1785956096643,0.999935507774353,-0.005777471698820591,-0.00604126276448369,0.007693884894251823
1785956096654,0.999935507774353,-0.005777471698820591,-0.00604126276448369,0.007693884894251823
1785956096664,0.999935507774353,-0.005777471698820591,-0.00604126276448369,0.007693884894251823
1785956096673,0.999935507774353,-0.005777471698820591,-0.00604126276448369,0.007693884894251823
1785956096683,0.999935507774353,-0.005777471698820591,-0.00604126276448369,0.007693884894251823
1785956096693,0.999935507774353,-0.005777471698820591,-0.00604126276448369,0.007693884894251823
1785956096704,0.999935507774353,-0.005777471698820591,-0.00604126276448369,0.007693884894251823
1785956096714,0.999935507774353,-0.005777471698820591,-0.00604126276448369,0.007693884894251823
1785956096724,0.999935507774353,-0.005777471698820591,-0.00604126276448369,0.007693884894251823
1785956096734,0.999935507774353,-0.005777471698820591,-0.00604126276448369,0.007693884894251823
1785956096745,0.999935507774353,-0.005777471698820591,-0.00604126276448369,0.007693884894251823
1785956096753,0.999935507774353,-0.005777471698820591,-0.00604126276448369,0.007693884894251823
1785956096764,0.999935507774353,-0.005777471698820591,-0.00604126276448369,0.007693884894251823
1785956096774,0.999935507774353,-0.005777471698820591,-0.00604126276448369,0.007693884894251823
1785956096784,0.999935507774353,-0.005777471698820591,-0.00604126276448369,0.007693884894251823
1785956096794,0.999935507774353,-0.005777471698820591,-0.00604126276448369,0.007693884894251823
1785956096805,0.999935507774353,-0.005777471698820591,-0.00604126276448369,0.007693884894251823
1785956096815,0.999935507774353,-0.005777471698820591,-0.00604126276448369,0.007693884894251823
1785956096825,0.999935507774353,-0.005777471698820591,-0.00604126276448369,0.007693884894251823
1785956096835,0.999935507774353,-0.005777471698820591,-0.00604126276448369,0.007693884894251823
1785956096844,0.999935507774353,-0.005777471698820591,-0.00604126276448369,0.007693884894251823
1785956096854,0.999935507774353,-0.005777471698820591,-0.00604126276448369,0.007693884894251823
1785956096865,0.999935507774353,-0.005777471698820591,-0.00604126276448369,0.007693884894251823
1785956096875,0.999935507774353,-0.005777471698820591,-0.00604126276448369,0.007693884894251823
1785956096885,0.999935507774353,-0.005777471698820591,-0.00604126276448369,0.007693884894251823
1785956096895,0.999935507774353,-0.005777471698820591,-0.00604126276448369,0.007693884894251823
1785956096906,0.999935507774353,-0.005777471698820591,-0.00604126276448369,0.007693884894251823
1785956096916,0.999935507774353,-0.005777471698820591,-0.00604126276448369,0.007693884894251823
1785956096925,0.999935507774353,-0.005777471698820591,-0.00604126276448369,0.007693884894251823
1785956096935,0.999935507774353,-0.005777471698820591,-0.00604126276448369,0.007693884894251823
1785956096945,0.999935507774353,-0.005777471698820591,-0.00604126276448369,0.007693884894251823
1785956096956,0.999935507774353,-0.005777471698820591,-0.00604126276448369,0.007693884894251823
1785956096966,0.999935507774353,-0.005777471698820591,-0.00604126276448369,0.007693884894251823
1785956096976,0.999935507774353,-0.005777471698820591,-0.00604126276448369,0.007693884894251823
1785956096986,0.999935507774353,-0.005777471698820591,-0.00604126276448369,0.007693884894251823
1785956096997,0.999935507774353,-0.005777471698820591,-0.00604126276448369,0.007693884894251823
1785956097005,0.999935507774353,-0.005777471698820591,-0.00604126276448369,0.007693884894251823
1785956097016,0.999935507774353,-0.005777471698820591,-0.00604126276448369,0.007693884894251823
1785956097026,0.999935507774353,-0.005777471698820591,-0.00604126276448369,0.007693884894251823
1785956097036,0.999935507774353,-0.005777471698820591,-0.00604126276448369,0.007693884894251823
1785956097046,0.999935507774353,-0.005777471698820591,-0.00604126276448369,0.007693884894251823
1785956097057,0.999935507774353,-0.005777471698820591,-0.00604126276448369,0.007693884894251823
1785956097067,0.999935507774353,-0.005777471698820591,-0.00604126276448369,0.007693884894251823
1785956097077,0.999935507774353,-0.005777471698820591,-0.00604126276448369,0.007693884894251823
1785956097086,0.999935507774353,-0.005777471698820591,-0.00604126276448369,0.007693884894251823
1785956097096,0.999935507774353,-0.005777471698820591,-0.00604126276448369,0.007693884894251823
1785956097106,0.999935507774353,-0.005777471698820591,-0.00604126276448369,0.007693884894251823
1785956097117,0.999935507774353,-0.005777471698820591,-0.00604126276448369,0.007693884894251823
1785956097127,0.999935507774353,-0.005777471698820591,-0.00604126276448369,0.007693884894251823
1785956097137,0.999935507774353,-0.005777471698820591,-0.00604126276448369,0.007693884894251823
1785956097147,0.999935507774353,-0.005777471698820591,-0.00604126276448369,0.007693884894251823
1785956097158,0.999935507774353,-0.005777471698820591,-0.00604126276448369,0.007693884894251823
1785956097166,0.999935507774353,-0.005777471698820591,-0.00604126276448369,0.007693884894251823
1785956097177,0.999935507774353,-0.005777471698820591,-0.00604126276448369,0.007693884894251823
1785956097187,0.999935507774353,-0.005777471698820591,-0.00604126276448369,0.007693884894251823
1785956097197,0.999935507774353,-0.005777471698820591,-0.00604126276448369,0.007693884894251823
1785956097207,0.999935507774353,-0.005777471698820591,-0.00604126276448369,0.007693884894251823
1785956097218,0.999935507774353,-0.005777471698820591,-0.00604126276448369,0.007693884894251823
1785956097228,0.999935507774353,-0.005777471698820591,-0.00604126276448369,0.007693884894251823
1785956097238,0.999935507774353,-0.005777471698820591,-0.00604126276448369,0.007693884894251823
1785956097247,0.999935507774353,-0.005777471698820591,-0.00604126276448369,0.007693884894251823
1785956097257,0.999935507774353,-0.005777471698820591,-0.00604126276448369,0.007693884894251823
1785956097268,0.999935507774353,-0.005777471698820591,-0.00604126276448369,0.007693884894251823
1785956097278,0.999935507774353,-0.005777471698820591,-0.00604126276448369,0.007693884894251823
1785956097288,0.999935507774353,-0.005777471698820591,-0.00604126276448369,0.007693884894251823
1785956097298,0.999935507774353,-0.005777471698820591,-0.00604126276448369,0.007693884894251823
1785956097309,0.999935507774353,-0.005777471698820591,-0.00604126276448369,0.007693884894251823
1785956097319,0.999935507774353,-0.005777471698820591,-0.00604126276448369,0.007693884894251823
1785956097329,0.999935507774353,-0.005777471698820591,-0.00604126276448369,0.007693884894251823
1785956097338,0.999935507774353,-0.005777471698820591,-0.00604126276448369,0.007693884894251823
1785956097348,0.999935507774353,-0.005777471698820591,-0.00604126276448369,0.007693884894251823
1785956097358,0.999935507774353,-0.005777471698820591,-0.00604126276448369,0.007693884894251823
1785956097369,0.999935507774353,-0.005777471698820591,-0.00604126276448369,0.007693884894251823
1785956097379,0.999935507774353,-0.005777471698820591,-0.00604126276448369,0.007693884894251823
1785956097389,0.999935507774353,-0.005777471698820591,-0.00604126276448369,0.007693884894251823
1785956097399,0.999935507774353,-0.005777471698820591,-0.00604126276448369,0.007693884894251823
1785956097410,0.999935507774353,-0.005777471698820591,-0.00604126276448369,0.007693884894251823
1785956097418,0.999935507774353,-0.005777471698820591,-0.00604126276448369,0.007693884894251823
1785956097429,0.999935507774353,-0.005777471698820591,-0.00604126276448369,0.007693884894251823
1785956097439,0.999935507774353,-0.005777471698820591,-0.00604126276448369,0.007693884894251823
1785956097449,0.999935507774353,-0.005777471698820591,-0.00604126276448369,0.007693884894251823
1785956097459,0.999935507774353,-0.005777471698820591,-0.00604126276448369,0.007693884894251823
1785956097470,0.999935507774353,-0.005777471698820591,-0.00604126276448369,0.007693884894251823
1785956097480,0.999935507774353,-0.005777471698820591,-0.00604126276448369,0.007693884894251823
1785956097490,0.999935507774353,-0.005777471698820591,-0.00604126276448369,0.007693884894251823
1785956097499,0.999935507774353,-0.005777471698820591,-0.00604126276448369,0.007693884894251823
1785956097509,0.999935507774353,-0.005777471698820591,-0.00604126276448369,0.007693884894251823
1785956097519,0.999935507774353,-0.005777471698820591,-0.00604126276448369,0.007693884894251823
1785956097530,0.999935507774353,-0.005777471698820591,-0.00604126276448369,0.007693884894251823
1785956097540,0.999935507774353,-0.005777471698820591,-0.00604126276448369,0.007693884894251823
1785956097550,0.999935507774353,-0.005777471698820591,-0.00604126276448369,0.007693884894251823
1785956097560,0.999935507774353,-0.005777471698820591,-0.00604126276448369,0.007693884894251823
1785956097571,0.999935507774353,-0.005777471698820591,-0.00604126276448369,0.007693884894251823
1785956097580,0.999935507774353,-0.005777471698820591,-0.00604126276448369,0.007693884894251823
1785956097590,0.999935507774353,-0.005777471698820591,-0.00604126276448369,0.007693884894251823
1785956097600,0.999935507774353,-0.005777471698820591,-0.00604126276448369,0.007693884894251823
1785956097610,0.999935507774353,-0.005777471698820591,-0.00604126276448369,0.007693884894251823
1785956097621,0.999935507774353,-0.005777471698820591,-0.00604126276448369,0.007693884894251823
1785956097631,0.999935507774353,-0.005777471698820591,-0.00604126276448369,0.007693884894251823
1785956097641,0.999935507774353,-0.005777471698820591,-0.00604126276448369,0.007693884894251823
1785956097651,0.999935507774353,-0.005777471698820591,-0.00604126276448369,0.007693884894251823
1785956097662,0.999935507774353,-0.005777471698820591,-0.00604126276448369,0.007693884894251823
1785956097670,0.999935507774353,-0.005777471698820591,-0.00604126276448369,0.007693884894251823
1785956097681,0.999935507774353,-0.005777471698820591,-0.00604126276448369,0.007693884894251823
1785956097691,0.999935507774353,-0.005777471698820591,-0.00604126276448369,0.007693884894251823
1785956097701,0.999935507774353,-0.005777471698820591,-0.00604126276448369,0.007693884894251823
1785956097711,0.999935507774353,-0.005777471698820591,-0.00604126276448369,0.007693884894251823
1785956097722,0.999935507774353,-0.005777471698820591,-0.00604126276448369,0.007693884894251823
1785956097732,0.999935507774353,-0.005777471698820591,-0.00604126276448369,0.007693884894251823
1785956097742,0.999935507774353,-0.005777471698820591,-0.00604126276448369,0.007693884894251823
1785956097751,0.999935507774353,-0.005777471698820591,-0.00604126276448369,0.007693884894251823
1785956097761,0.999935507774353,-0.005777471698820591,-0.00604126276448369,0.007693884894251823
1785956097771,0.999935507774353,-0.005777471698820591,-0.00604126276448369,0.007693884894251823
1785956097782,0.999935507774353,-0.005777471698820591,-0.00604126276448369,0.007693884894251823
1785956097792,0.999935507774353,-0.005777471698820591,-0.00604126276448369,0.007693884894251823
1785956097802,0.999935507774353,-0.005777471698820591,-0.00604126276448369,0.007693884894251823
1785956097812,0.999935507774353,-0.005777471698820591,-0.00604126276448369,0.007693884894251823
1785956097823,0.999935507774353,-0.005777471698820591,-0.00604126276448369,0.007693884894251823
1785956097831,0.999935507774353,-0.005777471698820591,-0.00604126276448369,0.007693884894251823
1785956097842,0.999935507774353,-0.005777471698820591,-0.00604126276448369,0.007693884894251823
1785956097852,0.999935507774353,-0.005777471698820591,-0.00604126276448369,0.007693884894251823
1785956097862,0.999935507774353,-0.005777471698820591,-0.00604126276448369,0.007693884894251823
1785956097872,0.999935507774353,-0.005777471698820591,-0.00604126276448369,0.007693884894251823
1785956097883,0.999935507774353,-0.005777471698820591,-0.00604126276448369,0.007693884894251823
1785956097893,0.999935507774353,-0.005777471698820591,-0.00604126276448369,0.007693884894251823
1785956097903,0.999935507774353,-0.005777471698820591,-0.00604126276448369,0.007693884894251823
1785956097912,0.999935507774353,-0.005777471698820591,-0.00604126276448369,0.007693884894251823
1785956097922,0.999935507774353,-0.005777471698820591,-0.00604126276448369,0.007693884894251823
1785956097933,0.999935507774353,-0.005777471698820591,-0.00604126276448369,0.007693884894251823
1785956097943,0.999935507774353,-0.005777471698820591,-0.00604126276448369,0.007693884894251823
1785956097953,0.999935507774353,-0.005777471698820591,-0.00604126276448369,0.007693884894251823
1785956097963,0.999935507774353,-0.005777471698820591,-0.00604126276448369,0.007693884894251823
1785956097974,0.999935507774353,-0.005777471698820591,-0.00604126276448369,0.007693884894251823
1785956097984,0.999935507774353,-0.005777471698820591,-0.00604126276448369,0.007693884894251823
1785956097994,0.999935507774353,-0.005777471698820591,-0.00604126276448369,0.007693884894251823
1785956098003,0.999935507774353,-0.005777471698820591,-0.00604126276448369,0.007693884894251823
1785956098013,0.999935507774353,-0.005777471698820591,-0.00604126276448369,0.007693884894251823
1785956098023,0.999935507774353,-0.005777471698820591,-0.00604126276448369,0.007693884894251823
1785956098034,0.999935507774353,-0.005777471698820591,-0.00604126276448369,0.007693884894251823
1785956098044,0.999935507774353,-0.005777471698820591,-0.00604126276448369,0.007693884894251823
1785956098054,0.999935507774353,-0.005777471698820591,-0.00604126276448369,0.007693884894251823
1785956098064,0.999935507774353,-0.005777471698820591,-0.00604126276448369,0.007693884894251823
1785956098075,0.999935507774353,-0.005777471698820591,-0.00604126276448369,0.007693884894251823
1785956098083,0.999935507774353,-0.005777471698820591,-0.00604126276448369,0.007693884894251823
1785956098094,0.999935507774353,-0.005777471698820591,-0.00604126276448369,0.007693884894251823
1785956098104,0.999935507774353,-0.005777471698820591,-0.00604126276448369,0.007693884894251823
1785956098114,0.999935507774353,-0.005777471698820591,-0.00604126276448369,0.007693884894251823
1785956098124,0.999935507774353,-0.005777471698820591,-0.00604126276448369,0.007693884894251823
1785956098135,0.999935507774353,-0.005777471698820591,-0.00604126276448369,0.007693884894251823
1785956098145,0.999935507774353,-0.005777471698820591,-0.00604126276448369,0.007693884894251823
1785956098155,0.999935507774353,-0.005777471698820591,-0.00604126276448369,0.007693884894251823
1785956098164,0.999935507774353,-0.005777471698820591,-0.00604126276448369,0.007693884894251823
1785956098174,0.999935507774353,-0.005777471698820591,-0.00604126276448369,0.007693884894251823
1785956098185,0.999935507774353,-0.005777471698820591,-0.00604126276448369,0.007693884894251823
1785956098195,0.999935507774353,-0.005777471698820591,-0.00604126276448369,0.007693884894251823
1785956098205,0.999935507774353,-0.005777471698820591,-0.00604126276448369,0.007693884894251823
1785956098215,0.999935507774353,-0.005777471698820591,-0.00604126276448369,0.007693884894251823
1785956098226,0.999935507774353,-0.005777471698820591,-0.00604126276448369,0.007693884894251823
1785956098236,0.999935507774353,-0.005777471698820591,-0.00604126276448369,0.007693884894251823
1785956098245,0.999935507774353,-0.005777471698820591,-0.00604126276448369,0.007693884894251823
1785956098255,0.999935507774353,-0.005777471698820591,-0.00604126276448369,0.007693884894251823
1785956098265,0.999935507774353,-0.005777471698820591,-0.00604126276448369,0.007693884894251823
1785956098275,0.999935507774353,-0.005777471698820591,-0.00604126276448369,0.007693884894251823
1785956098286,0.999935507774353,-0.005777471698820591,-0.00604126276448369,0.007693884894251823
1785956098296,0.999935507774353,-0.005777471698820591,-0.00604126276448369,0.007693884894251823
1785956098306,0.999935507774353,-0.005777471698820591,-0.00604126276448369,0.007693884894251823
1785956098316,0.999935507774353,-0.005777471698820591,-0.00604126276448369,0.007693884894251823
1785956098327,0.999935507774353,-0.005777471698820591,-0.00604126276448369,0.007693884894251823
1785956098335,0.999935507774353,-0.005777471698820591,-0.00604126276448369,0.007693884894251823
1785956098346,0.999935507774353,-0.005777471698820591,-0.00604126276448369,0.007693884894251823
1785956098356,0.999935507774353,-0.005777471698820591,-0.00604126276448369,0.007693884894251823
1785956098366,0.999935507774353,-0.005777471698820591,-0.00604126276448369,0.007693884894251823
1785956098376,0.999935507774353,-0.005777471698820591,-0.00604126276448369,0.007693884894251823
1785956098387,0.999935507774353,-0.005777471698820591,-0.00604126276448369,0.007693884894251823
1785956098397,0.999935507774353,-0.005777471698820591,-0.00604126276448369,0.007693884894251823
1785956098407,0.999935507774353,-0.005777471698820591,-0.00604126276448369,0.007693884894251823
1785956098416,0.999935507774353,-0.005777471698820591,-0.00604126276448369,0.007693884894251823
1785956098426,0.999935507774353,-0.005777471698820591,-0.00604126276448369,0.007693884894251823
1785956098436,0.999935507774353,-0.005777471698820591,-0.00604126276448369,0.007693884894251823
1785956098447,0.999935507774353,-0.005777471698820591,-0.00604126276448369,0.007693884894251823
1785956098457,0.999935507774353,-0.005777471698820591,-0.00604126276448369,0.007693884894251823
1785956098467,0.999935507774353,-0.005777471698820591,-0.00604126276448369,0.007693884894251823
1785956098477,0.999935507774353,-0.005777471698820591,-0.00604126276448369,0.007693884894251823
1785956098488,0.999935507774353,-0.005777471698820591,-0.00604126276448369,0.007693884894251823
1785956098497,0.999935507774353,-0.005777471698820591,-0.00604126276448369,0.007693884894251823
1785956098507,0.999935507774353,-0.005777471698820591,-0.00604126276448369,0.007693884894251823
1785956098517,0.999935507774353,-0.005777471698820591,-0.00604126276448369,0.007693884894251823
1785956098527,0.999935507774353,-0.005777471698820591,-0.00604126276448369,0.007693884894251823
1785956098538,0.999935507774353,-0.005777471698820591,-0.00604126276448369,0.007693884894251823
1785956098548,0.999935507774353,-0.005777471698820591,-0.00604126276448369,0.007693884894251823
1785956098558,0.999935507774353,-0.005777471698820591,-0.00604126276448369,0.007693884894251823
1785956098568,0.999935507774353,-0.005777471698820591,-0.00604126276448369,0.007693884894251823
1785956098579,0.999935507774353,-0.005777471698820591,-0.00604126276448369,0.007693884894251823
1785956098587,0.999935507774353,-0.005777471698820591,-0.00604126276448369,0.007693884894251823
1785956098598,0.999935507774353,-0.005777471698820591,-0.00604126276448369,0.007693884894251823
1785956098608,0.999935507774353,-0.005777471698820591,-0.00604126276448369,0.007693884894251823
1785956098618,0.999935507774353,-0.005777471698820591,-0.00604126276448369,0.007693884894251823
1785956098628,0.999935507774353,-0.005777471698820591,-0.00604126276448369,0.007693884894251823
1785956098639,0.999935507774353,-0.005777471698820591,-0.00604126276448369,0.007693884894251823
1785956098649,0.999935507774353,-0.005777471698820591,-0.00604126276448369,0.007693884894251823
1785956098659,0.999935507774353,-0.005777471698820591,-0.00604126276448369,0.007693884894251823
1785956098668,0.999935507774353,-0.005777471698820591,-0.00604126276448369,0.007693884894251823
1785956098678,0.999935507774353,-0.005777471698820591,-0.00604126276448369,0.007693884894251823
1785956098688,0.999935507774353,-0.005777471698820591,-0.00604126276448369,0.007693884894251823
1785956098699,0.999935507774353,-0.005777471698820591,-0.00604126276448369,0.007693884894251823
1785956098709,0.999935507774353,-0.005777471698820591,-0.00604126276448369,0.007693884894251823
1785956098719,0.999935507774353,-0.005777471698820591,-0.00604126276448369,0.007693884894251823
1785956098729,0.999935507774353,-0.005777471698820591,-0.00604126276448369,0.007693884894251823
1785956098740,0.999935507774353,-0.005777471698820591,-0.00604126276448369,0.007693884894251823
1785956098750,0.999935507774353,-0.005777471698820591,-0.00604126276448369,0.007693884894251823
1785956098759,0.999935507774353,-0.005777471698820591,-0.00604126276448369,0.007693884894251823
1785956098769,0.999935507774353,-0.005777471698820591,-0.00604126276448369,0.007693884894251823
1785956098779,0.999935507774353,-0.005777471698820591,-0.00604126276448369,0.007693884894251823
1785956098789,0.999935507774353,-0.005777471698820591,-0.00604126276448369,0.007693884894251823
1785956098800,0.999935507774353,-0.005777471698820591,-0.00604126276448369,0.007693884894251823
1785956098810,0.999935507774353,-0.005777471698820591,-0.00604126276448369,0.007693884894251823
1785956098820,0.999935507774353,-0.005777471698820591,-0.00604126276448369,0.007693884894251823
1785956098829,0.999935507774353,-0.005777471698820591,-0.00604126276448369,0.007693884894251823
1785956098839,0.999935507774353,-0.005777471698820591,-0.00604126276448369,0.007693884894251823
1785956098850,0.999935507774353,-0.005777471698820591,-0.00604126276448369,0.007693884894251823
1785956098860,0.999935507774353,-0.005777471698820591,-0.00604126276448369,0.007693884894251823
1785956098870,0.999935507774353,-0.005777471698820591,-0.00604126276448369,0.007693884894251823
1785956098880,0.999935507774353,-0.005777471698820591,-0.00604126276448369,0.007693884894251823
1785956098891,0.999935507774353,-0.005777471698820591,-0.00604126276448369,0.007693884894251823
1785956098901,0.999935507774353,-0.005777471698820591,-0.00604126276448369,0.007693884894251823
1785956098910,0.999935507774353,-0.005777471698820591,-0.00604126276448369,0.007693884894251823
1785956098920,0.999935507774353,-0.005777471698820591,-0.00604126276448369,0.007693884894251823
1785956098930,0.999935507774353,-0.005777471698820591,-0.00604126276448369,0.007693884894251823
1785956098940,0.999935507774353,-0.005777471698820591,-0.00604126276448369,0.007693884894251823
1785956098951,0.999935507774353,-0.005777471698820591,-0.00604126276448369,0.007693884894251823
1785956098961,0.999935507774353,-0.005777471698820591,-0.00604126276448369,0.007693884894251823
1785956098971,0.999935507774353,-0.005777471698820591,-0.00604126276448369,0.007693884894251823
1785956098981,0.999935507774353,-0.005777471698820591,-0.00604126276448369,0.007693884894251823
1785956098992,0.999935507774353,-0.005777471698820591,-0.00604126276448369,0.007693884894251823
1785956099000,0.999935507774353,-0.005777471698820591,-0.00604126276448369,0.007693884894251823
1785956099011,0.999935507774353,-0.005777471698820591,-0.00604126276448369,0.007693884894251823
1785956099021,0.999935507774353,-0.005777471698820591,-0.00604126276448369,0.007693884894251823
1785956099031,0.999935507774353,-0.005777471698820591,-0.00604126276448369,0.007693884894251823
1785956099041,0.999935507774353,-0.005777471698820591,-0.00604126276448369,0.007693884894251823
1785956099052,0.999935507774353,-0.005777471698820591,-0.00604126276448369,0.007693884894251823
1785956099062,0.999935507774353,-0.005777471698820591,-0.00604126276448369,0.007693884894251823
1785956099072,0.999935507774353,-0.005777471698820591,-0.00604126276448369,0.007693884894251823
1785956099081,0.999935507774353,-0.005777471698820591,-0.00604126276448369,0.007693884894251823
1785956099091,0.999935507774353,-0.005777471698820591,-0.00604126276448369,0.007693884894251823
1785956099101,0.999935507774353,-0.005777471698820591,-0.00604126276448369,0.007693884894251823
1785956099112,0.999935507774353,-0.005777471698820591,-0.00604126276448369,0.007693884894251823
1785956099122,0.999935507774353,-0.005777471698820591,-0.00604126276448369,0.007693884894251823
1785956099132,0.999935507774353,-0.005777471698820591,-0.00604126276448369,0.007693884894251823
1785956099143,0.999935507774353,-0.005777471698820591,-0.00604126276448369,0.007693884894251823
1785956099153,0.999935507774353,-0.005777471698820591,-0.00604126276448369,0.007693884894251823
1785956099162,0.999935507774353,-0.005777471698820591,-0.00604126276448369,0.007693884894251823
1785956099172,0.999935507774353,-0.005777471698820591,-0.00604126276448369,0.007693884894251823
1785956099182,0.999935507774353,-0.005777471698820591,-0.00604126276448369,0.007693884894251823
1785956099192,0.999935507774353,-0.005777471698820591,-0.00604126276448369,0.007693884894251823
1785956099203,0.999935507774353,-0.005777471698820591,-0.00604126276448369,0.007693884894251823
1785956099213,0.999935507774353,-0.005777471698820591,-0.00604126276448369,0.007693884894251823
1785956099223,0.999935507774353,-0.005777471698820591,-0.00604126276448369,0.007693884894251823
1785956099233,0.999935507774353,-0.005777471698820591,-0.00604126276448369,0.007693884894251823
1785956099242,0.999935507774353,-0.005777471698820591,-0.00604126276448369,0.007693884894251823
1785956099252,0.999935507774353,-0.005777471698820591,-0.00604126276448369,0.007693884894251823
1785956099263,0.999935507774353,-0.005777471698820591,-0.00604126276448369,0.007693884894251823
1785956099273,0.999935507774353,-0.005777471698820591,-0.00604126276448369,0.007693884894251823
1785956099283,0.999935507774353,-0.005777471698820591,-0.00604126276448369,0.007693884894251823
1785956099293,0.999935507774353,-0.005777471698820591,-0.00604126276448369,0.007693884894251823
1785956099304,0.999935507774353,-0.005777471698820591,-0.00604126276448369,0.007693884894251823
1785956099314,0.999935507774353,-0.005777471698820591,-0.00604126276448369,0.007693884894251823
1785956099324,0.999935507774353,-0.005777471698820591,-0.00604126276448369,0.007693884894251823
1785956099333,0.999935507774353,-0.005777471698820591,-0.00604126276448369,0.007693884894251823
1785956099343,0.999935507774353,-0.005777471698820591,-0.00604126276448369,0.007693884894251823
1785956099353,0.999935507774353,-0.005777471698820591,-0.00604126276448369,0.007693884894251823
1785956099364,0.999935507774353,-0.005777471698820591,-0.00604126276448369,0.007693884894251823
1785956099374,0.999935507774353,-0.005777471698820591,-0.00604126276448369,0.007693884894251823
1785956099384,0.999935507774353,-0.005777471698820591,-0.00604126276448369,0.007693884894251823
1785956099394,0.999935507774353,-0.005777471698820591,-0.00604126276448369,0.007693884894251823
1785956099405,0.999935507774353,-0.005777471698820591,-0.00604126276448369,0.007693884894251823
1785956099414,0.999935507774353,-0.005777471698820591,-0.00604126276448369,0.007693884894251823
1785956099424,0.999935507774353,-0.005777471698820591,-0.00604126276448369,0.007693884894251823
1785956099434,0.999935507774353,-0.005777471698820591,-0.00604126276448369,0.007693884894251823
1785956099444,0.999935507774353,-0.005777471698820591,-0.00604126276448369,0.007693884894251823
1785956099455,0.999935507774353,-0.005777471698820591,-0.00604126276448369,0.007693884894251823
1785956099465,0.999935507774353,-0.005777471698820591,-0.00604126276448369,0.007693884894251823
1785956099475,0.999935507774353,-0.005777471698820591,-0.00604126276448369,0.007693884894251823
1785956099485,0.999935507774353,-0.005777471698820591,-0.00604126276448369,0.007693884894251823
1785956099494,0.999935507774353,-0.005777471698820591,-0.00604126276448369,0.007693884894251823
1785956099504,0.999935507774353,-0.005777471698820591,-0.00604126276448369,0.007693884894251823
1785956099515,0.999935507774353,-0.005777471698820591,-0.00604126276448369,0.007693884894251823
1785956099525,0.999935507774353,-0.005777471698820591,-0.00604126276448369,0.007693884894251823
1785956099535,0.999935507774353,-0.005777471698820591,-0.00604126276448369,0.007693884894251823
1785956099545,0.999935507774353,-0.005777471698820591,-0.00604126276448369,0.007693884894251823
1785956099556,0.999935507774353,-0.005777471698820591,-0.00604126276448369,0.007693884894251823
1785956099566,0.999935507774353,-0.005777471698820591,-0.00604126276448369,0.007693884894251823
1785956099575,0.999935507774353,-0.005777471698820591,-0.00604126276448369,0.007693884894251823
1785956099585,0.999935507774353,-0.005777471698820591,-0.00604126276448369,0.007693884894251823
1785956099595,0.999935507774353,-0.005777471698820591,-0.00604126276448369,0.007693884894251823
1785956099605,0.999935507774353,-0.005777471698820591,-0.00604126276448369,0.007693884894251823
1785956099616,0.999935507774353,-0.005777471698820591,-0.00604126276448369,0.007693884894251823
1785956099626,0.999935507774353,-0.005777471698820591,-0.00604126276448369,0.007693884894251823
1785956099636,0.999935507774353,-0.005777471698820591,-0.00604126276448369,0.007693884894251823
1785956099646,0.999935507774353,-0.005777471698820591,-0.00604126276448369,0.007693884894251823
1785956099655,0.999935507774353,-0.005777471698820591,-0.00604126276448369,0.007693884894251823
1785956099665,0.999935507774353,-0.005777471698820591,-0.00604126276448369,0.007693884894251823
1785956099676,0.999935507774353,-0.005777471698820591,-0.00604126276448369,0.007693884894251823
1785956099686,0.999935507774353,-0.005777471698820591,-0.00604126276448369,0.007693884894251823
1785956099696,0.999935507774353,-0.005777471698820591,-0.00604126276448369,0.007693884894251823
1785956099706,0.999935507774353,-0.005777471698820591,-0.00604126276448369,0.007693884894251823
1785956099717,0.999935507774353,-0.005777471698820591,-0.00604126276448369,0.007693884894251823
1785956099727,0.999935507774353,-0.005777471698820591,-0.00604126276448369,0.007693884894251823
1785956099737,0.999935507774353,-0.005777471698820591,-0.00604126276448369,0.007693884894251823
1785956099746,0.999935507774353,-0.005777471698820591,-0.00604126276448369,0.007693884894251823
1785956099756,0.999935507774353,-0.005777471698820591,-0.00604126276448369,0.007693884894251823
1785956099767,0.999935507774353,-0.005777471698820591,-0.00604126276448369,0.007693884894251823
1785956099777,0.999935507774353,-0.005777471698820591,-0.00604126276448369,0.007693884894251823
1785956099787,0.999935507774353,-0.005777471698820591,-0.00604126276448369,0.007693884894251823
1785956099797,0.999935507774353,-0.005777471698820591,-0.00604126276448369,0.007693884894251823
1785956099808,0.999935507774353,-0.005777471698820591,-0.00604126276448369,0.007693884894251823
1785956099818,0.999935507774353,-0.005777471698820591,-0.00604126276448369,0.007693884894251823
1785956099827,0.999935507774353,-0.005777471698820591,-0.00604126276448369,0.007693884894251823
1785956099837,0.999935507774353,-0.005777471698820591,-0.00604126276448369,0.007693884894251823
1785956099847,0.999935507774353,-0.005777471698820591,-0.00604126276448369,0.007693884894251823
1785956099857,0.999935507774353,-0.005777471698820591,-0.00604126276448369,0.007693884894251823
1785956099868,0.999935507774353,-0.005777471698820591,-0.00604126276448369,0.007693884894251823
1785956099878,0.999935507774353,-0.005777471698820591,-0.00604126276448369,0.007693884894251823
1785956099888,0.999935507774353,-0.005777471698820591,-0.00604126276448369,0.007693884894251823
1785956099898,0.999935507774353,-0.005777471698820591,-0.00604126276448369,0.007693884894251823
1785956099907,0.999935507774353,-0.005777471698820591,-0.00604126276448369,0.007693884894251823
1785956099917,0.999935507774353,-0.005777471698820591,-0.00604126276448369,0.007693884894251823
1785956099928,0.999935507774353,-0.005777471698820591,-0.00604126276448369,0.007693884894251823
1785956099938,0.999935507774353,-0.005777471698820591,-0.00604126276448369,0.007693884894251823
1785956099948,0.999935507774353,-0.005777471698820591,-0.00604126276448369,0.007693884894251823
1785956099958,0.999935507774353,-0.005777471698820591,-0.00604126276448369,0.007693884894251823
1785956099969,0.999935507774353,-0.005777471698820591,-0.00604126276448369,0.007693884894251823
1785956099979,0.999935507774353,-0.005777471698820591,-0.00604126276448369,0.007693884894251823
1785956099988,0.999935507774353,-0.005777471698820591,-0.00604126276448369,0.007693884894251823
1785956099998,0.999935507774353,-0.005777471698820591,-0.00604126276448369,0.007693884894251823
1785956100008,0.999935507774353,-0.005777471698820591,-0.00604126276448369,0.007693884894251823
1785956100018,0.999935507774353,-0.005777471698820591,-0.00604126276448369,0.007693884894251823
1785956100029,0.999935507774353,-0.005777471698820591,-0.00604126276448369,0.007693884894251823
1785956100039,0.999935507774353,-0.005777471698820591,-0.00604126276448369,0.007693884894251823
1785956100049,0.999935507774353,-0.005777471698820591,-0.00604126276448369,0.007693884894251823
1785956100060,0.999935507774353,-0.005777471698820591,-0.00604126276448369,0.007693884894251823
1785956100070,0.999935507774353,-0.005777471698820591,-0.00604126276448369,0.007693884894251823
1785956100079,0.999935507774353,-0.005777471698820591,-0.00604126276448369,0.007693884894251823
1785956100089,0.999935507774353,-0.005777471698820591,-0.00604126276448369,0.007693884894251823
1785956100099,0.999935507774353,-0.005777471698820591,-0.00604126276448369,0.007693884894251823
1785956100109,0.999935507774353,-0.005777471698820591,-0.00604126276448369,0.007693884894251823
1785956100120,0.999935507774353,-0.005777471698820591,-0.00604126276448369,0.007693884894251823
1785956100130,0.999935507774353,-0.005777471698820591,-0.00604126276448369,0.007693884894251823
1785956100140,0.999935507774353,-0.005777471698820591,-0.00604126276448369,0.007693884894251823
1785956100150,0.999935507774353,-0.005777471698820591,-0.00604126276448369,0.007693884894251823
1785956100159,0.999935507774353,-0.005777471698820591,-0.00604126276448369,0.007693884894251823
1785956100169,0.999935507774353,-0.005777471698820591,-0.00604126276448369,0.007693884894251823
1785956100180,0.999935507774353,-0.005777471698820591,-0.00604126276448369,0.007693884894251823
1785956100190,0.999935507774353,-0.005777471698820591,-0.00604126276448369,0.007693884894251823
1785956100200,0.999935507774353,-0.005777471698820591,-0.00604126276448369,0.007693884894251823
1785956100210,0.999935507774353,-0.005777471698820591,-0.00604126276448369,0.007693884894251823
1785956100221,0.999935507774353,-0.005777471698820591,-0.00604126276448369,0.007693884894251823
1785956100231,0.999935507774353,-0.005777471698820591,-0.00604126276448369,0.007693884894251823
1785956100241,0.999935507774353,-0.005777471698820591,-0.00604126276448369,0.007693884894251823
1785956100250,0.999935507774353,-0.005777471698820591,-0.00604126276448369,0.007693884894251823
1785956100260,0.999935507774353,-0.005777471698820591,-0.00604126276448369,0.007693884894251823
1785956100270,0.999935507774353,-0.005777471698820591,-0.00604126276448369,0.007693884894251823
1785956100281,0.999935507774353,-0.005777471698820591,-0.00604126276448369,0.007693884894251823
1785956100291,0.999935507774353,-0.005777471698820591,-0.00604126276448369,0.007693884894251823
1785956100301,0.999935507774353,-0.005777471698820591,-0.00604126276448369,0.007693884894251823
1785956100311,0.999935507774353,-0.005777471698820591,-0.00604126276448369,0.007693884894251823
1785956100322,0.999935507774353,-0.005777471698820591,-0.00604126276448369,0.007693884894251823
1785956100331,0.999935507774353,-0.005777471698820591,-0.00604126276448369,0.007693884894251823
1785956100341,0.999935507774353,-0.005777471698820591,-0.00604126276448369,0.007693884894251823
1785956100351,0.999935507774353,-0.005777471698820591,-0.00604126276448369,0.007693884894251823
1785956100361,0.999935507774353,-0.005777471698820591,-0.00604126276448369,0.007693884894251823
1785956100372,0.999935507774353,-0.005777471698820591,-0.00604126276448369,0.007693884894251823
1785956100382,0.999935507774353,-0.005777471698820591,-0.00604126276448369,0.007693884894251823
1785956100392,0.999935507774353,-0.005777471698820591,-0.00604126276448369,0.007693884894251823
1785956100402,0.999935507774353,-0.005777471698820591,-0.00604126276448369,0.007693884894251823
1785956100411,0.999935507774353,-0.005777471698820591,-0.00604126276448369,0.007693884894251823
1785956100421,0.999935507774353,-0.005777471698820591,-0.00604126276448369,0.007693884894251823
1785956100432,0.999935507774353,-0.005777471698820591,-0.00604126276448369,0.007693884894251823
1785956100442,0.999935507774353,-0.005777471698820591,-0.00604126276448369,0.007693884894251823
1785956100452,0.999935507774353,-0.005777471698820591,-0.00604126276448369,0.007693884894251823
1785956100462,0.999935507774353,-0.005777471698820591,-0.00604126276448369,0.007693884894251823
1785956100473,0.999935507774353,-0.005777471698820591,-0.00604126276448369,0.007693884894251823
1785956100483,0.999935507774353,-0.005777471698820591,-0.00604126276448369,0.007693884894251823
1785956100492,0.999935507774353,-0.005777471698820591,-0.00604126276448369,0.007693884894251823
1785956100502,0.999935507774353,-0.005777471698820591,-0.00604126276448369,0.007693884894251823
1785956100512,0.999935507774353,-0.005777471698820591,-0.00604126276448369,0.007693884894251823
1785956100522,0.999935507774353,-0.005777471698820591,-0.00604126276448369,0.007693884894251823
1785956100533,0.999935507774353,-0.005777471698820591,-0.00604126276448369,0.007693884894251823
1785956100543,0.999935507774353,-0.005777471698820591,-0.00604126276448369,0.007693884894251823
1785956100553,0.999935507774353,-0.005777471698820591,-0.00604126276448369,0.007693884894251823
1785956100563,0.999935507774353,-0.005777471698820591,-0.00604126276448369,0.007693884894251823
1785956100572,0.999935507774353,-0.005777471698820591,-0.00604126276448369,0.007693884894251823
1785956100582,0.999935507774353,-0.005777471698820591,-0.00604126276448369,0.007693884894251823
1785956100593,0.999935507774353,-0.005777471698820591,-0.00604126276448369,0.007693884894251823
1785956100603,0.999935507774353,-0.005777471698820591,-0.00604126276448369,0.007693884894251823
1785956100613,0.999935507774353,-0.005777471698820591,-0.00604126276448369,0.007693884894251823
1785956100623,0.999935507774353,-0.005777471698820591,-0.00604126276448369,0.007693884894251823
1785956100634,0.999935507774353,-0.005777471698820591,-0.00604126276448369,0.007693884894251823
1785956100644,0.999935507774353,-0.005777471698820591,-0.00604126276448369,0.007693884894251823
1785956100654,0.999935507774353,-0.005777471698820591,-0.00604126276448369,0.007693884894251823
1785956100663,0.999935507774353,-0.005777471698820591,-0.00604126276448369,0.007693884894251823
1785956100673,0.999935507774353,-0.005777471698820591,-0.00604126276448369,0.007693884894251823
1785956100684,0.999935507774353,-0.005777471698820591,-0.00604126276448369,0.007693884894251823
1785956100694,0.999935507774353,-0.005777471698820591,-0.00604126276448369,0.007693884894251823
1785956100704,0.999935507774353,-0.005777471698820591,-0.00604126276448369,0.007693884894251823
1785956100714,0.999935507774353,-0.005777471698820591,-0.00604126276448369,0.007693884894251823
1785956100725,0.999935507774353,-0.005777471698820591,-0.00604126276448369,0.007693884894251823
1785956100735,0.999935507774353,-0.005777471698820591,-0.00604126276448369,0.007693884894251823
1785956100744,0.999935507774353,-0.005777471698820591,-0.00604126276448369,0.007693884894251823
1785956100754,0.999935507774353,-0.005777471698820591,-0.00604126276448369,0.007693884894251823
1785956100764,0.999935507774353,-0.005777471698820591,-0.00604126276448369,0.007693884894251823
1785956100774,0.999935507774353,-0.005777471698820591,-0.00604126276448369,0.007693884894251823
1785956100785,0.999935507774353,-0.005777471698820591,-0.00604126276448369,0.007693884894251823
1785956100795,0.999935507774353,-0.005777471698820591,-0.00604126276448369,0.007693884894251823
1785956100805,0.999935507774353,-0.005777471698820591,-0.00604126276448369,0.007693884894251823
1785956100815,0.999935507774353,-0.005777471698820591,-0.00604126276448369,0.007693884894251823
1785956100824,0.999935507774353,-0.005777471698820591,-0.00604126276448369,0.007693884894251823
1785956100834,0.999935507774353,-0.005777471698820591,-0.00604126276448369,0.007693884894251823
1785956100845,0.999935507774353,-0.005777471698820591,-0.00604126276448369,0.007693884894251823
1785956100855,0.999935507774353,-0.005777471698820591,-0.00604126276448369,0.007693884894251823
1785956100865,0.999935507774353,-0.005777471698820591,-0.00604126276448369,0.007693884894251823
1785956100875,0.999935507774353,-0.005777471698820591,-0.00604126276448369,0.007693884894251823
1785956100886,0.999935507774353,-0.005777471698820591,-0.00604126276448369,0.007693884894251823
1785956100896,0.999935507774353,-0.005777471698820591,-0.00604126276448369,0.007693884894251823
1785956100905,0.999935507774353,-0.005777471698820591,-0.00604126276448369,0.007693884894251823
1785956100915,0.999935507774353,-0.005777471698820591,-0.00604126276448369,0.007693884894251823
1785956100925,0.999935507774353,-0.005777471698820591,-0.00604126276448369,0.007693884894251823
1785956100935,0.999935507774353,-0.005777471698820591,-0.00604126276448369,0.007693884894251823
1785956100946,0.999935507774353,-0.005777471698820591,-0.00604126276448369,0.007693884894251823
1785956100956,0.999935507774353,-0.005777471698820591,-0.00604126276448369,0.007693884894251823
1785956100966,0.999935507774353,-0.005777471698820591,-0.00604126276448369,0.007693884894251823
1785956100976,0.999935507774353,-0.005777471698820591,-0.00604126276448369,0.007693884894251823
1785956100985,0.999935507774353,-0.005777471698820591,-0.00604126276448369,0.007693884894251823
1785956100996,0.999935507774353,-0.005777471698820591,-0.00604126276448369,0.007693884894251823
1785956101006,0.999935507774353,-0.005777471698820591,-0.00604126276448369,0.007693884894251823
1785956101016,0.999935507774353,-0.005777471698820591,-0.00604126276448369,0.007693884894251823
1785956101026,0.999935507774353,-0.005777471698820591,-0.00604126276448369,0.007693884894251823
1785956101037,0.999935507774353,-0.005777471698820591,-0.00604126276448369,0.007693884894251823
1785956101047,0.999935507774353,-0.005777471698820591,-0.00604126276448369,0.007693884894251823
1785956101057,0.999935507774353,-0.005777471698820591,-0.00604126276448369,0.007693884894251823
1785956101067,0.999935507774353,-0.005777471698820591,-0.00604126276448369,0.007693884894251823
1785956101076,0.9999352097511292,-0.005830729845911264,-0.006041672546416521,0.007693563122302294
1785956101086,0.9999348521232605,-0.005889314226806164,-0.006042123306542635,0.00769320921972394
1785956101097,0.9999348521232605,-0.005889314226806164,-0.006042123306542635,0.00769320921972394
1785956101107,0.9999348521232605,-0.005889314226806164,-0.006042123306542635,0.00769320921972394
1785956101117,0.9999348521232605,-0.005889314226806164,-0.006042123306542635,0.00769320921972394
1785956101127,0.9999348521232605,-0.005889314226806164,-0.006042123306542635,0.00769320921972394
1785956101138,0.9999348521232605,-0.005889314226806164,-0.006042123306542635,0.00769320921972394
1785956101148,0.9999348521232605,-0.005889314226806164,-0.006042123306542635,0.00769320921972394
1785956101157,0.9999348521232605,-0.005889314226806164,-0.006042123306542635,0.00769320921972394
1785956101167,0.9999348521232605,-0.005889314226806164,-0.006042123306542635,0.00769320921972394
1785956101177,0.9999348521232605,-0.005889314226806164,-0.006042123306542635,0.00769320921972394
1785956101187,0.9999348521232605,-0.005889314226806164,-0.006042123306542635,0.00769320921972394
1785956101198,0.9999348521232605,-0.005889314226806164,-0.006042123306542635,0.00769320921972394
1785956101208,0.9999348521232605,-0.005889314226806164,-0.006042123306542635,0.00769320921972394
1785956101218,0.9999348521232605,-0.005889314226806164,-0.006042123306542635,0.00769320921972394
1785956101228,0.9999348521232605,-0.005889314226806164,-0.006042123306542635,0.00769320921972394
1785956101237,0.9999348521232605,-0.005889314226806164,-0.006042123306542635,0.00769320921972394
1785956101247,0.9999348521232605,-0.005889314226806164,-0.006042123306542635,0.00769320921972394
1785956101258,0.9999348521232605,-0.005889314226806164,-0.006042123306542635,0.00769320921972394
1785956101268,0.9999348521232605,-0.005889314226806164,-0.006042123306542635,0.00769320921972394
1785956101278,0.9999348521232605,-0.005889314226806164,-0.006042123306542635,0.00769320921972394
1785956101289,0.9999348521232605,-0.005889314226806164,-0.006042123306542635,0.00769320921972394
1785956101299,0.9999348521232605,-0.005889314226806164,-0.006042123306542635,0.00769320921972394
1785956101309,0.9999348521232605,-0.005889314226806164,-0.006042123306542635,0.00769320921972394
1785956101318,0.9999348521232605,-0.005889314226806164,-0.006042123306542635,0.00769320921972394
1785956101328,0.9999348521232605,-0.005889314226806164,-0.006042123306542635,0.00769320921972394
1785956101338,0.9999348521232605,-0.005889314226806164,-0.006042123306542635,0.00769320921972394
1785956101349,0.9999348521232605,-0.005889314226806164,-0.006042123306542635,0.00769320921972394
1785956101359,0.9999348521232605,-0.005889314226806164,-0.006042123306542635,0.00769320921972394
1785956101369,0.9999348521232605,-0.005889314226806164,-0.006042123306542635,0.00769320921972394
1785956101379,0.9999348521232605,-0.005889314226806164,-0.006042123306542635,0.00769320921972394
1785956101390,0.9999348521232605,-0.005889314226806164,-0.006042123306542635,0.00769320921972394
1785956101400,0.9999348521232605,-0.005889314226806164,-0.006042123306542635,0.00769320921972394
1785956101409,0.9999348521232605,-0.005889314226806164,-0.006042123306542635,0.00769320921972394
1785956101419,0.9999348521232605,-0.005889314226806164,-0.006042123306542635,0.00769320921972394
1785956101429,0.9999348521232605,-0.005889314226806164,-0.006042123306542635,0.00769320921972394
1785956101439,0.9999348521232605,-0.005889314226806164,-0.006042123306542635,0.00769320921972394
1785956101450,0.9999348521232605,-0.005889314226806164,-0.006042123306542635,0.00769320921972394
1785956101460,0.9999348521232605,-0.005889314226806164,-0.006042123306542635,0.00769320921972394
1785956101470,0.9999348521232605,-0.005889314226806164,-0.006042123306542635,0.00769320921972394
1785956101480,0.9999348521232605,-0.005889314226806164,-0.006042123306542635,0.00769320921972394
1785956101489,0.9999348521232605,-0.005889314226806164,-0.006042123306542635,0.00769320921972394
1785956101499,0.9999348521232605,-0.005889314226806164,-0.006042123306542635,0.00769320921972394
1785956101510,0.9999348521232605,-0.005889314226806164,-0.006042123306542635,0.00769320921972394
1785956101520,0.9999348521232605,-0.005889314226806164,-0.006042123306542635,0.00769320921972394
1785956101530,0.9999348521232605,-0.005889314226806164,-0.006042123306542635,0.00769320921972394
1785956101540,0.9999348521232605,-0.005889314226806164,-0.006042123306542635,0.00769320921972394
1785956101551,0.9999348521232605,-0.005889314226806164,-0.006042123306542635,0.00769320921972394
1785956101561,0.9999348521232605,-0.005889314226806164,-0.006042123306542635,0.00769320921972394
1785956101570,0.9999348521232605,-0.005889314226806164,-0.006042123306542635,0.00769320921972394
1785956101580,0.9999348521232605,-0.005889314226806164,-0.006042123306542635,0.00769320921972394
1785956101590,0.9999348521232605,-0.005889314226806164,-0.006042123306542635,0.00769320921972394
1785956101601,0.9999348521232605,-0.005889314226806164,-0.006042123306542635,0.00769320921972394
1785956101611,0.9999348521232605,-0.005889314226806164,-0.006042123306542635,0.00769320921972394
1785956101621,0.9999348521232605,-0.005889314226806164,-0.006042123306542635,0.00769320921972394
1785956101631,0.9999348521232605,-0.005889314226806164,-0.006042123306542635,0.00769320921972394
1785956101642,0.9999348521232605,-0.005889314226806164,-0.006042123306542635,0.00769320921972394
1785956101650,0.9999348521232605,-0.005889314226806164,-0.006042123306542635,0.00769320921972394
1785956101661,0.9999348521232605,-0.005889314226806164,-0.006042123306542635,0.00769320921972394
1785956101671,0.9999348521232605,-0.005889314226806164,-0.006042123306542635,0.00769320921972394
1785956101681,0.9999348521232605,-0.005889314226806164,-0.006042123306542635,0.00769320921972394
1785956101691,0.9999348521232605,-0.005889314226806164,-0.006042123306542635,0.00769320921972394
1785956101702,0.9999348521232605,-0.005889314226806164,-0.006042123306542635,0.00769320921972394
1785956101712,0.9999348521232605,-0.005889314226806164,-0.006042123306542635,0.00769320921972394
1785956101722,0.9999348521232605,-0.005889314226806164,-0.006042123306542635,0.00769320921972394
1785956101732,0.9999348521232605,-0.005889314226806164,-0.006042123306542635,0.00769320921972394
1785956101741,0.9999348521232605,-0.005889314226806164,-0.006042123306542635,0.00769320921972394
1785956101751,0.9999348521232605,-0.005889314226806164,-0.006042123306542635,0.00769320921972394
1785956101762,0.9999348521232605,-0.005889314226806164,-0.006042123306542635,0.00769320921972394
1785956101772,0.9999348521232605,-0.005889314226806164,-0.006042123306542635,0.00769320921972394
1785956101782,0.9999348521232605,-0.005889314226806164,-0.006042123306542635,0.00769320921972394
1785956101792,0.9999348521232605,-0.005889314226806164,-0.006042123306542635,0.00769320921972394
1785956101803,0.9999348521232605,-0.005889314226806164,-0.006042123306542635,0.00769320921972394
1785956101813,0.9999348521232605,-0.005889314226806164,-0.006042123306542635,0.00769320921972394
1785956101822,0.9999348521232605,-0.005889314226806164,-0.006042123306542635,0.00769320921972394
1785956101832,0.9999348521232605,-0.005889314226806164,-0.006042123306542635,0.00769320921972394
1785956101842,0.9999348521232605,-0.005889314226806164,-0.006042123306542635,0.00769320921972394
1785956101852,0.9999348521232605,-0.005889314226806164,-0.006042123306542635,0.00769320921972394
1785956101863,0.9999348521232605,-0.005889314226806164,-0.006042123306542635,0.00769320921972394
1785956101873,0.9999348521232605,-0.005889314226806164,-0.006042123306542635,0.00769320921972394
1785956101883,0.9999348521232605,-0.005889314226806164,-0.006042123306542635,0.00769320921972394
1785956101893,0.9999348521232605,-0.005889314226806164,-0.006042123306542635,0.00769320921972394
1785956101902,0.9999348521232605,-0.005889314226806164,-0.006042123306542635,0.00769320921972394
1785956101913,0.9999348521232605,-0.005889314226806164,-0.006042123306542635,0.00769320921972394
1785956101923,0.9999348521232605,-0.005889314226806164,-0.006042123306542635,0.00769320921972394
1785956101933,0.9999348521232605,-0.005889314226806164,-0.006042123306542635,0.00769320921972394
1785956101943,0.9999348521232605,-0.005889314226806164,-0.006042123306542635,0.00769320921972394
1785956101954,0.9999348521232605,-0.005889314226806164,-0.006042123306542635,0.00769320921972394
1785956101964,0.9999348521232605,-0.005889314226806164,-0.006042123306542635,0.00769320921972394
1785956101974,0.9999348521232605,-0.005889314226806164,-0.006042123306542635,0.00769320921972394
1785956101984,0.9999348521232605,-0.005889314226806164,-0.006042123306542635,0.00769320921972394
1785956101993,0.9999348521232605,-0.005889314226806164,-0.006042123306542635,0.00769320921972394
1785956102003,0.9999348521232605,-0.005889314226806164,-0.006042123306542635,0.00769320921972394
1785956102014,0.9999348521232605,-0.005889314226806164,-0.006042123306542635,0.00769320921972394
1785956102024,0.9999348521232605,-0.005889314226806164,-0.006042123306542635,0.00769320921972394
1785956102034,0.9999348521232605,-0.005889314226806164,-0.006042123306542635,0.00769320921972394
1785956102044,0.9999348521232605,-0.005889314226806164,-0.006042123306542635,0.00769320921972394
1785956102055,0.9999348521232605,-0.005889314226806164,-0.006042123306542635,0.00769320921972394
1785956102065,0.9999348521232605,-0.005889314226806164,-0.006042123306542635,0.00769320921972394
1785956102074,0.9999348521232605,-0.005889314226806164,-0.006042123306542635,0.00769320921972394
1785956102084,0.9999344944953918,-0.005953224841505289,-0.006042615044862032,0.007692823186516762
1785956102094,0.9999344944953918,-0.005953224841505289,-0.006042615044862032,0.007692823186516762
1785956102104,0.9999344944953918,-0.005953224841505289,-0.006042615044862032,0.007692823186516762
1785956102115,0.9999344944953918,-0.005953224841505289,-0.006042615044862032,0.007692823186516762
1785956102125,0.9999344944953918,-0.005953224841505289,-0.006042615044862032,0.007692823186516762
1785956102135,0.9999344944953918,-0.005953224841505289,-0.006042615044862032,0.007692823186516762
1785956102145,0.9999344944953918,-0.005953224841505289,-0.006042615044862032,0.007692823186516762
1785956102154,0.9999344944953918,-0.005953224841505289,-0.006042615044862032,0.007692823186516762
1785956102164,0.9999344944953918,-0.005953224841505289,-0.006042615044862032,0.007692823186516762
1785956102175,0.9999344944953918,-0.005953224841505289,-0.006042615044862032,0.007692823186516762
1785956102185,0.9999344944953918,-0.005953224841505289,-0.006042615044862032,0.007692823186516762
1785956102195,0.9999344944953918,-0.005953224841505289,-0.006042615044862032,0.007692823186516762
1785956102206,0.9999344944953918,-0.005953224841505289,-0.006042615044862032,0.007692823186516762
1785956102216,0.9999344944953918,-0.005953224841505289,-0.006042615044862032,0.007692823186516762
1785956102226,0.9999344944953918,-0.005953224841505289,-0.006042615044862032,0.007692823186516762
1785956102235,0.9999344944953918,-0.005953224841505289,-0.006042615044862032,0.007692823186516762
1785956102245,0.9999344944953918,-0.005953224841505289,-0.006042615044862032,0.007692823186516762
1785956102255,0.9999344944953918,-0.005953224841505289,-0.006042615044862032,0.007692823186516762
1785956102266,0.9999344944953918,-0.005953224841505289,-0.006042615044862032,0.007692823186516762
1785956102276,0.9999344944953918,-0.005953224841505289,-0.006042615044862032,0.007692823186516762
1785956102286,0.9999344944953918,-0.005953224841505289,-0.006042615044862032,0.007692823186516762
1785956102296,0.9999344944953918,-0.005953224841505289,-0.006042615044862032,0.007692823186516762
1785956102307,0.9999344944953918,-0.005953224841505289,-0.006042615044862032,0.007692823186516762
1785956102317,0.9999344944953918,-0.005953224841505289,-0.006042615044862032,0.007692823186516762
1785956102326,0.9999344944953918,-0.005953224841505289,-0.006042615044862032,0.007692823186516762
1785956102336,0.9999344944953918,-0.005953224841505289,-0.006042615044862032,0.007692823186516762
1785956102346,0.9999344944953918,-0.005953224841505289,-0.006042615044862032,0.007692823186516762
1785956102356,0.9999344944953918,-0.005953224841505289,-0.006042615044862032,0.007692823186516762
1785956102367,0.9999344944953918,-0.005953224841505289,-0.006042615044862032,0.007692823186516762
1785956102377,0.999934196472168,-0.0060064829885959625,-0.006043024826794863,0.007692501414567232
1785956102387,0.999934196472168,-0.0060064829885959625,-0.006043024826794863,0.007692501414567232
1785956102397,0.999934196472168,-0.0060064829885959625,-0.006043024826794863,0.007692501414567232
1785956102406,0.999934196472168,-0.0060064829885959625,-0.006043024826794863,0.007692501414567232
1785956102416,0.999934196472168,-0.0060064829885959625,-0.006043024826794863,0.007692501414567232
1785956102427,0.999934196472168,-0.0060064829885959625,-0.006043024826794863,0.007692501414567232
1785956102437,0.999934196472168,-0.0060064829885959625,-0.006043024826794863,0.007692501414567232
1785956102447,0.999934196472168,-0.0060064829885959625,-0.006043024826794863,0.007692501414567232
1785956102457,0.999934196472168,-0.0060064829885959625,-0.006043024826794863,0.007692501414567232
1785956102468,0.999934196472168,-0.0060064829885959625,-0.006043024826794863,0.007692501414567232
1785956102478,0.999934196472168,-0.0060064829885959625,-0.006043024826794863,0.007692501414567232
1785956102487,0.999934196472168,-0.0060064829885959625,-0.006043024826794863,0.007692501414567232
1785956102497,0.999934196472168,-0.0060064829885959625,-0.006043024826794863,0.007692501414567232
1785956102507,0.999934196472168,-0.0060064829885959625,-0.006043024826794863,0.007692501414567232
1785956102518,0.999934196472168,-0.0060064829885959625,-0.006043024826794863,0.007692501414567232
1785956102528,0.999934196472168,-0.0060064829885959625,-0.006043024826794863,0.007692501414567232
1785956102538,0.999934196472168,-0.0060064829885959625,-0.006043024826794863,0.007692501414567232
1785956102548,0.999934196472168,-0.0060064829885959625,-0.006043024826794863,0.007692501414567232
1785956102559,0.999934196472168,-0.0060064829885959625,-0.006043024826794863,0.007692501414567232
1785956102567,0.999934196472168,-0.0060064829885959625,-0.006043024826794863,0.007692501414567232
1785956102578,0.999934196472168,-0.0060064829885959625,-0.006043024826794863,0.007692501414567232
1785956102588,0.999934196472168,-0.0060064829885959625,-0.006043024826794863,0.007692501414567232
1785956102598,0.999934196472168,-0.0060064829885959625,-0.006043024826794863,0.007692501414567232
1785956102608,0.999934196472168,-0.0060064829885959625,-0.006043024826794863,0.007692501414567232
1785956102619,0.999934196472168,-0.0060064829885959625,-0.006043024826794863,0.007692501414567232
1785956102629,0.999934196472168,-0.0060064829885959625,-0.006043024826794863,0.007692501414567232
1785956102639,0.999934196472168,-0.0060064829885959625,-0.006043024826794863,0.007692501414567232
1785956102648,0.999934196472168,-0.0060064829885959625,-0.006043024826794863,0.007692501414567232
1785956102658,0.999934196472168,-0.0060064829885959625,-0.006043024826794863,0.007692501414567232
1785956102668,0.999934196472168,-0.0060064829885959625,-0.006043024826794863,0.007692501414567232
1785956102679,0.999934196472168,-0.0060064829885959625,-0.006043024826794863,0.007692501414567232
1785956102689,0.999934196472168,-0.0060064829885959625,-0.006043024826794863,0.007692501414567232
1785956102699,0.999934196472168,-0.0060064829885959625,-0.006043024826794863,0.007692501414567232
1785956102709,0.999934196472168,-0.0060064829885959625,-0.006043024826794863,0.007692501414567232
1785956102720,0.999934196472168,-0.0060064829885959625,-0.006043024826794863,0.007692501414567232
1785956102730,0.999934196472168,-0.0060064829885959625,-0.006043024826794863,0.007692501414567232
1785956102739,0.999934196472168,-0.0060064829885959625,-0.006043024826794863,0.007692501414567232
1785956102749,0.999934196472168,-0.0060064829885959625,-0.006043024826794863,0.007692501414567232
1785956102759,0.999934196472168,-0.0060064829885959625,-0.006043024826794863,0.007692501414567232
1785956102769,0.999934196472168,-0.0060064829885959625,-0.006043024826794863,0.007692501414567232
1785956102780,0.999934196472168,-0.0060064829885959625,-0.006043024826794863,0.007692501414567232
1785956102790,0.999934196472168,-0.0060064829885959625,-0.006043024826794863,0.007692501414567232
1785956102800,0.999934196472168,-0.0060064829885959625,-0.006043024826794863,0.007692501414567232
1785956102810,0.999934196472168,-0.0060064829885959625,-0.006043024826794863,0.007692501414567232
1785956102819,0.999934196472168,-0.0060064829885959625,-0.006043024826794863,0.007692501414567232
1785956102830,0.999934196472168,-0.0060064829885959625,-0.006043024826794863,0.007692501414567232
1785956102840,0.999934196472168,-0.0060064829885959625,-0.006043024826794863,0.007692501414567232
1785956102850,0.999934196472168,-0.0060064829885959625,-0.006043024826794863,0.007692501414567232
1785956102860,0.999934196472168,-0.0060064829885959625,-0.006043024826794863,0.007692501414567232
1785956102871,0.999934196472168,-0.0060064829885959625,-0.006043024826794863,0.007692501414567232
1785956102881,0.999934196472168,-0.0060064829885959625,-0.006043024826794863,0.007692501414567232
1785956102891,0.999934196472168,-0.0060064829885959625,-0.006043024826794863,0.007692501414567232
1785956102900,0.999934196472168,-0.0060064829885959625,-0.006043024826794863,0.007692501414567232
1785956102910,0.999934196472168,-0.0060064829885959625,-0.006043024826794863,0.007692501414567232
1785956102920,0.999934196472168,-0.0060064829885959625,-0.006043024826794863,0.007692501414567232
1785956102931,0.999934196472168,-0.0060064829885959625,-0.006043024826794863,0.007692501414567232
1785956102941,0.999934196472168,-0.0060064829885959625,-0.006043024826794863,0.007692501414567232
1785956102951,0.999934196472168,-0.0060064829885959625,-0.006043024826794863,0.007692501414567232
1785956102961,0.999934196472168,-0.0060064829885959625,-0.006043024826794863,0.007692501414567232
1785956102972,0.999934196472168,-0.0060064829885959625,-0.006043024826794863,0.007692501414567232
1785956102980,0.999934196472168,-0.0060064829885959625,-0.006043024826794863,0.007692501414567232
1785956102991,0.999934196472168,-0.0060064829885959625,-0.006043024826794863,0.007692501414567232
1785956103001,0.999934196472168,-0.0060064829885959625,-0.006043024826794863,0.007692501414567232
1785956103011,0.999934196472168,-0.0060064829885959625,-0.006043024826794863,0.007692501414567232
1785956103021,0.999934196472168,-0.0060064829885959625,-0.006043024826794863,0.007692501414567232
1785956103032,0.999934196472168,-0.0060064829885959625,-0.006043024826794863,0.007692501414567232
1785956103042,0.999934196472168,-0.0060064829885959625,-0.006043024826794863,0.007692501414567232
1785956103052,0.999934196472168,-0.0060064829885959625,-0.006043024826794863,0.007692501414567232
1785956103062,0.999934196472168,-0.0060064829885959625,-0.006043024826794863,0.007692501414567232
1785956103071,0.999934196472168,-0.0060064829885959625,-0.006043024826794863,0.007692501414567232
1785956103081,0.999934196472168,-0.0060064829885959625,-0.006043024826794863,0.007692501414567232
1785956103092,0.999934196472168,-0.0060064829885959625,-0.006043024826794863,0.007692501414567232
1785956103102,0.999934196472168,-0.0060064829885959625,-0.006043024826794863,0.007692501414567232
1785956103112,0.999934196472168,-0.0060064829885959625,-0.006043024826794863,0.007692501414567232
1785956103122,0.999934196472168,-0.0060064829885959625,-0.006043024826794863,0.007692501414567232
1785956103133,0.999934196472168,-0.0060064829885959625,-0.006043024826794863,0.007692501414567232
1785956103143,0.999934196472168,-0.0060064829885959625,-0.006043024826794863,0.007692501414567232
1785956103152,0.999934196472168,-0.0060064829885959625,-0.006043024826794863,0.007692501414567232
1785956103162,0.999934196472168,-0.0060064829885959625,-0.006043024826794863,0.007692501414567232
1785956103172,0.999934196472168,-0.0060064829885959625,-0.006043024826794863,0.007692501414567232
1785956103183,0.999934196472168,-0.0060064829885959625,-0.006043024826794863,0.007692501414567232
1785956103193,0.999934196472168,-0.0060064829885959625,-0.006043024826794863,0.007692501414567232
1785956103203,0.999934196472168,-0.0060064829885959625,-0.006043024826794863,0.007692501414567232
1785956103213,0.999934196472168,-0.0060064829885959625,-0.006043024826794863,0.007692501414567232
1785956103224,0.999934196472168,-0.0060064829885959625,-0.006043024826794863,0.007692501414567232
1785956103232,0.999934196472168,-0.0060064829885959625,-0.006043024826794863,0.007692501414567232
1785956103243,0.999934196472168,-0.0060064829885959625,-0.006043024826794863,0.007692501414567232
1785956103253,0.999934196472168,-0.0060064829885959625,-0.006043024826794863,0.007692501414567232
1785956103263,0.999934196472168,-0.0060064829885959625,-0.006043024826794863,0.007692501414567232
1785956103273,0.999934196472168,-0.0060064829885959625,-0.006043024826794863,0.007692501414567232
1785956103284,0.999934196472168,-0.0060064829885959625,-0.006043024826794863,0.007692501414567232
1785956103294,0.999934196472168,-0.0060064829885959625,-0.006043024826794863,0.007692501414567232
1785956103304,0.999934196472168,-0.0060064829885959625,-0.006043024826794863,0.007692501414567232
1785956103313,0.999934196472168,-0.0060064829885959625,-0.006043024826794863,0.007692501414567232
1785956103323,0.999934196472168,-0.0060064829885959625,-0.006043024826794863,0.007692501414567232
1785956103333,0.999934196472168,-0.0060064829885959625,-0.006043024826794863,0.007692501414567232
1785956103344,0.999934196472168,-0.0060064829885959625,-0.006043024826794863,0.007692501414567232
1785956103354,0.999934196472168,-0.0060064829885959625,-0.006043024826794863,0.007692501414567232
1785956103364,0.999934196472168,-0.0060064829885959625,-0.006043024826794863,0.007692501414567232
1785956103374,0.999934196472168,-0.0060064829885959625,-0.006043024826794863,0.007692501414567232
1785956103385,0.999934196472168,-0.0060064829885959625,-0.006043024826794863,0.007692501414567232
1785956103395,0.999934196472168,-0.0060064829885959625,-0.006043024826794863,0.007692501414567232
1785956103404,0.999934196472168,-0.0060064829885959625,-0.006043024826794863,0.007692501414567232
1785956103414,0.999934196472168,-0.0060064829885959625,-0.006043024826794863,0.007692501414567232
1785956103424,0.999934196472168,-0.0060064829885959625,-0.006043024826794863,0.007692501414567232
1785956103435,0.999934196472168,-0.0060064829885959625,-0.006043024826794863,0.007692501414567232
1785956103445,0.999934196472168,-0.0060064829885959625,-0.006043024826794863,0.007692501414567232
1785956103455,0.999934196472168,-0.0060064829885959625,-0.006043024826794863,0.007692501414567232
1785956103465,0.999934196472168,-0.0060064829885959625,-0.006043024826794863,0.007692501414567232
1785956103476,0.999934196472168,-0.0060064829885959625,-0.006043024826794863,0.007692501414567232
1785956103484,0.999934196472168,-0.0060064829885959625,-0.006043024826794863,0.007692501414567232
1785956103495,0.999934196472168,-0.0060064829885959625,-0.006043024826794863,0.007692501414567232
1785956103505,0.999934196472168,-0.0060064829885959625,-0.006043024826794863,0.007692501414567232
1785956103515,0.999934196472168,-0.0060064829885959625,-0.006043024826794863,0.007692501414567232
1785956103525,0.999934196472168,-0.0060064829885959625,-0.006043024826794863,0.007692501414567232
1785956103536,0.999934196472168,-0.0060064829885959625,-0.006043024826794863,0.007692501414567232
1785956103546,0.999934196472168,-0.0060064829885959625,-0.006043024826794863,0.007692501414567232
1785956103556,0.999934196472168,-0.0060064829885959625,-0.006043024826794863,0.007692501414567232
1785956103565,0.999934196472168,-0.0060064829885959625,-0.006043024826794863,0.007692501414567232
1785956103575,0.999934196472168,-0.0060064829885959625,-0.006043024826794863,0.007692501414567232
1785956103585,0.999934196472168,-0.0060064829885959625,-0.006043024826794863,0.007692501414567232
1785956103596,0.999934196472168,-0.0060064829885959625,-0.006043024826794863,0.007692501414567232
1785956103606,0.999934196472168,-0.0060064829885959625,-0.006043024826794863,0.007692501414567232
1785956103616,0.999934196472168,-0.0060064829885959625,-0.006043024826794863,0.007692501414567232
1785956103626,0.999934196472168,-0.0060064829885959625,-0.006043024826794863,0.007692501414567232
1785956103637,0.999934196472168,-0.0060064829885959625,-0.006043024826794863,0.007692501414567232
1785956103647,0.999934196472168,-0.0060064829885959625,-0.006043024826794863,0.007692501414567232
1785956103656,0.999934196472168,-0.0060064829885959625,-0.006043024826794863,0.007692501414567232
1785956103666,0.999934196472168,-0.0060064829885959625,-0.006043024826794863,0.007692501414567232
1785956103676,0.999934196472168,-0.0060064829885959625,-0.006043024826794863,0.007692501414567232
1785956103686,0.999934196472168,-0.0060064829885959625,-0.006043024826794863,0.007692501414567232
1785956103697,0.999934196472168,-0.0060064829885959625,-0.006043024826794863,0.007692501414567232
1785956103707,0.999934196472168,-0.0060064829885959625,-0.006043024826794863,0.007692501414567232
1785956103717,0.999934196472168,-0.0060064829885959625,-0.006043024826794863,0.007692501414567232
1785956103727,0.999934196472168,-0.0060064829885959625,-0.006043024826794863,0.007692501414567232
1785956103736,0.999934196472168,-0.0060064829885959625,-0.006043024826794863,0.007692501414567232
1785956103747,0.999934196472168,-0.0060064829885959625,-0.006043024826794863,0.007692501414567232
1785956103757,0.999934196472168,-0.0060064829885959625,-0.006043024826794863,0.007692501414567232
1785956103767,0.999934196472168,-0.0060064829885959625,-0.006043024826794863,0.007692501414567232
1785956103777,0.999934196472168,-0.0060064829885959625,-0.006043024826794863,0.007692501414567232
1785956103788,0.999934196472168,-0.0060064829885959625,-0.006043024826794863,0.007692501414567232
1785956103798,0.999934196472168,-0.0060064829885959625,-0.006043024826794863,0.007692501414567232
1785956103808,0.999934196472168,-0.0060064829885959625,-0.006043024826794863,0.007692501414567232
1785956103817,0.999934196472168,-0.0060064829885959625,-0.006043024826794863,0.007692501414567232
1785956103827,0.999934196472168,-0.0060064829885959625,-0.006043024826794863,0.007692501414567232
1785956103837,0.999934196472168,-0.0060064829885959625,-0.006043024826794863,0.007692501414567232
1785956103848,0.999934196472168,-0.0060064829885959625,-0.006043024826794863,0.007692501414567232
1785956103858,0.999934196472168,-0.0060064829885959625,-0.006043024826794863,0.007692501414567232
1785956103868,0.999934196472168,-0.0060064829885959625,-0.006043024826794863,0.007692501414567232
1785956103878,0.999934196472168,-0.0060064829885959625,-0.006043024826794863,0.007692501414567232
1785956103889,0.999934196472168,-0.0060064829885959625,-0.006043024826794863,0.007692501414567232
1785956103897,0.999934196472168,-0.0060064829885959625,-0.006043024826794863,0.007692501414567232
1785956103908,0.999934196472168,-0.0060064829885959625,-0.006043024826794863,0.007692501414567232
1785956103918,0.999934196472168,-0.0060064829885959625,-0.006043024826794863,0.007692501414567232
1785956103928,0.999934196472168,-0.0060064829885959625,-0.006043024826794863,0.007692501414567232
1785956103938,0.999934196472168,-0.0060064829885959625,-0.006043024826794863,0.007692501414567232
1785956103949,0.999934196472168,-0.0060064829885959625,-0.006043024826794863,0.007692501414567232
1785956103959,0.999934196472168,-0.0060064829885959625,-0.006043024826794863,0.007692501414567232
1785956103969,0.999934196472168,-0.0060064829885959625,-0.006043024826794863,0.007692501414567232
1785956103979,0.999934196472168,-0.0060064829885959625,-0.006043024826794863,0.007692501414567232
1785956103988,0.999934196472168,-0.0060064829885959625,-0.006043024826794863,0.007692501414567232
1785956103998,0.999934196472168,-0.0060064829885959625,-0.006043024826794863,0.007692501414567232
1785956104009,0.999934196472168,-0.0060064829885959625,-0.006043024826794863,0.007692501414567232
1785956104019,0.999934196472168,-0.0060064829885959625,-0.006043024826794863,0.007692501414567232
1785956104029,0.999934196472168,-0.0060064829885959625,-0.006043024826794863,0.007692501414567232
1785956104039,0.999934196472168,-0.0060064829885959625,-0.006043024826794863,0.007692501414567232
1785956104050,0.999934196472168,-0.0060064829885959625,-0.006043024826794863,0.007692501414567232
1785956104060,0.999934196472168,-0.0060064829885959625,-0.006043024826794863,0.007692501414567232
1785956104069,0.999934196472168,-0.0060064829885959625,-0.006043024826794863,0.007692501414567232
1785956104079,0.999934196472168,-0.0060064829885959625,-0.006043024826794863,0.007692501414567232
1785956104089,0.999934196472168,-0.0060064829885959625,-0.006043024826794863,0.007692501414567232
1785956104100,0.999934196472168,-0.0060064829885959625,-0.006043024826794863,0.007692501414567232
1785956104110,0.999934196472168,-0.0060064829885959625,-0.006043024826794863,0.007692501414567232
1785956104120,0.999934196472168,-0.0060064829885959625,-0.006043024826794863,0.007692501414567232
1785956104130,0.999934196472168,-0.0060064829885959625,-0.006043024826794863,0.007692501414567232
1785956104141,0.999934196472168,-0.0060064829885959625,-0.006043024826794863,0.007692501414567232
1785956104149,0.999934196472168,-0.0060064829885959625,-0.006043024826794863,0.007692501414567232
1785956104160,0.999934196472168,-0.0060064829885959625,-0.006043024826794863,0.007692501414567232
1785956104170,0.999934196472168,-0.0060064829885959625,-0.006043024826794863,0.007692501414567232
1785956104180,0.999934196472168,-0.0060064829885959625,-0.006043024826794863,0.007692501414567232
1785956104190,0.999934196472168,-0.0060064829885959625,-0.006043024826794863,0.007692501414567232
1785956104201,0.999934196472168,-0.0060064829885959625,-0.006043024826794863,0.007692501414567232
1785956104211,0.999934196472168,-0.0060064829885959625,-0.006043024826794863,0.007692501414567232
1785956104221,0.999934196472168,-0.0060064829885959625,-0.006043024826794863,0.007692501414567232
1785956104230,0.999934196472168,-0.0060064829885959625,-0.006043024826794863,0.007692501414567232
1785956104240,0.999934196472168,-0.0060064829885959625,-0.006043024826794863,0.007692501414567232
1785956104250,0.999934196472168,-0.0060064829885959625,-0.006043024826794863,0.007692501414567232
1785956104261,0.999934196472168,-0.0060064829885959625,-0.006043024826794863,0.007692501414567232
1785956104271,0.999934196472168,-0.0060064829885959625,-0.006043024826794863,0.007692501414567232
1785956104281,0.999934196472168,-0.0060064829885959625,-0.006043024826794863,0.007692501414567232
1785956104291,0.999934196472168,-0.0060064829885959625,-0.006043024826794863,0.007692501414567232
1785956104302,0.999934196472168,-0.0060064829885959625,-0.006043024826794863,0.007692501414567232
1785956104310,0.999934196472168,-0.0060064829885959625,-0.006043024826794863,0.007692501414567232
1785956104321,0.999934196472168,-0.0060064829885959625,-0.006043024826794863,0.007692501414567232
1785956104331,0.999934196472168,-0.0060064829885959625,-0.006043024826794863,0.007692501414567232
1785956104341,0.999934196472168,-0.0060064829885959625,-0.006043024826794863,0.007692501414567232
1785956104351,0.999934196472168,-0.0060064829885959625,-0.006043024826794863,0.007692501414567232
1785956104362,0.999934196472168,-0.0060064829885959625,-0.006043024826794863,0.007692501414567232
1785956104372,0.999934196472168,-0.0060064829885959625,-0.006043024826794863,0.007692501414567232
1785956104382,0.999934196472168,-0.0060064829885959625,-0.006043024826794863,0.007692501414567232
1785956104391,0.999934196472168,-0.0060064829885959625,-0.006043024826794863,0.007692501414567232
1785956104401,0.999934196472168,-0.0060064829885959625,-0.006043024826794863,0.007692501414567232
1785956104412,0.999934196472168,-0.0060064829885959625,-0.006043024826794863,0.007692501414567232
1785956104422,0.999934196472168,-0.0060064829885959625,-0.006043024826794863,0.007692501414567232
1785956104432,0.999934196472168,-0.0060064829885959625,-0.006043024826794863,0.007692501414567232
1785956104442,0.999934196472168,-0.0060064829885959625,-0.006043024826794863,0.007692501414567232
1785956104453,0.999934196472168,-0.0060064829885959625,-0.006043024826794863,0.007692501414567232
1785956104463,0.999934196472168,-0.0060064829885959625,-0.006043024826794863,0.007692501414567232
1785956104473,0.999934196472168,-0.0060064829885959625,-0.006043024826794863,0.007692501414567232
1785956104482,0.999934196472168,-0.0060064829885959625,-0.006043024826794863,0.007692501414567232
1785956104492,0.999934196472168,-0.0060064829885959625,-0.006043024826794863,0.007692501414567232
1785956104502,0.999934196472168,-0.0060064829885959625,-0.006043024826794863,0.007692501414567232
1785956104513,0.999934196472168,-0.0060064829885959625,-0.006043024826794863,0.007692501414567232
1785956104523,0.999934196472168,-0.0060064829885959625,-0.006043024826794863,0.007692501414567232
1785956104533,0.999934196472168,-0.0060064829885959625,-0.006043024826794863,0.007692501414567232
1785956104543,0.999934196472168,-0.0060064829885959625,-0.006043024826794863,0.007692501414567232
1785956104554,0.999934196472168,-0.0060064829885959625,-0.006043024826794863,0.007692501414567232
1785956104562,0.999934196472168,-0.0060064829885959625,-0.006043024826794863,0.007692501414567232
1785956104573,0.999934196472168,-0.0060064829885959625,-0.006043024826794863,0.007692501414567232
1785956104583,0.999934196472168,-0.0060064829885959625,-0.006043024826794863,0.007692501414567232
1785956104593,0.999934196472168,-0.0060064829885959625,-0.006043024826794863,0.007692501414567232
1785956104603,0.999934196472168,-0.0060064829885959625,-0.006043024826794863,0.007692501414567232
1785956104614,0.999934196472168,-0.0060064829885959625,-0.006043024826794863,0.007692501414567232
1785956104624,0.999934196472168,-0.0060064829885959625,-0.006043024826794863,0.007692501414567232
1785956104634,0.999934196472168,-0.0060064829885959625,-0.006043024826794863,0.007692501414567232
1785956104643,0.999934196472168,-0.0060064829885959625,-0.006043024826794863,0.007692501414567232
1785956104653,0.999934196472168,-0.0060064829885959625,-0.006043024826794863,0.007692501414567232
1785956104664,0.999934196472168,-0.0060064829885959625,-0.006043024826794863,0.007692501414567232
1785956104674,0.999934196472168,-0.0060064829885959625,-0.006043024826794863,0.007692501414567232
1785956104684,0.999934196472168,-0.0060064829885959625,-0.006043024826794863,0.007692501414567232
1785956104694,0.999934196472168,-0.0060064829885959625,-0.006043024826794863,0.007692501414567232
1785956104705,0.999934196472168,-0.0060064829885959625,-0.006043024826794863,0.007692501414567232
1785956104715,0.999934196472168,-0.0060064829885959625,-0.006043024826794863,0.007692501414567232
1785956104724,0.999934196472168,-0.0060064829885959625,-0.006043024826794863,0.007692501414567232
1785956104734,0.999934196472168,-0.0060064829885959625,-0.006043024826794863,0.007692501414567232
1785956104744,0.999934196472168,-0.0060064829885959625,-0.006043024826794863,0.007692501414567232
1785956104754,0.999934196472168,-0.0060064829885959625,-0.006043024826794863,0.007692501414567232
1785956104765,0.999934196472168,-0.0060064829885959625,-0.006043024826794863,0.007692501414567232
1785956104775,0.999934196472168,-0.0060064829885959625,-0.006043024826794863,0.007692501414567232
1785956104785,0.999934196472168,-0.0060064829885959625,-0.006043024826794863,0.007692501414567232
1785956104795,0.999934196472168,-0.0060064829885959625,-0.006043024826794863,0.007692501414567232
1785956104806,0.999934196472168,-0.0060064829885959625,-0.006043024826794863,0.007692501414567232
1785956104814,0.999934196472168,-0.0060064829885959625,-0.006043024826794863,0.007692501414567232
1785956104825,0.999934196472168,-0.0060064829885959625,-0.006043024826794863,0.007692501414567232
1785956104835,0.999934196472168,-0.0060064829885959625,-0.006043024826794863,0.007692501414567232
1785956104845,0.999934196472168,-0.0060064829885959625,-0.006043024826794863,0.007692501414567232
1785956104855,0.999934196472168,-0.0060064829885959625,-0.006043024826794863,0.007692501414567232
1785956104866,0.999934196472168,-0.0060064829885959625,-0.006043024826794863,0.007692501414567232
1785956104876,0.999934196472168,-0.0060064829885959625,-0.006043024826794863,0.007692501414567232
1785956104886,0.999934196472168,-0.0060064829885959625,-0.006043024826794863,0.007692501414567232
1785956104895,0.999934196472168,-0.0060064829885959625,-0.006043024826794863,0.007692501414567232
1785956104905,0.999934196472168,-0.0060064829885959625,-0.006043024826794863,0.007692501414567232
1785956104915,0.999934196472168,-0.0060064829885959625,-0.006043024826794863,0.007692501414567232
1785956104926,0.999934196472168,-0.0060064829885959625,-0.006043024826794863,0.007692501414567232
1785956104936,0.999934196472168,-0.0060064829885959625,-0.006043024826794863,0.007692501414567232
1785956104946,0.999934196472168,-0.0060064829885959625,-0.006043024826794863,0.007692501414567232
1785956104956,0.999934196472168,-0.0060064829885959625,-0.006043024826794863,0.007692501414567232
1785956104967,0.999934196472168,-0.0060064829885959625,-0.006043024826794863,0.007692501414567232
1785956104976,0.999934196472168,-0.0060064829885959625,-0.006043024826794863,0.007692501414567232
1785956104986,0.999934196472168,-0.0060064829885959625,-0.006043024826794863,0.007692501414567232
1785956104996,0.999934196472168,-0.0060064829885959625,-0.006043024826794863,0.007692501414567232
1785956105006,0.999934196472168,-0.0060064829885959625,-0.006043024826794863,0.007692501414567232
1785956105017,0.999934196472168,-0.0060064829885959625,-0.006043024826794863,0.007692501414567232
1785956105027,0.999934196472168,-0.0060064829885959625,-0.006043024826794863,0.007692501414567232
1785956105037,0.999934196472168,-0.0060064829885959625,-0.006043024826794863,0.007692501414567232
1785956105047,0.999934196472168,-0.0060064829885959625,-0.006043024826794863,0.007692501414567232
1785956105056,0.999934196472168,-0.0060064829885959625,-0.006043024826794863,0.007692501414567232
1785956105066,0.999934196472168,-0.0060064829885959625,-0.006043024826794863,0.007692501414567232
1785956105077,0.999934196472168,-0.0060064829885959625,-0.006043024826794863,0.007692501414567232
1785956105087,0.999934196472168,-0.0060064829885959625,-0.006043024826794863,0.007692501414567232
1785956105097,0.999934196472168,-0.0060064829885959625,-0.006043024826794863,0.007692501414567232
1785956105107,0.999934196472168,-0.0060064829885959625,-0.006043024826794863,0.007692501414567232
1785956105118,0.999934196472168,-0.0060064829885959625,-0.006043024826794863,0.007692501414567232
1785956105128,0.999934196472168,-0.0060064829885959625,-0.006043024826794863,0.007692501414567232
1785956105138,0.999934196472168,-0.0060064829885959625,-0.006043024826794863,0.007692501414567232
1785956105147,0.999934196472168,-0.0060064829885959625,-0.006043024826794863,0.007692501414567232
1785956105157,0.999934196472168,-0.0060064829885959625,-0.006043024826794863,0.007692501414567232
1785956105167,0.999934196472168,-0.0060064829885959625,-0.006043024826794863,0.007692501414567232
1785956105178,0.999934196472168,-0.0060064829885959625,-0.006043024826794863,0.007692501414567232
1785956105188,0.999934196472168,-0.0060064829885959625,-0.006043024826794863,0.007692501414567232
1785956105198,0.999934196472168,-0.0060064829885959625,-0.006043024826794863,0.007692501414567232
1785956105208,0.999934196472168,-0.0060064829885959625,-0.006043024826794863,0.007692501414567232
1785956105219,0.999934196472168,-0.0060064829885959625,-0.006043024826794863,0.007692501414567232
1785956105229,0.999934196472168,-0.0060064829885959625,-0.006043024826794863,0.007692501414567232
1785956105238,0.999934196472168,-0.0060064829885959625,-0.006043024826794863,0.007692501414567232
1785956105248,0.999934196472168,-0.0060064829885959625,-0.006043024826794863,0.007692501414567232
1785956105258,0.999934196472168,-0.0060064829885959625,-0.006043024826794863,0.007692501414567232
1785956105268,0.999934196472168,-0.0060064829885959625,-0.006043024826794863,0.007692501414567232
1785956105279,0.999934196472168,-0.0060064829885959625,-0.006043024826794863,0.007692501414567232
1785956105289,0.999934196472168,-0.0060064829885959625,-0.006043024826794863,0.007692501414567232
1785956105299,0.999934196472168,-0.0060064829885959625,-0.006043024826794863,0.007692501414567232
1785956105310,0.999934196472168,-0.0060064829885959625,-0.006043024826794863,0.007692501414567232
1785956105318,0.999934196472168,-0.0060064829885959625,-0.006043024826794863,0.007692501414567232
1785956105329,0.999934196472168,-0.0060064829885959625,-0.006043024826794863,0.007692501414567232
1785956105339,0.999934196472168,-0.0060064829885959625,-0.006043024826794863,0.007692501414567232
1785956105349,0.999934196472168,-0.0060064829885959625,-0.006043024826794863,0.007692501414567232
1785956105359,0.999934196472168,-0.0060064829885959625,-0.006043024826794863,0.007692501414567232
1785956105370,0.999934196472168,-0.0060064829885959625,-0.006043024826794863,0.007692501414567232
1785956105380,0.999934196472168,-0.0060064829885959625,-0.006043024826794863,0.007692501414567232
1785956105390,0.999934196472168,-0.0060064829885959625,-0.006043024826794863,0.007692501414567232
1785956105399,0.999934196472168,-0.0060064829885959625,-0.006043024826794863,0.007692501414567232
1785956105409,0.999934196472168,-0.0060064829885959625,-0.006043024826794863,0.007692501414567232
1785956105419,0.999934196472168,-0.0060064829885959625,-0.006043024826794863,0.007692501414567232
1785956105430,0.999934196472168,-0.0060064829885959625,-0.006043024826794863,0.007692501414567232
1785956105440,0.999934196472168,-0.0060064829885959625,-0.006043024826794863,0.007692501414567232
1785956105450,0.999934196472168,-0.0060064829885959625,-0.006043024826794863,0.007692501414567232
1785956105460,0.999934196472168,-0.0060064829885959625,-0.006043024826794863,0.007692501414567232
1785956105471,0.999934196472168,-0.0060064829885959625,-0.006043024826794863,0.007692501414567232
1785956105479,0.999934196472168,-0.0060064829885959625,-0.006043024826794863,0.007692501414567232
1785956105490,0.999934196472168,-0.0060064829885959625,-0.006043024826794863,0.007692501414567232
1785956105500,0.999934196472168,-0.0060064829885959625,-0.006043024826794863,0.007692501414567232
1785956105510,0.999934196472168,-0.0060064829885959625,-0.006043024826794863,0.007692501414567232
1785956105520,0.999934196472168,-0.0060064829885959625,-0.006043024826794863,0.007692501414567232
1785956105531,0.999934196472168,-0.0060064829885959625,-0.006043024826794863,0.007692501414567232
1785956105541,0.999934196472168,-0.0060064829885959625,-0.006043024826794863,0.007692501414567232
1785956105551,0.999934196472168,-0.0060064829885959625,-0.006043024826794863,0.007692501414567232
1785956105560,0.999934196472168,-0.0060064829885959625,-0.006043024826794863,0.007692501414567232
1785956105570,0.999934196472168,-0.0060064829885959625,-0.006043024826794863,0.007692501414567232
1785956105581,0.999934196472168,-0.0060064829885959625,-0.006043024826794863,0.007692501414567232
1785956105591,0.999934196472168,-0.0060064829885959625,-0.006043024826794863,0.007692501414567232
1785956105601,0.999934196472168,-0.0060064829885959625,-0.006043024826794863,0.007692501414567232
1785956105611,0.999934196472168,-0.0060064829885959625,-0.006043024826794863,0.007692501414567232
1785956105622,0.999934196472168,-0.0060064829885959625,-0.006043024826794863,0.007692501414567232
1785956105632,0.999934196472168,-0.0060064829885959625,-0.006043024826794863,0.007692501414567232
1785956105641,0.999934196472168,-0.0060064829885959625,-0.006043024826794863,0.007692501414567232
1785956105651,0.999934196472168,-0.0060064829885959625,-0.006043024826794863,0.007692501414567232
1785956105661,0.999934196472168,-0.0060064829885959625,-0.006043024826794863,0.007692501414567232
1785956105671,0.999934196472168,-0.0060064829885959625,-0.006043024826794863,0.007692501414567232
1785956105682,0.999934196472168,-0.0060064829885959625,-0.006043024826794863,0.007692501414567232
1785956105692,0.999934196472168,-0.0060064829885959625,-0.006043024826794863,0.007692501414567232
1785956105702,0.999934196472168,-0.0060064829885959625,-0.006043024826794863,0.007692501414567232
1785956105712,0.999934196472168,-0.0060064829885959625,-0.006043024826794863,0.007692501414567232
1785956105723,0.999934196472168,-0.0060064829885959625,-0.006043024826794863,0.007692501414567232
1785956105731,0.999934196472168,-0.0060064829885959625,-0.006043024826794863,0.007692501414567232
1785956105742,0.999934196472168,-0.0060064829885959625,-0.006043024826794863,0.007692501414567232
1785956105752,0.999934196472168,-0.0060064829885959625,-0.006043024826794863,0.007692501414567232
1785956105762,0.999934196472168,-0.0060064829885959625,-0.006043024826794863,0.007692501414567232
1785956105772,0.999934196472168,-0.0060064829885959625,-0.006043024826794863,0.007692501414567232
1785956105783,0.999934196472168,-0.0060064829885959625,-0.006043024826794863,0.007692501414567232
1785956105793,0.999934196472168,-0.0060064829885959625,-0.006043024826794863,0.007692501414567232
1785956105803,0.999934196472168,-0.0060064829885959625,-0.006043024826794863,0.007692501414567232
1785956105812,0.999934196472168,-0.0060064829885959625,-0.006043024826794863,0.007692501414567232
1785956105822,0.999934196472168,-0.0060064829885959625,-0.006043024826794863,0.007692501414567232
1785956105832,0.999934196472168,-0.0060064829885959625,-0.006043024826794863,0.007692501414567232
1785956105843,0.999934196472168,-0.0060064829885959625,-0.006043024826794863,0.007692501414567232
1785956105853,0.999934196472168,-0.0060064829885959625,-0.006043024826794863,0.007692501414567232
1785956105863,0.999934196472168,-0.0060064829885959625,-0.006043024826794863,0.007692501414567232
1785956105873,0.999934196472168,-0.0060064829885959625,-0.006043024826794863,0.007692501414567232
1785956105884,0.999934196472168,-0.0060064829885959625,-0.006043024826794863,0.007692501414567232
1785956105893,0.999934196472168,-0.0060064829885959625,-0.006043024826794863,0.007692501414567232
1785956105903,0.999934196472168,-0.0060064829885959625,-0.006043024826794863,0.007692501414567232
1785956105913,0.999934196472168,-0.0060064829885959625,-0.006043024826794863,0.007692501414567232
1785956105923,0.999934196472168,-0.0060064829885959625,-0.006043024826794863,0.007692501414567232
1785956105934,0.999934196472168,-0.0060064829885959625,-0.006043024826794863,0.007692501414567232
1785956105944,0.999934196472168,-0.0060064829885959625,-0.006043024826794863,0.007692501414567232
1785956105954,0.999934196472168,-0.0060064829885959625,-0.006043024826794863,0.007692501414567232
1785956105964,0.999934196472168,-0.0060064829885959625,-0.006043024826794863,0.007692501414567232
1785956105973,0.999934196472168,-0.0060064829885959625,-0.006043024826794863,0.007692501414567232
1785956105983,0.999934196472168,-0.0060064829885959625,-0.006043024826794863,0.007692501414567232
1785956105994,0.999934196472168,-0.0060064829885959625,-0.006043024826794863,0.007692501414567232
1785956106004,0.999934196472168,-0.0060064829885959625,-0.006043024826794863,0.007692501414567232
1785956106014,0.999934196472168,-0.0060064829885959625,-0.006043024826794863,0.007692501414567232
1785956106024,0.999934196472168,-0.0060064829885959625,-0.006043024826794863,0.007692501414567232
1785956106035,0.999934196472168,-0.0060064829885959625,-0.006043024826794863,0.007692501414567232
1785956106045,0.999934196472168,-0.0060064829885959625,-0.006043024826794863,0.007692501414567232
1785956106055,0.999934196472168,-0.0060064829885959625,-0.006043024826794863,0.007692501414567232
1785956106064,0.999934196472168,-0.0060064829885959625,-0.006043024826794863,0.007692501414567232
1785956106074,0.999934196472168,-0.0060064829885959625,-0.006043024826794863,0.007692501414567232
1785956106084,0.999934196472168,-0.0060064829885959625,-0.006043024826794863,0.007692501414567232
1785956106095,0.999934196472168,-0.0060064829885959625,-0.006043024826794863,0.007692501414567232
1785956106105,0.999934196472168,-0.0060064829885959625,-0.006043024826794863,0.007692501414567232
1785956106115,0.999934196472168,-0.0060064829885959625,-0.006043024826794863,0.007692501414567232
1785956106125,0.999934196472168,-0.0060064829885959625,-0.006043024826794863,0.007692501414567232
1785956106136,0.999934196472168,-0.0060064829885959625,-0.006043024826794863,0.007692501414567232
1785956106144,0.999934196472168,-0.0060064829885959625,-0.006043024826794863,0.007692501414567232
1785956106155,0.999934196472168,-0.0060064829885959625,-0.006043024826794863,0.007692501414567232
1785956106165,0.999934196472168,-0.0060064829885959625,-0.006043024826794863,0.007692501414567232
1785956106175,0.999934196472168,-0.0060064829885959625,-0.006043024826794863,0.007692501414567232
1785956106185,0.999934196472168,-0.0060064829885959625,-0.006043024826794863,0.007692501414567232
1785956106196,0.999934196472168,-0.0060064829885959625,-0.006043024826794863,0.007692501414567232
1785956106206,0.999934196472168,-0.0060064829885959625,-0.006043024826794863,0.007692501414567232
1785956106216,0.999934196472168,-0.0060064829885959625,-0.006043024826794863,0.007692501414567232
1785956106225,0.999934196472168,-0.0060064829885959625,-0.006043024826794863,0.007692501414567232
1785956106235,0.999934196472168,-0.0060064829885959625,-0.006043024826794863,0.007692501414567232
1785956106246,0.999934196472168,-0.0060064829885959625,-0.006043024826794863,0.007692501414567232
1785956106256,0.999934196472168,-0.0060064829885959625,-0.006043024826794863,0.007692501414567232
1785956106266,0.999934196472168,-0.0060064829885959625,-0.006043024826794863,0.007692501414567232
1785956106276,0.999934196472168,-0.0060064829885959625,-0.006043024826794863,0.007692501414567232
1785956106287,0.999934196472168,-0.0060064829885959625,-0.006043024826794863,0.007692501414567232
1785956106297,0.999934196472168,-0.0060064829885959625,-0.006043024826794863,0.007692501414567232
1785956106306,0.9999338984489441,-0.005931052379310131,-0.006154315546154976,0.0076936231926083565
1785956106316,0.9999338984489441,-0.005931052379310131,-0.006154315546154976,0.0076936231926083565
1785956106326,0.9999336004257202,-0.0059843105264008045,-0.006154725328087807,0.007693295367062092
1785956106336,0.9999336004257202,-0.0059843105264008045,-0.006154725328087807,0.007693295367062092
1785956106347,0.9999332427978516,-0.00604822114109993,-0.006155217066407204,0.007692901883274317
1785956106357,0.9999328851699829,-0.006106805521994829,-0.0061556678265333176,0.007692541461437941
1785956106367,0.9999327659606934,-0.006187145132571459,-0.006097711157053709,0.007691692095249891
1785956106377,0.9999337196350098,-0.006282789632678032,-0.006014135666191578,0.007546780165284872
1785956106386,0.9999366402626038,-0.006382126361131668,-0.005932306405156851,0.007130202371627092
1785956106396,0.9999402165412903,-0.006378933787345886,-0.005935738328844309,0.006592265330255032
1785956106407,0.9999403357505798,-0.006378934718668461,-0.0059357392601668835,0.006592266261577606
1785956106417,0.9999399781227112,-0.006378548219799995,-0.00599434319883585,0.006592640187591314
1785956106427,0.9999402165412903,-0.006217882037162781,-0.0061264606192708015,0.006594447419047356
1785956106437,0.9999400973320007,-0.006062364671379328,-0.006285242270678282,0.006596386432647705
1785956106448,0.9999403953552246,-0.006009099539369345,-0.0062848906964063644,0.006596721243113279
1785956106458,0.9999403953552246,-0.006009099539369345,-0.0062848906964063644,0.006596721243113279
1785956106468,0.9999403953552246,-0.006009099539369345,-0.0062848906964063644,0.006596721243113279
1785956106477,0.9999403953552246,-0.006009099539369345,-0.0062848906964063644,0.006596721243113279
1785956106487,0.9999403953552246,-0.006009099539369345,-0.0062848906964063644,0.006596721243113279
1785956106497,0.9999403953552246,-0.006009099539369345,-0.0062848906964063644,0.006596721243113279
1785956106508,0.9999403953552246,-0.006009099539369345,-0.0062848906964063644,0.006596721243113279
1785956106518,0.9999403953552246,-0.006009099539369345,-0.0062848906964063644,0.006596721243113279
1785956106528,0.9999403953552246,-0.006009099539369345,-0.0062848906964063644,0.006596721243113279
1785956106539,0.9999403953552246,-0.006009099539369345,-0.0062848906964063644,0.006596721243113279
1785956106549,0.9999403953552246,-0.006009099539369345,-0.0062848906964063644,0.006596721243113279
1785956106558,0.9999403953552246,-0.006009099539369345,-0.0062848906964063644,0.006596721243113279
1785956106568,0.9999403953552246,-0.006009099539369345,-0.0062848906964063644,0.006596721243113279
1785956106578,0.9999403953552246,-0.006009099539369345,-0.0062848906964063644,0.006596721243113279
1785956106588,0.9999403953552246,-0.006009099539369345,-0.0062848906964063644,0.006596721243113279
1785956106599,0.9999403953552246,-0.006009099539369345,-0.0062848906964063644,0.006596721243113279
1785956106609,0.9999403953552246,-0.006009099539369345,-0.0062848906964063644,0.006596721243113279
1785956106619,0.9999403953552246,-0.006009099539369345,-0.0062848906964063644,0.006596721243113279
1785956106629,0.9999403953552246,-0.006009099539369345,-0.0062848906964063644,0.006596721243113279
1785956106638,0.9999403953552246,-0.006009099539369345,-0.0062848906964063644,0.006596721243113279
1785956106648,0.9999403953552246,-0.006009099539369345,-0.0062848906964063644,0.006596721243113279
1785956106659,0.9999403953552246,-0.006009099539369345,-0.0062848906964063644,0.006596721243113279
1785956106669,0.9999403953552246,-0.006009099539369345,-0.0062848906964063644,0.006596721243113279
1785956106679,0.9999403953552246,-0.006009099539369345,-0.0062848906964063644,0.006596721243113279
1785956106689,0.9999403953552246,-0.006009099539369345,-0.0062848906964063644,0.006596721243113279
1785956106700,0.9999383687973022,-0.006007814779877663,-0.006540179252624512,0.006662178318947554
1785956106710,0.9999420046806335,-0.005444998852908611,-0.006365418899804354,0.006760722957551479
1785956106719,0.9999421834945679,-0.005021884571760893,-0.0062699769623577595,0.0071357800625264645
1785956106730,0.9999323487281799,-0.004737986717373133,-0.006260631140321493,0.008581012487411499
1785956106739,0.9999339580535889,-0.0044024367816746235,-0.006257751490920782,0.008583113551139832
1785956106749,0.9999358654022217,-0.0037196341436356306,-0.006374415010213852,0.008587916381657124
1785956106760,0.9999372959136963,-0.0030956007540225983,-0.006470274645835161,0.008592263795435429
1785956106770,0.9999382495880127,-0.0027813538908958435,-0.006467574276030064,0.008594296872615814
1785956106780,0.999937891960144,-0.0029198310803622007,-0.006468764506280422,0.008593400940299034
1785956106790,0.9999358057975769,-0.003708831500262022,-0.006390334572643042,0.008588050492107868
1785956106801,0.9999325275421143,-0.004609632305800915,-0.006318186409771442,0.008581997826695442
1785956106811,0.9999311566352844,-0.004902566783130169,-0.006320700515061617,0.008580147288739681
1785956106820,0.9999311566352844,-0.004902566783130169,-0.006320700515061617,0.008580147288739681
1785956106830,0.9999316930770874,-0.004812019877135754,-0.006319924257695675,0.008580720983445644
1785956106840,0.999932587146759,-0.004620275925844908,-0.006318278610706329,0.008581932634115219
1785956106851,0.9999336004257202,-0.004396575037389994,-0.0063163586892187595,0.008583346381783485
1785956106861,0.999934732913971,-0.004135590977966785,-0.006314118392765522,0.008584994822740555
1785956106871,0.9999353885650635,-0.0039704772643744946,-0.006312700919806957,0.008586037904024124
1785956106881,0.9999353885650635,-0.0039704772643744946,-0.006312700919806957,0.008586037904024124
1785956106890,0.9999353885650635,-0.0039704772643744946,-0.006312700919806957,0.008586037904024124
1785956106900,0.9999362230300903,-0.003730796743184328,-0.006310641765594482,0.0085875503718853
1785956106911,0.9999367594718933,-0.00358698726631701,-0.006309406831860542,0.00858845841139555
1785956106921,0.9999355673789978,-0.0039172060787677765,-0.006312243174761534,0.008586375042796135
1785956106931,0.9999338388442993,-0.004332642536610365,-0.006315809674561024,0.008583751507103443
1785956106941,0.9999329447746277,-0.0045403591357171535,-0.006317592691630125,0.00858243927359581
1785956106952,0.9999322891235352,-0.004689487628638744,-0.006318872794508934,0.008581496775150299
1785956106962,0.9999322891235352,-0.004689487628638744,-0.006318872794508934,0.008581496775150299
1785956106972,0.9999322891235352,-0.004689487628638744,-0.006318872794508934,0.008581496775150299
1785956106981,0.9999322891235352,-0.004689487628638744,-0.006318872794508934,0.008581496775150299
1785956106991,0.9999316334724426,-0.0047529409639537334,-0.006372699048370123,0.008581342175602913
1785956107001,0.9999309778213501,-0.004886091221123934,-0.006373841781169176,0.008580493740737438
1785956107012,0.9999303817749023,-0.005013915244489908,-0.006374938879162073,0.00857967883348465
1785956107022,0.9999303817749023,-0.005013915244489908,-0.006374938879162073,0.00857967883348465
1785956107032,0.9999300241470337,-0.005067172925919294,-0.006375394761562347,0.00857933796942234
1785956107042,0.9999300241470337,-0.005067172925919294,-0.006375394761562347,0.00857933796942234
1785956107053,0.9999300241470337,-0.005067172925919294,-0.006375394761562347,0.00857933796942234
1785956107061,0.9999297261238098,-0.005120431073009968,-0.006375851575285196,0.008578998036682606
1785956107072,0.9999297261238098,-0.005120431073009968,-0.006375851575285196,0.008578998036682606
1785956107082,0.9999297261238098,-0.005120431073009968,-0.006375851575285196,0.008578998036682606
1785956107092,0.9999297261238098,-0.005120431073009968,-0.006375851575285196,0.008578998036682606
1785956107102,0.9999297261238098,-0.005120431073009968,-0.006375851575285196,0.008578998036682606
1785956107113,0.9999301433563232,-0.005035209935158491,-0.006375120487064123,0.008579540997743607
1785956107123,0.9999301433563232,-0.005035209935158491,-0.006375120487064123,0.008579540997743607
1785956107133,0.9999301433563232,-0.005035209935158491,-0.006375120487064123,0.008579540997743607
1785956107142,0.9999301433563232,-0.005035209935158491,-0.006375120487064123,0.008579540997743607
1785956107152,0.9999301433563232,-0.005035209935158491,-0.006375120487064123,0.008579540997743607
1785956107163,0.9999301433563232,-0.005035209935158491,-0.006375120487064123,0.008579540997743607
1785956107173,0.9999301433563232,-0.005035209935158491,-0.006375120487064123,0.008579540997743607
1785956107183,0.9999301433563232,-0.005035209935158491,-0.006375120487064123,0.008579540997743607
1785956107193,0.9999301433563232,-0.005035209935158491,-0.006375120487064123,0.008579540997743607
1785956107204,0.9999301433563232,-0.005035209935158491,-0.006375120487064123,0.008579540997743607
1785956107214,0.9999301433563232,-0.005035209935158491,-0.006375120487064123,0.008579540997743607
1785956107223,0.9999301433563232,-0.005035209935158491,-0.006375120487064123,0.008579540997743607
1785956107233,0.9999301433563232,-0.005035209935158491,-0.006375120487064123,0.008579540997743607
1785956107243,0.9999301433563232,-0.005035209935158491,-0.006375120487064123,0.008579540997743607
1785956107253,0.9999301433563232,-0.005035209935158491,-0.006375120487064123,0.008579540997743607
1785956107264,0.9999301433563232,-0.005035209935158491,-0.006375120487064123,0.008579540997743607
1785956107274,0.9999301433563232,-0.005035209935158491,-0.006375120487064123,0.008579540997743607
1785956107284,0.9999301433563232,-0.005035209935158491,-0.006375120487064123,0.008579540997743607
1785956107294,0.9999301433563232,-0.005035209935158491,-0.006375120487064123,0.008579540997743607
1785956107305,0.9999301433563232,-0.005035209935158491,-0.006375120487064123,0.008579540997743607
1785956107313,0.9999301433563232,-0.005035209935158491,-0.006375120487064123,0.008579540997743607
1785956107324,0.9999311566352844,-0.0050344630144536495,-0.006375710479915142,0.008462373167276382
1785956107334,0.9999337792396545,-0.005032493267208338,-0.00637726578861475,0.008153463713824749
1785956107344,0.9999375939369202,-0.005030184984207153,-0.006320891436189413,0.007716430351138115
1785956107354,0.9999381303787231,-0.005030842497944832,-0.006235688924789429,0.007716001942753792
1785956107365,0.9999387264251709,-0.0050315819680690765,-0.0061398339457809925,0.007715519517660141
1785956107375,0.9999390244483948,-0.005031992681324482,-0.006086588371545076,0.007715251762419939
1785956107385,0.9999390244483948,-0.005031992681324482,-0.006086588371545076,0.007715251762419939
1785956107394,0.9999390244483948,-0.005031992681324482,-0.006086588371545076,0.007715251762419939
1785956107404,0.9999392628669739,-0.004978727549314499,-0.006086177192628384,0.007715575862675905
1785956107414,0.9999390840530396,-0.004979674704372883,-0.006021908018738031,0.007789830677211285
1785956107425,0.9999394416809082,-0.004910431336611509,-0.006021368782967329,0.007790247909724712
1785956107435,0.9999394416809082,-0.004910431336611509,-0.006021368782967329,0.007790247909724712
1785956107445,0.9999394416809082,-0.004910431336611509,-0.006021368782967329,0.007790247909724712
1785956107456,0.9999390840530396,-0.004909974988549948,-0.006079972721636295,0.0077905356884002686
1785956107466,0.9999390840530396,-0.004909974988549948,-0.006079972721636295,0.0077905356884002686
1785956107475,0.9999390840530396,-0.004909974988549948,-0.006079972721636295,0.0077905356884002686
1785956107485,0.9999390840530396,-0.004909974988549948,-0.006079972721636295,0.0077905356884002686
1785956107495,0.9999386668205261,-0.004909435287117958,-0.0061492291279137135,0.007790875621140003
1785956107505,0.9999382495880127,-0.004908937029540539,-0.006213159300386906,0.007791189476847649
1785956107516,0.9999377727508545,-0.004908355884253979,-0.00628774194046855,0.0077915554866194725
1785956107526,0.9999377727508545,-0.004908355884253979,-0.00628774194046855,0.0077915554866194725
1785956107536,0.9999377727508545,-0.004908355884253979,-0.00628774194046855,0.0077915554866194725
1785956107546,0.9999377727508545,-0.004908355884253979,-0.00628774194046855,0.0077915554866194725
1785956107555,0.9999377727508545,-0.004908355884253979,-0.00628774194046855,0.0077915554866194725
1785956107565,0.9999374151229858,-0.0049079405143857,-0.00634101964533329,0.0077918171882629395
1785956107576,0.9999374151229858,-0.0049079405143857,-0.00634101964533329,0.0077918171882629395
1785956107586,0.9999374151229858,-0.0049079405143857,-0.00634101964533329,0.0077918171882629395
1785956107596,0.9999374151229858,-0.0049079405143857,-0.00634101964533329,0.0077918171882629395
1785956107606,0.999937117099762,-0.0049718511290848255,-0.006341517437249422,0.007791412062942982
1785956107617,0.9999366402626038,-0.005073044914752245,-0.006342305801808834,0.007790770381689072
1785956107627,0.9999366402626038,-0.005073044914752245,-0.006342305801808834,0.007790770381689072
1785956107636,0.9999366402626038,-0.005073044914752245,-0.006342305801808834,0.007790770381689072
1785956107646,0.9999366402626038,-0.005073044914752245,-0.006342305801808834,0.007790770381689072
1785956107656,0.9999366402626038,-0.005073044914752245,-0.006342305801808834,0.007790770381689072
1785956107666,0.9999366402626038,-0.005073044914752245,-0.006342305801808834,0.007790770381689072
1785956107677,0.9999366402626038,-0.005073044914752245,-0.006342305801808834,0.007790770381689072
1785956107687,0.9999366402626038,-0.005073044914752245,-0.006342305801808834,0.007790770381689072
1785956107697,0.9999366402626038,-0.005073044914752245,-0.006342305801808834,0.007790770381689072
1785956107707,0.9999366402626038,-0.005073044914752245,-0.006342305801808834,0.007790770381689072
1785956107716,0.9999362826347351,-0.005142281763255596,-0.0063428450375795364,0.0077903312630951405
1785956107726,0.9999358654022217,-0.005227496847510338,-0.006343509070575237,0.007789790630340576
1785956107737,0.9999343752861023,-0.005324175581336021,-0.006343587767332792,0.007917016744613647
1785956107747,0.9999330639839172,-0.0054525407031178474,-0.006344146095216274,0.008001429960131645
1785956107757,0.9999325275421143,-0.005548407789319754,-0.00634491303935647,0.008000821806490421
1785956107768,0.9999322295188904,-0.005606992170214653,-0.006345381960272789,0.00800045020878315
1785956107778,0.9999322295188904,-0.005606992170214653,-0.006345381960272789,0.00800045020878315
1785956107788,0.9999322295188904,-0.005606992170214653,-0.006345381960272789,0.00800045020878315
1785956107798,0.9999322295188904,-0.005606992170214653,-0.006345381960272789,0.00800045020878315
1785956107807,0.9999322295188904,-0.005606992170214653,-0.006345381960272789,0.00800045020878315
1785956107817,0.9999322295188904,-0.005606992170214653,-0.006345381960272789,0.00800045020878315
1785956107828,0.9999322295188904,-0.005606992170214653,-0.006345381960272789,0.00800045020878315
1785956107838,0.9999322295188904,-0.005606992170214653,-0.006345381960272789,0.00800045020878315
1785956107848,0.9999322295188904,-0.005606992170214653,-0.006345381960272789,0.00800045020878315
1785956107858,0.9999322295188904,-0.005606992170214653,-0.006345381960272789,0.00800045020878315
1785956107869,0.9999322295188904,-0.005606992170214653,-0.006345381960272789,0.00800045020878315
1785956107879,0.9999322295188904,-0.005606992170214653,-0.006345381960272789,0.00800045020878315
1785956107888,0.9999326467514038,-0.005606654100120068,-0.006345680449157953,0.007947195321321487
1785956107898,0.9999331831932068,-0.005606214515864849,-0.006346068810671568,0.007877961732447147
1785956107908,0.9999331831932068,-0.005606214515864849,-0.006346068810671568,0.007877961732447147
1785956107918,0.9999331831932068,-0.005606214515864849,-0.006346068810671568,0.007877961732447147
1785956107929,0.9999334216117859,-0.00554762315005064,-0.006345606409013271,0.007878332398831844
1785956107939,0.9999338388442993,-0.005473054014146328,-0.006345018744468689,0.007878805510699749
1785956107949,0.9999338388442993,-0.005473054014146328,-0.006345018744468689,0.007878805510699749
1785956107959,0.9999338388442993,-0.005473054014146328,-0.006345018744468689,0.007878805510699749
1785956107968,0.9999338388442993,-0.005473054014146328,-0.006345018744468689,0.007878805510699749
1785956107978,0.9999338388442993,-0.005473054014146328,-0.006345018744468689,0.007878805510699749
1785956107989,0.9999338388442993,-0.005473054014146328,-0.006345018744468689,0.007878805510699749
1785956107999,0.9999338388442993,-0.005473054014146328,-0.006345018744468689,0.007878805510699749
1785956108009,0.9999338388442993,-0.005473054014146328,-0.006345018744468689,0.007878805510699749
1785956108019,0.9999338388442993,-0.005473054014146328,-0.006345018744468689,0.007878805510699749
1785956108030,0.9999338388442993,-0.005473054014146328,-0.006345018744468689,0.007878805510699749
1785956108040,0.9999338388442993,-0.005473054014146328,-0.006345018744468689,0.007878805510699749
1785956108049,0.999934196472168,-0.00540913688018918,-0.006344514898955822,0.007879210636019707
1785956108059,0.999934196472168,-0.00540913688018918,-0.006344514898955822,0.007879210636019707
1785956108069,0.999934196472168,-0.00540913688018918,-0.006344514898955822,0.007879210636019707
1785956108080,0.999934196472168,-0.00540913688018918,-0.006344514898955822,0.007879210636019707
1785956108090,0.999934196472168,-0.00540913688018918,-0.006344514898955822,0.007879210636019707
1785956108100,0.9999363422393799,-0.005407413467764854,-0.006345984060317278,0.007607583422213793
1785956108110,0.9999372959136963,-0.005406636279076338,-0.006346646696329117,0.007485088426619768
1785956108121,0.9999372959136963,-0.005406636279076338,-0.006346646696329117,0.007485088426619768
1785956108131,0.9999372959136963,-0.005406636279076338,-0.006346646696329117,0.007485088426619768
1785956108140,0.9999372959136963,-0.005406636279076338,-0.006346646696329117,0.007485088426619768
1785956108150,0.9999372959136963,-0.005406636279076338,-0.006346646696329117,0.007485088426619768
1785956108160,0.9999372959136963,-0.005406636279076338,-0.006346646696329117,0.007485088426619768
1785956108170,0.9999368190765381,-0.005491851828992367,-0.006347284652292728,0.0074845473282039165
1785956108181,0.9999362826347351,-0.005492291413247585,-0.006346904207020998,0.007553793955594301
1785956108191,0.9999362826347351,-0.005492291413247585,-0.006346904207020998,0.007553793955594301
1785956108201,0.9999362826347351,-0.005492291413247585,-0.006346904207020998,0.007553793955594301
1785956108211,0.9999362826347351,-0.005492291413247585,-0.006346904207020998,0.007553793955594301
1785956108220,0.9999362826347351,-0.005492291413247585,-0.006346904207020998,0.007553793955594301
1785956108230,0.9999362826347351,-0.005492291413247585,-0.006346904207020998,0.007553793955594301
1785956108241,0.9999362826347351,-0.005492291413247585,-0.006346904207020998,0.007553793955594301
1785956108251,0.9999362826347351,-0.005492291413247585,-0.006346904207020998,0.007553793955594301
1785956108261,0.9999362826347351,-0.005492291413247585,-0.006346904207020998,0.007553793955594301
1785956108271,0.9999362826347351,-0.005492291413247585,-0.006346904207020998,0.007553793955594301
1785956108282,0.9999362826347351,-0.005492291413247585,-0.006346904207020998,0.007553793955594301
1785956108292,0.9999362826347351,-0.005492291413247585,-0.006346904207020998,0.007553793955594301
1785956108301,0.9999362826347351,-0.005492291413247585,-0.006346904207020998,0.007553793955594301
1785956108311,0.9999362826347351,-0.005492291413247585,-0.006346904207020998,0.007553793955594301
1785956108321,0.9999362826347351,-0.005492291413247585,-0.006346904207020998,0.007553793955594301
1785956108331,0.9999362826347351,-0.005492291413247585,-0.006346904207020998,0.007553793955594301
1785956108342,0.9999362826347351,-0.005492291413247585,-0.006346904207020998,0.007553793955594301
1785956108352,0.9999362826347351,-0.005492291413247585,-0.006346904207020998,0.007553793955594301
1785956108362,0.9999362826347351,-0.005492291413247585,-0.006346904207020998,0.007553793955594301
1785956108372,0.9999362826347351,-0.005492291413247585,-0.006346904207020998,0.007553793955594301
1785956108381,0.9999362826347351,-0.005492291413247585,-0.006346904207020998,0.007553793955594301
1785956108392,0.999936580657959,-0.0054390267468988895,-0.006346501875668764,0.007554132025688887
1785956108402,0.999936580657959,-0.0054390267468988895,-0.006346501875668764,0.007554132025688887
1785956108412,0.999936580657959,-0.0054390267468988895,-0.006346501875668764,0.007554132025688887
1785956108422,0.999936580657959,-0.0054390267468988895,-0.006346501875668764,0.007554132025688887
1785956108433,0.9999368786811829,-0.005385762080550194,-0.00634609954431653,0.007554470095783472
1785956108443,0.9999371767044067,-0.005385423544794321,-0.006346385460346937,0.007501213811337948
1785956108453,0.9999371767044067,-0.005385423544794321,-0.006346385460346937,0.007501213811337948
1785956108463,0.9999371767044067,-0.005385423544794321,-0.006346385460346937,0.007501213811337948
1785956108472,0.9999371767044067,-0.005385423544794321,-0.006346385460346937,0.007501213811337948
1785956108482,0.9999367594718933,-0.0053857616148889065,-0.006346098612993956,0.007554481737315655
1785956108493,0.9999367594718933,-0.0053857616148889065,-0.006346098612993956,0.007554481737315655
1785956108503,0.9999367594718933,-0.0053857616148889065,-0.006346098612993956,0.007554481737315655
1785956108513,0.9999367594718933,-0.0053857616148889065,-0.006346098612993956,0.007554481737315655
1785956108523,0.9999373555183411,-0.0053864456713199615,-0.006255569867789745,0.0075539941899478436
1785956108534,0.9999376535415649,-0.005333181004971266,-0.0062551675364375114,0.007554327603429556
1785956108544,0.9999379515647888,-0.005274590104818344,-0.006254724692553282,0.007554694078862667
1785956108553,0.9999379515647888,-0.005274590104818344,-0.006254724692553282,0.007554694078862667
1785956108563,0.9999383687973022,-0.005200020503252745,-0.006254161242395639,0.0075551606714725494
1785956108573,0.9999387860298157,-0.005114798434078693,-0.006253517232835293,0.007555693853646517
1785956108583,0.9999398589134216,-0.005116126500070095,-0.006077769678086042,0.0075547946617007256
1785956108594,0.9999403357505798,-0.005116689950227737,-0.006003219168633223,0.0075544132851064205
1785956108604,0.9999403357505798,-0.005116689950227737,-0.006003219168633223,0.0075544132851064205
1785956108614,0.9999395608901978,-0.0051182848401367664,-0.005922497715801001,0.007719122339040041
1785956108624,0.9999377727508545,-0.005119672976434231,-0.005921298172324896,0.007953480817377567
1785956108633,0.9999343752861023,-0.005122132133692503,-0.005919170565903187,0.00836892705410719
1785956108643,0.9999314546585083,-0.0051241181790828705,-0.005917450878769159,0.008704479783773422
1785956108654,0.9999294877052307,-0.005125473719090223,-0.005916277412325144,0.008933509700000286
1785956108664,0.9999270439147949,-0.005127080716192722,-0.005914885085076094,0.009205148555338383
1785956108674,0.9999250173568726,-0.005128372460603714,-0.0059137651696801186,0.00942352507263422
1785956108685,0.9999226927757263,-0.005129821598529816,-0.005912508815526962,0.009668531827628613
1785956108695,0.9999216198921204,-0.005188814364373684,-0.005912718828767538,0.009737430140376091
1785956108705,0.9999216198921204,-0.005188814364373684,-0.005912718828767538,0.009737430140376091
1785956108715,0.9999216198921204,-0.005188814364373684,-0.005912718828767538,0.009737430140376091
1785956108724,0.9999216198921204,-0.005188814364373684,-0.005912718828767538,0.009737430140376091
1785956108734,0.9999216198921204,-0.005188814364373684,-0.005912718828767538,0.009737430140376091
1785956108745,0.9999209642410278,-0.005189223680645227,-0.0059123593382537365,0.009806675836443901
1785956108755,0.9999083876609802,-0.005196368787437677,-0.005906080827116966,0.011015694588422775
1785956108765,0.9999009370803833,-0.005200237035751343,-0.0059026749804615974,0.011670797131955624
1785956108775,0.9998924732208252,-0.005204385612159967,-0.005899017211049795,0.012373828329145908
1785956108786,0.9998886585235596,-0.00520620821043849,-0.0058974092826247215,0.012682738713920116
1785956108796,0.9998865127563477,-0.005207213573157787,-0.005896521732211113,0.012853174470365047
1785956108805,0.9998825192451477,-0.005209003575146198,-0.005894939880818129,0.013156754896044731
1785956108815,0.9998786449432373,-0.0052106985822319984,-0.005893440451472998,0.013444356620311737
1785956108825,0.9998775124549866,-0.0052112010307610035,-0.005892996210604906,0.013529576361179352
1785956108835,0.9998775124549866,-0.0052112010307610035,-0.005892996210604906,0.013529576361179352
1785956108846,0.9998775124549866,-0.0052112010307610035,-0.005892996210604906,0.013529576361179352
1785956108856,0.9998775124549866,-0.0052112010307610035,-0.005892996210604906,0.013529576361179352
1785956108866,0.9998775124549866,-0.0052112010307610035,-0.005892996210604906,0.013529576361179352
1785956108876,0.9998775124549866,-0.0052112010307610035,-0.005892996210604906,0.013529576361179352
1785956108885,0.9998775124549866,-0.0052112010307610035,-0.005892996210604906,0.013529576361179352
1785956108895,0.9998781681060791,-0.0052100722678005695,-0.005946631543338299,0.013460624031722546
1785956108906,0.999879002571106,-0.005209692288190126,-0.005946964491158724,0.01339672040194273
1785956108916,0.999879002571106,-0.005209692288190126,-0.005946964491158724,0.01339672040194273
1785956108926,0.999879002571106,-0.005209692288190126,-0.005946964491158724,0.01339672040194273
1785956108936,0.999879002571106,-0.005209692288190126,-0.005946964491158724,0.01339672040194273
1785956108947,0.999879002571106,-0.005209692288190126,-0.005946964491158724,0.01339672040194273
1785956108957,0.999879002571106,-0.005209692288190126,-0.005946964491158724,0.01339672040194273
1785956108966,0.999879002571106,-0.005209692288190126,-0.005946964491158724,0.01339672040194273
1785956108976,0.999879002571106,-0.005209692288190126,-0.005946964491158724,0.01339672040194273
1785956108986,0.999879002571106,-0.005209692288190126,-0.005946964491158724,0.01339672040194273
1785956108997,0.999879002571106,-0.005209692288190126,-0.005946964491158724,0.01339672040194273
1785956109007,0.999879002571106,-0.005209692288190126,-0.005946964491158724,0.01339672040194273
1785956109017,0.999879002571106,-0.005209692288190126,-0.005946964491158724,0.01339672040194273
1785956109027,0.999879002571106,-0.005209692288190126,-0.005946964491158724,0.01339672040194273
1785956109038,0.999879002571106,-0.005209692288190126,-0.005946964491158724,0.01339672040194273
1785956109048,0.9998797178268433,-0.005209375638514757,-0.005947242025285959,0.013343468308448792
1785956109057,0.9998797178268433,-0.005209375638514757,-0.005947242025285959,0.013343468308448792
1785956109067,0.9998797178268433,-0.005209375638514757,-0.005947242025285959,0.013343468308448792
1785956109077,0.9998797178268433,-0.005209375638514757,-0.005947242025285959,0.013343468308448792
1785956109087,0.9998797178268433,-0.005209375638514757,-0.005947242025285959,0.013343468308448792
1785956109098,0.9998797178268433,-0.005209375638514757,-0.005947242025285959,0.013343468308448792
1785956109108,0.9998797178268433,-0.005209375638514757,-0.005947242025285959,0.013343468308448792
1785956109118,0.9998797178268433,-0.005209375638514757,-0.005947242025285959,0.013343468308448792
1785956109128,0.9998797178268433,-0.005209375638514757,-0.005947242025285959,0.013343468308448792
1785956109137,0.9998797178268433,-0.005209375638514757,-0.005947242025285959,0.013343468308448792
1785956109147,0.9998797178268433,-0.005209375638514757,-0.005947242025285959,0.013343468308448792
1785956109158,0.9998797178268433,-0.005209375638514757,-0.005947242025285959,0.013343468308448792
1785956109168,0.9998797178268433,-0.005209375638514757,-0.005947242025285959,0.013343468308448792
1785956109178,0.9998797178268433,-0.005209375638514757,-0.005947242025285959,0.013343468308448792
1785956109188,0.9998797178268433,-0.005209375638514757,-0.005947242025285959,0.013343468308448792
1785956109199,0.9998797178268433,-0.005209375638514757,-0.005947242025285959,0.013343468308448792
1785956109209,0.9998797178268433,-0.005209375638514757,-0.005947242025285959,0.013343468308448792
1785956109218,0.9998797178268433,-0.005209375638514757,-0.005947242025285959,0.013343468308448792
1785956109228,0.9998797178268433,-0.005209375638514757,-0.005947242025285959,0.013343468308448792
1785956109238,0.9998797178268433,-0.005209375638514757,-0.005947242025285959,0.013343468308448792
1785956109248,0.9998797178268433,-0.005209375638514757,-0.005947242025285959,0.013343468308448792
1785956109259,0.9998797178268433,-0.005209375638514757,-0.005947242025285959,0.013343468308448792
1785956109269,0.9998797178268433,-0.005209375638514757,-0.005947242025285959,0.013343468308448792
1785956109279,0.9998797178268433,-0.005209375638514757,-0.005947242025285959,0.013343468308448792
1785956109289,0.9998797178268433,-0.005209375638514757,-0.005947242025285959,0.013343468308448792
1785956109298,0.9998797178268433,-0.005209375638514757,-0.005947242025285959,0.013343468308448792
1785956109309,0.9998797178268433,-0.005209375638514757,-0.005947242025285959,0.013343468308448792
1785956109319,0.9998797178268433,-0.005209375638514757,-0.005947242025285959,0.013343468308448792
1785956109329,0.9998797178268433,-0.005209375638514757,-0.005947242025285959,0.013343468308448792
1785956109339,0.9998797178268433,-0.005209375638514757,-0.005947242025285959,0.013343468308448792
1785956109350,0.9998797178268433,-0.005209375638514757,-0.005947242025285959,0.013343468308448792
1785956109360,0.9998797178268433,-0.005209375638514757,-0.005947242025285959,0.013343468308448792
1785956109370,0.9998797178268433,-0.005209375638514757,-0.005947242025285959,0.013343468308448792
1785956109379,0.9998797178268433,-0.005209375638514757,-0.005947242025285959,0.013343468308448792
1785956109389,0.9998797178268433,-0.005209375638514757,-0.005947242025285959,0.013343468308448792
1785956109399,0.9998797178268433,-0.005209375638514757,-0.005947242025285959,0.013343468308448792
1785956109410,0.9998797178268433,-0.005209375638514757,-0.005947242025285959,0.013343468308448792
1785956109420,0.9998797178268433,-0.005209375638514757,-0.005947242025285959,0.013343468308448792
1785956109430,0.9998797178268433,-0.005209375638514757,-0.005947242025285959,0.013343468308448792
1785956109440,0.9998797178268433,-0.005209375638514757,-0.005947242025285959,0.013343468308448792
1785956109451,0.9998797178268433,-0.005209375638514757,-0.005947242025285959,0.013343468308448792
1785956109461,0.9998797178268433,-0.005209375638514757,-0.005947242025285959,0.013343468308448792
1785956109470,0.9998797178268433,-0.005209375638514757,-0.005947242025285959,0.013343468308448792
1785956109480,0.9998797178268433,-0.005209375638514757,-0.005947242025285959,0.013343468308448792
1785956109490,0.9998797178268433,-0.005209375638514757,-0.005947242025285959,0.013343468308448792
1785956109500,0.9998797178268433,-0.005209375638514757,-0.005947242025285959,0.013343468308448792
1785956109511,0.9998797178268433,-0.005209375638514757,-0.005947242025285959,0.013343468308448792
1785956109521,0.9998797178268433,-0.005209375638514757,-0.005947242025285959,0.013343468308448792
1785956109531,0.9998797178268433,-0.005209375638514757,-0.005947242025285959,0.013343468308448792
1785956109541,0.9998797178268433,-0.005209375638514757,-0.005947242025285959,0.013343468308448792
1785956109550,0.9998797178268433,-0.005209375638514757,-0.005947242025285959,0.013343468308448792
1785956109560,0.9998797178268433,-0.005209375638514757,-0.005947242025285959,0.013343468308448792
1785956109571,0.9998797178268433,-0.005209375638514757,-0.005947242025285959,0.013343468308448792
1785956109581,0.9998797178268433,-0.005209375638514757,-0.005947242025285959,0.013343468308448792
1785956109591,0.9998797178268433,-0.005209375638514757,-0.005947242025285959,0.013343468308448792
1785956109601,0.9998797178268433,-0.005209375638514757,-0.005947242025285959,0.013343468308448792
1785956109612,0.9998797178268433,-0.005209375638514757,-0.005947242025285959,0.013343468308448792
1785956109622,0.9998797178268433,-0.005209375638514757,-0.005947242025285959,0.013343468308448792
1785956109631,0.9998797178268433,-0.005209375638514757,-0.005947242025285959,0.013343468308448792
1785956109641,0.9998797178268433,-0.005209375638514757,-0.005947242025285959,0.013343468308448792
1785956109651,0.9998797178268433,-0.005209375638514757,-0.005947242025285959,0.013343468308448792
1785956109662,0.9998797178268433,-0.005209375638514757,-0.005947242025285959,0.013343468308448792
1785956109672,0.9998797178268433,-0.005209375638514757,-0.005947242025285959,0.013343468308448792
1785956109682,0.9998797178268433,-0.005209375638514757,-0.005947242025285959,0.013343468308448792
1785956109692,0.9998797178268433,-0.005209375638514757,-0.005947242025285959,0.013343468308448792
1785956109703,0.9998797178268433,-0.005209375638514757,-0.005947242025285959,0.013343468308448792
1785956109711,0.9998797178268433,-0.005209375638514757,-0.005947242025285959,0.013343468308448792
1785956109722,0.9998797178268433,-0.005209375638514757,-0.005947242025285959,0.013343468308448792
1785956109732,0.9998797178268433,-0.005209375638514757,-0.005947242025285959,0.013343468308448792
1785956109742,0.9998797178268433,-0.005209375638514757,-0.005947242025285959,0.013343468308448792
1785956109752,0.9998797178268433,-0.005209375638514757,-0.005947242025285959,0.013343468308448792
1785956109763,0.9998797178268433,-0.005209375638514757,-0.005947242025285959,0.013343468308448792
1785956109773,0.9998797178268433,-0.005209375638514757,-0.005947242025285959,0.013343468308448792
1785956109783,0.9998797178268433,-0.005209375638514757,-0.005947242025285959,0.013343468308448792
1785956109792,0.9998797178268433,-0.005209375638514757,-0.005947242025285959,0.013343468308448792
1785956109802,0.9998797178268433,-0.005209375638514757,-0.005947242025285959,0.013343468308448792
1785956109812,0.9998797178268433,-0.005209375638514757,-0.005947242025285959,0.013343468308448792
1785956109823,0.9998797178268433,-0.005209375638514757,-0.005947242025285959,0.013343468308448792
1785956109833,0.9998797178268433,-0.005209375638514757,-0.005947242025285959,0.013343468308448792
1785956109843,0.9998797178268433,-0.005209375638514757,-0.005947242025285959,0.013343468308448792
1785956109853,0.9998797178268433,-0.005209375638514757,-0.005947242025285959,0.013343468308448792
1785956109864,0.9998797178268433,-0.005209375638514757,-0.005947242025285959,0.013343468308448792
1785956109874,0.9998797178268433,-0.005209375638514757,-0.005947242025285959,0.013343468308448792
1785956109883,0.9998797178268433,-0.005209375638514757,-0.005947242025285959,0.013343468308448792
1785956109893,0.9998797178268433,-0.005209375638514757,-0.005947242025285959,0.013343468308448792
1785956109903,0.9998797178268433,-0.005209375638514757,-0.005947242025285959,0.013343468308448792
1785956109914,0.9998797178268433,-0.005209375638514757,-0.005947242025285959,0.013343468308448792
1785956109924,0.9998804330825806,-0.005209058988839388,-0.005947519559413195,0.013290216214954853
1785956109934,0.9998804330825806,-0.005209058988839388,-0.005947519559413195,0.013290216214954853
1785956109944,0.9998804330825806,-0.005209058988839388,-0.005947519559413195,0.013290216214954853
1785956109955,0.9998804330825806,-0.005209058988839388,-0.005947519559413195,0.013290216214954853
1785956109963,0.9998804330825806,-0.005209058988839388,-0.005947519559413195,0.013290216214954853
1785956109974,0.9998804330825806,-0.005209058988839388,-0.005947519559413195,0.013290216214954853
1785956109984,0.9998804330825806,-0.005209058988839388,-0.005947519559413195,0.013290216214954853
1785956109994,0.9998804330825806,-0.005209058988839388,-0.005947519559413195,0.013290216214954853
1785956110004,0.9998804330825806,-0.005209058988839388,-0.005947519559413195,0.013290216214954853
1785956110015,0.9998804330825806,-0.005209058988839388,-0.005947519559413195,0.013290216214954853
1785956110025,0.9998804330825806,-0.005209058988839388,-0.005947519559413195,0.013290216214954853
1785956110035,0.9998804330825806,-0.005209058988839388,-0.005947519559413195,0.013290216214954853
1785956110044,0.9998804330825806,-0.005209058988839388,-0.005947519559413195,0.013290216214954853
1785956110054,0.9998804330825806,-0.005209058988839388,-0.005947519559413195,0.013290216214954853
1785956110064,0.9998804330825806,-0.005209058988839388,-0.005947519559413195,0.013290216214954853
1785956110075,0.9998804330825806,-0.005209058988839388,-0.005947519559413195,0.013290216214954853
1785956110085,0.9998804330825806,-0.005209058988839388,-0.005947519559413195,0.013290216214954853
1785956110095,0.9998804330825806,-0.005209058988839388,-0.005947519559413195,0.013290216214954853
1785956110105,0.9998804330825806,-0.005209058988839388,-0.005947519559413195,0.013290216214954853
1785956110116,0.9998804330825806,-0.005209058988839388,-0.005947519559413195,0.013290216214954853
1785956110124,0.9998804330825806,-0.005209058988839388,-0.005947519559413195,0.013290216214954853
1785956110136,0.9998804330825806,-0.005209058988839388,-0.005947519559413195,0.013290216214954853
1785956110145,0.9998804330825806,-0.005209058988839388,-0.005947519559413195,0.013290216214954853
1785956110155,0.9998804330825806,-0.005209058988839388,-0.005947519559413195,0.013290216214954853
1785956110165,0.9998804330825806,-0.005209058988839388,-0.005947519559413195,0.013290216214954853
1785956110176,0.9998804330825806,-0.005209058988839388,-0.005947519559413195,0.013290216214954853
1785956110186,0.9998804330825806,-0.005209058988839388,-0.005947519559413195,0.013290216214954853
1785956110196,0.9998804330825806,-0.005209058988839388,-0.005947519559413195,0.013290216214954853
1785956110206,0.9998804330825806,-0.005209058988839388,-0.005947519559413195,0.013290216214954853
1785956110215,0.9998804330825806,-0.005209058988839388,-0.005947519559413195,0.013290216214954853
1785956110226,0.9998804330825806,-0.005209058988839388,-0.005947519559413195,0.013290216214954853
1785956110236,0.9998804330825806,-0.005209058988839388,-0.005947519559413195,0.013290216214954853
1785956110246,0.9998804330825806,-0.005209058988839388,-0.005947519559413195,0.013290216214954853
1785956110256,0.9998804330825806,-0.005209058988839388,-0.005947519559413195,0.013290216214954853
1785956110267,0.9998804330825806,-0.005209058988839388,-0.005947519559413195,0.013290216214954853
1785956110277,0.9998804330825806,-0.005209058988839388,-0.005947519559413195,0.013290216214954853
1785956110287,0.9998804330825806,-0.005209058988839388,-0.005947519559413195,0.013290216214954853
1785956110296,0.9998804330825806,-0.005209058988839388,-0.005947519559413195,0.013290216214954853
1785956110306,0.9998804330825806,-0.005209058988839388,-0.005947519559413195,0.013290216214954853
1785956110316,0.9998804330825806,-0.005209058988839388,-0.005947519559413195,0.013290216214954853
1785956110327,0.9998804330825806,-0.005209058988839388,-0.005947519559413195,0.013290216214954853
1785956110337,0.9998804330825806,-0.005209058988839388,-0.005947519559413195,0.013290216214954853
1785956110347,0.9998804330825806,-0.005209058988839388,-0.005947519559413195,0.013290216214954853
1785956110357,0.9998804330825806,-0.005209058988839388,-0.005947519559413195,0.013290216214954853
1785956110368,0.9998804330825806,-0.005209058988839388,-0.005947519559413195,0.013290216214954853
1785956110378,0.9998804330825806,-0.005209058988839388,-0.005947519559413195,0.013290216214954853
1785956110387,0.9998804330825806,-0.005209058988839388,-0.005947519559413195,0.013290216214954853
1785956110397,0.9998804330825806,-0.005209058988839388,-0.005947519559413195,0.013290216214954853
1785956110407,0.9998818635940552,-0.005144670605659485,-0.0059470864944159985,0.013210714794695377
1785956110417,0.9998818635940552,-0.005144670605659485,-0.0059470864944159985,0.013210714794695377
1785956110428,0.9998818635940552,-0.005144670605659485,-0.0059470864944159985,0.013210714794695377
1785956110438,0.9998818635940552,-0.005144670605659485,-0.0059470864944159985,0.013210714794695377
1785956110448,0.9998818635940552,-0.005144670605659485,-0.0059470864944159985,0.013210714794695377
1785956110458,0.9998818635940552,-0.005144670605659485,-0.0059470864944159985,0.013210714794695377
1785956110467,0.9998818635940552,-0.005144670605659485,-0.0059470864944159985,0.013210714794695377
1785956110477,0.9998818635940552,-0.005144670605659485,-0.0059470864944159985,0.013210714794695377
1785956110488,0.9998818635940552,-0.005144670605659485,-0.0059470864944159985,0.013210714794695377
1785956110498,0.9998818635940552,-0.005144670605659485,-0.0059470864944159985,0.013210714794695377
1785956110508,0.9998818635940552,-0.005144670605659485,-0.0059470864944159985,0.013210714794695377
1785956110518,0.9998818635940552,-0.005144670605659485,-0.0059470864944159985,0.013210714794695377
1785956110529,0.9998818635940552,-0.005144670605659485,-0.0059470864944159985,0.013210714794695377
1785956110539,0.9998818635940552,-0.005144670605659485,-0.0059470864944159985,0.013210714794695377
1785956110548,0.9998818635940552,-0.005144670605659485,-0.0059470864944159985,0.013210714794695377
1785956110558,0.9998818635940552,-0.005144670605659485,-0.0059470864944159985,0.013210714794695377
1785956110568,0.9998818635940552,-0.005144670605659485,-0.0059470864944159985,0.013210714794695377
1785956110579,0.9998818635940552,-0.005144670605659485,-0.0059470864944159985,0.013210714794695377
1785956110589,0.9998818635940552,-0.005144670605659485,-0.0059470864944159985,0.013210714794695377
1785956110599,0.9998818635940552,-0.005144670605659485,-0.0059470864944159985,0.013210714794695377
1785956110609,0.9998818635940552,-0.005144670605659485,-0.0059470864944159985,0.013210714794695377
1785956110620,0.9998818635940552,-0.005144670605659485,-0.0059470864944159985,0.013210714794695377
1785956110628,0.9998818635940552,-0.005144670605659485,-0.0059470864944159985,0.013210714794695377
1785956110639,0.9998818635940552,-0.005144670605659485,-0.0059470864944159985,0.013210714794695377
1785956110649,0.9998818635940552,-0.005144670605659485,-0.0059470864944159985,0.013210714794695377
1785956110659,0.9998818635940552,-0.005144670605659485,-0.0059470864944159985,0.013210714794695377
1785956110669,0.9998818635940552,-0.005144670605659485,-0.0059470864944159985,0.013210714794695377
1785956110680,0.9998818635940552,-0.005144670605659485,-0.0059470864944159985,0.013210714794695377
1785956110690,0.9998818635940552,-0.005144670605659485,-0.0059470864944159985,0.013210714794695377
1785956110700,0.9998818635940552,-0.005144670605659485,-0.0059470864944159985,0.013210714794695377
1785956110710,0.9998818635940552,-0.005144670605659485,-0.0059470864944159985,0.013210714794695377
1785956110719,0.9998818635940552,-0.005144670605659485,-0.0059470864944159985,0.013210714794695377
1785956110729,0.9998818635940552,-0.005144670605659485,-0.0059470864944159985,0.013210714794695377
1785956110740,0.9998818635940552,-0.005144670605659485,-0.0059470864944159985,0.013210714794695377
1785956110750,0.9998818635940552,-0.005144670605659485,-0.0059470864944159985,0.013210714794695377
1785956110760,0.9998818635940552,-0.005144670605659485,-0.0059470864944159985,0.013210714794695377
1785956110770,0.9998818635940552,-0.005144670605659485,-0.0059470864944159985,0.013210714794695377
1785956110781,0.9998818635940552,-0.005144670605659485,-0.0059470864944159985,0.013210714794695377
1785956110791,0.9998818635940552,-0.005144670605659485,-0.0059470864944159985,0.013210714794695377
1785956110800,0.9998818635940552,-0.005144670605659485,-0.0059470864944159985,0.013210714794695377
1785956110810,0.9998818635940552,-0.005144670605659485,-0.0059470864944159985,0.013210714794695377
1785956110820,0.9998818635940552,-0.005144670605659485,-0.0059470864944159985,0.013210714794695377
1785956110831,0.9998818635940552,-0.005144670605659485,-0.0059470864944159985,0.013210714794695377
1785956110841,0.9998818635940552,-0.005144670605659485,-0.0059470864944159985,0.013210714794695377
1785956110851,0.9998818635940552,-0.005144670605659485,-0.0059470864944159985,0.013210714794695377
1785956110861,0.9998818635940552,-0.005144670605659485,-0.0059470864944159985,0.013210714794695377
1785956110872,0.9998818635940552,-0.005144670605659485,-0.0059470864944159985,0.013210714794695377
1785956110880,0.9998818635940552,-0.005144670605659485,-0.0059470864944159985,0.013210714794695377
1785956110891,0.9998818635940552,-0.005144670605659485,-0.0059470864944159985,0.013210714794695377
1785956110901,0.9998818635940552,-0.005144670605659485,-0.0059470864944159985,0.013210714794695377
1785956110911,0.9998818635940552,-0.005144670605659485,-0.0059470864944159985,0.013210714794695377
1785956110921,0.9998818635940552,-0.005144670605659485,-0.0059470864944159985,0.013210714794695377
1785956110932,0.9998818635940552,-0.005144670605659485,-0.0059470864944159985,0.013210714794695377
1785956110942,0.9998818635940552,-0.005144670605659485,-0.0059470864944159985,0.013210714794695377
1785956110952,0.9998818635940552,-0.005144670605659485,-0.0059470864944159985,0.013210714794695377
1785956110961,0.9998818635940552,-0.005144670605659485,-0.0059470864944159985,0.013210714794695377
1785956110971,0.9998818635940552,-0.005144670605659485,-0.0059470864944159985,0.013210714794695377
1785956110981,0.9998818635940552,-0.005144670605659485,-0.0059470864944159985,0.013210714794695377
1785956110992,0.9998818635940552,-0.005144670605659485,-0.0059470864944159985,0.013210714794695377
1785956111002,0.9998818635940552,-0.005144670605659485,-0.0059470864944159985,0.013210714794695377
1785956111012,0.9998818635940552,-0.005144670605659485,-0.0059470864944159985,0.013210714794695377
1785956111022,0.9998818635940552,-0.005144670605659485,-0.0059470864944159985,0.013210714794695377
1785956111033,0.9998818635940552,-0.005144670605659485,-0.0059470864944159985,0.013210714794695377
1785956111041,0.9998818635940552,-0.005144670605659485,-0.0059470864944159985,0.013210714794695377
1785956111052,0.9998818635940552,-0.005144670605659485,-0.0059470864944159985,0.013210714794695377
1785956111062,0.9998818635940552,-0.005144670605659485,-0.0059470864944159985,0.013210714794695377
1785956111072,0.9998818635940552,-0.005144670605659485,-0.0059470864944159985,0.013210714794695377
1785956111082,0.9998818635940552,-0.005144670605659485,-0.0059470864944159985,0.013210714794695377
1785956111093,0.9998818635940552,-0.005144670605659485,-0.0059470864944159985,0.013210714794695377
1785956111103,0.9998818635940552,-0.005144670605659485,-0.0059470864944159985,0.013210714794695377
1785956111113,0.9998818635940552,-0.005144670605659485,-0.0059470864944159985,0.013210714794695377
1785956111122,0.9998818635940552,-0.005144670605659485,-0.0059470864944159985,0.013210714794695377
1785956111132,0.9998818635940552,-0.005144670605659485,-0.0059470864944159985,0.013210714794695377
1785956111143,0.9998818635940552,-0.005144670605659485,-0.0059470864944159985,0.013210714794695377
1785956111153,0.9998818635940552,-0.005144670605659485,-0.0059470864944159985,0.013210714794695377
1785956111163,0.9998818635940552,-0.005144670605659485,-0.0059470864944159985,0.013210714794695377
1785956111173,0.9998818635940552,-0.005144670605659485,-0.0059470864944159985,0.013210714794695377
1785956111184,0.9998818635940552,-0.005144670605659485,-0.0059470864944159985,0.013210714794695377
1785956111194,0.9998818635940552,-0.005144670605659485,-0.0059470864944159985,0.013210714794695377
1785956111204,0.9998818635940552,-0.005144670605659485,-0.0059470864944159985,0.013210714794695377
1785956111213,0.9998818635940552,-0.005144670605659485,-0.0059470864944159985,0.013210714794695377
1785956111223,0.9998818635940552,-0.005144670605659485,-0.0059470864944159985,0.013210714794695377
1785956111233,0.9998818635940552,-0.005144670605659485,-0.0059470864944159985,0.013210714794695377
1785956111244,0.9998818635940552,-0.005144670605659485,-0.0059470864944159985,0.013210714794695377
1785956111254,0.9998818635940552,-0.005144670605659485,-0.0059470864944159985,0.013210714794695377
1785956111264,0.9998818635940552,-0.005144670605659485,-0.0059470864944159985,0.013210714794695377
1785956111274,0.9998818635940552,-0.005144670605659485,-0.0059470864944159985,0.013210714794695377
1785956111285,0.9998818635940552,-0.005144670605659485,-0.0059470864944159985,0.013210714794695377
1785956111293,0.9998818635940552,-0.005144670605659485,-0.0059470864944159985,0.013210714794695377
1785956111304,0.9998818635940552,-0.005144670605659485,-0.0059470864944159985,0.013210714794695377
1785956111314,0.9998818635940552,-0.005144670605659485,-0.0059470864944159985,0.013210714794695377
1785956111324,0.9998818635940552,-0.005144670605659485,-0.0059470864944159985,0.013210714794695377
1785956111334,0.9998818635940552,-0.005144670605659485,-0.0059470864944159985,0.013210714794695377
1785956111345,0.9998818635940552,-0.005144670605659485,-0.0059470864944159985,0.013210714794695377
1785956111355,0.9998818635940552,-0.005144670605659485,-0.0059470864944159985,0.013210714794695377
1785956111365,0.9998818635940552,-0.005144670605659485,-0.0059470864944159985,0.013210714794695377
1785956111374,0.9998818635940552,-0.005144670605659485,-0.0059470864944159985,0.013210714794695377
1785956111384,0.9998818635940552,-0.005144670605659485,-0.0059470864944159985,0.013210714794695377
1785956111394,0.9998818635940552,-0.005144670605659485,-0.0059470864944159985,0.013210714794695377
1785956111405,0.9998818635940552,-0.005144670605659485,-0.0059470864944159985,0.013210714794695377
1785956111415,0.9998818635940552,-0.005144670605659485,-0.0059470864944159985,0.013210714794695377
1785956111425,0.9998818635940552,-0.005144670605659485,-0.0059470864944159985,0.013210714794695377
1785956111435,0.9998818635940552,-0.005144670605659485,-0.0059470864944159985,0.013210714794695377
1785956111446,0.9998818635940552,-0.005144670605659485,-0.0059470864944159985,0.013210714794695377
1785956111455,0.9998818635940552,-0.005144670605659485,-0.0059470864944159985,0.013210714794695377
1785956111465,0.9998818635940552,-0.005144670605659485,-0.0059470864944159985,0.013210714794695377
1785956111475,0.9998818635940552,-0.005144670605659485,-0.0059470864944159985,0.013210714794695377
1785956111485,0.9998818635940552,-0.005144670605659485,-0.0059470864944159985,0.013210714794695377
1785956111496,0.9998818635940552,-0.005144670605659485,-0.0059470864944159985,0.013210714794695377
1785956111506,0.9998818635940552,-0.005144670605659485,-0.0059470864944159985,0.013210714794695377
1785956111516,0.9998818635940552,-0.005144670605659485,-0.0059470864944159985,0.013210714794695377
1785956111526,0.9998818635940552,-0.005144670605659485,-0.0059470864944159985,0.013210714794695377
1785956111537,0.9998818635940552,-0.005144670605659485,-0.0059470864944159985,0.013210714794695377
1785956111545,0.9998818635940552,-0.005144670605659485,-0.0059470864944159985,0.013210714794695377
1785956111556,0.9998818635940552,-0.005144670605659485,-0.0059470864944159985,0.013210714794695377
1785956111566,0.9998818635940552,-0.005144670605659485,-0.0059470864944159985,0.013210714794695377
1785956111576,0.9998818635940552,-0.005144670605659485,-0.0059470864944159985,0.013210714794695377
1785956111586,0.9998818635940552,-0.005144670605659485,-0.0059470864944159985,0.013210714794695377
1785956111597,0.9998818635940552,-0.005144670605659485,-0.0059470864944159985,0.013210714794695377
1785956111607,0.9998818635940552,-0.005144670605659485,-0.0059470864944159985,0.013210714794695377
1785956111617,0.9998818635940552,-0.005144670605659485,-0.0059470864944159985,0.013210714794695377
1785956111626,0.9998818635940552,-0.005144670605659485,-0.0059470864944159985,0.013210714794695377
1785956111636,0.9998818635940552,-0.005144670605659485,-0.0059470864944159985,0.013210714794695377
1785956111646,0.9998818635940552,-0.005144670605659485,-0.0059470864944159985,0.013210714794695377
1785956111657,0.9998818635940552,-0.005144670605659485,-0.0059470864944159985,0.013210714794695377
1785956111667,0.9998818635940552,-0.005144670605659485,-0.0059470864944159985,0.013210714794695377
1785956111677,0.9998818635940552,-0.005144670605659485,-0.0059470864944159985,0.013210714794695377
1785956111687,0.9998818635940552,-0.005144670605659485,-0.0059470864944159985,0.013210714794695377
1785956111698,0.9998818635940552,-0.005144670605659485,-0.0059470864944159985,0.013210714794695377
1785956111706,0.9998818635940552,-0.005144670605659485,-0.0059470864944159985,0.013210714794695377
1785956111717,0.9998818635940552,-0.005144670605659485,-0.0059470864944159985,0.013210714794695377
1785956111727,0.9998818635940552,-0.005144670605659485,-0.0059470864944159985,0.013210714794695377
1785956111737,0.9998818635940552,-0.005144670605659485,-0.0059470864944159985,0.013210714794695377
1785956111747,0.9998818635940552,-0.005144670605659485,-0.0059470864944159985,0.013210714794695377
1785956111758,0.9998818635940552,-0.005144670605659485,-0.0059470864944159985,0.013210714794695377
1785956111768,0.9998818635940552,-0.005144670605659485,-0.0059470864944159985,0.013210714794695377
1785956111778,0.9998818635940552,-0.005144670605659485,-0.0059470864944159985,0.013210714794695377
1785956111787,0.9998818635940552,-0.005144670605659485,-0.0059470864944159985,0.013210714794695377
1785956111797,0.9998818635940552,-0.005144670605659485,-0.0059470864944159985,0.013210714794695377
1785956111808,0.9998818635940552,-0.005144670605659485,-0.0059470864944159985,0.013210714794695377
1785956111818,0.9998818635940552,-0.005144670605659485,-0.0059470864944159985,0.013210714794695377
1785956111828,0.9998818635940552,-0.005144670605659485,-0.0059470864944159985,0.013210714794695377
1785956111838,0.9998818635940552,-0.005144670605659485,-0.0059470864944159985,0.013210714794695377
1785956111849,0.9998818635940552,-0.005144670605659485,-0.0059470864944159985,0.013210714794695377
1785956111859,0.9998818635940552,-0.005144670605659485,-0.0059470864944159985,0.013210714794695377
1785956111869,0.9998818635940552,-0.005144670605659485,-0.0059470864944159985,0.013210714794695377
1785956111878,0.9998818635940552,-0.005144670605659485,-0.0059470864944159985,0.013210714794695377
1785956111888,0.9998818635940552,-0.005144670605659485,-0.0059470864944159985,0.013210714794695377
1785956111898,0.9998818635940552,-0.005144670605659485,-0.0059470864944159985,0.013210714794695377
1785956111909,0.9998818635940552,-0.005144670605659485,-0.0059470864944159985,0.013210714794695377
1785956111919,0.9998818635940552,-0.005144670605659485,-0.0059470864944159985,0.013210714794695377
1785956111929,0.9998818635940552,-0.005144670605659485,-0.0059470864944159985,0.013210714794695377
1785956111939,0.9998818635940552,-0.005144670605659485,-0.0059470864944159985,0.013210714794695377
1785956111950,0.9998818635940552,-0.005144670605659485,-0.0059470864944159985,0.013210714794695377
1785956111958,0.9998818635940552,-0.005144670605659485,-0.0059470864944159985,0.013210714794695377
1785956111969,0.9998818635940552,-0.005144670605659485,-0.0059470864944159985,0.013210714794695377
1785956111979,0.9998818635940552,-0.005144670605659485,-0.0059470864944159985,0.013210714794695377
1785956111989,0.9998818635940552,-0.005144670605659485,-0.0059470864944159985,0.013210714794695377
1785956111999,0.9998818635940552,-0.005144670605659485,-0.0059470864944159985,0.013210714794695377
1785956112010,0.9998818635940552,-0.005144670605659485,-0.0059470864944159985,0.013210714794695377
1785956112020,0.9998818635940552,-0.005144670605659485,-0.0059470864944159985,0.013210714794695377
1785956112030,0.9998818635940552,-0.005144670605659485,-0.0059470864944159985,0.013210714794695377
1785956112039,0.9998818635940552,-0.005144670605659485,-0.0059470864944159985,0.013210714794695377
1785956112049,0.9998818635940552,-0.005144670605659485,-0.0059470864944159985,0.013210714794695377
1785956112060,0.9998818635940552,-0.005144670605659485,-0.0059470864944159985,0.013210714794695377
1785956112070,0.9998818635940552,-0.005144670605659485,-0.0059470864944159985,0.013210714794695377
1785956112080,0.9998818635940552,-0.005144670605659485,-0.0059470864944159985,0.013210714794695377
1785956112090,0.9998818635940552,-0.005144670605659485,-0.0059470864944159985,0.013210714794695377
1785956112101,0.9998818635940552,-0.005144670605659485,-0.0059470864944159985,0.013210714794695377
1785956112111,0.9998818635940552,-0.005144670605659485,-0.0059470864944159985,0.013210714794695377
1785956112121,0.9998818635940552,-0.005144670605659485,-0.0059470864944159985,0.013210714794695377
1785956112130,0.9998818635940552,-0.005144670605659485,-0.0059470864944159985,0.013210714794695377
1785956112140,0.9998818635940552,-0.005144670605659485,-0.0059470864944159985,0.013210714794695377
1785956112150,0.9998818635940552,-0.005144670605659485,-0.0059470864944159985,0.013210714794695377
1785956112161,0.9998818635940552,-0.005144670605659485,-0.0059470864944159985,0.013210714794695377
1785956112171,0.9998818635940552,-0.005144670605659485,-0.0059470864944159985,0.013210714794695377
1785956112181,0.9998818635940552,-0.005144670605659485,-0.0059470864944159985,0.013210714794695377
1785956112191,0.9998818635940552,-0.005144670605659485,-0.0059470864944159985,0.013210714794695377
1785956112202,0.9998818635940552,-0.005144670605659485,-0.0059470864944159985,0.013210714794695377
1785956112210,0.9998818635940552,-0.005144670605659485,-0.0059470864944159985,0.013210714794695377
1785956112221,0.9998818635940552,-0.005144670605659485,-0.0059470864944159985,0.013210714794695377
1785956112231,0.9998818635940552,-0.005144670605659485,-0.0059470864944159985,0.013210714794695377
1785956112241,0.9998818635940552,-0.005144670605659485,-0.0059470864944159985,0.013210714794695377
1785956112251,0.9998818635940552,-0.005144670605659485,-0.0059470864944159985,0.013210714794695377
1785956112262,0.9998818635940552,-0.005144670605659485,-0.0059470864944159985,0.013210714794695377
1785956112272,0.9998818635940552,-0.005144670605659485,-0.0059470864944159985,0.013210714794695377
1785956112282,0.9998818635940552,-0.005144670605659485,-0.0059470864944159985,0.013210714794695377
1785956112291,0.9998818635940552,-0.005144670605659485,-0.0059470864944159985,0.013210714794695377
1785956112301,0.9998818635940552,-0.005144670605659485,-0.0059470864944159985,0.013210714794695377
1785956112311,0.9998818635940552,-0.005144670605659485,-0.0059470864944159985,0.013210714794695377
1785956112322,0.9998818635940552,-0.005144670605659485,-0.0059470864944159985,0.013210714794695377
1785956112332,0.9998818635940552,-0.005144670605659485,-0.0059470864944159985,0.013210714794695377
1785956112342,0.9998818635940552,-0.005144670605659485,-0.0059470864944159985,0.013210714794695377
1785956112352,0.9998818635940552,-0.005144670605659485,-0.0059470864944159985,0.013210714794695377
1785956112363,0.9998818635940552,-0.005144670605659485,-0.0059470864944159985,0.013210714794695377
1785956112372,0.9998818635940552,-0.005144670605659485,-0.0059470864944159985,0.013210714794695377
1785956112382,0.9998818635940552,-0.005144670605659485,-0.0059470864944159985,0.013210714794695377
1785956112392,0.9998818635940552,-0.005144670605659485,-0.0059470864944159985,0.013210714794695377
1785956112402,0.9998818635940552,-0.005144670605659485,-0.0059470864944159985,0.013210714794695377
1785956112413,0.9998818635940552,-0.005144670605659485,-0.0059470864944159985,0.013210714794695377
1785956112423,0.9998818635940552,-0.005144670605659485,-0.0059470864944159985,0.013210714794695377
1785956112433,0.9998818635940552,-0.005144670605659485,-0.0059470864944159985,0.013210714794695377
1785956112443,0.9998818635940552,-0.005144670605659485,-0.0059470864944159985,0.013210714794695377
1785956112454,0.9998818635940552,-0.005144670605659485,-0.0059470864944159985,0.013210714794695377
1785956112462,0.9998818635940552,-0.005144670605659485,-0.0059470864944159985,0.013210714794695377
1785956112473,0.9998818635940552,-0.005144670605659485,-0.0059470864944159985,0.013210714794695377
1785956112483,0.9998818635940552,-0.005144670605659485,-0.0059470864944159985,0.013210714794695377
1785956112493,0.9998818635940552,-0.005144670605659485,-0.0059470864944159985,0.013210714794695377
1785956112503,0.9998818635940552,-0.005144670605659485,-0.0059470864944159985,0.013210714794695377
1785956112514,0.9998818635940552,-0.005144670605659485,-0.0059470864944159985,0.013210714794695377
1785956112524,0.9998818635940552,-0.005144670605659485,-0.0059470864944159985,0.013210714794695377
1785956112534,0.9998818635940552,-0.005144670605659485,-0.0059470864944159985,0.013210714794695377
1785956112543,0.9998818635940552,-0.005144670605659485,-0.0059470864944159985,0.013210714794695377
1785956112553,0.9998818635940552,-0.005144670605659485,-0.0059470864944159985,0.013210714794695377
1785956112563,0.9998818635940552,-0.005144670605659485,-0.0059470864944159985,0.013210714794695377
1785956112574,0.9998818635940552,-0.005144670605659485,-0.0059470864944159985,0.013210714794695377
1785956112584,0.9998818635940552,-0.005144670605659485,-0.0059470864944159985,0.013210714794695377
1785956112594,0.9998818635940552,-0.005144670605659485,-0.0059470864944159985,0.013210714794695377
1785956112604,0.9998818635940552,-0.005144670605659485,-0.0059470864944159985,0.013210714794695377
1785956112615,0.9998818635940552,-0.005144670605659485,-0.0059470864944159985,0.013210714794695377
1785956112623,0.9998818635940552,-0.005144670605659485,-0.0059470864944159985,0.013210714794695377
1785956112634,0.9998818635940552,-0.005144670605659485,-0.0059470864944159985,0.013210714794695377
1785956112644,0.9998818635940552,-0.005144670605659485,-0.0059470864944159985,0.013210714794695377
1785956112654,0.9998818635940552,-0.005144670605659485,-0.0059470864944159985,0.013210714794695377
1785956112664,0.9998818635940552,-0.005144670605659485,-0.0059470864944159985,0.013210714794695377
1785956112675,0.9998818635940552,-0.005144670605659485,-0.0059470864944159985,0.013210714794695377
1785956112685,0.9998818635940552,-0.005144670605659485,-0.0059470864944159985,0.013210714794695377
1785956112695,0.9998818635940552,-0.005144670605659485,-0.0059470864944159985,0.013210714794695377
1785956112704,0.9998818635940552,-0.005144670605659485,-0.0059470864944159985,0.013210714794695377
1785956112714,0.9998818635940552,-0.005144670605659485,-0.0059470864944159985,0.013210714794695377
1785956112725,0.9998818635940552,-0.005144670605659485,-0.0059470864944159985,0.013210714794695377
1785956112735,0.9998818635940552,-0.005144670605659485,-0.0059470864944159985,0.013210714794695377
1785956112745,0.9998818635940552,-0.005144670605659485,-0.0059470864944159985,0.013210714794695377
1785956112755,0.9998818635940552,-0.005144670605659485,-0.0059470864944159985,0.013210714794695377
1785956112766,0.9998818635940552,-0.005144670605659485,-0.0059470864944159985,0.013210714794695377
1785956112776,0.9998818635940552,-0.005144670605659485,-0.0059470864944159985,0.013210714794695377
1785956112785,0.9998818635940552,-0.005144670605659485,-0.0059470864944159985,0.013210714794695377
1785956112795,0.9998818635940552,-0.005144670605659485,-0.0059470864944159985,0.013210714794695377
1785956112805,0.9998818635940552,-0.005144670605659485,-0.0059470864944159985,0.013210714794695377
1785956112815,0.9998818635940552,-0.005144670605659485,-0.0059470864944159985,0.013210714794695377
1785956112826,0.9998818635940552,-0.005144670605659485,-0.0059470864944159985,0.013210714794695377
1785956112836,0.9998818635940552,-0.005144670605659485,-0.0059470864944159985,0.013210714794695377
1785956112846,0.9998818635940552,-0.005144670605659485,-0.0059470864944159985,0.013210714794695377
1785956112856,0.9998818635940552,-0.005144670605659485,-0.0059470864944159985,0.013210714794695377
1785956112865,0.9998818635940552,-0.005144670605659485,-0.0059470864944159985,0.013210714794695377
1785956112875,0.9998818635940552,-0.005144670605659485,-0.0059470864944159985,0.013210714794695377
1785956112886,0.9998818635940552,-0.005144670605659485,-0.0059470864944159985,0.013210714794695377
1785956112896,0.9998818635940552,-0.005144670605659485,-0.0059470864944159985,0.013210714794695377
1785956112906,0.9998818635940552,-0.005144670605659485,-0.0059470864944159985,0.013210714794695377
1785956112916,0.9998818635940552,-0.005144670605659485,-0.0059470864944159985,0.013210714794695377
1785956112927,0.9998818635940552,-0.005144670605659485,-0.0059470864944159985,0.013210714794695377
1785956112937,0.9998818635940552,-0.005144670605659485,-0.0059470864944159985,0.013210714794695377
1785956112947,0.9998818635940552,-0.005144670605659485,-0.0059470864944159985,0.013210714794695377
1785956112956,0.9998818635940552,-0.005144670605659485,-0.0059470864944159985,0.013210714794695377
1785956112966,0.9998818635940552,-0.005144670605659485,-0.0059470864944159985,0.013210714794695377
1785956112976,0.9998818635940552,-0.005144670605659485,-0.0059470864944159985,0.013210714794695377
1785956112987,0.9998818635940552,-0.005144670605659485,-0.0059470864944159985,0.013210714794695377
1785956112997,0.9998818635940552,-0.005144670605659485,-0.0059470864944159985,0.013210714794695377
1785956113007,0.9998818635940552,-0.005144670605659485,-0.0059470864944159985,0.013210714794695377
1785956113018,0.9998818635940552,-0.005144670605659485,-0.0059470864944159985,0.013210714794695377
1785956113028,0.9998818635940552,-0.005144670605659485,-0.0059470864944159985,0.013210714794695377
1785956113037,0.9998818635940552,-0.005144670605659485,-0.0059470864944159985,0.013210714794695377
1785956113047,0.9998818635940552,-0.005144670605659485,-0.0059470864944159985,0.013210714794695377
1785956113057,0.9998818635940552,-0.005144670605659485,-0.0059470864944159985,0.013210714794695377
1785956113067,0.9998818635940552,-0.005144670605659485,-0.0059470864944159985,0.013210714794695377
1785956113078,0.9998818635940552,-0.005144670605659485,-0.0059470864944159985,0.013210714794695377
1785956113088,0.9998818635940552,-0.005144670605659485,-0.0059470864944159985,0.013210714794695377
1785956113098,0.9998818635940552,-0.005144670605659485,-0.0059470864944159985,0.013210714794695377
1785956113108,0.9998818635940552,-0.005144670605659485,-0.0059470864944159985,0.013210714794695377
1785956113117,0.9998818635940552,-0.005144670605659485,-0.0059470864944159985,0.013210714794695377
1785956113127,0.9998818635940552,-0.005144670605659485,-0.0059470864944159985,0.013210714794695377
1785956113138,0.9998818635940552,-0.005144670605659485,-0.0059470864944159985,0.013210714794695377
1785956113148,0.9998818635940552,-0.005144670605659485,-0.0059470864944159985,0.013210714794695377
1785956113158,0.9998818635940552,-0.005144670605659485,-0.0059470864944159985,0.013210714794695377
1785956113168,0.9998818635940552,-0.005144670605659485,-0.0059470864944159985,0.013210714794695377
1785956113179,0.9998818635940552,-0.005144670605659485,-0.0059470864944159985,0.013210714794695377
1785956113189,0.9998818635940552,-0.005144670605659485,-0.0059470864944159985,0.013210714794695377
1785956113198,0.9998818635940552,-0.005144670605659485,-0.0059470864944159985,0.013210714794695377
1785956113208,0.9998818635940552,-0.005144670605659485,-0.0059470864944159985,0.013210714794695377
1785956113218,0.9998818635940552,-0.005144670605659485,-0.0059470864944159985,0.013210714794695377
1785956113228,0.9998818635940552,-0.005144670605659485,-0.0059470864944159985,0.013210714794695377
1785956113239,0.9998818635940552,-0.005144670605659485,-0.0059470864944159985,0.013210714794695377
1785956113249,0.9998818635940552,-0.005144670605659485,-0.0059470864944159985,0.013210714794695377
1785956113259,0.9998818635940552,-0.005144670605659485,-0.0059470864944159985,0.013210714794695377
1785956113269,0.9998818635940552,-0.005144670605659485,-0.0059470864944159985,0.013210714794695377
1785956113280,0.9998818635940552,-0.005144670605659485,-0.0059470864944159985,0.013210714794695377
1785956113289,0.9998818635940552,-0.005144670605659485,-0.0059470864944159985,0.013210714794695377
1785956113299,0.9998818635940552,-0.005144670605659485,-0.0059470864944159985,0.013210714794695377
1785956113309,0.9998818635940552,-0.005144670605659485,-0.0059470864944159985,0.013210714794695377
1785956113319,0.9998818635940552,-0.005144670605659485,-0.0059470864944159985,0.013210714794695377
1785956113330,0.9998818635940552,-0.005144670605659485,-0.0059470864944159985,0.013210714794695377
1785956113340,0.9998818635940552,-0.005144670605659485,-0.0059470864944159985,0.013210714794695377
1785956113350,0.9998818635940552,-0.005144670605659485,-0.0059470864944159985,0.013210714794695377
1785956113360,0.9998818635940552,-0.005144670605659485,-0.0059470864944159985,0.013210714794695377
1785956113369,0.9998818635940552,-0.005144670605659485,-0.0059470864944159985,0.013210714794695377
1785956113379,0.9998818635940552,-0.005144670605659485,-0.0059470864944159985,0.013210714794695377
1785956113390,0.9998818635940552,-0.005144670605659485,-0.0059470864944159985,0.013210714794695377
1785956113400,0.9998818635940552,-0.005144670605659485,-0.0059470864944159985,0.013210714794695377
1785956113410,0.9998818635940552,-0.005144670605659485,-0.0059470864944159985,0.013210714794695377
1785956113420,0.9998818635940552,-0.005144670605659485,-0.0059470864944159985,0.013210714794695377
1785956113431,0.9998818635940552,-0.005144670605659485,-0.0059470864944159985,0.013210714794695377
1785956113441,0.9998818635940552,-0.005144670605659485,-0.0059470864944159985,0.013210714794695377
1785956113450,0.9998818635940552,-0.005144670605659485,-0.0059470864944159985,0.013210714794695377
1785956113460,0.9998818635940552,-0.005144670605659485,-0.0059470864944159985,0.013210714794695377
1785956113470,0.9998818635940552,-0.005144670605659485,-0.0059470864944159985,0.013210714794695377
1785956113480,0.9998818635940552,-0.005144670605659485,-0.0059470864944159985,0.013210714794695377
1785956113491,0.9998818635940552,-0.005144670605659485,-0.0059470864944159985,0.013210714794695377
1785956113501,0.9998818635940552,-0.005144670605659485,-0.0059470864944159985,0.013210714794695377
1785956113511,0.9998818635940552,-0.005144670605659485,-0.0059470864944159985,0.013210714794695377
1785956113521,0.9998818635940552,-0.005144670605659485,-0.0059470864944159985,0.013210714794695377
1785956113530,0.9998818635940552,-0.005144670605659485,-0.0059470864944159985,0.013210714794695377
1785956113540,0.9998818635940552,-0.005144670605659485,-0.0059470864944159985,0.013210714794695377
1785956113551,0.9998818635940552,-0.005144670605659485,-0.0059470864944159985,0.013210714794695377
1785956113561,0.9998818635940552,-0.005144670605659485,-0.0059470864944159985,0.013210714794695377
1785956113571,0.9998818635940552,-0.005144670605659485,-0.0059470864944159985,0.013210714794695377
1785956113581,0.9998818635940552,-0.005144670605659485,-0.0059470864944159985,0.013210714794695377
1785956113592,0.9998818635940552,-0.005144670605659485,-0.0059470864944159985,0.013210714794695377
1785956113602,0.9998818635940552,-0.005144670605659485,-0.0059470864944159985,0.013210714794695377
1785956113612,0.9998818635940552,-0.005144670605659485,-0.0059470864944159985,0.013210714794695377
1785956113621,0.9998818635940552,-0.005144670605659485,-0.0059470864944159985,0.013210714794695377
1785956113631,0.9998818635940552,-0.005144670605659485,-0.0059470864944159985,0.013210714794695377
1785956113642,0.9998818635940552,-0.005144670605659485,-0.0059470864944159985,0.013210714794695377
1785956113652,0.9998818635940552,-0.005144670605659485,-0.0059470864944159985,0.013210714794695377
1785956113662,0.9998818635940552,-0.005144670605659485,-0.0059470864944159985,0.013210714794695377
1785956113672,0.9998818635940552,-0.005144670605659485,-0.0059470864944159985,0.013210714794695377
1785956113683,0.9998818635940552,-0.005144670605659485,-0.0059470864944159985,0.013210714794695377
1785956113693,0.9998818635940552,-0.005144670605659485,-0.0059470864944159985,0.013210714794695377
1785956113702,0.9998818635940552,-0.005144670605659485,-0.0059470864944159985,0.013210714794695377
1785956113712,0.9998818635940552,-0.005144670605659485,-0.0059470864944159985,0.013210714794695377
1785956113722,0.9998818635940552,-0.005144670605659485,-0.0059470864944159985,0.013210714794695377
1785956113732,0.9998818635940552,-0.005144670605659485,-0.0059470864944159985,0.013210714794695377
1785956113743,0.9998818635940552,-0.005144670605659485,-0.0059470864944159985,0.013210714794695377
1785956113753,0.9998818635940552,-0.005144670605659485,-0.0059470864944159985,0.013210714794695377
1785956113763,0.9998818635940552,-0.005144670605659485,-0.0059470864944159985,0.013210714794695377
1785956113773,0.9998818635940552,-0.005144670605659485,-0.0059470864944159985,0.013210714794695377
1785956113784,0.9998818635940552,-0.005144670605659485,-0.0059470864944159985,0.013210714794695377
1785956113792,0.9998818635940552,-0.005144670605659485,-0.0059470864944159985,0.013210714794695377
1785956113803,0.9998818635940552,-0.005144670605659485,-0.0059470864944159985,0.013210714794695377
1785956113813,0.9998818635940552,-0.005144670605659485,-0.0059470864944159985,0.013210714794695377
1785956113823,0.9998818635940552,-0.005144670605659485,-0.0059470864944159985,0.013210714794695377
1785956113833,0.9998818635940552,-0.005144670605659485,-0.0059470864944159985,0.013210714794695377
1785956113844,0.9998818635940552,-0.005144670605659485,-0.0059470864944159985,0.013210714794695377
1785956113854,0.9998818635940552,-0.005144670605659485,-0.0059470864944159985,0.013210714794695377
1785956113864,0.9998818635940552,-0.005144670605659485,-0.0059470864944159985,0.013210714794695377
1785956113873,0.9998818635940552,-0.005144670605659485,-0.0059470864944159985,0.013210714794695377
1785956113883,0.9998818635940552,-0.005144670605659485,-0.0059470864944159985,0.013210714794695377
1785956113893,0.9998818635940552,-0.005144670605659485,-0.0059470864944159985,0.013210714794695377
1785956113904,0.9998818635940552,-0.005144670605659485,-0.0059470864944159985,0.013210714794695377
1785956113914,0.9998818635940552,-0.005144670605659485,-0.0059470864944159985,0.013210714794695377
1785956113924,0.9998818635940552,-0.005144670605659485,-0.0059470864944159985,0.013210714794695377
1785956113935,0.9998818635940552,-0.005144670605659485,-0.0059470864944159985,0.013210714794695377
1785956113945,0.9998818635940552,-0.005144670605659485,-0.0059470864944159985,0.013210714794695377
1785956113954,0.9998818635940552,-0.005144670605659485,-0.0059470864944159985,0.013210714794695377
1785956113964,0.9998818635940552,-0.005144670605659485,-0.0059470864944159985,0.013210714794695377
1785956113974,0.9998818635940552,-0.005144670605659485,-0.0059470864944159985,0.013210714794695377
1785956113984,0.9998818635940552,-0.005144670605659485,-0.0059470864944159985,0.013210714794695377
1785956113995,0.9998818635940552,-0.005144670605659485,-0.0059470864944159985,0.013210714794695377
1785956114005,0.9998818635940552,-0.005144670605659485,-0.0059470864944159985,0.013210714794695377
1785956114015,0.9998818635940552,-0.005144670605659485,-0.0059470864944159985,0.013210714794695377
1785956114025,0.9998818635940552,-0.005144670605659485,-0.0059470864944159985,0.013210714794695377
1785956114034,0.9998818635940552,-0.005144670605659485,-0.0059470864944159985,0.013210714794695377
1785956114044,0.9998818635940552,-0.005144670605659485,-0.0059470864944159985,0.013210714794695377
1785956114055,0.9998818635940552,-0.005144670605659485,-0.0059470864944159985,0.013210714794695377
1785956114065,0.9998818635940552,-0.005144670605659485,-0.0059470864944159985,0.013210714794695377
1785956114075,0.9998818635940552,-0.005144670605659485,-0.0059470864944159985,0.013210714794695377
1785956114085,0.9998818635940552,-0.005144670605659485,-0.0059470864944159985,0.013210714794695377
1785956114096,0.9998818635940552,-0.005144670605659485,-0.0059470864944159985,0.013210714794695377
1785956114106,0.9998818635940552,-0.005144670605659485,-0.0059470864944159985,0.013210714794695377
1785956114116,0.9998818635940552,-0.005144670605659485,-0.0059470864944159985,0.013210714794695377
1785956114125,0.9998818635940552,-0.005144670605659485,-0.0059470864944159985,0.013210714794695377
1785956114135,0.9998818635940552,-0.005144670605659485,-0.0059470864944159985,0.013210714794695377
1785956114145,0.9998818635940552,-0.005144670605659485,-0.0059470864944159985,0.013210714794695377
1785956114156,0.9998818635940552,-0.005144670605659485,-0.0059470864944159985,0.013210714794695377
1785956114166,0.9998818635940552,-0.005144670605659485,-0.0059470864944159985,0.013210714794695377
1785956114176,0.9998818635940552,-0.005144670605659485,-0.0059470864944159985,0.013210714794695377
1785956114186,0.9998818635940552,-0.005144670605659485,-0.0059470864944159985,0.013210714794695377
1785956114197,0.9998818635940552,-0.005144670605659485,-0.0059470864944159985,0.013210714794695377
1785956114206,0.9998818635940552,-0.005144670605659485,-0.0059470864944159985,0.013210714794695377
1785956114216,0.9998818635940552,-0.005144670605659485,-0.0059470864944159985,0.013210714794695377
1785956114226,0.9998818635940552,-0.005144670605659485,-0.0059470864944159985,0.013210714794695377
1785956114236,0.9998818635940552,-0.005144670605659485,-0.0059470864944159985,0.013210714794695377
1785956114247,0.9998818635940552,-0.005144670605659485,-0.0059470864944159985,0.013210714794695377
1785956114257,0.9998818635940552,-0.005144670605659485,-0.0059470864944159985,0.013210714794695377
1785956114267,0.9998818635940552,-0.005144670605659485,-0.0059470864944159985,0.013210714794695377
1785956114277,0.9998818635940552,-0.005144670605659485,-0.0059470864944159985,0.013210714794695377
1785956114286,0.9998818635940552,-0.005144670605659485,-0.0059470864944159985,0.013210714794695377
1785956114296,0.9998818635940552,-0.005144670605659485,-0.0059470864944159985,0.013210714794695377
1785956114307,0.9998818635940552,-0.005144670605659485,-0.0059470864944159985,0.013210714794695377
1785956114317,0.9998818635940552,-0.005144670605659485,-0.0059470864944159985,0.013210714794695377
1785956114327,0.9998818635940552,-0.005144670605659485,-0.0059470864944159985,0.013210714794695377
1785956114337,0.9998818635940552,-0.005144670605659485,-0.0059470864944159985,0.013210714794695377
1785956114348,0.9998818635940552,-0.005144670605659485,-0.0059470864944159985,0.013210714794695377
1785956114358,0.9998818635940552,-0.005144670605659485,-0.0059470864944159985,0.013210714794695377
1785956114367,0.9998818635940552,-0.005144670605659485,-0.0059470864944159985,0.013210714794695377
1785956114377,0.9998818635940552,-0.005144670605659485,-0.0059470864944159985,0.013210714794695377
1785956114387,0.9998818635940552,-0.005144670605659485,-0.0059470864944159985,0.013210714794695377
1785956114397,0.9998818635940552,-0.005144670605659485,-0.0059470864944159985,0.013210714794695377
1785956114408,0.9998818635940552,-0.005144670605659485,-0.0059470864944159985,0.013210714794695377
1785956114418,0.9998818635940552,-0.005144670605659485,-0.0059470864944159985,0.013210714794695377
1785956114428,0.9998818635940552,-0.005144670605659485,-0.0059470864944159985,0.013210714794695377
1785956114438,0.9998818635940552,-0.005144670605659485,-0.0059470864944159985,0.013210714794695377
1785956114447,0.9998818635940552,-0.005144670605659485,-0.0059470864944159985,0.013210714794695377
1785956114457,0.9998818635940552,-0.005144670605659485,-0.0059470864944159985,0.013210714794695377
1785956114468,0.9998818635940552,-0.005144670605659485,-0.0059470864944159985,0.013210714794695377
1785956114478,0.9998818635940552,-0.005144670605659485,-0.0059470864944159985,0.013210714794695377
1785956114488,0.9998818635940552,-0.005144670605659485,-0.0059470864944159985,0.013210714794695377
1785956114498,0.9998818635940552,-0.005144670605659485,-0.0059470864944159985,0.013210714794695377
1785956114509,0.9998818635940552,-0.005144670605659485,-0.0059470864944159985,0.013210714794695377
1785956114519,0.9998818635940552,-0.005144670605659485,-0.0059470864944159985,0.013210714794695377
1785956114528,0.9998818635940552,-0.005144670605659485,-0.0059470864944159985,0.013210714794695377
1785956114538,0.999882161617279,-0.005091408733278513,-0.0059463828802108765,0.013211031444370747
1785956114548,0.999882161617279,-0.005091408733278513,-0.0059463828802108765,0.013211031444370747
1785956114559,0.999882161617279,-0.005091408733278513,-0.0059463828802108765,0.013211031444370747
1785956114569,0.999882161617279,-0.005091408733278513,-0.0059463828802108765,0.013211031444370747
1785956114579,0.999882161617279,-0.005091408733278513,-0.0059463828802108765,0.013211031444370747
1785956114589,0.999882161617279,-0.005091408733278513,-0.0059463828802108765,0.013211031444370747
1785956114600,0.999882161617279,-0.005091408733278513,-0.0059463828802108765,0.013211031444370747
1785956114610,0.999882161617279,-0.005091408733278513,-0.0059463828802108765,0.013211031444370747
1785956114619,0.999882161617279,-0.005091408733278513,-0.0059463828802108765,0.013211031444370747
1785956114629,0.999882161617279,-0.005091408733278513,-0.0059463828802108765,0.013211031444370747
1785956114639,0.999882161617279,-0.005091408733278513,-0.0059463828802108765,0.013211031444370747
1785956114649,0.999882161617279,-0.005091408733278513,-0.0059463828802108765,0.013211031444370747
1785956114660,0.999882161617279,-0.005091408733278513,-0.0059463828802108765,0.013211031444370747
1785956114670,0.999882161617279,-0.005091408733278513,-0.0059463828802108765,0.013211031444370747
1785956114680,0.999882161617279,-0.005091408733278513,-0.0059463828802108765,0.013211031444370747
1785956114690,0.999882161617279,-0.005091408733278513,-0.0059463828802108765,0.013211031444370747
1785956114699,0.999882161617279,-0.005091408733278513,-0.0059463828802108765,0.013211031444370747
1785956114709,0.999882161617279,-0.005091408733278513,-0.0059463828802108765,0.013211031444370747
1785956114720,0.999882161617279,-0.005091408733278513,-0.0059463828802108765,0.013211031444370747
1785956114730,0.999882161617279,-0.005091408733278513,-0.0059463828802108765,0.013211031444370747
1785956114740,0.999882161617279,-0.005091408733278513,-0.0059463828802108765,0.013211031444370747
1785956114750,0.999882161617279,-0.005091408733278513,-0.0059463828802108765,0.013211031444370747
1785956114761,0.999882161617279,-0.005091408733278513,-0.0059463828802108765,0.013211031444370747
1785956114771,0.999882161617279,-0.005091408733278513,-0.0059463828802108765,0.013211031444370747
1785956114780,0.999882161617279,-0.005091408733278513,-0.0059463828802108765,0.013211031444370747
1785956114790,0.999882161617279,-0.005091408733278513,-0.0059463828802108765,0.013211031444370747
1785956114800,0.999882161617279,-0.005091408733278513,-0.0059463828802108765,0.013211031444370747
1785956114810,0.999882161617279,-0.005091408733278513,-0.0059463828802108765,0.013211031444370747
1785956114821,0.999882161617279,-0.005091408733278513,-0.0059463828802108765,0.013211031444370747
1785956114831,0.999882161617279,-0.005091408733278513,-0.0059463828802108765,0.013211031444370747
1785956114841,0.999882161617279,-0.005091408733278513,-0.0059463828802108765,0.013211031444370747
1785956114851,0.999882161617279,-0.005091408733278513,-0.0059463828802108765,0.013211031444370747
1785956114862,0.999882161617279,-0.005091408733278513,-0.0059463828802108765,0.013211031444370747
1785956114871,0.999882161617279,-0.005091408733278513,-0.0059463828802108765,0.013211031444370747
1785956114881,0.999882161617279,-0.005091408733278513,-0.0059463828802108765,0.013211031444370747
1785956114891,0.999882161617279,-0.005091408733278513,-0.0059463828802108765,0.013211031444370747
1785956114901,0.999882161617279,-0.005091408733278513,-0.0059463828802108765,0.013211031444370747
1785956114912,0.999882161617279,-0.005091408733278513,-0.0059463828802108765,0.013211031444370747
1785956114922,0.999882161617279,-0.005091408733278513,-0.0059463828802108765,0.013211031444370747
1785956114932,0.999882161617279,-0.005091408733278513,-0.0059463828802108765,0.013211031444370747
1785956114942,0.999882161617279,-0.005091408733278513,-0.0059463828802108765,0.013211031444370747
1785956114951,0.999882161617279,-0.005091408733278513,-0.0059463828802108765,0.013211031444370747
1785956114961,0.999882161617279,-0.005091408733278513,-0.0059463828802108765,0.013211031444370747
1785956114972,0.999882161617279,-0.005091408733278513,-0.0059463828802108765,0.013211031444370747
1785956114982,0.999882161617279,-0.005091408733278513,-0.0059463828802108765,0.013211031444370747
1785956114992,0.999882161617279,-0.005091408733278513,-0.0059463828802108765,0.013211031444370747
1785956115002,0.999882161617279,-0.005091408733278513,-0.0059463828802108765,0.013211031444370747
1785956115013,0.999882161617279,-0.005091408733278513,-0.0059463828802108765,0.013211031444370747
1785956115023,0.999882161617279,-0.005091408733278513,-0.0059463828802108765,0.013211031444370747
1785956115032,0.999882161617279,-0.005091408733278513,-0.0059463828802108765,0.013211031444370747
1785956115042,0.999882161617279,-0.005091408733278513,-0.0059463828802108765,0.013211031444370747
1785956115052,0.999882161617279,-0.005091408733278513,-0.0059463828802108765,0.013211031444370747
1785956115062,0.999882161617279,-0.005091408733278513,-0.0059463828802108765,0.013211031444370747
1785956115073,0.999882161617279,-0.005091408733278513,-0.0059463828802108765,0.013211031444370747
1785956115083,0.999882161617279,-0.005091408733278513,-0.0059463828802108765,0.013211031444370747
1785956115093,0.999882161617279,-0.005091408733278513,-0.0059463828802108765,0.013211031444370747
1785956115103,0.999882161617279,-0.005091408733278513,-0.0059463828802108765,0.013211031444370747
1785956115112,0.999882161617279,-0.005091408733278513,-0.0059463828802108765,0.013211031444370747
1785956115122,0.999882161617279,-0.005091408733278513,-0.0059463828802108765,0.013211031444370747
1785956115133,0.999882161617279,-0.005091408733278513,-0.0059463828802108765,0.013211031444370747
1785956115143,0.999882161617279,-0.005091408733278513,-0.0059463828802108765,0.013211031444370747
1785956115153,0.999882161617279,-0.005091408733278513,-0.0059463828802108765,0.013211031444370747
1785956115164,0.999882161617279,-0.005091408733278513,-0.0059463828802108765,0.013211031444370747
1785956115174,0.999882161617279,-0.005091408733278513,-0.0059463828802108765,0.013211031444370747
1785956115184,0.999882161617279,-0.005091408733278513,-0.0059463828802108765,0.013211031444370747
1785956115193,0.999882161617279,-0.005091408733278513,-0.0059463828802108765,0.013211031444370747
1785956115203,0.999882161617279,-0.005091408733278513,-0.0059463828802108765,0.013211031444370747
1785956115213,0.999882161617279,-0.005091408733278513,-0.0059463828802108765,0.013211031444370747
1785956115224,0.999882161617279,-0.005091408733278513,-0.0059463828802108765,0.013211031444370747
1785956115234,0.999882161617279,-0.005091408733278513,-0.0059463828802108765,0.013211031444370747
1785956115244,0.999882161617279,-0.005091408733278513,-0.0059463828802108765,0.013211031444370747
1785956115254,0.999882161617279,-0.005091408733278513,-0.0059463828802108765,0.013211031444370747
1785956115265,0.999882161617279,-0.005091408733278513,-0.0059463828802108765,0.013211031444370747
1785956115275,0.999882161617279,-0.005091408733278513,-0.0059463828802108765,0.013211031444370747
1785956115284,0.999882161617279,-0.005091408733278513,-0.0059463828802108765,0.013211031444370747
1785956115294,0.999882161617279,-0.005091408733278513,-0.0059463828802108765,0.013211031444370747
1785956115304,0.999882161617279,-0.005091408733278513,-0.0059463828802108765,0.013211031444370747
1785956115314,0.999882161617279,-0.005091408733278513,-0.0059463828802108765,0.013211031444370747
1785956115325,0.999882161617279,-0.005091408733278513,-0.0059463828802108765,0.013211031444370747
1785956115335,0.999882161617279,-0.005091408733278513,-0.0059463828802108765,0.013211031444370747
1785956115345,0.999882161617279,-0.005091408733278513,-0.0059463828802108765,0.013211031444370747
1785956115355,0.999882161617279,-0.005091408733278513,-0.0059463828802108765,0.013211031444370747
1785956115364,0.999882161617279,-0.005091408733278513,-0.0059463828802108765,0.013211031444370747
1785956115374,0.999882161617279,-0.005091408733278513,-0.0059463828802108765,0.013211031444370747
1785956115385,0.999882161617279,-0.005091408733278513,-0.0059463828802108765,0.013211031444370747
1785956115395,0.999882161617279,-0.005091408733278513,-0.0059463828802108765,0.013211031444370747
1785956115405,0.999882161617279,-0.005091408733278513,-0.0059463828802108765,0.013211031444370747
1785956115415,0.999882161617279,-0.005091408733278513,-0.0059463828802108765,0.013211031444370747
1785956115426,0.999882161617279,-0.005091408733278513,-0.0059463828802108765,0.013211031444370747
1785956115436,0.999882161617279,-0.005091408733278513,-0.0059463828802108765,0.013211031444370747
1785956115446,0.999882161617279,-0.005091408733278513,-0.0059463828802108765,0.013211031444370747
1785956115455,0.999882161617279,-0.005091408733278513,-0.0059463828802108765,0.013211031444370747
1785956115465,0.999882161617279,-0.005091408733278513,-0.0059463828802108765,0.013211031444370747
1785956115476,0.999882161617279,-0.005091408733278513,-0.0059463828802108765,0.013211031444370747
1785956115486,0.999882161617279,-0.005091408733278513,-0.0059463828802108765,0.013211031444370747
1785956115496,0.999882161617279,-0.005091408733278513,-0.0059463828802108765,0.013211031444370747
1785956115506,0.999882161617279,-0.005091408733278513,-0.0059463828802108765,0.013211031444370747
1785956115517,0.999882161617279,-0.005091408733278513,-0.0059463828802108765,0.013211031444370747
1785956115527,0.999882161617279,-0.005091408733278513,-0.0059463828802108765,0.013211031444370747
1785956115536,0.999882161617279,-0.005091408733278513,-0.0059463828802108765,0.013211031444370747
1785956115546,0.999882161617279,-0.005091408733278513,-0.0059463828802108765,0.013211031444370747
1785956115556,0.999882161617279,-0.005091408733278513,-0.0059463828802108765,0.013211031444370747
1785956115566,0.999882161617279,-0.005091408733278513,-0.0059463828802108765,0.013211031444370747
1785956115577,0.999882161617279,-0.005091408733278513,-0.0059463828802108765,0.013211031444370747
1785956115587,0.999882161617279,-0.005091408733278513,-0.0059463828802108765,0.013211031444370747
1785956115597,0.999882161617279,-0.005091408733278513,-0.0059463828802108765,0.013211031444370747
1785956115607,0.999882161617279,-0.005091408733278513,-0.0059463828802108765,0.013211031444370747
1785956115616,0.999882161617279,-0.005091408733278513,-0.0059463828802108765,0.013211031444370747
1785956115626,0.999882161617279,-0.005091408733278513,-0.0059463828802108765,0.013211031444370747
1785956115637,0.999882161617279,-0.005091408733278513,-0.0059463828802108765,0.013211031444370747
1785956115647,0.999882161617279,-0.005091408733278513,-0.0059463828802108765,0.013211031444370747
1785956115657,0.999882161617279,-0.005091408733278513,-0.0059463828802108765,0.013211031444370747
1785956115667,0.999882161617279,-0.005091408733278513,-0.0059463828802108765,0.013211031444370747
1785956115678,0.999882161617279,-0.005091408733278513,-0.0059463828802108765,0.013211031444370747
1785956115688,0.999882161617279,-0.005091408733278513,-0.0059463828802108765,0.013211031444370747
1785956115697,0.999882161617279,-0.005091408733278513,-0.0059463828802108765,0.013211031444370747
1785956115707,0.999882161617279,-0.005091408733278513,-0.0059463828802108765,0.013211031444370747
1785956115717,0.999882161617279,-0.005091408733278513,-0.0059463828802108765,0.013211031444370747
1785956115727,0.999882161617279,-0.005091408733278513,-0.0059463828802108765,0.013211031444370747
1785956115738,0.999882161617279,-0.005091408733278513,-0.0059463828802108765,0.013211031444370747
1785956115748,0.999882161617279,-0.005091408733278513,-0.0059463828802108765,0.013211031444370747
1785956115758,0.999882161617279,-0.005091408733278513,-0.0059463828802108765,0.013211031444370747
1785956115768,0.999882161617279,-0.005091408733278513,-0.0059463828802108765,0.013211031444370747
1785956115777,0.999882161617279,-0.005091408733278513,-0.0059463828802108765,0.013211031444370747
1785956115788,0.999882161617279,-0.005091408733278513,-0.0059463828802108765,0.013211031444370747
1785956115798,0.999882161617279,-0.005091408733278513,-0.0059463828802108765,0.013211031444370747
1785956115808,0.999882161617279,-0.005091408733278513,-0.0059463828802108765,0.013211031444370747
1785956115818,0.999882161617279,-0.005091408733278513,-0.0059463828802108765,0.013211031444370747
1785956115829,0.999882161617279,-0.005091408733278513,-0.0059463828802108765,0.013211031444370747
1785956115839,0.999882161617279,-0.005091408733278513,-0.0059463828802108765,0.013211031444370747
1785956115849,0.999882161617279,-0.005091408733278513,-0.0059463828802108765,0.013211031444370747
1785956115859,0.999882161617279,-0.005091408733278513,-0.0059463828802108765,0.013211031444370747
1785956115868,0.999882161617279,-0.005091408733278513,-0.0059463828802108765,0.013211031444370747
1785956115878,0.999882161617279,-0.005091408733278513,-0.0059463828802108765,0.013211031444370747
1785956115889,0.999882161617279,-0.005091408733278513,-0.0059463828802108765,0.013211031444370747
1785956115899,0.999882161617279,-0.005091408733278513,-0.0059463828802108765,0.013211031444370747
1785956115909,0.999882161617279,-0.005091408733278513,-0.0059463828802108765,0.013211031444370747
1785956115919,0.999882161617279,-0.005091408733278513,-0.0059463828802108765,0.013211031444370747
1785956115930,0.999882161617279,-0.005091408733278513,-0.0059463828802108765,0.013211031444370747
1785956115940,0.999882161617279,-0.005091408733278513,-0.0059463828802108765,0.013211031444370747
1785956115949,0.999882161617279,-0.005091408733278513,-0.0059463828802108765,0.013211031444370747
1785956115959,0.999882161617279,-0.005091408733278513,-0.0059463828802108765,0.013211031444370747
1785956115969,0.999882161617279,-0.005091408733278513,-0.0059463828802108765,0.013211031444370747
1785956115979,0.999882161617279,-0.005091408733278513,-0.0059463828802108765,0.013211031444370747
1785956115990,0.999882161617279,-0.005091408733278513,-0.0059463828802108765,0.013211031444370747
1785956116000,0.999882161617279,-0.005091408733278513,-0.0059463828802108765,0.013211031444370747
1785956116010,0.999882161617279,-0.005091408733278513,-0.0059463828802108765,0.013211031444370747
1785956116020,0.999882161617279,-0.005091408733278513,-0.0059463828802108765,0.013211031444370747
1785956116029,0.999882161617279,-0.005091408733278513,-0.0059463828802108765,0.013211031444370747
1785956116039,0.999882161617279,-0.005091408733278513,-0.0059463828802108765,0.013211031444370747
1785956116050,0.999882161617279,-0.005091408733278513,-0.0059463828802108765,0.013211031444370747
1785956116060,0.999882161617279,-0.005091408733278513,-0.0059463828802108765,0.013211031444370747
1785956116070,0.999882161617279,-0.005091408733278513,-0.0059463828802108765,0.013211031444370747
1785956116081,0.999882161617279,-0.005091408733278513,-0.0059463828802108765,0.013211031444370747
1785956116091,0.999882161617279,-0.005091408733278513,-0.0059463828802108765,0.013211031444370747
1785956116101,0.999882161617279,-0.005091408733278513,-0.0059463828802108765,0.013211031444370747
1785956116110,0.999882161617279,-0.005091408733278513,-0.0059463828802108765,0.013211031444370747
1785956116120,0.999882161617279,-0.005091408733278513,-0.0059463828802108765,0.013211031444370747
1785956116130,0.999882161617279,-0.005091408733278513,-0.0059463828802108765,0.013211031444370747
1785956116141,0.999882161617279,-0.005091408733278513,-0.0059463828802108765,0.013211031444370747
1785956116151,0.999882161617279,-0.005091408733278513,-0.0059463828802108765,0.013211031444370747
1785956116161,0.999882161617279,-0.005091408733278513,-0.0059463828802108765,0.013211031444370747
1785956116171,0.999882161617279,-0.005091408733278513,-0.0059463828802108765,0.013211031444370747
1785956116182,0.999882161617279,-0.005091408733278513,-0.0059463828802108765,0.013211031444370747
1785956116190,0.999882161617279,-0.005091408733278513,-0.0059463828802108765,0.013211031444370747
1785956116201,0.999882161617279,-0.005091408733278513,-0.0059463828802108765,0.013211031444370747
1785956116211,0.999882161617279,-0.005091408733278513,-0.0059463828802108765,0.013211031444370747
1785956116221,0.999882161617279,-0.005091408733278513,-0.0059463828802108765,0.013211031444370747
1785956116231,0.999882161617279,-0.005091408733278513,-0.0059463828802108765,0.013211031444370747
1785956116242,0.999882161617279,-0.005091408733278513,-0.0059463828802108765,0.013211031444370747
1785956116252,0.999882161617279,-0.005091408733278513,-0.0059463828802108765,0.013211031444370747
1785956116262,0.999882161617279,-0.005091408733278513,-0.0059463828802108765,0.013211031444370747
1785956116272,0.999882161617279,-0.005091408733278513,-0.0059463828802108765,0.013211031444370747
1785956116281,0.999882161617279,-0.005091408733278513,-0.0059463828802108765,0.013211031444370747
1785956116291,0.999882161617279,-0.005091408733278513,-0.0059463828802108765,0.013211031444370747
1785956116302,0.999882161617279,-0.005091408733278513,-0.0059463828802108765,0.013211031444370747
1785956116312,0.999882161617279,-0.005091408733278513,-0.0059463828802108765,0.013211031444370747
1785956116322,0.9998823404312134,-0.005038146395236254,-0.00594567833468318,0.013211346231400967
1785956116332,0.9998823404312134,-0.005038146395236254,-0.00594567833468318,0.013211346231400967
1785956116343,0.9998823404312134,-0.005038146395236254,-0.00594567833468318,0.013211346231400967
1785956116353,0.9998823404312134,-0.005038146395236254,-0.00594567833468318,0.013211346231400967
1785956116362,0.9998823404312134,-0.005038146395236254,-0.00594567833468318,0.013211346231400967
1785956116372,0.9998823404312134,-0.005038146395236254,-0.00594567833468318,0.013211346231400967
1785956116382,0.9998823404312134,-0.005038146395236254,-0.00594567833468318,0.013211346231400967
1785956116393,0.9998823404312134,-0.005038146395236254,-0.00594567833468318,0.013211346231400967
1785956116403,0.9998823404312134,-0.005038146395236254,-0.00594567833468318,0.013211346231400967
1785956116413,0.9998823404312134,-0.005038146395236254,-0.00594567833468318,0.013211346231400967
1785956116423,0.9998823404312134,-0.005038146395236254,-0.00594567833468318,0.013211346231400967
1785956116434,0.9998823404312134,-0.005038146395236254,-0.00594567833468318,0.013211346231400967
1785956116442,0.9998823404312134,-0.005038146395236254,-0.00594567833468318,0.013211346231400967
1785956116453,0.9998823404312134,-0.005038146395236254,-0.00594567833468318,0.013211346231400967
1785956116463,0.9998823404312134,-0.005038146395236254,-0.00594567833468318,0.013211346231400967
1785956116473,0.9998823404312134,-0.005038146395236254,-0.00594567833468318,0.013211346231400967
1785956116483,0.9998823404312134,-0.005038146395236254,-0.00594567833468318,0.013211346231400967
1785956116494,0.9998823404312134,-0.005038146395236254,-0.00594567833468318,0.013211346231400967
1785956116504,0.9998823404312134,-0.005038146395236254,-0.00594567833468318,0.013211346231400967
1785956116514,0.9998823404312134,-0.005038146395236254,-0.00594567833468318,0.013211346231400967
1785956116523,0.9998823404312134,-0.005038146395236254,-0.00594567833468318,0.013211346231400967
1785956116533,0.9998823404312134,-0.005038146395236254,-0.00594567833468318,0.013211346231400967
1785956116543,0.9998823404312134,-0.005038146395236254,-0.00594567833468318,0.013211346231400967
1785956116554,0.9998823404312134,-0.005038146395236254,-0.00594567833468318,0.013211346231400967
1785956116564,0.9998823404312134,-0.005038146395236254,-0.00594567833468318,0.013211346231400967
1785956116574,0.9998823404312134,-0.005038146395236254,-0.00594567833468318,0.013211346231400967
1785956116584,0.9998823404312134,-0.005038146395236254,-0.00594567833468318,0.013211346231400967
1785956116595,0.9998823404312134,-0.005038146395236254,-0.00594567833468318,0.013211346231400967
1785956116605,0.9998823404312134,-0.005038146395236254,-0.00594567833468318,0.013211346231400967
1785956116614,0.9998823404312134,-0.005038146395236254,-0.00594567833468318,0.013211346231400967
1785956116624,0.9998823404312134,-0.005038146395236254,-0.00594567833468318,0.013211346231400967
1785956116634,0.9998823404312134,-0.005038146395236254,-0.00594567833468318,0.013211346231400967
1785956116644,0.9998823404312134,-0.005038146395236254,-0.00594567833468318,0.013211346231400967
1785956116655,0.9998823404312134,-0.005038146395236254,-0.00594567833468318,0.013211346231400967
1785956116665,0.9998823404312134,-0.005038146395236254,-0.00594567833468318,0.013211346231400967
1785956116675,0.9998823404312134,-0.005038146395236254,-0.00594567833468318,0.013211346231400967
1785956116685,0.9998823404312134,-0.005038146395236254,-0.00594567833468318,0.013211346231400967
1785956116694,0.9998823404312134,-0.005038146395236254,-0.00594567833468318,0.013211346231400967
1785956116705,0.9998823404312134,-0.005038146395236254,-0.00594567833468318,0.013211346231400967
1785956116715,0.9998823404312134,-0.005038146395236254,-0.00594567833468318,0.013211346231400967
1785956116725,0.9998823404312134,-0.005038146395236254,-0.00594567833468318,0.013211346231400967
1785956116735,0.9998823404312134,-0.005038146395236254,-0.00594567833468318,0.013211346231400967
1785956116746,0.9998823404312134,-0.005038146395236254,-0.00594567833468318,0.013211346231400967
1785956116756,0.9998823404312134,-0.005038146395236254,-0.00594567833468318,0.013211346231400967
1785956116766,0.9998823404312134,-0.005038146395236254,-0.00594567833468318,0.013211346231400967
1785956116775,0.9998823404312134,-0.005038146395236254,-0.00594567833468318,0.013211346231400967
1785956116785,0.9998823404312134,-0.005038146395236254,-0.00594567833468318,0.013211346231400967
1785956116795,0.9998823404312134,-0.005038146395236254,-0.00594567833468318,0.013211346231400967
1785956116806,0.9998823404312134,-0.005038146395236254,-0.00594567833468318,0.013211346231400967
1785956116816,0.9998823404312134,-0.005038146395236254,-0.00594567833468318,0.013211346231400967
1785956116826,0.9998823404312134,-0.005038146395236254,-0.00594567833468318,0.013211346231400967
1785956116836,0.9998823404312134,-0.005038146395236254,-0.00594567833468318,0.013211346231400967
1785956116847,0.9998823404312134,-0.005038146395236254,-0.00594567833468318,0.013211346231400967
1785956116855,0.9998823404312134,-0.005038146395236254,-0.00594567833468318,0.013211346231400967
1785956116866,0.9998823404312134,-0.005038146395236254,-0.00594567833468318,0.013211346231400967
1785956116876,0.9998823404312134,-0.005038146395236254,-0.00594567833468318,0.013211346231400967
1785956116886,0.9998823404312134,-0.005038146395236254,-0.00594567833468318,0.013211346231400967
1785956116896,0.9998823404312134,-0.005038146395236254,-0.00594567833468318,0.013211346231400967
1785956116907,0.9998823404312134,-0.005038146395236254,-0.00594567833468318,0.013211346231400967
1785956116917,0.9998823404312134,-0.005038146395236254,-0.00594567833468318,0.013211346231400967
1785956116927,0.9998823404312134,-0.005038146395236254,-0.00594567833468318,0.013211346231400967
1785956116937,0.9998823404312134,-0.005038146395236254,-0.00594567833468318,0.013211346231400967
1785956116946,0.9998823404312134,-0.005038146395236254,-0.00594567833468318,0.013211346231400967
1785956116956,0.9998823404312134,-0.005038146395236254,-0.00594567833468318,0.013211346231400967
1785956116967,0.9998823404312134,-0.005038146395236254,-0.00594567833468318,0.013211346231400967
1785956116977,0.9998823404312134,-0.005038146395236254,-0.00594567833468318,0.013211346231400967
1785956116987,0.9998823404312134,-0.005038146395236254,-0.00594567833468318,0.013211346231400967
1785956116997,0.9998823404312134,-0.005038146395236254,-0.00594567833468318,0.013211346231400967
1785956117008,0.9998823404312134,-0.005038146395236254,-0.00594567833468318,0.013211346231400967
1785956117018,0.9998823404312134,-0.005038146395236254,-0.00594567833468318,0.013211346231400967
1785956117027,0.9998823404312134,-0.005038146395236254,-0.00594567833468318,0.013211346231400967
1785956117037,0.9998823404312134,-0.005038146395236254,-0.00594567833468318,0.013211346231400967
1785956117047,0.9998823404312134,-0.005038146395236254,-0.00594567833468318,0.013211346231400967
1785956117058,0.9998823404312134,-0.005038146395236254,-0.00594567833468318,0.013211346231400967
1785956117068,0.9998823404312134,-0.005038146395236254,-0.00594567833468318,0.013211346231400967
1785956117078,0.9998823404312134,-0.005038146395236254,-0.00594567833468318,0.013211346231400967
1785956117088,0.9998823404312134,-0.005038146395236254,-0.00594567833468318,0.013211346231400967
1785956117099,0.9998823404312134,-0.005038146395236254,-0.00594567833468318,0.013211346231400967
1785956117107,0.9998823404312134,-0.005038146395236254,-0.00594567833468318,0.013211346231400967
1785956117118,0.9998823404312134,-0.005038146395236254,-0.00594567833468318,0.013211346231400967
1785956117128,0.9998823404312134,-0.005038146395236254,-0.00594567833468318,0.013211346231400967
1785956117138,0.9998823404312134,-0.005038146395236254,-0.00594567833468318,0.013211346231400967
1785956117148,0.9998823404312134,-0.005038146395236254,-0.00594567833468318,0.013211346231400967
1785956117159,0.9998823404312134,-0.005038146395236254,-0.00594567833468318,0.013211346231400967
1785956117169,0.9998823404312134,-0.005038146395236254,-0.00594567833468318,0.013211346231400967
1785956117179,0.9998823404312134,-0.005038146395236254,-0.00594567833468318,0.013211346231400967
1785956117189,0.9998823404312134,-0.005038146395236254,-0.00594567833468318,0.013211346231400967
1785956117198,0.9998823404312134,-0.005038146395236254,-0.00594567833468318,0.013211346231400967
1785956117208,0.9998823404312134,-0.005038146395236254,-0.00594567833468318,0.013211346231400967
1785956117219,0.9998823404312134,-0.005038146395236254,-0.00594567833468318,0.013211346231400967
1785956117229,0.9998823404312134,-0.005038146395236254,-0.00594567833468318,0.013211346231400967
1785956117239,0.9998823404312134,-0.005038146395236254,-0.00594567833468318,0.013211346231400967
1785956117249,0.9998823404312134,-0.005038146395236254,-0.00594567833468318,0.013211346231400967
1785956117260,0.9998823404312134,-0.005038146395236254,-0.00594567833468318,0.013211346231400967
1785956117270,0.9998823404312134,-0.005038146395236254,-0.00594567833468318,0.013211346231400967
1785956117279,0.9998823404312134,-0.005038146395236254,-0.00594567833468318,0.013211346231400967
1785956117289,0.9998823404312134,-0.005038146395236254,-0.00594567833468318,0.013211346231400967
1785956117299,0.9998823404312134,-0.005038146395236254,-0.00594567833468318,0.013211346231400967
1785956117310,0.9998823404312134,-0.005038146395236254,-0.00594567833468318,0.013211346231400967
1785956117320,0.9998823404312134,-0.005038146395236254,-0.00594567833468318,0.013211346231400967
1785956117330,0.9998823404312134,-0.005038146395236254,-0.00594567833468318,0.013211346231400967
1785956117340,0.9998823404312134,-0.005038146395236254,-0.00594567833468318,0.013211346231400967
1785956117351,0.9998823404312134,-0.005038146395236254,-0.00594567833468318,0.013211346231400967
1785956117359,0.9998823404312134,-0.005038146395236254,-0.00594567833468318,0.013211346231400967
1785956117370,0.9998823404312134,-0.005038146395236254,-0.00594567833468318,0.013211346231400967
1785956117380,0.9998823404312134,-0.005038146395236254,-0.00594567833468318,0.013211346231400967
1785956117390,0.9998823404312134,-0.005038146395236254,-0.00594567833468318,0.013211346231400967
1785956117400,0.9998823404312134,-0.005038146395236254,-0.00594567833468318,0.013211346231400967
1785956117411,0.9998823404312134,-0.005038146395236254,-0.00594567833468318,0.013211346231400967
1785956117421,0.9998823404312134,-0.005038146395236254,-0.00594567833468318,0.013211346231400967
1785956117431,0.9998823404312134,-0.005038146395236254,-0.00594567833468318,0.013211346231400967
1785956117440,0.9998823404312134,-0.005038146395236254,-0.00594567833468318,0.013211346231400967
1785956117450,0.9998823404312134,-0.005038146395236254,-0.00594567833468318,0.013211346231400967
1785956117460,0.9998823404312134,-0.005038146395236254,-0.00594567833468318,0.013211346231400967
1785956117471,0.9998823404312134,-0.005038146395236254,-0.00594567833468318,0.013211346231400967
1785956117481,0.9998823404312134,-0.005038146395236254,-0.00594567833468318,0.013211346231400967
1785956117491,0.9998823404312134,-0.005038146395236254,-0.00594567833468318,0.013211346231400967
1785956117501,0.9998823404312134,-0.005038146395236254,-0.00594567833468318,0.013211346231400967
1785956117512,0.9998823404312134,-0.005038146395236254,-0.00594567833468318,0.013211346231400967
1785956117522,0.9998823404312134,-0.005038146395236254,-0.00594567833468318,0.013211346231400967
1785956117531,0.9998823404312134,-0.005038146395236254,-0.00594567833468318,0.013211346231400967
1785956117541,0.9998823404312134,-0.005038146395236254,-0.00594567833468318,0.013211346231400967
1785956117551,0.9998823404312134,-0.005038146395236254,-0.00594567833468318,0.013211346231400967
1785956117561,0.9998823404312134,-0.005038146395236254,-0.00594567833468318,0.013211346231400967
1785956117572,0.9998823404312134,-0.005038146395236254,-0.00594567833468318,0.013211346231400967
1785956117582,0.9998823404312134,-0.005038146395236254,-0.00594567833468318,0.013211346231400967
1785956117592,0.9998823404312134,-0.005038146395236254,-0.00594567833468318,0.013211346231400967
1785956117602,0.9998823404312134,-0.005038146395236254,-0.00594567833468318,0.013211346231400967
1785956117611,0.9998823404312134,-0.005038146395236254,-0.00594567833468318,0.013211346231400967
1785956117622,0.9998823404312134,-0.005038146395236254,-0.00594567833468318,0.013211346231400967
1785956117632,0.9998823404312134,-0.005038146395236254,-0.00594567833468318,0.013211346231400967
1785956117642,0.9998823404312134,-0.005038146395236254,-0.00594567833468318,0.013211346231400967
1785956117652,0.9998823404312134,-0.005038146395236254,-0.00594567833468318,0.013211346231400967
1785956117663,0.9998823404312134,-0.005038146395236254,-0.00594567833468318,0.013211346231400967
1785956117673,0.9998823404312134,-0.005038146395236254,-0.00594567833468318,0.013211346231400967
1785956117683,0.9998823404312134,-0.005038146395236254,-0.00594567833468318,0.013211346231400967
1785956117692,0.9998823404312134,-0.005038146395236254,-0.00594567833468318,0.013211346231400967
1785956117702,0.9998823404312134,-0.005038146395236254,-0.00594567833468318,0.013211346231400967
1785956117712,0.9998823404312134,-0.005038146395236254,-0.00594567833468318,0.013211346231400967
1785956117723,0.9998823404312134,-0.005038146395236254,-0.00594567833468318,0.013211346231400967
1785956117733,0.9998823404312134,-0.005038146395236254,-0.00594567833468318,0.013211346231400967
1785956117743,0.9998823404312134,-0.005038146395236254,-0.00594567833468318,0.013211346231400967
1785956117753,0.9998823404312134,-0.005038146395236254,-0.00594567833468318,0.013211346231400967
1785956117764,0.9998823404312134,-0.005038146395236254,-0.00594567833468318,0.013211346231400967
1785956117772,0.9998823404312134,-0.005038146395236254,-0.00594567833468318,0.013211346231400967
1785956117783,0.9998823404312134,-0.005038146395236254,-0.00594567833468318,0.013211346231400967
1785956117793,0.9998823404312134,-0.005038146395236254,-0.00594567833468318,0.013211346231400967
1785956117803,0.9998823404312134,-0.005038146395236254,-0.00594567833468318,0.013211346231400967
1785956117813,0.9998823404312134,-0.005038146395236254,-0.00594567833468318,0.013211346231400967
1785956117824,0.9998823404312134,-0.005038146395236254,-0.00594567833468318,0.013211346231400967
1785956117834,0.9998823404312134,-0.005038146395236254,-0.00594567833468318,0.013211346231400967
1785956117844,0.9998823404312134,-0.005038146395236254,-0.00594567833468318,0.013211346231400967
1785956117853,0.9998823404312134,-0.005038146395236254,-0.00594567833468318,0.013211346231400967
1785956117863,0.9998823404312134,-0.005038146395236254,-0.00594567833468318,0.013211346231400967
1785956117873,0.9998823404312134,-0.005038146395236254,-0.00594567833468318,0.013211346231400967
1785956117884,0.9998823404312134,-0.005038146395236254,-0.00594567833468318,0.013211346231400967
1785956117894,0.9998823404312134,-0.005038146395236254,-0.00594567833468318,0.013211346231400967
1785956117904,0.9998823404312134,-0.005038146395236254,-0.00594567833468318,0.013211346231400967
1785956117914,0.9998823404312134,-0.005038146395236254,-0.00594567833468318,0.013211346231400967
1785956117925,0.9998823404312134,-0.005038146395236254,-0.00594567833468318,0.013211346231400967
1785956117934,0.9998823404312134,-0.005038146395236254,-0.00594567833468318,0.013211346231400967
1785956117944,0.9998823404312134,-0.005038146395236254,-0.00594567833468318,0.013211346231400967
1785956117954,0.9998823404312134,-0.005038146395236254,-0.00594567833468318,0.013211346231400967
1785956117964,0.9998823404312134,-0.005038146395236254,-0.00594567833468318,0.013211346231400967
1785956117975,0.9998823404312134,-0.005038146395236254,-0.00594567833468318,0.013211346231400967
1785956117985,0.9998823404312134,-0.005038146395236254,-0.00594567833468318,0.013211346231400967
1785956117995,0.9998823404312134,-0.005038146395236254,-0.00594567833468318,0.013211346231400967
1785956118005,0.9998823404312134,-0.005038146395236254,-0.00594567833468318,0.013211346231400967
1785956118016,0.9998823404312134,-0.005038146395236254,-0.00594567833468318,0.013211346231400967
1785956118024,0.9998823404312134,-0.005038146395236254,-0.00594567833468318,0.013211346231400967
1785956118035,0.9998823404312134,-0.005038146395236254,-0.00594567833468318,0.013211346231400967
1785956118045,0.9998823404312134,-0.005038146395236254,-0.00594567833468318,0.013211346231400967
1785956118055,0.9998823404312134,-0.005038146395236254,-0.00594567833468318,0.013211346231400967
1785956118065,0.9998823404312134,-0.005038146395236254,-0.00594567833468318,0.013211346231400967
1785956118076,0.9998823404312134,-0.005038146395236254,-0.00594567833468318,0.013211346231400967
1785956118086,0.9998823404312134,-0.005038146395236254,-0.00594567833468318,0.013211346231400967
1785956118096,0.9998823404312134,-0.005038146395236254,-0.00594567833468318,0.013211346231400967
1785956118105,0.9998823404312134,-0.005038146395236254,-0.00594567833468318,0.013211346231400967
1785956118115,0.9998823404312134,-0.005038146395236254,-0.00594567833468318,0.013211346231400967
1785956118125,0.9998823404312134,-0.005038146395236254,-0.00594567833468318,0.013211346231400967
1785956118136,0.9998823404312134,-0.005038146395236254,-0.00594567833468318,0.013211346231400967
1785956118146,0.9998823404312134,-0.005038146395236254,-0.00594567833468318,0.013211346231400967
1785956118156,0.9998823404312134,-0.005038146395236254,-0.00594567833468318,0.013211346231400967
1785956118166,0.9998823404312134,-0.005038146395236254,-0.00594567833468318,0.013211346231400967
1785956118177,0.9998823404312134,-0.005038146395236254,-0.00594567833468318,0.013211346231400967
1785956118187,0.9998823404312134,-0.005038146395236254,-0.00594567833468318,0.013211346231400967
1785956118196,0.9998823404312134,-0.005038146395236254,-0.00594567833468318,0.013211346231400967
1785956118206,0.9998823404312134,-0.005038146395236254,-0.00594567833468318,0.013211346231400967
1785956118216,0.9998823404312134,-0.005038146395236254,-0.00594567833468318,0.013211346231400967
1785956118226,0.9998823404312134,-0.005038146395236254,-0.00594567833468318,0.013211346231400967
1785956118237,0.9998823404312134,-0.005038146395236254,-0.00594567833468318,0.013211346231400967
1785956118247,0.9998823404312134,-0.005038146395236254,-0.00594567833468318,0.013211346231400967
1785956118257,0.9998823404312134,-0.005038146395236254,-0.00594567833468318,0.013211346231400967
1785956118266,0.9998823404312134,-0.005038146395236254,-0.00594567833468318,0.013211346231400967
1785956118276,0.9998823404312134,-0.005038146395236254,-0.00594567833468318,0.013211346231400967
1785956118287,0.9998823404312134,-0.005038146395236254,-0.00594567833468318,0.013211346231400967
1785956118297,0.9998823404312134,-0.005038146395236254,-0.00594567833468318,0.013211346231400967
1785956118307,0.9998823404312134,-0.005038146395236254,-0.00594567833468318,0.013211346231400967
1785956118317,0.9998823404312134,-0.005038146395236254,-0.00594567833468318,0.013211346231400967
1785956118328,0.9998823404312134,-0.005038146395236254,-0.00594567833468318,0.013211346231400967
1785956118338,0.9998823404312134,-0.005038146395236254,-0.00594567833468318,0.013211346231400967
1785956118348,0.9998823404312134,-0.005038146395236254,-0.00594567833468318,0.013211346231400967
1785956118357,0.9998823404312134,-0.005038146395236254,-0.00594567833468318,0.013211346231400967
1785956118367,0.9998823404312134,-0.005038146395236254,-0.00594567833468318,0.013211346231400967
1785956118377,0.9998823404312134,-0.005038146395236254,-0.00594567833468318,0.013211346231400967
1785956118388,0.9998823404312134,-0.005038146395236254,-0.00594567833468318,0.013211346231400967
1785956118398,0.9998823404312134,-0.005038146395236254,-0.00594567833468318,0.013211346231400967
1785956118408,0.9998823404312134,-0.005038146395236254,-0.00594567833468318,0.013211346231400967
1785956118418,0.9998823404312134,-0.005038146395236254,-0.00594567833468318,0.013211346231400967
1785956118429,0.9998823404312134,-0.005038146395236254,-0.00594567833468318,0.013211346231400967
1785956118437,0.9998823404312134,-0.005038146395236254,-0.00594567833468318,0.013211346231400967
1785956118448,0.9998823404312134,-0.005038146395236254,-0.00594567833468318,0.013211346231400967
1785956118458,0.9998823404312134,-0.005038146395236254,-0.00594567833468318,0.013211346231400967
1785956118468,0.9998823404312134,-0.005038146395236254,-0.00594567833468318,0.013211346231400967
1785956118478,0.9998823404312134,-0.005038146395236254,-0.00594567833468318,0.013211346231400967
1785956118489,0.9998823404312134,-0.005038146395236254,-0.00594567833468318,0.013211346231400967
1785956118499,0.9998823404312134,-0.005038146395236254,-0.00594567833468318,0.013211346231400967
1785956118509,0.9998823404312134,-0.005038146395236254,-0.00594567833468318,0.013211346231400967
1785956118518,0.9998823404312134,-0.005038146395236254,-0.00594567833468318,0.013211346231400967
1785956118528,0.9998823404312134,-0.005038146395236254,-0.00594567833468318,0.013211346231400967
1785956118539,0.9998823404312134,-0.005038146395236254,-0.00594567833468318,0.013211346231400967
1785956118549,0.9998823404312134,-0.005038146395236254,-0.00594567833468318,0.013211346231400967
1785956118559,0.9998823404312134,-0.005038146395236254,-0.00594567833468318,0.013211346231400967
1785956118569,0.9998823404312134,-0.005038146395236254,-0.00594567833468318,0.013211346231400967
1785956118580,0.9998823404312134,-0.005038146395236254,-0.00594567833468318,0.013211346231400967
1785956118590,0.9998823404312134,-0.005038146395236254,-0.00594567833468318,0.013211346231400967
1785956118599,0.9998823404312134,-0.005038146395236254,-0.00594567833468318,0.013211346231400967
1785956118609,0.9998823404312134,-0.005038146395236254,-0.00594567833468318,0.013211346231400967
1785956118619,0.9998823404312134,-0.005038146395236254,-0.00594567833468318,0.013211346231400967
1785956118629,0.9998823404312134,-0.005038146395236254,-0.00594567833468318,0.013211346231400967
1785956118640,0.9998823404312134,-0.005038146395236254,-0.00594567833468318,0.013211346231400967
1785956118650,0.9998823404312134,-0.005038146395236254,-0.00594567833468318,0.013211346231400967
1785956118660,0.9998823404312134,-0.005038146395236254,-0.00594567833468318,0.013211346231400967
1785956118670,0.9998823404312134,-0.005038146395236254,-0.00594567833468318,0.013211346231400967
1785956118681,0.9998823404312134,-0.005038146395236254,-0.00594567833468318,0.013211346231400967
1785956118689,0.9998823404312134,-0.005038146395236254,-0.00594567833468318,0.013211346231400967
1785956118700,0.9998823404312134,-0.005038146395236254,-0.00594567833468318,0.013211346231400967
1785956118710,0.9998823404312134,-0.005038146395236254,-0.00594567833468318,0.013211346231400967
1785956118720,0.9998823404312134,-0.005038146395236254,-0.00594567833468318,0.013211346231400967
1785956118730,0.9998823404312134,-0.005038146395236254,-0.00594567833468318,0.013211346231400967
1785956118741,0.9998823404312134,-0.005038146395236254,-0.00594567833468318,0.013211346231400967
1785956118751,0.9998823404312134,-0.005038146395236254,-0.00594567833468318,0.013211346231400967
1785956118761,0.9998823404312134,-0.005038146395236254,-0.00594567833468318,0.013211346231400967
1785956118770,0.9998823404312134,-0.005038146395236254,-0.00594567833468318,0.013211346231400967
1785956118780,0.9998823404312134,-0.005038146395236254,-0.00594567833468318,0.013211346231400967
1785956118790,0.9998823404312134,-0.005038146395236254,-0.00594567833468318,0.013211346231400967
1785956118801,0.9998823404312134,-0.005038146395236254,-0.00594567833468318,0.013211346231400967
1785956118811,0.9998823404312134,-0.005038146395236254,-0.00594567833468318,0.013211346231400967
1785956118821,0.9998823404312134,-0.005038146395236254,-0.00594567833468318,0.013211346231400967
1785956118831,0.9998823404312134,-0.005038146395236254,-0.00594567833468318,0.013211346231400967
1785956118842,0.9998823404312134,-0.005038146395236254,-0.00594567833468318,0.013211346231400967
1785956118852,0.9998823404312134,-0.005038146395236254,-0.00594567833468318,0.013211346231400967
1785956118861,0.9998823404312134,-0.005038146395236254,-0.00594567833468318,0.013211346231400967
1785956118871,0.9998823404312134,-0.005038146395236254,-0.00594567833468318,0.013211346231400967
1785956118881,0.9998823404312134,-0.005038146395236254,-0.00594567833468318,0.013211346231400967
1785956118892,0.9998823404312134,-0.005038146395236254,-0.00594567833468318,0.013211346231400967
1785956118902,0.9998823404312134,-0.005038146395236254,-0.00594567833468318,0.013211346231400967
1785956118912,0.9998823404312134,-0.005038146395236254,-0.00594567833468318,0.013211346231400967
1785956118922,0.9998823404312134,-0.005038146395236254,-0.00594567833468318,0.013211346231400967
1785956118933,0.9998823404312134,-0.005038146395236254,-0.00594567833468318,0.013211346231400967
1785956118941,0.9998823404312134,-0.005038146395236254,-0.00594567833468318,0.013211346231400967
1785956118952,0.9998823404312134,-0.005038146395236254,-0.00594567833468318,0.013211346231400967
1785956118962,0.9998823404312134,-0.005038146395236254,-0.00594567833468318,0.013211346231400967
1785956118972,0.9998823404312134,-0.005038146395236254,-0.00594567833468318,0.013211346231400967
1785956118982,0.9998823404312134,-0.005038146395236254,-0.00594567833468318,0.013211346231400967
1785956118993,0.9998823404312134,-0.005038146395236254,-0.00594567833468318,0.013211346231400967
1785956119003,0.9998823404312134,-0.005038146395236254,-0.00594567833468318,0.013211346231400967
1785956119013,0.9998823404312134,-0.005038146395236254,-0.00594567833468318,0.013211346231400967
1785956119022,0.9998823404312134,-0.005038146395236254,-0.00594567833468318,0.013211346231400967
1785956119032,0.9998823404312134,-0.005038146395236254,-0.00594567833468318,0.013211346231400967
1785956119042,0.9998823404312134,-0.005038146395236254,-0.00594567833468318,0.013211346231400967
1785956119053,0.9998823404312134,-0.005038146395236254,-0.00594567833468318,0.013211346231400967
1785956119063,0.9998823404312134,-0.005038146395236254,-0.00594567833468318,0.013211346231400967
1785956119073,0.9998823404312134,-0.005038146395236254,-0.00594567833468318,0.013211346231400967
1785956119083,0.9998823404312134,-0.005038146395236254,-0.00594567833468318,0.013211346231400967
1785956119094,0.9998823404312134,-0.005038146395236254,-0.00594567833468318,0.013211346231400967
1785956119102,0.9998823404312134,-0.005038146395236254,-0.00594567833468318,0.013211346231400967
1785956119113,0.9998823404312134,-0.005038146395236254,-0.00594567833468318,0.013211346231400967
1785956119123,0.9998823404312134,-0.005038146395236254,-0.00594567833468318,0.013211346231400967
1785956119133,0.9998823404312134,-0.005038146395236254,-0.00594567833468318,0.013211346231400967
1785956119143,0.9998823404312134,-0.005038146395236254,-0.00594567833468318,0.013211346231400967
1785956119154,0.9998823404312134,-0.005038146395236254,-0.00594567833468318,0.013211346231400967
1785956119164,0.9998823404312134,-0.005038146395236254,-0.00594567833468318,0.013211346231400967
1785956119174,0.9998823404312134,-0.005038146395236254,-0.00594567833468318,0.013211346231400967
1785956119183,0.9998823404312134,-0.005038146395236254,-0.00594567833468318,0.013211346231400967
1785956119193,0.9998823404312134,-0.005038146395236254,-0.00594567833468318,0.013211346231400967
1785956119204,0.9998823404312134,-0.005038146395236254,-0.00594567833468318,0.013211346231400967
1785956119214,0.9998823404312134,-0.005038146395236254,-0.00594567833468318,0.013211346231400967
1785956119224,0.9998823404312134,-0.005038146395236254,-0.00594567833468318,0.013211346231400967
1785956119234,0.9998823404312134,-0.005038146395236254,-0.00594567833468318,0.013211346231400967
1785956119245,0.9998823404312134,-0.005038146395236254,-0.00594567833468318,0.013211346231400967
1785956119255,0.9998823404312134,-0.005038146395236254,-0.00594567833468318,0.013211346231400967
1785956119265,0.9998823404312134,-0.005038146395236254,-0.00594567833468318,0.013211346231400967
1785956119274,0.9998823404312134,-0.005038146395236254,-0.00594567833468318,0.013211346231400967
1785956119284,0.9998823404312134,-0.005038146395236254,-0.00594567833468318,0.013211346231400967
1785956119294,0.9998823404312134,-0.005038146395236254,-0.00594567833468318,0.013211346231400967
1785956119305,0.9998823404312134,-0.005038146395236254,-0.00594567833468318,0.013211346231400967
1785956119315,0.9998823404312134,-0.005038146395236254,-0.00594567833468318,0.013211346231400967
1785956119325,0.9998823404312134,-0.005038146395236254,-0.00594567833468318,0.013211346231400967
1785956119335,0.9998823404312134,-0.005038146395236254,-0.00594567833468318,0.013211346231400967
1785956119346,0.9998823404312134,-0.005038146395236254,-0.00594567833468318,0.013211346231400967
1785956119354,0.9998823404312134,-0.005038146395236254,-0.00594567833468318,0.013211346231400967
1785956119365,0.9998823404312134,-0.005038146395236254,-0.00594567833468318,0.013211346231400967
1785956119375,0.9998823404312134,-0.005038146395236254,-0.00594567833468318,0.013211346231400967
1785956119385,0.9998823404312134,-0.005038146395236254,-0.00594567833468318,0.013211346231400967
1785956119395,0.9998823404312134,-0.005038146395236254,-0.00594567833468318,0.013211346231400967
1785956119406,0.9998823404312134,-0.005038146395236254,-0.00594567833468318,0.013211346231400967
1785956119416,0.9998823404312134,-0.005038146395236254,-0.00594567833468318,0.013211346231400967
1785956119426,0.9998823404312134,-0.005038146395236254,-0.00594567833468318,0.013211346231400967
1785956119435,0.9998823404312134,-0.005038146395236254,-0.00594567833468318,0.013211346231400967
1785956119445,0.9998823404312134,-0.005038146395236254,-0.00594567833468318,0.013211346231400967
1785956119456,0.9998823404312134,-0.005038146395236254,-0.00594567833468318,0.013211346231400967
1785956119466,0.9998823404312134,-0.005038146395236254,-0.00594567833468318,0.013211346231400967
1785956119476,0.9998823404312134,-0.005038146395236254,-0.00594567833468318,0.013211346231400967
1785956119486,0.9998823404312134,-0.005038146395236254,-0.00594567833468318,0.013211346231400967
1785956119497,0.9998823404312134,-0.005038146395236254,-0.00594567833468318,0.013211346231400967
1785956119507,0.9998823404312134,-0.005038146395236254,-0.00594567833468318,0.013211346231400967
1785956119516,0.9998823404312134,-0.005038146395236254,-0.00594567833468318,0.013211346231400967
1785956119526,0.9998823404312134,-0.005038146395236254,-0.00594567833468318,0.013211346231400967
1785956119536,0.9998823404312134,-0.005038146395236254,-0.00594567833468318,0.013211346231400967
1785956119546,0.9998823404312134,-0.005038146395236254,-0.00594567833468318,0.013211346231400967
1785956119557,0.9998823404312134,-0.005038146395236254,-0.00594567833468318,0.013211346231400967
1785956119567,0.9998823404312134,-0.005038146395236254,-0.00594567833468318,0.013211346231400967
1785956119577,0.9998823404312134,-0.005038146395236254,-0.00594567833468318,0.013211346231400967
1785956119587,0.9998823404312134,-0.005038146395236254,-0.00594567833468318,0.013211346231400967
1785956119598,0.9998823404312134,-0.005038146395236254,-0.00594567833468318,0.013211346231400967
1785956119606,0.9998823404312134,-0.005038146395236254,-0.00594567833468318,0.013211346231400967
1785956119617,0.9998823404312134,-0.005038146395236254,-0.00594567833468318,0.013211346231400967
1785956119627,0.9998823404312134,-0.005038146395236254,-0.00594567833468318,0.013211346231400967
1785956119637,0.9998823404312134,-0.005038146395236254,-0.00594567833468318,0.013211346231400967
1785956119647,0.9998823404312134,-0.005038146395236254,-0.00594567833468318,0.013211346231400967
1785956119658,0.9998823404312134,-0.005038146395236254,-0.00594567833468318,0.013211346231400967
1785956119668,0.9998823404312134,-0.005038146395236254,-0.00594567833468318,0.013211346231400967
1785956119678,0.9998823404312134,-0.005038146395236254,-0.00594567833468318,0.013211346231400967
1785956119687,0.9998823404312134,-0.005038146395236254,-0.00594567833468318,0.013211346231400967
1785956119697,0.9998823404312134,-0.005038146395236254,-0.00594567833468318,0.013211346231400967
1785956119707,0.9998823404312134,-0.005038146395236254,-0.00594567833468318,0.013211346231400967
1785956119718,0.9998823404312134,-0.005038146395236254,-0.00594567833468318,0.013211346231400967
1785956119728,0.9998823404312134,-0.005038146395236254,-0.00594567833468318,0.013211346231400967
1785956119738,0.9998823404312134,-0.005038146395236254,-0.00594567833468318,0.013211346231400967
1785956119748,0.9998823404312134,-0.005038146395236254,-0.00594567833468318,0.013211346231400967
1785956119759,0.9998823404312134,-0.005038146395236254,-0.00594567833468318,0.013211346231400967
1785956119768,0.9998823404312134,-0.005038146395236254,-0.00594567833468318,0.013211346231400967
1785956119778,0.9998823404312134,-0.005038146395236254,-0.00594567833468318,0.013211346231400967
1785956119788,0.9998823404312134,-0.005038146395236254,-0.00594567833468318,0.013211346231400967
1785956119798,0.9998823404312134,-0.005038146395236254,-0.00594567833468318,0.013211346231400967
1785956119809,0.9998823404312134,-0.005038146395236254,-0.00594567833468318,0.013211346231400967
1785956119819,0.9998823404312134,-0.005038146395236254,-0.00594567833468318,0.013211346231400967
1785956119829,0.9998823404312134,-0.005038146395236254,-0.00594567833468318,0.013211346231400967
1785956119839,0.9998823404312134,-0.005038146395236254,-0.00594567833468318,0.013211346231400967
1785956119848,0.9998823404312134,-0.005038146395236254,-0.00594567833468318,0.013211346231400967
1785956119858,0.9998823404312134,-0.005038146395236254,-0.00594567833468318,0.013211346231400967
1785956119869,0.9998823404312134,-0.005038146395236254,-0.00594567833468318,0.013211346231400967
1785956119879,0.9998823404312134,-0.005038146395236254,-0.00594567833468318,0.013211346231400967
1785956119889,0.9998823404312134,-0.005038146395236254,-0.00594567833468318,0.013211346231400967
1785956119899,0.9998823404312134,-0.005038146395236254,-0.00594567833468318,0.013211346231400967
1785956119910,0.9998823404312134,-0.005038146395236254,-0.00594567833468318,0.013211346231400967
1785956119920,0.9998823404312134,-0.005038146395236254,-0.00594567833468318,0.013211346231400967
1785956119929,0.9998823404312134,-0.005038146395236254,-0.00594567833468318,0.013211346231400967
1785956119939,0.9998823404312134,-0.005038146395236254,-0.00594567833468318,0.013211346231400967
1785956119949,0.9998823404312134,-0.005038146395236254,-0.00594567833468318,0.013211346231400967
1785956119959,0.9998823404312134,-0.005038146395236254,-0.00594567833468318,0.013211346231400967
1785956119970,0.9998823404312134,-0.005038146395236254,-0.00594567833468318,0.013211346231400967
1785956119980,0.9998823404312134,-0.005038146395236254,-0.00594567833468318,0.013211346231400967
1785956119990,0.9998823404312134,-0.005038146395236254,-0.00594567833468318,0.013211346231400967
1785956120000,0.9998823404312134,-0.005038146395236254,-0.00594567833468318,0.013211346231400967
1785956120011,0.9998823404312134,-0.005038146395236254,-0.00594567833468318,0.013211346231400967
1785956120019,0.9998823404312134,-0.005038146395236254,-0.00594567833468318,0.013211346231400967
1785956120030,0.9998823404312134,-0.005038146395236254,-0.00594567833468318,0.013211346231400967
1785956120040,0.9998823404312134,-0.005038146395236254,-0.00594567833468318,0.013211346231400967
1785956120050,0.9998823404312134,-0.005038146395236254,-0.00594567833468318,0.013211346231400967
1785956120060,0.9998823404312134,-0.005038146395236254,-0.00594567833468318,0.013211346231400967
1785956120071,0.9998823404312134,-0.005038146395236254,-0.00594567833468318,0.013211346231400967
1785956120081,0.9998823404312134,-0.005038146395236254,-0.00594567833468318,0.013211346231400967
1785956120091,0.9998823404312134,-0.005038146395236254,-0.00594567833468318,0.013211346231400967
1785956120100,0.9998823404312134,-0.005038146395236254,-0.00594567833468318,0.013211346231400967
1785956120110,0.9998823404312134,-0.005038146395236254,-0.00594567833468318,0.013211346231400967
1785956120121,0.9998823404312134,-0.005038146395236254,-0.00594567833468318,0.013211346231400967
1785956120131,0.9998823404312134,-0.005038146395236254,-0.00594567833468318,0.013211346231400967
1785956120141,0.9998823404312134,-0.005038146395236254,-0.00594567833468318,0.013211346231400967
1785956120151,0.9998823404312134,-0.005038146395236254,-0.00594567833468318,0.013211346231400967
1785956120162,0.9998823404312134,-0.005038146395236254,-0.00594567833468318,0.013211346231400967
1785956120172,0.9998823404312134,-0.005038146395236254,-0.00594567833468318,0.013211346231400967
1785956120181,0.9998823404312134,-0.005038146395236254,-0.00594567833468318,0.013211346231400967
1785956120191,0.9998823404312134,-0.005038146395236254,-0.00594567833468318,0.013211346231400967
1785956120201,0.9998823404312134,-0.005038146395236254,-0.00594567833468318,0.013211346231400967
1785956120211,0.9998823404312134,-0.005038146395236254,-0.00594567833468318,0.013211346231400967
1785956120222,0.9998823404312134,-0.005038146395236254,-0.00594567833468318,0.013211346231400967
1785956120232,0.9998823404312134,-0.005038146395236254,-0.00594567833468318,0.013211346231400967
1785956120242,0.9998823404312134,-0.005038146395236254,-0.00594567833468318,0.013211346231400967
1785956120252,0.9998823404312134,-0.005038146395236254,-0.00594567833468318,0.013211346231400967
1785956120261,0.9998823404312134,-0.005038146395236254,-0.00594567833468318,0.013211346231400967
1785956120271,0.9998823404312134,-0.005038146395236254,-0.00594567833468318,0.013211346231400967
1785956120282,0.9998823404312134,-0.005038146395236254,-0.00594567833468318,0.013211346231400967
1785956120292,0.9998823404312134,-0.005038146395236254,-0.00594567833468318,0.013211346231400967
1785956120302,0.9998823404312134,-0.005038146395236254,-0.00594567833468318,0.013211346231400967
1785956120312,0.9998823404312134,-0.005038146395236254,-0.00594567833468318,0.013211346231400967
1785956120323,0.9998823404312134,-0.005038146395236254,-0.00594567833468318,0.013211346231400967
1785956120333,0.9998823404312134,-0.005038146395236254,-0.00594567833468318,0.013211346231400967
1785956120343,0.9998823404312134,-0.005038146395236254,-0.00594567833468318,0.013211346231400967
1785956120352,0.9998823404312134,-0.005038146395236254,-0.00594567833468318,0.013211346231400967
1785956120362,0.9998823404312134,-0.005038146395236254,-0.00594567833468318,0.013211346231400967
1785956120372,0.9998823404312134,-0.005038146395236254,-0.00594567833468318,0.013211346231400967
1785956120383,0.9998823404312134,-0.005038146395236254,-0.00594567833468318,0.013211346231400967
1785956120393,0.9998817443847656,-0.005039676558226347,-0.005865403451025486,0.013290838338434696
1785956120403,0.999880850315094,-0.005042023025453091,-0.005742307286709547,0.013412722386419773
1785956120414,0.9998783469200134,-0.0050451140850782394,-0.005613294430077076,0.013651748187839985
1785956120424,0.9998692870140076,-0.005048730410635471,-0.005610041320323944,0.014296178705990314
1785956120434,0.9998651146888733,-0.005049492698162794,-0.005661943927407265,0.014568069949746132
1785956120443,0.999861478805542,-0.005050910171121359,-0.005660679657012224,0.014818388037383556
1785956120453,0.9998574256896973,-0.005052447784692049,-0.005659307353198528,0.01509000826627016
1785956120463,0.9998506307601929,-0.005108082666993141,-0.005657984409481287,0.015510444529354572
1785956120474,0.9998473525047302,-0.0051082284189760685,-0.005715630948543549,0.01569714955985546
1785956120484,0.9998465180397034,-0.005108532961457968,-0.005715359002351761,0.01575041376054287
1785956120494,0.9998465180397034,-0.005108532961457968,-0.005715359002351761,0.01575041376054287
1785956120504,0.9998465180397034,-0.005108532961457968,-0.005715359002351761,0.01575041376054287
1785956120515,0.9998465180397034,-0.005108532961457968,-0.005715359002351761,0.01575041376054287
1785956120523,0.9998465180397034,-0.005108532961457968,-0.005715359002351761,0.01575041376054287
1785956120534,0.9998465180397034,-0.005108532961457968,-0.005715359002351761,0.01575041376054287
1785956120544,0.9998465180397034,-0.005108532961457968,-0.005715359002351761,0.01575041376054287
1785956120554,0.9998465180397034,-0.005108532961457968,-0.005715359002351761,0.01575041376054287
1785956120564,0.9998465180397034,-0.005108532961457968,-0.005715359002351761,0.01575041376054287
1785956120575,0.9998465180397034,-0.005108532961457968,-0.005715359002351761,0.01575041376054287
1785956120585,0.9998465180397034,-0.005108532961457968,-0.005715359002351761,0.01575041376054287
1785956120595,0.9998465180397034,-0.005108532961457968,-0.005715359002351761,0.01575041376054287
1785956120604,0.9998465180397034,-0.005108532961457968,-0.005715359002351761,0.01575041376054287
1785956120614,0.9998465180397034,-0.005108532961457968,-0.005715359002351761,0.01575041376054287
1785956120624,0.9998465180397034,-0.005108532961457968,-0.005715359002351761,0.01575041376054287
1785956120635,0.9998465180397034,-0.005108532961457968,-0.005715359002351761,0.01575041376054287
1785956120645,0.9998465180397034,-0.005108532961457968,-0.005715359002351761,0.01575041376054287
1785956120655,0.9998465180397034,-0.005108532961457968,-0.005715359002351761,0.01575041376054287
1785956120665,0.9998465180397034,-0.005108532961457968,-0.005715359002351761,0.01575041376054287
1785956120676,0.9998465180397034,-0.005108532961457968,-0.005715359002351761,0.01575041376054287
1785956120685,0.9998465180397034,-0.005108532961457968,-0.005715359002351761,0.01575041376054287
1785956120695,0.9998465180397034,-0.005108532961457968,-0.005715359002351761,0.01575041376054287
1785956120705,0.9998465180397034,-0.005108532961457968,-0.005715359002351761,0.01575041376054287
1785956120715,0.9998465180397034,-0.005108532961457968,-0.005715359002351761,0.01575041376054287
1785956120726,0.9998465180397034,-0.005108532961457968,-0.005715359002351761,0.01575041376054287
1785956120736,0.9998465180397034,-0.005108532961457968,-0.005715359002351761,0.01575041376054287
1785956120746,0.9998465180397034,-0.005108532961457968,-0.005715359002351761,0.01575041376054287
1785956120756,0.9998465180397034,-0.005108532961457968,-0.005715359002351761,0.01575041376054287
1785956120765,0.9998465180397034,-0.005108532961457968,-0.005715359002351761,0.01575041376054287
1785956120775,0.9998465180397034,-0.005108532961457968,-0.005715359002351761,0.01575041376054287
1785956120786,0.9998465180397034,-0.005108532961457968,-0.005715359002351761,0.01575041376054287
1785956120796,0.9998465180397034,-0.005108532961457968,-0.005715359002351761,0.01575041376054287
1785956120806,0.9998465180397034,-0.005108532961457968,-0.005715359002351761,0.01575041376054287
1785956120816,0.9998465180397034,-0.005108532961457968,-0.005715359002351761,0.01575041376054287
1785956120827,0.9998465180397034,-0.005108532961457968,-0.005715359002351761,0.01575041376054287
1785956120837,0.9998465180397034,-0.005108532961457968,-0.005715359002351761,0.01575041376054287
1785956120847,0.9998465180397034,-0.005108532961457968,-0.005715359002351761,0.01575041376054287
1785956120856,0.9998465180397034,-0.005108532961457968,-0.005715359002351761,0.01575041376054287
1785956120866,0.9998473525047302,-0.0051082284189760685,-0.005715630948543549,0.015697162598371506
1785956120876,0.9998473525047302,-0.0051082284189760685,-0.005715630948543549,0.015697162598371506
1785956120887,0.9998473525047302,-0.0051082284189760685,-0.005715630948543549,0.015697162598371506
1785956120897,0.9998473525047302,-0.0051082284189760685,-0.005715630948543549,0.015697162598371506
1785956120907,0.9998473525047302,-0.0051082284189760685,-0.005715630948543549,0.015697162598371506
1785956120917,0.9998473525047302,-0.0051082284189760685,-0.005715630948543549,0.015697162598371506
1785956120928,0.9998473525047302,-0.0051082284189760685,-0.005715630948543549,0.015697162598371506
1785956120936,0.9998473525047302,-0.0051082284189760685,-0.005715630948543549,0.015697162598371506
1785956120947,0.9998473525047302,-0.0051082284189760685,-0.005715630948543549,0.015697162598371506
1785956120957,0.9998473525047302,-0.0051082284189760685,-0.005715630948543549,0.015697162598371506
1785956120967,0.9998473525047302,-0.0051082284189760685,-0.005715630948543549,0.015697162598371506
1785956120977,0.9998473525047302,-0.0051082284189760685,-0.005715630948543549,0.015697162598371506
1785956120988,0.9998473525047302,-0.0051082284189760685,-0.005715630948543549,0.015697162598371506
1785956120998,0.9998473525047302,-0.0051082284189760685,-0.005715630948543549,0.015697162598371506
1785956121008,0.9998473525047302,-0.0051082284189760685,-0.005715630948543549,0.015697162598371506
1785956121017,0.9998473525047302,-0.0051082284189760685,-0.005715630948543549,0.015697162598371506
1785956121027,0.9998473525047302,-0.0051082284189760685,-0.005715630948543549,0.015697162598371506
1785956121038,0.9998473525047302,-0.0051082284189760685,-0.005715630948543549,0.015697162598371506
1785956121048,0.9998473525047302,-0.0051082284189760685,-0.005715630948543549,0.015697162598371506
1785956121058,0.9998473525047302,-0.0051082284189760685,-0.005715630948543549,0.015697162598371506
1785956121068,0.9998473525047302,-0.0051082284189760685,-0.005715630948543549,0.015697162598371506
1785956121079,0.9998473525047302,-0.0051082284189760685,-0.005715630948543549,0.015697162598371506
1785956121089,0.9998473525047302,-0.0051082284189760685,-0.005715630948543549,0.015697162598371506
1785956121098,0.9998473525047302,-0.0051082284189760685,-0.005715630948543549,0.015697162598371506
1785956121108,0.9998473525047302,-0.0051082284189760685,-0.005715630948543549,0.015697162598371506
1785956121118,0.9998473525047302,-0.0051082284189760685,-0.005715630948543549,0.015697162598371506
1785956121128,0.9998473525047302,-0.0051082284189760685,-0.005715630948543549,0.015697162598371506
1785956121139,0.9998473525047302,-0.0051082284189760685,-0.005715630948543549,0.015697162598371506
1785956121149,0.9998462796211243,-0.005108654964715242,-0.005715250503271818,0.01577172987163067
1785956121159,0.9998428821563721,-0.005253419280052185,-0.005716647952795029,0.015941336750984192
1785956121169,0.9998085498809814,-0.005519095342606306,-0.0057692090049386024,0.01786271668970585
1785956121178,0.9997305274009705,-0.005821524653583765,-0.005678897257894278,0.021742885932326317
1785956121188,0.9996296763420105,-0.005650768056511879,-0.004860323388129473,0.02616969868540764
1785956121199,0.9994950294494629,-0.005358530208468437,-0.0034812611993402243,0.031125875189900398
1785956121209,0.9993075132369995,-0.005669764708727598,-0.00024661581846885383,0.0367717519402504
1785956121219,0.9990997910499573,-0.0072515783831477165,0.005515401717275381,0.04143211990594864
1785956121229,0.9988400340080261,-0.009051715023815632,0.016325222328305244,0.04438614472746849
1785956121240,0.9985345602035522,-0.010207505896687508,0.028330417349934578,0.04496520385146141
1785956121250,0.9982467293739319,-0.012676995247602463,0.03401689603924751,0.04675114527344704
1785956121259,0.9979906678199768,-0.01300677377730608,0.038641054183244705,0.04850050434470177
1785956121269,0.9978527426719666,-0.01094360277056694,0.04175075888633728,0.049264710396528244
1785956121279,0.9977918267250061,-0.006884952075779438,0.04300974681973457,0.05014032870531082
1785956121289,0.9976958632469177,-0.001261489698663354,0.044814955443143845,0.05092160031199455
1785956121300,0.9975001811981201,0.004453199449926615,0.04808298870921135,0.05159039795398712
1785956121310,0.9972282648086548,0.010465259663760662,0.051526546478271484,0.052642181515693665
1785956121320,0.9968741536140442,0.01675773411989212,0.0545811802148819,0.05460575595498085
1785956121331,0.9964522123336792,0.023022063076496124,0.056946463882923126,0.057533346116542816
1785956121341,0.9960297346115112,0.029033035039901733,0.05885528400540352,0.06014946848154068
1785956121350,0.9955698251724243,0.03515474498271942,0.05923524126410484,0.06400098651647568
1785956121360,0.9951914548873901,0.04100637882947922,0.058409880846738815,0.06708760559558868
1785956121370,0.9950835108757019,0.04503411799669266,0.05699555575847626,0.06732087582349777
1785956121380,0.9952855110168457,0.04673536494374275,0.05605209618806839,0.0638810396194458
1785956121391,0.9960562586784363,0.04257333651185036,0.053312212228775024,0.05672072991728783
1785956121401,0.9972625374794006,0.028188729658722878,0.04358280077576637,0.0526629202067852
1785956121411,0.9983904361724854,0.007368719670921564,0.025893481448292732,0.04991822689771652
1785956121421,0.9984028935432434,-0.0209070835262537,-0.0028476736042648554,0.05240710824728012
1785956121430,0.9963766932487488,-0.05969247967004776,-0.02295476570725441,0.05606495216488838
1785956121440,0.9956443309783936,-0.06622914969921112,-0.02518872357904911,0.06059359386563301
1785956121451,0.9958966970443726,-0.06491750478744507,-0.026898615062236786,0.05702710151672363
1785956121461,0.9955624938011169,-0.0650157555937767,-0.02511124685406685,0.06322658061981201
1785956121471,0.9956589341163635,-0.0639132484793663,-0.025936737656593323,0.06249585002660751
1785956121481,0.9959328174591064,-0.06510134786367416,-0.027264414355158806,0.05600336194038391
1785956121492,0.9954705238342285,-0.0669466033577919,-0.02677331678569317,0.06196489930152893
1785956121502,0.9952027201652527,-0.06727762520313263,-0.026407144963741302,0.06593842804431915
1785956121511,0.9954211711883545,-0.06743456423282623,-0.026671089231967926,0.06227361038327217
1785956121521,0.9954349994659424,-0.06791231781244278,-0.026754334568977356,0.06149142235517502
1785956121531,0.9953665137290955,-0.06890909373760223,-0.02681589685380459,0.06146460026502609
1785956121541,0.9953059554100037,-0.06977856904268265,-0.026869580149650574,0.06144115328788757
1785956121552,0.9952784776687622,-0.06995353102684021,-0.026956025511026382,0.06164951249957085
1785956121562,0.9952945709228516,-0.069638192653656,-0.02700110711157322,0.06172644719481468
1785956121572,0.9953390955924988,-0.06886950135231018,-0.02706976979970932,0.061840496957302094
1785956121582,0.9953800439834595,-0.06821910291910172,-0.02702484466135502,0.061921846121549606
1785956121593,0.9954183101654053,-0.0677841380238533,-0.026886293664574623,0.061846278607845306
1785956121601,0.9954421520233154,-0.0675216019153595,-0.026877008378505707,0.0617525577545166
1785956121612,0.9955909252166748,-0.06740396469831467,-0.027035487815737724,0.0593678280711174
1785956121622,0.9958637952804565,-0.06580755859613419,-0.026805823668837547,0.05662234500050545
1785956121632,0.9960596561431885,-0.06389458477497101,-0.026406601071357727,0.055546145886182785
1785956121643,0.9959999918937683,-0.06442688405513763,-0.026405639946460724,0.055999238044023514
1785956121653,0.9959865808486938,-0.06463378667831421,-0.02641727216541767,0.05599375441670418
1785956121663,0.9959786534309387,-0.06475580483675003,-0.02642413228750229,0.055990517139434814
1785956121673,0.998397707939148,-0.0019672331400215626,-0.011084359139204025,0.05545585975050926
1785956121682,0.9983974695205688,-0.0020743762142956257,-0.011088990606367588,0.055454690009355545
1785956121692,0.9983911514282227,-0.0023111740592867136,-0.011097680777311325,0.05555848404765129
1785956121703,0.9983765482902527,-0.0025896586012095213,-0.011105125769972801,0.05580548197031021
1785956121713,0.9982245564460754,-0.0028947112150490284,-0.011104538105428219,0.05844554677605629
1785956121723,0.9981207847595215,-0.003175948513671756,-0.011090624146163464,0.06018134951591492
1785956121733,0.9981203675270081,-0.003375606844201684,-0.011078751645982265,0.060179173946380615
1785956121744,0.9981205463409424,-0.003376910462975502,-0.011063451878726482,0.060179248452186584
1785956121754,0.9981209635734558,-0.003283507190644741,-0.011047503910958767,0.06018037348985672
1785956121763,0.998121440410614,-0.0031620622612535954,-0.011036904528737068,0.06018174812197685
1785956121773,0.998121440410614,-0.0031621058005839586,-0.011036518961191177,0.06018175184726715
1785956121783,0.9981212019920349,-0.003231076756492257,-0.011040792800486088,0.06018098443746567
1785956121793,0.9981207251548767,-0.0033846742007881403,-0.011051926761865616,0.06017926335334778
1785956121804,0.9981207251548767,-0.0033852369524538517,-0.011054285801947117,0.06017925962805748
1785956121814,0.9981206655502319,-0.003388079348951578,-0.011057812720537186,0.060179274529218674
1785956121824,0.9981206059455872,-0.003390435129404068,-0.011061206459999084,0.06017928570508957
1785956121834,0.9981206059455872,-0.00339248264208436,-0.011062941513955593,0.06017930060625076
1785956121843,0.9981206059455872,-0.003393433755263686,-0.011062952689826488,0.06017931178212166
1785956121853,0.9981206059455872,-0.00339430826716125,-0.011062268167734146,0.060179322957992554
1785956121864,0.9981206059455872,-0.0033946004696190357,-0.011060792952775955,0.06017933040857315
1785956121874,0.9981206655502319,-0.003394520841538906,-0.011057461611926556,0.060179341584444046
1785956121884,0.9981207251548767,-0.0033940812572836876,-0.011052154935896397,0.06017935648560524
1785956121894,0.9981209635734558,-0.0033345248084515333,-0.011040778830647469,0.060180023312568665
1785956121905,0.9981213212013245,-0.0032375785522162914,-0.011027171276509762,0.06018109992146492
1785956121915,0.9981213808059692,-0.0032350774854421616,-0.011019623838365078,0.06018110364675522
1785956121925,0.9981212615966797,-0.0032862627413123846,-0.011015874333679676,0.06018052250146866
1785956121934,0.9981213212013245,-0.003285948419943452,-0.011012747883796692,0.060180529952049255
1785956121944,0.9981213212013245,-0.0032871568109840155,-0.011010381393134594,0.060180552303791046
1785956121955,0.9981213808059692,-0.003290717024356127,-0.011007377877831459,0.060180600732564926
1785956121965,0.9981213808059692,-0.003294125897809863,-0.011006196029484272,0.06018064171075821
1785956121975,0.9981213808059692,-0.003297938033938408,-0.011006721295416355,0.060180678963661194
1785956121985,0.9981216788291931,-0.003209034912288189,-0.011003048159182072,0.06018180027604103
1785956121996,0.998121976852417,-0.0030989348888397217,-0.010999119840562344,0.06018315255641937
1785956122006,0.9981222152709961,-0.003002185607329011,-0.010996425524353981,0.0601842999458313
1785956122015,0.9981223344802856,-0.0029514252673834562,-0.010996134020388126,0.06018489971756935
1785956122025,0.9981223344802856,-0.00295182759873569,-0.010997687466442585,0.06018489971756935
1785956122035,0.9981223344802856,-0.00295172818005085,-0.010998538695275784,0.06018489599227905
1785956122045,0.9981221556663513,-0.0030207247473299503,-0.011002806015312672,0.060184136033058167
1785956122056,0.9981219172477722,-0.0030996953137218952,-0.011006946675479412,0.06018324941396713
1785956122066,0.9981217384338379,-0.003151653567329049,-0.011007524095475674,0.060182660818099976
1785956122076,0.9981217980384827,-0.0031512498389929533,-0.011003685183823109,0.06018267199397087
1785956122086,0.9981218576431274,-0.003151649609208107,-0.010995879769325256,0.06018270552158356
1785956122097,0.998121976852417,-0.0031532268039882183,-0.010983181186020374,0.06018277257680893
1785956122105,0.9981221556663513,-0.003156456630676985,-0.010969175025820732,0.06018286198377609
1785956122116,0.9981222748756409,-0.003160003339871764,-0.010958455502986908,0.06018294021487236
1785956122126,0.9981220960617065,-0.003231497947126627,-0.010956133715808392,0.06018223240971565
1785956122136,0.998121976852417,-0.003286327701061964,-0.010955426841974258,0.06018168106675148
1785956122146,0.9981217384338379,-0.003356660483404994,-0.010958116501569748,0.060180939733982086
1785956122157,0.9981213212013245,-0.003484784159809351,-0.010965563356876373,0.06017954647541046
1785956122167,0.9981210231781006,-0.003575224196538329,-0.010971024632453918,0.06017855182290077
1785956122177,0.9981210231781006,-0.0035753664560616016,-0.01097159180790186,0.06017855182290077
1785956122186,0.9981210231781006,-0.003575349925085902,-0.01097288727760315,0.060178544372320175
1785956122196,0.998120903968811,-0.0035750726237893105,-0.010974779725074768,0.06017852574586868
1785956122206,0.998120903968811,-0.0035752025432884693,-0.010976114310324192,0.060178522020578384
1785956122217,0.998120903968811,-0.003575999988242984,-0.010977163910865784,0.06017852574586868
1785956122227,0.998120903968811,-0.0035765257198363543,-0.010977257043123245,0.06017852947115898
1785956122237,0.998120903968811,-0.0035782307386398315,-0.01097643468528986,0.06017855182290077
1785956122247,0.998120903968811,-0.0035813080612570047,-0.010973570868372917,0.060178596526384354
1785956122258,0.9981207251548767,-0.0036474009975790977,-0.010973786003887653,0.060177937150001526
1785956122267,0.9981206059455872,-0.0037030328530818224,-0.01097105909138918,0.060177404433488846
1785956122277,0.9981201887130737,-0.0038321432657539845,-0.010972939431667328,0.06017604470252991
1785956122287,0.9981194734573364,-0.0040023187175393105,-0.010978135280311108,0.06017418950796127
1785956122297,0.9981191754341125,-0.004087300505489111,-0.010978244245052338,0.06017327681183815
1785956122308,0.9981192350387573,-0.004087362438440323,-0.010974092409014702,0.06017329543828964
1785956122318,0.9981192946434021,-0.004086733795702457,-0.010970745235681534,0.06017330288887024
1785956122328,0.9981192946434021,-0.004085882566869259,-0.010969113558530807,0.06017330288887024
1785956122338,0.998119592666626,-0.004005845170468092,-0.0109641058370471,0.06017417460680008
1785956122347,0.9981199502944946,-0.003915417939424515,-0.010958696715533733,0.06017516925930977
1785956122357,0.9981202483177185,-0.003835750976577401,-0.010953866876661777,0.06017604470252991
1785956122368,0.9981202483177185,-0.003835872747004032,-0.010953727178275585,0.060176048427820206
1785956122378,0.9981202483177185,-0.0038359398022294044,-0.010953778401017189,0.060176048427820206
1785956122388,0.9981202483177185,-0.003836204996332526,-0.010953935794532299,0.060176052153110504
1785956122398,0.9981200098991394,-0.0038948971778154373,-0.010957406833767891,0.06017541512846947
1785956122409,0.9981200098991394,-0.003895532339811325,-0.010956973768770695,0.060175422579050064
1785956122419,0.9981200098991394,-0.003896565642207861,-0.010956318117678165,0.06017543748021126
1785956122428,0.998120129108429,-0.00389816053211689,-0.010954407975077629,0.060175471007823944
1785956122438,0.998120129108429,-0.003899155417457223,-0.010952336713671684,0.060175489634275436
1785956122448,0.9981201887130737,-0.003899577772244811,-0.01094889547675848,0.06017550826072693
1785956122458,0.9981202483177185,-0.003899882547557354,-0.010945296846330166,0.06017552688717842
1785956122469,0.9981203079223633,-0.0038999377284199,-0.010942284017801285,0.060175541788339615
1785956122479,0.9981202483177185,-0.0038997649680823088,-0.010938872583210468,0.06017554923892021
1785956122489,0.9981203079223633,-0.0038994550704956055,-0.010935850441455841,0.06017556041479111
1785956122499,0.9981203675270081,-0.003899767529219389,-0.010932623408734798,0.0601755790412426
1785956122508,0.9981203675270081,-0.0039007363375276327,-0.010930490680038929,0.06017559766769409
1785956122518,0.9981203675270081,-0.0039012597408145666,-0.010928411968052387,0.060175612568855286
1785956122529,0.9981203675270081,-0.0039015442598611116,-0.010926603339612484,0.06017562374472618
1785956122539,0.9981203675270081,-0.0039016983937472105,-0.010925136506557465,0.06017563119530678
1785956122549,0.9981203675270081,-0.0039016816299408674,-0.01092473603785038,0.06017563119530678
1785956122560,0.9981203675270081,-0.0039016834925860167,-0.010924733243882656,0.06017563119530678
1785956122570,0.9981203675270081,-0.003901792224496603,-0.010924756526947021,0.06017563119530678
1785956122580,0.9981203675270081,-0.0039021482225507498,-0.01092511136084795,0.060175634920597076
1785956122590,0.9981203675270081,-0.003902374766767025,-0.010925118811428547,0.060175638645887375
1785956122599,0.9981203675270081,-0.0039023878052830696,-0.010925130918622017,0.060175638645887375
1785956122609,0.9981203675270081,-0.003902380121871829,-0.010925015434622765,0.060175638645887375
1785956122620,0.998120129108429,-0.003960832022130489,-0.010928289964795113,0.06017499789595604
1785956122630,0.998120129108429,-0.003961076494306326,-0.010927189141511917,0.060175005346536636
1785956122640,0.9981201887130737,-0.003962130285799503,-0.010924197733402252,0.060175031423568726
1785956122650,0.9981202483177185,-0.003963911440223455,-0.010919405147433281,0.06017507240176201
1785956122661,0.9981203079223633,-0.00396569212898612,-0.010914684273302555,0.06017511337995529
1785956122671,0.9981203675270081,-0.003967977594584227,-0.010909827426075935,0.06017516180872917
1785956122680,0.9981260299682617,-0.003680285532027483,-0.011139243841171265,0.06005701795220375
1785956122690,0.9981257915496826,-0.0037493971176445484,-0.011143402196466923,0.06005624681711197
1785956122700,0.9981257915496826,-0.0037493971176445484,-0.011143402196466923,0.06005624681711197
1785956122710,0.9981255531311035,-0.0038078755605965853,-0.01114692073315382,0.06005559489130974
1785956122721,0.9981255531311035,-0.0038078755605965853,-0.01114692073315382,0.06005559489130974
1785956122731,0.9981255531311035,-0.0038078755605965853,-0.01114692073315382,0.06005559489130974
1785956122741,0.9981255531311035,-0.0038078755605965853,-0.01114692073315382,0.06005559489130974
1785956122751,0.9981255531311035,-0.0038078755605965853,-0.01114692073315382,0.06005559489130974
1785956122760,0.9981255531311035,-0.0038078755605965853,-0.01114692073315382,0.06005559489130974
1785956122770,0.9981255531311035,-0.0038078755605965853,-0.01114692073315382,0.06005559489130974
1785956122781,0.9981255531311035,-0.0038078755605965853,-0.01114692073315382,0.06005559489130974
1785956122791,0.9981255531311035,-0.0038078755605965853,-0.01114692073315382,0.06005559489130974
1785956122801,0.9981255531311035,-0.0038078755605965853,-0.01114692073315382,0.06005559489130974
1785956122811,0.9981255531311035,-0.0038078755605965853,-0.01114692073315382,0.06005559489130974
1785956122822,0.9981255531311035,-0.0038078755605965853,-0.01114692073315382,0.06005559489130974
1785956122832,0.9981255531311035,-0.0038078755605965853,-0.01114692073315382,0.06005559489130974
1785956122841,0.9981255531311035,-0.0038078755605965853,-0.01114692073315382,0.06005559489130974
1785956122851,0.9981255531311035,-0.0038078755605965853,-0.01114692073315382,0.06005559489130974
1785956122861,0.9981255531311035,-0.0038078755605965853,-0.01114692073315382,0.06005559489130974
1785956122872,0.9981255531311035,-0.0038078755605965853,-0.01114692073315382,0.06005559489130974
1785956122882,0.9981255531311035,-0.0038078755605965853,-0.01114692073315382,0.06005559489130974
1785956122892,0.9981255531311035,-0.0038078755605965853,-0.01114692073315382,0.06005559489130974
1785956122902,0.9981257319450378,-0.0037547072861343622,-0.011143721640110016,0.060056187212467194
1785956122913,0.9981257319450378,-0.0037547072861343622,-0.011143721640110016,0.060056187212467194
1785956122923,0.9981257319450378,-0.0037547072861343622,-0.011143721640110016,0.060056187212467194
1785956122932,0.9981259107589722,-0.003701539011672139,-0.011140522547066212,0.06005677953362465
1785956122942,0.9981259107589722,-0.003701539011672139,-0.011140522547066212,0.06005677953362465
1785956122952,0.9981259107589722,-0.003701539011672139,-0.011140522547066212,0.06005677953362465
1785956122962,0.9981259107589722,-0.003701539011672139,-0.011140522547066212,0.06005677953362465
1785956122973,0.9981259107589722,-0.003701539011672139,-0.011140522547066212,0.06005677953362465
1785956122983,0.9981259107589722,-0.003701539011672139,-0.011140522547066212,0.06005677953362465
1785956122993,0.9981259107589722,-0.003701539011672139,-0.011140522547066212,0.06005677953362465
1785956123003,0.9981254935264587,-0.003634217893704772,-0.011195181868970394,0.060057707130908966
1785956123012,0.9981254935264587,-0.003634217893704772,-0.011195181868970394,0.060057707130908966
1785956123022,0.9981254935264587,-0.003634217893704772,-0.011195181868970394,0.060057707130908966
1785956123033,0.9981254935264587,-0.003634217893704772,-0.011195181868970394,0.060057707130908966
1785956123043,0.9981254935264587,-0.003634217893704772,-0.011195181868970394,0.060057707130908966
1785956123053,0.9981254935264587,-0.003634217893704772,-0.011195181868970394,0.060057707130908966
1785956123063,0.9981254935264587,-0.003634217893704772,-0.011195181868970394,0.060057707130908966
1785956123074,0.9981254935264587,-0.003634217893704772,-0.011195181868970394,0.060057707130908966
1785956123084,0.9981254935264587,-0.003634217893704772,-0.011195181868970394,0.060057707130908966
1785956123093,0.9981254935264587,-0.003634217893704772,-0.011195181868970394,0.060057707130908966
1785956123103,0.9981254935264587,-0.003634217893704772,-0.011195181868970394,0.060057707130908966
1785956123113,0.9981254935264587,-0.003634217893704772,-0.011195181868970394,0.060057707130908966
1785956123123,0.9981254935264587,-0.003634217893704772,-0.011195181868970394,0.060057707130908966
1785956123134,0.9981254935264587,-0.003634217893704772,-0.011195181868970394,0.060057707130908966
1785956123144,0.9981254935264587,-0.003634217893704772,-0.011195181868970394,0.060057707130908966
1785956123154,0.9981254935264587,-0.003634217893704772,-0.011195181868970394,0.060057707130908966
1785956123164,0.9981254935264587,-0.003634217893704772,-0.011195181868970394,0.060057707130908966
1785956123173,0.9981254935264587,-0.003634217893704772,-0.011195181868970394,0.060057707130908966
1785956123184,0.9981254935264587,-0.003634217893704772,-0.011195181868970394,0.060057707130908966
1785956123194,0.9981254935264587,-0.003634217893704772,-0.011195181868970394,0.060057707130908966
1785956123204,0.9981254935264587,-0.003634217893704772,-0.011195181868970394,0.060057707130908966
1785956123214,0.9981254935264587,-0.003634217893704772,-0.011195181868970394,0.060057707130908966
1785956123225,0.9981254935264587,-0.003634217893704772,-0.011195181868970394,0.060057707130908966
1785956123235,0.9981254935264587,-0.003634217893704772,-0.011195181868970394,0.060057707130908966
1785956123245,0.9981254935264587,-0.003634217893704772,-0.011195181868970394,0.060057707130908966
1785956123255,0.9981254935264587,-0.003634217893704772,-0.011195181868970394,0.060057707130908966
1785956123264,0.9981254935264587,-0.003634217893704772,-0.011195181868970394,0.060057707130908966
1785956123274,0.9981254935264587,-0.003634217893704772,-0.011195181868970394,0.060057707130908966
1785956123285,0.9981254935264587,-0.003634217893704772,-0.011195181868970394,0.060057707130908966
1785956123295,0.9981254935264587,-0.003634217893704772,-0.011195181868970394,0.060057707130908966
1785956123305,0.9981254935264587,-0.003634217893704772,-0.011195181868970394,0.060057707130908966
1785956123315,0.9981254935264587,-0.003634217893704772,-0.011195181868970394,0.060057707130908966
1785956123326,0.9981254935264587,-0.003634217893704772,-0.011195181868970394,0.060057707130908966
1785956123336,0.9981254935264587,-0.003634217893704772,-0.011195181868970394,0.060057707130908966
1785956123345,0.9981254935264587,-0.003634217893704772,-0.011195181868970394,0.060057707130908966
1785956123355,0.9981254935264587,-0.003634217893704772,-0.011195181868970394,0.060057707130908966
1785956123365,0.9981251955032349,-0.003719278844073415,-0.01120030041784048,0.06005675345659256
1785956123375,0.9981249570846558,-0.0037777572870254517,-0.011203818954527378,0.06005609780550003
1785956123386,0.9981249570846558,-0.0037777572870254517,-0.011203818954527378,0.06005609780550003
1785956123396,0.9981249570846558,-0.0037777572870254517,-0.011203818954527378,0.06005609780550003
1785956123406,0.9981249570846558,-0.0037777572870254517,-0.011203818954527378,0.06005609780550003
1785956123416,0.9981249570846558,-0.0037777572870254517,-0.011203818954527378,0.06005609780550003
1785956123425,0.9981249570846558,-0.0037777572870254517,-0.011203818954527378,0.06005609780550003
1785956123435,0.9981249570846558,-0.0037777572870254517,-0.011203818954527378,0.06005609780550003
1785956123446,0.9981249570846558,-0.0037777572870254517,-0.011203818954527378,0.06005609780550003
1785956123456,0.9981249570846558,-0.0037777572870254517,-0.011203818954527378,0.06005609780550003
1785956123466,0.9981249570846558,-0.0037777572870254517,-0.011203818954527378,0.06005609780550003
1785956123476,0.9981247186660767,-0.0038468686398118734,-0.011207977309823036,0.06005532294511795
1785956123487,0.9981247186660767,-0.0038468686398118734,-0.011207977309823036,0.06005532294511795
1785956123497,0.9981247186660767,-0.0038468686398118734,-0.011207977309823036,0.06005532294511795
1785956123506,0.9981247186660767,-0.0038468686398118734,-0.011207977309823036,0.06005532294511795
1785956123516,0.9981247186660767,-0.0038468686398118734,-0.011207977309823036,0.06005532294511795
1785956123526,0.9981247186660767,-0.0038468686398118734,-0.011207977309823036,0.06005532294511795
1785956123537,0.9981247186660767,-0.0038468686398118734,-0.011207977309823036,0.06005532294511795
1785956123547,0.998124897480011,-0.0037937003653496504,-0.011204778216779232,0.060055918991565704
1785956123557,0.998124897480011,-0.0037937003653496504,-0.011204778216779232,0.060055918991565704
1785956123567,0.998124897480011,-0.0037937003653496504,-0.011204778216779232,0.060055918991565704
1785956123578,0.998124897480011,-0.0037937003653496504,-0.011204778216779232,0.060055918991565704
1785956123588,0.998124897480011,-0.0037937003653496504,-0.011204778216779232,0.060055918991565704
1785956123597,0.998124897480011,-0.0037937003653496504,-0.011204778216779232,0.060055918991565704
1785956123607,0.998124897480011,-0.0037937003653496504,-0.011204778216779232,0.060055918991565704
1785956123617,0.998124897480011,-0.0037937003653496504,-0.011204778216779232,0.060055918991565704
1785956123627,0.998124897480011,-0.0037937003653496504,-0.011204778216779232,0.060055918991565704
1785956123638,0.998124897480011,-0.0037937003653496504,-0.011204778216779232,0.060055918991565704
1785956123648,0.998124897480011,-0.0037937003653496504,-0.011204778216779232,0.060055918991565704
1785956123658,0.998124897480011,-0.0037937003653496504,-0.011204778216779232,0.060055918991565704
1785956123668,0.998124897480011,-0.0037937003653496504,-0.011204778216779232,0.060055918991565704
1785956123677,0.998124897480011,-0.0037937003653496504,-0.011204778216779232,0.060055918991565704
1785956123687,0.998124897480011,-0.0037937003653496504,-0.011204778216779232,0.060055918991565704
1785956123698,0.9981251358985901,-0.0037298989482223988,-0.011200939305126667,0.06005663424730301
1785956123708,0.998125433921814,-0.0036448314785957336,-0.01119582075625658,0.060057587921619415
1785956123718,0.9981256723403931,-0.0035863465163856745,-0.011192301288247108,0.060058243572711945
1785956123728,0.9981256723403931,-0.0035863465163856745,-0.011192301288247108,0.060058243572711945
1785956123739,0.9981256723403931,-0.0035863465163856745,-0.011192301288247108,0.060058243572711945
1785956123749,0.9981256723403931,-0.0035863465163856745,-0.011192301288247108,0.060058243572711945
1785956123759,0.9981256723403931,-0.0035863465163856745,-0.011192301288247108,0.060058243572711945
1785956123768,0.9981256723403931,-0.0035863465163856745,-0.011192301288247108,0.060058243572711945
1785956123778,0.9981256723403931,-0.0035863465163856745,-0.011192301288247108,0.060058243572711945
1785956123789,0.9981256723403931,-0.0035863465163856745,-0.011192301288247108,0.060058243572711945
1785956123799,0.9981256723403931,-0.0035863465163856745,-0.011192301288247108,0.060058243572711945
1785956123809,0.9981256723403931,-0.0035863465163856745,-0.011192301288247108,0.060058243572711945
1785956123819,0.9981256723403931,-0.0035863465163856745,-0.011192301288247108,0.060058243572711945
1785956123830,0.9981256723403931,-0.0035863465163856745,-0.011192301288247108,0.060058243572711945
1785956123840,0.9981256723403931,-0.0035863465163856745,-0.011192301288247108,0.060058243572711945
1785956123849,0.9981256723403931,-0.0035863465163856745,-0.011192301288247108,0.060058243572711945
1785956123859,0.9981256723403931,-0.0035863465163856745,-0.011192301288247108,0.060058243572711945
