epoch_ms,acc_x,acc_y,acc_z,magnitude
1785956089578,0.02880859375,-0.00439453125,1.02392578125,1.0243403987382234
1785956089586,0.02880859375,-0.00537109375,1.03173828125,1.0321543802739142
1785956089597,0.02685546875,-0.0048828125,1.03173828125,1.0320992874023296
1785956089607,0.02978515625,-0.00439453125,1.03125,1.0316894057504633
1785956089617,0.03076171875,-0.0048828125,1.02880859375,1.0292799656906846
1785956089627,0.029296875,-0.0029296875,1.029296875,1.0297178967262728
1785956089636,0.02783203125,-0.0029296875,1.0341796875,1.0345582782375995
1785956089647,0.02880859375,-0.00146484375,1.0322265625,1.032629535298904
1785956089657,0.02880859375,-0.00244140625,1.0302734375,1.030679024505882
1785956089667,0.0302734375,-0.001953125,1.03271484375,1.0331603187390226
1785956089676,0.0302734375,-0.00390625,1.03173828125,1.0321897213225062
1785956089686,0.02978515625,-0.00390625,1.02685546875,1.0272947814642501
1785956089696,0.0302734375,-0.00439453125,1.0302734375,1.0307274852942654
1785956089707,0.02978515625,-0.00537109375,1.033203125,1.0336463136347336
1785956089717,0.02880859375,-0.005859375,1.03125,1.0316689536131458
1785956089726,0.029296875,-0.00390625,1.03076171875,1.0311853793156118
1785956089736,0.02734375,-0.001953125,1.03076171875,1.0311261883017917
1785956089746,0.0283203125,-0.005859375,1.03076171875,1.0311673449134928
1785956089756,0.03076171875,-0.00439453125,1.03076171875,1.0312300015446678
1785956089765,0.0302734375,-0.0048828125,1.03125,1.0317058133867312
1785956089775,0.02978515625,-0.00537109375,1.03173828125,1.0321820988457475
1785956089786,0.02978515625,-0.00341796875,1.03076171875,1.0311976332806758
1785956089796,0.03076171875,-0.005859375,1.03076171875,1.0312372842640527
1785956089806,0.02783203125,-0.00537109375,1.03076171875,1.0311513911410033
1785956089815,0.0283203125,-0.00439453125,1.03271484375,1.0331124336230746
1785956089825,0.02978515625,-0.00390625,1.0322265625,1.0326635902618364
1785956089836,0.02978515625,-0.00390625,1.02978515625,1.0302232196736474
1785956089846,0.02783203125,-0.0048828125,1.02978515625,1.0301727679638246
1785956089855,0.02880859375,-0.0048828125,1.03076171875,1.0311757841281073
1785956089865,0.02783203125,-0.00341796875,1.0322265625,1.0326073701094929
1785956089875,0.029296875,-0.00341796875,1.0322265625,1.0326478904862528
1785956089885,0.029296875,-0.00439453125,1.03173828125,1.0321635043859945
1785956089894,0.02783203125,-0.00341796875,1.0322265625,1.0326073701094929
1785956089904,0.029296875,-0.00439453125,1.03173828125,1.0321635043859945
1785956089915,0.0283203125,-0.0029296875,1.02978515625,1.0301786695528996
1785956089925,0.02880859375,-0.0029296875,1.02978515625,1.030192208364797
1785956089935,0.02978515625,-0.00537109375,1.03125,1.031694027646234
1785956089944,0.03076171875,-0.00537109375,1.03271484375,1.0331868565221454
1785956089954,0.03125,-0.00390625,1.0302734375,1.0307546639754432
1785956089964,0.0302734375,-0.00439453125,1.0302734375,1.0307274852942654
1785956089975,0.029296875,-0.00341796875,1.02978515625,1.030207482708206
1785956089983,0.029296875,-0.00439453125,1.03173828125,1.0321635043859945
1785956089994,0.03125,-0.00634765625,1.0302734375,1.0307668074098693
1785956090004,0.029296875,-0.0048828125,1.0322265625,1.032653777930068
1785956090014,0.02880859375,-0.00439453125,1.033203125,1.0336140210390556
1785956090024,0.02978515625,-0.00537109375,1.03125,1.031694027646234
1785956090033,0.0283203125,-0.00439453125,1.029296875,1.0296957846324177
1785956090044,0.02978515625,-0.00341796875,1.029296875,1.0297334096395914
1785956090054,0.029296875,-0.00390625,1.03125,1.0316734600511095
1785956090064,0.02978515625,-0.00244140625,1.02978515625,1.0302187068919644
1785956090073,0.03076171875,-0.00341796875,1.02978515625,1.0302501802395703
1785956090083,0.0302734375,-0.00341796875,1.02978515625,1.0302357165043732
1785956090093,0.03076171875,-0.0029296875,1.03125,1.0317128616574003
1785956090104,0.03173828125,-0.00390625,1.03271484375,1.0332098169236263
1785956090114,0.02978515625,-0.00341796875,1.0322265625,1.0326618586806522
1785956090123,0.029296875,-0.00341796875,1.03173828125,1.032159808552845
1785956090133,0.02880859375,-0.00244140625,1.03076171875,1.0311671137011615
1785956090143,0.02783203125,-0.005859375,1.02978515625,1.0301778595328714
1785956090153,0.02783203125,-0.005859375,1.03076171875,1.031154050120226
1785956090162,0.03076171875,-0.00390625,1.03125,1.031716096913059
1785956090172,0.02880859375,-0.00390625,1.03125,1.0316597095762319
1785956090183,0.0302734375,-0.005859375,1.03125,1.0317108973900861
1785956090193,0.029296875,-0.00439453125,1.03076171875,1.031187344583964
1785956090203,0.02783203125,-0.00439453125,1.02880859375,1.0291943725274932
1785956090212,0.03076171875,-0.0048828125,1.02978515625,1.0302560813852064
1785956090222,0.02978515625,-0.00537109375,1.03076171875,1.0312059566455978
1785956090232,0.029296875,-0.005859375,1.03076171875,1.03119462760461
1785956090243,0.02734375,-0.00439453125,1.03125,1.0316218081588668
1785956090252,0.02783203125,-0.0048828125,1.02880859375,1.0291965732527795
1785956090262,0.02783203125,-0.0048828125,1.0302734375,1.030660865580661
1785956090272,0.02685546875,-0.00439453125,1.03125,1.0316089814492162
1785956090282,0.02783203125,-0.00537109375,1.03271484375,1.033103779449654
1785956090293,0.03076171875,-0.00537109375,1.02978515625,1.0302585112588794
1785956090301,0.03076171875,-0.00341796875,1.02880859375,1.029274058948676
1785956090312,0.03125,-0.00439453125,1.02978515625,1.0302685778173302
1785956090322,0.0302734375,-0.005859375,1.03076171875,1.031222834373789
1785956090332,0.03271484375,-0.00390625,1.02978515625,1.0303120827319683
1785956090341,0.03076171875,-0.001953125,1.029296875,1.0297582992734196
1785956090351,0.029296875,-0.0029296875,1.03125,1.031670224661744
1785956090361,0.029296875,-0.00341796875,1.03125,1.0316717268080684
1785956090372,0.03076171875,-0.00390625,1.02880859375,1.029275796229256
1785956090382,0.029296875,-0.00439453125,1.0302734375,1.0306992649690496
1785956090391,0.0302734375,-0.00390625,1.03125,1.031701653728988
1785956090401,0.02880859375,-0.00439453125,1.0302734375,1.0306855014973415
1785956090411,0.02978515625,-0.00341796875,1.03173828125,1.0321737833523563
1785956090421,0.0283203125,-0.00537109375,1.03173828125,1.0321408672002446
1785956090430,0.02880859375,-0.00634765625,1.03271484375,1.0331360879938847
1785956090440,0.0283203125,-0.0048828125,1.03173828125,1.0321384417580386
1785956090451,0.02880859375,-0.00439453125,1.03271484375,1.0331259339888563
1785956090461,0.02734375,-0.00439453125,1.0322265625,1.0325980190275093
1785956090470,0.0283203125,-0.0048828125,1.0322265625,1.0326265337906897
1785956090480,0.029296875,-0.00439453125,1.03076171875,1.031187344583964
1785956090490,0.02880859375,-0.00439453125,1.03125,1.0316616739410065
1785956090501,0.02880859375,-0.00390625,1.03173828125,1.0321477970037136
1785956090511,0.03076171875,-0.0029296875,1.0322265625,1.032688986452295
1785956090520,0.02880859375,-0.0029296875,1.029296875,1.029704120137171
1785956090530,0.03076171875,-0.00537109375,1.02978515625,1.0302585112588794
1785956090540,0.0302734375,-0.00390625,1.03173828125,1.0321897213225062
1785956090550,0.03076171875,-0.00341796875,1.02978515625,1.0302501802395703
1785956090559,0.029296875,-0.0048828125,1.03173828125,1.0321656987806658
1785956090569,0.02978515625,-0.00341796875,1.0302734375,1.030709558537845
1785956090580,0.02880859375,-0.0048828125,1.02978515625,1.0301996141353382
1785956090590,0.02880859375,-0.0048828125,1.0302734375,1.0306876990387677
1785956090600,0.02880859375,-0.00439453125,1.03076171875,1.0311735876268426
1785956090609,0.02783203125,-0.0048828125,1.03369140625,1.0340775537533506
1785956090619,0.0263671875,-0.0048828125,1.03125,1.0315985812972845
1785956090629,0.02978515625,-0.00439453125,1.03076171875,1.0312013325622684
1785956090640,0.03076171875,-0.0048828125,1.02880859375,1.0292799656906846
1785956090648,0.02783203125,-0.0029296875,1.02978515625,1.0301653620002886
1785956090659,0.0302734375,-0.00439453125,1.03125,1.0317036180139012
1785956090669,0.03125,-0.00390625,1.029296875,1.0297785578335898
1785956090679,0.0302734375,-0.0068359375,1.03076171875,1.0312288455527339
1785956090690,0.03076171875,-0.0048828125,1.03173828125,1.0322083153099806
1785956090698,0.02880859375,-0.00390625,1.03173828125,1.0321477970037136
1785956090709,0.0302734375,-0.00390625,1.03369140625,1.034141993713741
1785956090719,0.0302734375,-0.005859375,1.0302734375,1.0307347715642097
1785956090729,0.0302734375,-0.00634765625,1.0302734375,1.0307376629268967
1785956090738,0.0302734375,-0.00537109375,1.03173828125,1.0321963043253166
1785956090748,0.03076171875,0.0087890625,1.03466796875,1.035162468657618
1785956090758,0.126953125,-0.03369140625,1.02587890625,1.0342532267733393
1785956090769,0.064453125,-0.11279296875,1.0576171875,1.0655658470583196
1785956090779,0.0068359375,0.0126953125,1.1416015625,1.1416926155946783
1785956090788,0.04736328125,-0.12939453125,1.2763671875,1.283783245900504
1785956090798,0.00439453125,-0.06982421875,1.26123046875,1.2631694378555474
1785956090808,0.06982421875,0.078125,1.220703125,1.2251918447875065
1785956090818,-0.125,-0.177734375,1.37255859375,1.3896516114960678
1785956090827,-0.10595703125,-0.0771484375,1.46923828125,1.4750728459877698
1785956090837,-0.015625,0.04150390625,1.36865234375,1.3693706411747613
1785956090848,-0.07373046875,-0.0087890625,1.20361328125,1.2059014721125085
1785956090858,-0.046875,-0.04345703125,1.11376953125,1.115602235535098
1785956090868,-0.02294921875,-0.001953125,1.0703125,1.070560287417178
1785956090877,0.0,-0.0263671875,1.0537109375,1.0540407811767953
1785956090887,0.00146484375,-0.05224609375,1.0576171875,1.0589078880501155
1785956090898,-0.009765625,-0.0478515625,1.02880859375,1.0299671169698499
1785956090908,-0.00927734375,-0.0556640625,0.947265625,0.9489450570331773
1785956090917,0.0439453125,-0.07177734375,0.94482421875,0.9485652227986625
1785956090927,0.03857421875,-0.05517578125,0.94091796875,0.9433233597793212
1785956090937,0.0185546875,-0.052734375,0.908203125,0.9099220334702468
1785956090947,0.0673828125,-0.09423828125,0.88671875,0.8942546833396663
1785956090958,0.05810546875,-0.11669921875,0.876953125,0.8865899483993619
1785956090966,-0.0224609375,-0.08251953125,0.82666015625,0.8310721874075518
1785956090977,-0.0888671875,-0.1103515625,0.71923828125,0.7330610817495399
1785956090987,-0.06201171875,-0.09375,0.53515625,0.5468333637191422
1785956090997,0.0166015625,-0.10791015625,0.40283203125,0.41736537841601307
1785956091006,-0.07666015625,-0.13427734375,0.13134765625,0.20287777454220618
1785956091016,-0.13720703125,0.0791015625,-0.47119140625,0.49709573317242667
1785956091026,0.05419921875,0.3876953125,-1.14404296875,1.2091648047284111
1785956091037,0.357421875,0.69921875,-1.677734375,1.852417309932273
1785956091045,0.43017578125,0.89892578125,-1.82470703125,2.0791042573337104
1785956091056,0.31201171875,0.916015625,-1.2001953125,1.5417213516159276
1785956091066,-1.6826171875,0.03662109375,2.4775390625,2.9951196153728543
1785956091076,0.77099609375,1.27587890625,1.2216796875,1.9273824786070752
1785956091086,0.48974609375,0.29296875,0.8671875,1.0381214211142145
1785956091095,-0.12255859375,-0.19140625,1.05078125,1.075080553629635
1785956091106,0.03173828125,0.0234375,1.06982421875,1.0705514905538183
1785956091116,0.05126953125,-0.0029296875,0.98388671875,0.985225975721349
1785956091126,0.033203125,-0.0341796875,1.0009765625,1.0021101622185455
1785956091135,0.04052734375,-0.0048828125,1.0693359375,1.0701147857488675
1785956091145,0.041015625,-0.00634765625,1.01953125,1.020375687656547
1785956091155,0.0361328125,-0.005859375,1.0,1.0006697319368418
1785956091166,0.029296875,-0.00390625,1.0546875,1.0551015535625365
1785956091176,0.02880859375,0.001953125,1.0361328125,1.0365350717222637
1785956091185,0.02685546875,-0.0009765625,1.03955078125,1.0398980703288105
1785956091195,0.02294921875,0.001953125,1.03857421875,1.0388295765863975
1785956091205,0.0224609375,0.00537109375,0.99951171875,0.9997784846054797
1785956091215,0.0224609375,0.00732421875,1.02685546875,1.0271272032204477
1785956091224,0.02392578125,0.00634765625,1.06689453125,1.0671816511538457
1785956091234,0.0263671875,0.005859375,1.029296875,1.029651211691035
1785956091245,0.03125,0.0029296875,1.005859375,1.0063489592801487
1785956091255,0.03369140625,0.0029296875,1.03125,1.031804369259963
1785956091265,0.03564453125,0.0009765625,1.03466796875,1.0352822281096106
1785956091274,0.03466796875,-0.00048828125,1.03955078125,1.040128806097262
1785956091284,0.03515625,-0.001953125,1.0380859375,1.038682911309598
1785956091294,0.03564453125,-0.00439453125,1.01611328125,1.0167477783824173
1785956091305,0.03369140625,-0.00927734375,1.02294921875,1.023545936489122
1785956091314,0.03076171875,-0.01025390625,1.0439453125,1.044448773959049
1785956091324,0.02880859375,-0.0107421875,1.03857421875,1.0390292284234888
1785956091334,0.02734375,-0.00732421875,1.02587890625,1.026269387214223
1785956091344,0.02978515625,-0.00439453125,1.02685546875,1.0272967541755043
1785956091355,0.0302734375,-0.001953125,1.029296875,1.0297438286292846
1785956091363,0.0302734375,0.0029296875,1.03564453125,1.0360910477341971
1785956091374,0.03271484375,0.00537109375,1.0361328125,1.0366630671480577
1785956091384,0.0322265625,0.0068359375,1.02099609375,1.0215274371375587
1785956091394,0.03076171875,0.00439453125,1.02783203125,1.0283016482087648
1785956091403,0.0302734375,0.001953125,1.03466796875,1.0351126031850753
1785956091413,0.0302734375,0.00048828125,1.0322265625,1.0326705165575378
1785956091423,0.03076171875,-0.0029296875,1.03271484375,1.033177049159963
1785956091434,0.02783203125,-0.005859375,1.03173828125,1.0321302414112261
1785956091444,0.029296875,-0.005859375,1.02490234375,1.0253377265001027
1785956091453,0.02978515625,-0.0107421875,1.03271484375,1.0332001251580978
1785956091463,0.03125,-0.0087890625,1.04052734375,1.0410336033054166
1785956091473,0.03076171875,-0.0078125,1.02978515625,1.0302741317385102
1785956091483,0.03466796875,-0.005859375,1.0234375,1.0240412671073815
1785956091492,0.033203125,-0.00439453125,1.033203125,1.033745837681796
1785956091502,0.033203125,0.0,1.0380859375,1.038616801878835
1785956091513,0.03271484375,0.001953125,1.03173828125,1.0322586675322987
1785956091523,0.0322265625,0.001953125,1.02880859375,1.0293150579884103
1785956091533,0.0341796875,0.0009765625,1.02734375,1.0279126350891774
1785956091542,0.03173828125,0.0009765625,1.03173828125,1.0322267934750216
1785956091552,0.03076171875,-0.00146484375,1.0361328125,1.0365903888454813
1785956091563,0.029296875,-0.0029296875,1.02978515625,1.0302059784268631
1785956091573,0.025390625,-0.00390625,1.02734375,1.027664888614482
1785956091582,0.0263671875,-0.00634765625,1.03173828125,1.032094667321381
1785956091592,0.0283203125,-0.00439453125,1.0322265625,1.0326243403753232
1785956091602,0.029296875,-0.00439453125,1.029296875,1.029723106312779
1785956091612,0.02978515625,-0.005859375,1.0322265625,1.0326728253124482
1785956091621,0.0322265625,-0.00341796875,1.029296875,1.0298069191482975
1785956091631,0.03173828125,-0.001953125,1.02685546875,1.0273476952306615
1785956091642,0.033203125,-0.001953125,1.0322265625,1.0327622855902503
1785956091652,0.03466796875,0.00048828125,1.03515625,1.0357367273539606
1785956091662,0.0341796875,0.0029296875,1.02685546875,1.0274283370669837
1785956091671,0.03564453125,0.0009765625,1.02587890625,1.02649842502122
1785956091681,0.0341796875,0.00244140625,1.033203125,1.0337712072851715
1785956091691,0.033203125,0.00048828125,1.0341796875,1.0347126712116472
1785956091702,0.03271484375,-0.00341796875,1.02978515625,1.0303103471987456
1785956091711,0.02978515625,-0.0029296875,1.02978515625,1.0302199797298253
1785956091721,0.0263671875,-0.00341796875,1.03271484375,1.0330570456604142
1785956091731,0.0263671875,-0.005859375,1.03076171875,1.0311155520563662
1785956091741,0.02978515625,-0.00634765625,1.0322265625,1.0326757112488274
1785956091752,0.02587890625,-0.0068359375,1.033203125,1.0335497788398804
1785956091760,0.0283203125,-0.00732421875,1.03125,1.0316647938067847
1785956091771,0.03125,-0.00634765625,1.0322265625,1.0327189993267456
1785956091781,0.0302734375,-0.00439453125,1.03271484375,1.0331678186163953
1785956091791,0.03125,-0.001953125,1.03125,1.0317252249011195
1785956091800,0.033203125,-0.0009765625,1.03076171875,1.031296815676523
1785956091810,0.03515625,0.00146484375,1.0302734375,1.0308741260208933
1785956091820,0.0341796875,-0.00048828125,1.0302734375,1.0308403588695212
1785956091831,0.03271484375,0.00146484375,1.0322265625,1.032745894738568
1785956091841,0.033203125,0.0009765625,1.03173828125,1.0322728719581786
1785956091850,0.03271484375,-0.00048828125,1.03125,1.0317688994732135
1785956091860,0.03076171875,-0.00244140625,1.03271484375,1.0331757799651125
1785956091870,0.03271484375,-0.00341796875,1.03173828125,1.032262478495013
1785956091880,0.03076171875,-0.00390625,1.03173828125,1.0322041576772594
1785956091889,0.03076171875,-0.00390625,1.03125,1.031716096913059
1785956091899,0.03076171875,-0.0029296875,1.03125,1.0317128616574003
1785956091910,0.03076171875,-0.001953125,1.0302734375,1.0307344246001422
1785956091920,0.03076171875,-0.0009765625,1.03076171875,1.031221100373351
1785956091930,0.02880859375,-0.0009765625,1.03076171875,1.0311646859685524
1785956091939,0.0322265625,-0.001953125,1.0302734375,1.0307791820006351
1785956091949,0.03076171875,-0.00341796875,1.03076171875,1.0312263023659183
1785956091960,0.03076171875,-0.001953125,1.03271484375,1.0331747415318024
1785956091970,0.02978515625,-0.00341796875,1.03125,1.0316857082189386
1785956091979,0.03076171875,-0.0029296875,1.03076171875,1.0312247995707609
1785956091989,0.0322265625,-0.00244140625,1.03173828125,1.0322443474254281
1785956091999,0.0302734375,-0.0048828125,1.0322265625,1.0326819448438822
1785956092009,0.02978515625,-0.0048828125,1.03125,1.0316916011535362
1785956092020,0.029296875,-0.0048828125,1.03271484375,1.0331418572704634
1785956092028,0.0322265625,-0.00439453125,1.03173828125,1.0322508145950662
1785956092039,0.0341796875,-0.00634765625,1.03173828125,1.032323798415095
1785956092049,0.03173828125,-0.0029296875,1.0302734375,1.0307663448054647
1785956092059,0.033203125,-0.0009765625,1.03125,1.0317848436976005
1785956092068,0.03125,-0.0009765625,1.0302734375,1.030747724805824
1785956092078,0.0322265625,0.0,1.0302734375,1.0307773316039857
1785956092088,0.03173828125,0.0,1.03125,1.03173828125
1785956092099,0.03173828125,-0.00244140625,1.03125,1.0317411698004406
1785956092109,0.03173828125,-0.00146484375,1.03076171875,1.0312512715649713
1785956092118,0.029296875,-0.00341796875,1.0322265625,1.0326478904862528
1785956092128,0.02880859375,-0.0029296875,1.03173828125,1.032144563101218
1785956092138,0.0283203125,-0.00390625,1.03125,1.0316461900230913
1785956092148,0.02783203125,-0.0048828125,1.0322265625,1.032613257784335
1785956092157,0.029296875,-0.005859375,1.03125,1.031682703964817
1785956092168,0.02978515625,-0.00927734375,1.03173828125,1.0322098166732365
1785956092178,0.02978515625,-0.01513671875,1.03369140625,1.0342312116458563
1785956092188,0.0322265625,-0.00244140625,1.0322265625,1.0327323894047336
1785956092197,0.033203125,-0.00390625,1.03173828125,1.0322798008754857
1785956092207,0.0341796875,-0.00634765625,1.03271484375,1.0332998075481543
1785956092217,0.03369140625,-0.00390625,1.03173828125,1.0322956217290031
1785956092228,0.03173828125,-0.00244140625,1.03125,1.0317411698004406
1785956092238,0.03076171875,-0.00244140625,1.0322265625,1.0326877166576052
1785956092247,0.03173828125,-0.00048828125,1.03271484375,1.033202548108003
1785956092257,0.0283203125,-0.00048828125,1.02880859375,1.0291984264914755
1785956092267,0.01904296875,-0.01611328125,1.03369140625,1.0339923577312153
1785956092277,0.0302734375,-0.0087890625,1.0341796875,1.034660018883156
1785956092286,0.04736328125,-0.0009765625,1.02783203125,1.028923183988282
1785956092296,0.02783203125,-0.00634765625,1.02783203125,1.0282283788958901
1785956092307,0.029296875,-0.0107421875,1.03271484375,1.0331861642408098
1785956092317,0.02978515625,-0.0087890625,1.033203125,1.033669725135757
1785956092327,0.03173828125,-0.00927734375,1.0302734375,1.0308039307365033
1785956092336,0.02783203125,-0.0185546875,1.03271484375,1.0332564284306731
1785956092346,0.0361328125,-0.0009765625,1.0263671875,1.0270034748676056
1785956092356,0.033203125,-0.0078125,1.03125,1.0318139586020416
1785956092367,0.02978515625,-0.0107421875,1.03271484375,1.0332001251580978
1785956092376,0.0283203125,-0.0146484375,1.03271484375,1.0332069324791022
1785956092386,0.0341796875,-0.00390625,1.0302734375,1.0308476443416488
1785956092396,0.0341796875,-0.00439453125,1.03076171875,1.0313376187180214
1785956092406,0.0341796875,-0.00927734375,1.0322265625,1.0328339636530257
1785956092417,0.037109375,-0.0107421875,1.03125,1.031973382798789
1785956092425,0.03271484375,-0.009765625,1.0341796875,1.034743086215523
1785956092436,0.03076171875,-0.0087890625,1.03173828125,1.0322341846484193
1785956092446,0.03125,-0.00927734375,1.02880859375,1.0293249021474746
1785956092456,0.033203125,-0.009765625,1.03076171875,1.0313425889498893
1785956092465,0.03662109375,-0.01171875,1.03466796875,1.0353821705854607
1785956092475,0.03857421875,-0.01513671875,1.0283203125,1.0291548744998427
1785956092485,0.03564453125,-0.01123046875,1.029296875,1.0299751030588762
1785956092496,0.0361328125,-0.00732421875,1.03173828125,1.0323967770756368
1785956092506,0.03662109375,-0.0048828125,1.03369140625,1.0343514246717405
1785956092515,0.03955078125,-0.00732421875,1.0322265625,1.0330099635571526
1785956092525,0.03369140625,-0.0078125,1.03173828125,1.0323177936120527
1785956092535,0.03173828125,-0.0068359375,1.03271484375,1.0332250466572106
1785956092545,0.03271484375,-0.0068359375,1.03271484375,1.03325550545094
1785956092554,0.0390625,-0.009765625,1.03076171875,1.0315478501641815
1785956092565,0.03857421875,-0.009765625,1.03271484375,1.0334811494581797
1785956092575,0.037109375,-0.01171875,1.02880859375,1.0295443445468027
1785956092585,0.0244140625,-0.01171875,1.02978515625,1.030141176529777
1785956092595,0.03662109375,-0.01416015625,1.02880859375,1.0295575443394718
1785956092604,0.04931640625,-0.01220703125,1.0302734375,1.0315253150337222
1785956092614,0.021484375,-0.0068359375,1.033203125,1.0334490824033906
1785956092625,0.0068359375,-0.009765625,1.03125,1.0313188934433153
1785956092635,0.01611328125,-0.00927734375,1.03076171875,1.0309293999979587
1785956092644,0.00439453125,-0.0048828125,1.03271484375,1.032735736897104
1785956092654,0.03369140625,-0.0107421875,1.03125,1.0318561275426859
1785956092664,0.03125,-0.013671875,1.02978515625,1.030349916629711
1785956092674,0.02978515625,-0.01171875,1.02978515625,1.0302824625641438
1785956092685,0.029296875,-0.00927734375,1.03125,1.0317077776637245
1785956092693,0.029296875,-0.0107421875,1.03076171875,1.0312339319075496
1785956092704,0.03076171875,-0.01025390625,1.03173828125,1.0322476965004774
1785956092714,0.10498046875,-0.05908203125,1.02734375,1.0343823112851738
1785956092724,-0.03173828125,-0.02978515625,1.02392578125,1.0248504669160101
1785956092733,-0.005859375,0.00244140625,1.0341796875,1.0341991678479856
1785956092743,0.0078125,0.0283203125,1.02783203125,1.0282517978198962
1785956092753,0.08447265625,0.01611328125,1.03564453125,1.0392087675701185
1785956092764,0.04541015625,-0.04736328125,1.02978515625,1.0318734567446983
1785956092773,0.03369140625,-0.0185546875,1.03857421875,1.0392861950086214
1785956092783,-0.0078125,0.0126953125,1.025390625,1.025498971210412
1785956092793,0.02734375,-0.0107421875,1.0263671875,1.0267875529207626
1785956092803,0.0361328125,-0.005859375,1.0341796875,1.0348272988533636
1785956092814,0.02978515625,-0.0078125,1.03173828125,1.0321976902152954
1785956092822,0.03125,-0.0087890625,1.03125,1.0317608117289727
1785956092833,0.03125,-0.0078125,1.029296875,1.0298007839096917
1785956092843,0.03125,-0.00927734375,1.0302734375,1.030789012177139
1785956092853,0.03076171875,-0.0107421875,1.02978515625,1.0303005124552624
1785956092862,0.0419921875,-0.0185546875,1.03466796875,1.0356859687166322
1785956092872,0.021484375,0.0068359375,1.03271484375,1.0329609174176104
1785956092882,0.029296875,-0.00244140625,1.03173828125,1.0321570366692983
1785956092893,0.03271484375,-0.00732421875,1.03076171875,1.031306756509594
1785956092903,0.03076171875,-0.0078125,1.03369140625,1.0341785348051886
1785956092912,0.03076171875,-0.00634765625,1.03271484375,1.0331923947561312
1785956092922,0.03173828125,-0.0068359375,1.0322265625,1.0327370066327508
1785956092932,0.033203125,-0.0068359375,1.03173828125,1.0322950443298533
1785956092942,0.03173828125,-0.00634765625,1.03076171875,1.0312697668782045
1785956092951,0.0322265625,-0.0078125,1.0302734375,1.0308069375517817
1785956092961,0.0322265625,-0.00830078125,1.02978515625,1.0303227272717823
1785956092972,0.0322265625,-0.0087890625,1.03076171875,1.0313028264242512
1785956092982,0.0322265625,-0.009765625,1.033203125,1.0337517188725602
1785956092992,0.03076171875,-0.0068359375,1.0302734375,1.0307552422374695
1785956093001,0.03076171875,-0.00830078125,1.033203125,1.0336942893426373
1785956093011,0.03271484375,-0.0068359375,1.0302734375,1.0308153797170263
1785956093022,0.03076171875,-0.005859375,1.03173828125,1.0322133968383422
1785956093032,0.0322265625,-0.00732421875,1.03076171875,1.0312913828551649
1785956093041,0.029296875,-0.00927734375,1.029296875,1.029755520925519
1785956093051,0.02978515625,-0.0087890625,1.0302734375,1.030741363859301
1785956093061,0.03076171875,-0.00732421875,1.0322265625,1.0327108035899104
1785956093071,0.03173828125,-0.0087890625,1.03125,1.03177571623698
1785956093082,0.03076171875,-0.00927734375,1.029296875,1.029798237196139
1785956093090,0.033203125,-0.00634765625,1.0302734375,1.0308278693689361
1785956093101,0.03271484375,-0.0068359375,1.03125,1.0317914292835983
1785956093111,0.03125,-0.0068359375,1.0322265625,1.032722115998331
1785956093121,0.03125,-0.0087890625,1.029296875,1.0298086555299457
1785956093130,0.03125,-0.00537109375,1.02978515625,1.0302732060870594
1785956093140,0.03271484375,-0.0068359375,1.03125,1.0317914292835983
1785956093150,0.03173828125,-0.00732421875,1.03076171875,1.0312762401594715
1785956093161,0.02978515625,-0.00537109375,1.03076171875,1.0312059566455978
1785956093171,0.03173828125,-0.00634765625,1.03173828125,1.0322458487362767
1785956093180,0.03173828125,-0.0068359375,1.03076171875,1.0312728879296023
1785956093190,0.029296875,-0.0068359375,1.02978515625,1.0302244925059327
1785956093200,0.03271484375,-0.00830078125,1.029296875,1.0298500963032013
1785956093211,0.0322265625,-0.0078125,1.0302734375,1.0308069375517817
1785956093219,0.0322265625,-0.00830078125,1.03076171875,1.0312987807325193
1785956093230,0.03125,-0.00732421875,1.03271484375,1.033213509000867
1785956093240,0.03125,-0.00732421875,1.033203125,1.0337015547004191
1785956093250,0.03271484375,-0.009765625,1.0322265625,1.0327910266669602
1785956093260,0.03125,-0.0078125,1.03125,1.0317529550024318
1785956093269,0.02880859375,-0.0087890625,1.0322265625,1.032665899032232
1785956093279,0.02978515625,-0.00830078125,1.03076171875,1.0312253775691576
1785956093290,0.03173828125,-0.00830078125,1.03076171875,1.0312836381454515
1785956093300,0.0302734375,-0.0087890625,1.03173828125,1.0322197487136155
1785956093309,0.0302734375,-0.0068359375,1.03125,1.0317169057253885
1785956093319,0.0302734375,-0.0068359375,1.03125,1.0317169057253885
1785956093329,0.03271484375,-0.00732421875,1.033203125,1.0337468755414212
1785956093339,0.033203125,-0.0078125,1.033203125,1.0337660180987676
1785956093350,0.0322265625,-0.00732421875,1.0302734375,1.0308033525017906
1785956093358,0.03173828125,-0.00732421875,1.02978515625,1.0303001653449537
1785956093369,0.029296875,-0.0078125,1.03076171875,1.0312075750698642
1785956093379,0.03076171875,-0.0068359375,1.03173828125,1.0322194022486992
1785956093389,0.03271484375,-0.0068359375,1.03076171875,1.0313034043789175
1785956093398,0.0322265625,-0.0087890625,1.0322265625,1.0327669026846096
1785956093408,0.02978515625,-0.0078125,1.03271484375,1.0331738184790948
1785956093419,0.03173828125,-0.00830078125,1.03076171875,1.0312836381454515
1785956093429,0.03125,-0.00732421875,1.03173828125,1.032237418270139
1785956093438,0.03173828125,-0.00634765625,1.03173828125,1.0322458487362767
1785956093448,0.0302734375,-0.00732421875,1.03125,1.0317202565125705
1785956093458,0.03173828125,-0.0068359375,1.0302734375,1.0307848488197109
1785956093468,0.03173828125,-0.00634765625,1.029296875,1.0298056457998945
1785956093479,0.0322265625,-0.00732421875,1.0302734375,1.0308033525017906
1785956093487,0.03076171875,-0.00927734375,1.03173828125,1.0322384576463977
1785956093498,0.0322265625,-0.0087890625,1.03076171875,1.0313028264242512
1785956093508,0.03466796875,-0.0068359375,1.0302734375,1.0308792141258942
1785956093518,0.03466796875,-0.0087890625,1.03125,1.031869990927578
1785956093527,0.03271484375,-0.00927734375,1.03125,1.0318104925850689
1785956093537,0.03125,-0.00830078125,1.0322265625,1.0327328511284644
1785956093547,0.03125,-0.00927734375,1.0322265625,1.0327411621203166
1785956093558,0.03173828125,-0.009765625,1.03076171875,1.0312964689015467
1785956093568,0.03369140625,-0.0087890625,1.03076171875,1.0313496397028437
1785956093577,0.03173828125,-0.0078125,1.0322265625,1.0327439324360712
1785956093587,0.03173828125,-0.0078125,1.0322265625,1.0327439324360712
1785956093597,0.03173828125,-0.0078125,1.029296875,1.0298157167851536
1785956093607,0.03076171875,-0.00732421875,1.0302734375,1.0307585961508243
1785956093616,0.03076171875,-0.0078125,1.0322265625,1.0327143820182183
1785956093627,0.029296875,-0.00732421875,1.03173828125,1.0321801354714049
1785956093637,0.029296875,-0.00634765625,1.03173828125,1.0321736678589208
1785956093647,0.0302734375,-0.005859375,1.03271484375,1.033175087676355
1785956093657,0.03125,-0.0068359375,1.0302734375,1.0307699299841697
1785956093666,0.02880859375,-0.0078125,1.03125,1.031681895125674
1785956093676,0.02880859375,-0.0087890625,1.03173828125,1.0321778256144556
1785956093687,0.029296875,-0.00927734375,1.03125,1.0317077776637245
1785956093697,0.03076171875,-0.00732421875,1.03076171875,1.031246647684833
1785956093706,0.03173828125,-0.00927734375,1.03076171875,1.0312919608162443
1785956093716,0.0322265625,-0.0087890625,1.029296875,1.0298387523466772
1785956093726,0.03369140625,-0.0087890625,1.03125,1.0318376427397535
1785956093736,0.03173828125,-0.0078125,1.03369140625,1.034208043387817
1785956093747,0.03271484375,-0.00732421875,1.02978515625,1.0303307106044746
1785956093755,0.0322265625,-0.00927734375,1.0322265625,1.0327711734785148
1785956093766,0.02978515625,-0.0068359375,1.03173828125,1.0321907607467937
1785956093776,0.0322265625,-0.00830078125,1.0302734375,1.0308107538816198
1785956093786,0.03125,-0.0087890625,1.03173828125,1.0322488513514234
1785956093795,0.03173828125,-0.009765625,1.03271484375,1.033248583076663
1785956093805,0.033203125,-0.0078125,1.03076171875,1.0313259443582663
1785956093815,0.03125,-0.00927734375,1.029296875,1.0298129385921606
1785956093826,0.0283203125,-0.0087890625,1.03173828125,1.032164312847732
1785956093836,0.0302734375,-0.00830078125,1.0322265625,1.0327037621302602
1785956093845,0.03076171875,-0.00732421875,1.0322265625,1.0327108035899104
1785956093855,0.0302734375,-0.00732421875,1.0302734375,1.030744139549884
1785956093865,0.02978515625,-0.00732421875,1.03076171875,1.0312179791652145
1785956093876,0.0322265625,-0.0068359375,1.03173828125,1.032264095262823
1785956093884,0.033203125,-0.0068359375,1.03125,1.0318070265564534
1785956093895,0.0322265625,-0.005859375,1.03173828125,1.0322580901124783
1785956093905,0.03369140625,-0.00634765625,1.03125,1.0318197352711231
1785956093915,0.02978515625,-0.00634765625,1.03076171875,1.0312115055182225
1785956093924,0.029296875,-0.00927734375,1.03076171875,1.031219713170901
1785956093934,0.03125,-0.00927734375,1.03173828125,1.032253124288689
1785956093944,0.03271484375,-0.00927734375,1.02880859375,1.0293704156825643
1785956093955,0.03173828125,-0.00537109375,1.03125,1.0317522617589823
1785956093965,0.03076171875,-0.00732421875,1.033203125,1.0336869086094287
1785956093974,0.03125,-0.00927734375,1.0322265625,1.0327411621203166
1785956093984,0.03173828125,-0.009765625,1.02978515625,1.0303204132507429
1785956093994,0.029296875,-0.00732421875,1.0302734375,1.0307159196806508
1785956094004,0.0302734375,-0.00634765625,1.03173828125,1.032201847874067
1785956094013,0.03271484375,-0.0068359375,1.033203125,1.0337435313233434
1785956094023,0.03173828125,-0.0068359375,1.033203125,1.033713086909503
1785956094034,0.03173828125,-0.00634765625,1.0302734375,1.0307817262906045
1785956094044,0.03173828125,-0.005859375,1.02880859375,1.029314710545782
1785956094054,0.03076171875,-0.00537109375,1.033203125,1.0336749148055644
1785956094063,0.0322265625,-0.00634765625,1.0322265625,1.0327490113289874
1785956094073,0.02978515625,-0.00634765625,1.0322265625,1.0326757112488274
1785956094084,0.02783203125,-0.00732421875,1.03076171875,1.0311634142968091
1785956094094,0.0283203125,-0.00732421875,1.02978515625,1.0302005398529126
1785956094103,0.03125,-0.0087890625,1.02978515625,1.0302966942354352
1785956094113,0.0302734375,-0.0087890625,1.03125,1.0317316953247562
1785956094123,0.03125,-0.0078125,1.03173828125,1.0322409983395129
1785956094133,0.03125,-0.0068359375,1.02978515625,1.0302818840367625
1785956094144,0.03076171875,-0.0087890625,1.03125,1.0317461380882813
1785956094152,0.03173828125,-0.0078125,1.0322265625,1.0327439324360712
1785956094163,0.0322265625,-0.00634765625,1.03271484375,1.0332370456831392
1785956094173,0.03369140625,-0.005859375,1.03173828125,1.0323048600714797
1785956094183,0.03271484375,-0.00537109375,1.03125,1.0317827640301316
1785956094192,0.03125,-0.0068359375,1.03076171875,1.0312579761543461
1785956094202,0.0322265625,-0.0078125,1.03076171875,1.0312949662086355
1785956094212,0.02978515625,-0.00830078125,1.03173828125,1.0322015014031425
1785956094223,0.02978515625,-0.0078125,1.03125,1.0317096263915961
1785956094233,0.02978515625,-0.0078125,1.0283203125,1.0287812477826297
1785956094242,0.02880859375,-0.00830078125,1.02978515625,1.030221483990724
1785956094252,0.029296875,-0.00830078125,1.03515625,1.0356040130127868
1785956094262,0.02978515625,-0.0068359375,1.03076171875,1.031214626745953
1785956094273,0.03076171875,-0.0078125,1.03076171875,1.0312502311937477
1785956094281,0.02978515625,-0.0068359375,1.03076171875,1.031214626745953
1785956094292,0.03076171875,-0.00634765625,1.0302734375,1.0307521196186737
1785956094302,0.03369140625,-0.00634765625,1.03076171875,1.0313317237608008
1785956094312,0.0322265625,-0.00732421875,1.03076171875,1.0312913828551649
1785956094322,0.03125,-0.00634765625,1.03076171875,1.0312548550578184
1785956094331,0.03271484375,-0.0078125,1.03125,1.0317983614339756
1785956094341,0.03076171875,-0.00927734375,1.029296875,1.029798237196139
1785956094352,0.0302734375,-0.00830078125,1.03125,1.0317276513147386
1785956094362,0.03076171875,-0.00927734375,1.033203125,1.0337025926045051
1785956094371,0.03076171875,-0.0087890625,1.0322265625,1.0327222314304314
1785956094381,0.03076171875,-0.00732421875,1.03173828125,1.032222751404684
1785956094391,0.03173828125,-0.0078125,1.03125,1.0317678596239341
1785956094401,0.0322265625,-0.00830078125,1.03076171875,1.0312987807325193
1785956094412,0.03076171875,-0.00732421875,1.03173828125,1.032222751404684
1785956094420,0.02978515625,-0.0087890625,1.0322265625,1.032693603874369
1785956094431,0.0322265625,-0.0078125,1.03125,1.0317829951045019
1785956094441,0.03173828125,-0.0087890625,1.03173828125,1.032263748812791
1785956094451,0.03271484375,-0.00732421875,1.0322265625,1.0327708271985858
1785956094460,0.03173828125,-0.00634765625,1.03271484375,1.0332219315026947
1785956094470,0.0302734375,-0.00732421875,1.03173828125,1.0322083153099806
1785956094481,0.0302734375,-0.00732421875,1.03076171875,1.031232197925772
1785956094491,0.0302734375,-0.005859375,1.033203125,1.0336631515165966
1785956094500,0.02978515625,-0.0068359375,1.03173828125,1.0321907607467937
1785956094510,0.03125,-0.00830078125,1.03173828125,1.0322448093674603
1785956094520,0.02978515625,-0.0087890625,1.03125,1.0317174834480929
1785956094530,0.0302734375,-0.0068359375,1.03125,1.0317169057253885
1785956094541,0.02978515625,-0.0068359375,1.0322265625,1.0326788280510584
1785956094549,0.029296875,-0.00830078125,1.03173828125,1.032187526978906
1785956094560,0.02978515625,-0.0068359375,1.0322265625,1.0326788280510584
1785956094570,0.03125,-0.0068359375,1.03125,1.0317460225469754
1785956094580,0.03173828125,-0.00537109375,1.03125,1.0317522617589823
1785956094589,0.02978515625,-0.0068359375,1.03173828125,1.0321907607467937
1785956094599,0.029296875,-0.0078125,1.03173828125,1.0321837157394607
1785956094609,0.0322265625,-0.00732421875,1.03125,1.031779413445948
1785956094620,0.03125,-0.00634765625,1.03125,1.0317429029268232
1785956094630,0.02978515625,-0.0068359375,1.03173828125,1.0321907607467937
1785956094639,0.029296875,-0.0078125,1.0322265625,1.0326717863733772
1785956094649,0.03125,-0.00634765625,1.03271484375,1.0332070478570377
1785956094659,0.029296875,-0.0068359375,1.0302734375,1.0307125656284277
1785956094669,0.03173828125,-0.009765625,1.03076171875,1.0312964689015467
1785956094678,0.03076171875,-0.009765625,1.03125,1.031754919189676
1785956094689,0.02880859375,-0.00830078125,1.02978515625,1.030221483990724
1785956094699,0.0283203125,-0.0078125,1.03076171875,1.0311802927213076
1785956094709,0.03173828125,-0.00927734375,1.029296875,1.0298278712913753
1785956094719,0.03076171875,-0.0078125,1.03076171875,1.0312502311937477
1785956094728,0.0302734375,-0.00732421875,1.03076171875,1.031232197925772
1785956094738,0.03076171875,-0.0078125,1.03076171875,1.0312502311937477
1785956094749,0.029296875,-0.00634765625,1.03271484375,1.0331498188192363
1785956094759,0.03076171875,-0.00732421875,1.03173828125,1.032222751404684
1785956094768,0.03125,-0.0068359375,1.0302734375,1.0307699299841697
1785956094778,0.03173828125,-0.0068359375,1.03173828125,1.032248966836447
1785956094788,0.0302734375,-0.0078125,1.0322265625,1.0326999527960108
1785956094798,0.02880859375,-0.0078125,1.03125,1.031681895125674
1785956094809,0.02978515625,-0.0087890625,1.02978515625,1.0302533043797057
1785956094817,0.02978515625,-0.0087890625,1.03125,1.0317174834480929
1785956094828,0.0283203125,-0.0087890625,1.03076171875,1.0311881538110204
1785956094838,0.03076171875,-0.00830078125,1.02978515625,1.030277950041954
1785956094848,0.0322265625,-0.00732421875,1.0302734375,1.0308033525017906
1785956094857,0.0322265625,-0.0068359375,1.0322265625,1.0327521279100018
1785956094867,0.03076171875,-0.0068359375,1.0322265625,1.0327074560167193
1785956094877,0.03271484375,-0.00732421875,1.02978515625,1.0303307106044746
1785956094888,0.03076171875,-0.00732421875,1.0302734375,1.0307585961508243
1785956094898,0.02978515625,-0.0078125,1.0322265625,1.0326857542445589
1785956094907,0.0302734375,-0.00634765625,1.03125,1.031713786017195
1785956094917,0.03125,-0.0078125,1.03076171875,1.031264911890589
1785956094927,0.029296875,-0.00732421875,1.0322265625,1.0326682077974658
1785956094938,0.0302734375,-0.00732421875,1.03173828125,1.0322083153099806
1785956094946,0.02978515625,-0.0068359375,1.03125,1.0317026936449962
1785956094957,0.02880859375,-0.0078125,1.03076171875,1.031193818382634
1785956094967,0.0302734375,-0.00927734375,1.0322265625,1.0327120733562132
1785956094977,0.03076171875,-0.0078125,1.03173828125,1.032226331524927
1785956094987,0.029296875,-0.0068359375,1.0322265625,1.0326648600861927
1785956094996,0.0302734375,-0.0078125,1.03125,1.0317238383764893
1785956095006,0.02978515625,-0.00732421875,1.0322265625,1.0326821757170506
1785956095017,0.02978515625,-0.00927734375,1.03173828125,1.0322098166732365
1785956095027,0.03173828125,-0.00830078125,1.0302734375,1.030795604125343
1785956095036,0.03173828125,-0.00830078125,1.03125,1.0317716723995016
1785956095046,0.0302734375,-0.00732421875,1.03125,1.0317202565125705
1785956095056,0.03271484375,-0.005859375,1.03125,1.0317854213822648
1785956095066,0.0302734375,-0.0068359375,1.03076171875,1.0312288455527339
1785956095075,0.03125,-0.00830078125,1.03173828125,1.0322448093674603
1785956095086,0.03173828125,-0.00732421875,1.02978515625,1.0303001653449537
1785956095096,0.0302734375,-0.005859375,1.03125,1.0317108973900861
1785956095106,0.03125,-0.00732421875,1.02978515625,1.0302852394910522
1785956095116,0.03076171875,-0.0078125,1.03125,1.03173828125
1785956095125,0.0302734375,-0.0087890625,1.03173828125,1.0322197487136155
1785956095135,0.0283203125,-0.00732421875,1.03369140625,1.0341052207756705
1785956095146,0.03076171875,-0.005859375,1.03173828125,1.0322133968383422
1785956095156,0.03125,-0.00830078125,1.029296875,1.029804603968212
1785956095165,0.02880859375,-0.0078125,1.03076171875,1.031193818382634
1785956095175,0.02978515625,-0.00732421875,1.03125,1.0317060444783364
1785956095185,0.03076171875,-0.00830078125,1.03076171875,1.0312540458831028
1785956095195,0.0302734375,-0.00927734375,1.03173828125,1.0322240217713528
1785956095206,0.03125,-0.0068359375,1.03173828125,1.032234069161742
1785956095214,0.0302734375,-0.0078125,1.0302734375,1.030747724805824
1785956095225,0.02978515625,-0.0087890625,1.03076171875,1.0312294235488628
1785956095235,0.03271484375,-0.0078125,1.033203125,1.0337504503832646
1785956095245,0.03271484375,-0.00732421875,1.03125,1.0317947798287626
1785956095254,0.03076171875,-0.0087890625,1.02978515625,1.0302819997422648
1785956095264,0.02978515625,-0.00732421875,1.029296875,1.0297537844542746
1785956095274,0.0302734375,-0.005859375,1.03076171875,1.031222834373789
1785956095285,0.02978515625,-0.0068359375,1.03076171875,1.031214626745953
1785956095295,0.03076171875,-0.00732421875,1.02978515625,1.0302705448345055
1785956095304,0.0322265625,-0.0068359375,1.03173828125,1.032264095262823
1785956095314,0.02978515625,-0.00634765625,1.0322265625,1.0326757112488274
1785956095324,0.03076171875,-0.00634765625,1.03125,1.0317282290314258
1785956095335,0.03076171875,-0.00732421875,1.03125,1.0317346994362222
1785956095343,0.0302734375,-0.00732421875,1.03271484375,1.0331844335354414
1785956095354,0.0302734375,-0.0078125,1.03271484375,1.0331880103233406
1785956095364,0.03076171875,-0.00927734375,1.0302734375,1.0307743247023453
1785956095374,0.03173828125,-0.0087890625,1.029296875,1.0298235882912659
1785956095384,0.033203125,-0.0078125,1.03125,1.0318139586020416
1785956095393,0.03076171875,-0.009765625,1.029296875,1.029802751820396
1785956095403,0.0302734375,-0.0087890625,1.0302734375,1.0307555891945295
1785956095414,0.0302734375,-0.0087890625,1.029296875,1.0297794839296717
1785956095424,0.03076171875,-0.00830078125,1.03173828125,1.0322301426070246
1785956095433,0.0302734375,-0.00732421875,1.0302734375,1.030744139549884
1785956095443,0.03076171875,-0.00927734375,1.03076171875,1.031262368792716
1785956095453,0.03173828125,-0.00830078125,1.03125,1.0317716723995016
1785956095463,0.03125,-0.0068359375,1.029296875,1.0297938383124408
1785956095474,0.029296875,-0.00732421875,1.03125,1.0316920633430615
1785956095482,0.03125,-0.00732421875,1.0302734375,1.0307732838497339
1785956095493,0.02880859375,-0.00732421875,1.03125,1.0316783131161333
1785956095503,0.0302734375,-0.0068359375,1.0322265625,1.0326930266977388
1785956095513,0.03076171875,-0.005859375,1.03173828125,1.0322133968383422
1785956095522,0.03271484375,-0.0048828125,1.03271484375,1.0332444296298355
1785956095532,0.0302734375,-0.0068359375,1.03125,1.0317169057253885
1785956095543,0.029296875,-0.0078125,1.029296875,1.0297433655653148
1785956095553,0.03125,-0.0068359375,1.0322265625,1.032722115998331
1785956095563,0.0302734375,-0.00732421875,1.0322265625,1.0326963743177036
1785956095572,0.029296875,-0.009765625,1.03125,1.0317122839321078
1785956095582,0.02880859375,-0.00830078125,1.03125,1.0316857082189386
1785956095592,0.03125,-0.00732421875,1.03125,1.0317493732395953
1785956095603,0.03076171875,-0.00830078125,1.03369140625,1.0341823386931905
1785956095611,0.03076171875,-0.00830078125,1.02978515625,1.030277950041954
1785956095622,0.03125,-0.00927734375,1.02978515625,1.0303009752688252
1785956095632,0.03173828125,-0.0068359375,1.03125,1.0317609272686226
1785956095642,0.03125,-0.0078125,1.03173828125,1.0322409983395129
1785956095651,0.03076171875,-0.00830078125,1.03125,1.0317420941348736
1785956095661,0.0322265625,-0.0068359375,1.03076171875,1.0312880306745174
1785956095671,0.03173828125,-0.009765625,1.03173828125,1.0322725255110923
1785956095682,0.03076171875,-0.00830078125,1.03125,1.0317420941348736
1785956095692,0.03125,-0.0068359375,1.0322265625,1.032722115998331
1785956095701,0.03076171875,-0.00830078125,1.03173828125,1.0322301426070246
1785956095711,0.03125,-0.00732421875,1.029296875,1.0297971953569613
1785956095721,0.03173828125,-0.0068359375,1.0302734375,1.0307848488197109
1785956095731,0.03173828125,-0.0078125,1.03076171875,1.0312798235655578
1785956095740,0.03076171875,-0.00634765625,1.0322265625,1.0327043393008906
1785956095751,0.03271484375,-0.00732421875,1.03271484375,1.0332588512485492
1785956095761,0.0322265625,-0.00830078125,1.02978515625,1.0303227272717823
1785956095771,0.0302734375,-0.00830078125,1.02978515625,1.0302634866966138
1785956095781,0.03173828125,-0.00830078125,1.03125,1.0317716723995016
1785956095790,0.03125,-0.0078125,1.03125,1.0317529550024318
1785956095800,0.02880859375,-0.00634765625,1.03125,1.031671842357695
1785956095811,0.03076171875,-0.00634765625,1.02978515625,1.0302640652343258
1785956095821,0.03076171875,-0.00830078125,1.03076171875,1.0312540458831028
1785956095830,0.02978515625,-0.00732421875,1.03173828125,1.0321941099957115
1785956095840,0.03173828125,-0.00830078125,1.03271484375,1.0332357765619866
1785956095850,0.0322265625,-0.00927734375,1.03173828125,1.032283149835512
1785956095860,0.03173828125,-0.00830078125,1.02978515625,1.0303075703395086
1785956095871,0.03076171875,-0.005859375,1.03173828125,1.0322133968383422
1785956095879,0.03173828125,-0.0078125,1.03369140625,1.034208043387817
1785956095890,0.03076171875,-0.0048828125,1.0322265625,1.0326963743177036
1785956095900,0.02978515625,-0.0078125,1.03125,1.0317096263915961
1785956095910,0.0302734375,-0.0078125,1.03125,1.0317238383764893
1785956095919,0.03125,-0.00634765625,1.03076171875,1.0312548550578184
1785956095929,0.0302734375,-0.0078125,1.0322265625,1.0326999527960108
1785956095940,0.03076171875,-0.00927734375,1.0322265625,1.0327265024090726
1785956095950,0.02978515625,-0.0068359375,1.03271484375,1.0331668955575026
1785956095960,0.02978515625,-0.005859375,1.02978515625,1.0302324765998518
1785956095969,0.0302734375,-0.00732421875,1.03271484375,1.0331844335354414
1785956095979,0.03125,-0.00830078125,1.0322265625,1.0327328511284644
1785956095989,0.02978515625,-0.005859375,1.02978515625,1.0302324765998518
1785956096000,0.03125,-0.00927734375,1.0283203125,1.0288368659350973
1785956096008,0.03076171875,-0.009765625,1.03173828125,1.0322429615980915
1785956096019,0.03076171875,-0.0087890625,1.03125,1.0317461380882813
1785956096029,0.02978515625,-0.00732421875,1.029296875,1.0297537844542746
1785956096039,0.03125,-0.0068359375,1.03125,1.0317460225469754
1785956096049,0.03173828125,-0.00634765625,1.029296875,1.0298056457998945
1785956096058,0.0322265625,-0.0068359375,1.02978515625,1.0303119670298444
1785956096068,0.0302734375,-0.0078125,1.0322265625,1.0326999527960108
1785956096079,0.02978515625,-0.0078125,1.03271484375,1.0331738184790948
1785956096089,0.03076171875,-0.00830078125,1.03076171875,1.0312540458831028
1785956096098,0.03125,-0.0078125,1.03125,1.0317529550024318
1785956096108,0.029296875,-0.00830078125,1.03173828125,1.032187526978906
1785956096118,0.03125,-0.0078125,1.03076171875,1.031264911890589
1785956096128,0.0302734375,-0.0068359375,1.03369140625,1.034157209719428
1785956096139,0.029296875,-0.0078125,1.0302734375,1.030719505034751
1785956096148,0.029296875,-0.00830078125,1.03125,1.0316994583473067
1785956096158,0.03125,-0.0078125,1.03125,1.0317529550024318
1785956096168,0.029296875,-0.0068359375,1.03125,1.031688712464312
1785956096178,0.0283203125,-0.00732421875,1.03125,1.0316647938067847
1785956096187,0.03125,-0.00732421875,1.03173828125,1.032237418270139
1785956096197,0.03173828125,-0.00732421875,1.03125,1.0317642779128389
1785956096208,0.0302734375,-0.00732421875,1.03173828125,1.0322083153099806
1785956096218,0.03125,-0.0087890625,1.03271484375,1.033224931281285
1785956096228,0.0302734375,-0.01025390625,1.03173828125,1.032233260754639
1785956096237,0.03125,-0.00927734375,1.0322265625,1.0327411621203166
1785956096247,0.03173828125,-0.0078125,1.03076171875,1.0312798235655578
1785956096257,0.02978515625,-0.00830078125,1.0322265625,1.0326895636311832
1785956096268,0.03173828125,-0.00732421875,1.03173828125,1.032252315896509
1785956096276,0.0302734375,-0.00732421875,1.03076171875,1.031232197925772
1785956096287,0.03173828125,-0.005859375,1.0302734375,1.0307788350515164
1785956096297,0.03076171875,-0.005859375,1.033203125,1.0336775672934042
1785956096307,0.02978515625,-0.0068359375,1.0302734375,1.030726560049952
1785956096316,0.02978515625,-0.00439453125,1.03125,1.0316894057504633
1785956096326,0.0302734375,-0.0068359375,1.03271484375,1.0331810874968421
1785956096336,0.02978515625,-0.00732421875,1.03173828125,1.0321941099957115
1785956096347,0.0302734375,-0.00634765625,1.02978515625,1.030249601694061
1785956096357,0.02880859375,-0.00927734375,1.0302734375,1.030717885844121
1785956096366,0.02978515625,-0.00830078125,1.0322265625,1.0326895636311832
1785956096376,0.0302734375,-0.0078125,1.0322265625,1.0326999527960108
1785956096386,0.03125,-0.01025390625,1.03173828125,1.032262363011501
1785956096397,0.02978515625,-0.01025390625,1.03125,1.0317310020670216
1785956096405,0.03076171875,-0.00830078125,1.03125,1.0317420941348736
1785956096416,0.03369140625,-0.0087890625,1.03271484375,1.0333016534276516
1785956096426,0.03173828125,-0.00732421875,1.03369140625,1.034204470127694
1785956096436,0.03076171875,-0.0078125,1.033203125,1.0336904836586578
1785956096446,0.033203125,-0.00732421875,1.02978515625,1.0303463299895335
1785956096455,0.03076171875,-0.00830078125,1.03076171875,1.0312540458831028
1785956096465,0.03271484375,-0.0078125,1.0341796875,1.0347264963242386
1785956096476,0.03125,-0.0068359375,1.03173828125,1.032234069161742
1785956096486,0.0322265625,-0.00830078125,1.03173828125,1.0322748351561375
1785956096495,0.03173828125,-0.00634765625,1.02880859375,1.0293176058974338
1785956096505,0.02978515625,-0.0068359375,1.02880859375,1.0292623611830918
1785956096515,0.0302734375,-0.00732421875,1.0302734375,1.030744139549884
1785956096525,0.0283203125,-0.00830078125,1.03271484375,1.0331364341513878
1785956096536,0.03076171875,-0.0087890625,1.0322265625,1.0327222314304314
1785956096544,0.029296875,-0.0078125,1.02978515625,1.0302314351998063
1785956096555,0.029296875,-0.00537109375,1.03076171875,1.0311919687300184
1785956096565,0.0302734375,-0.00537109375,1.0302734375,1.030732111503374
1785956096575,0.02978515625,-0.00830078125,1.03173828125,1.0322015014031425
1785956096584,0.03125,-0.005859375,1.03173828125,1.0322280638367156
1785956096594,0.03271484375,-0.0068359375,1.03271484375,1.03325550545094
1785956096605,0.03125,-0.00830078125,1.03271484375,1.033220893115769
1785956096615,0.03125,-0.00927734375,1.03125,1.0317650866873989
1785956096625,0.03076171875,-0.00830078125,1.03369140625,1.0341823386931905
1785956096634,0.03271484375,-0.009765625,1.0302734375,1.0308389711547066
1785956096644,0.0322265625,-0.01025390625,1.03125,1.031804369259963
1785956096654,0.03076171875,-0.00927734375,1.03173828125,1.0322384576463977
1785956096665,0.03271484375,-0.0068359375,1.03173828125,1.0322794544307248
1785956096673,0.03173828125,-0.00732421875,1.0322265625,1.032740354110155
1785956096684,0.03125,-0.00732421875,1.03125,1.0317493732395953
1785956096694,0.0302734375,-0.00732421875,1.03125,1.0317202565125705
1785956096704,0.03125,-0.0078125,1.03125,1.0317529550024318
1785956096714,0.03173828125,-0.0048828125,1.02978515625,1.030285702311476
1785956096723,-0.04150390625,0.0166015625,1.02685546875,1.0278279718966752
1785956096733,-0.291015625,-0.0009765625,1.041015625,1.0809276475151322
1785956096744,0.263671875,-0.12451171875,1.02685546875,1.0674540643390127
1785956096754,0.1904296875,-0.0146484375,1.02734375,1.0449465169407484
1785956096763,0.00244140625,-0.03173828125,1.037109375,1.0375977711396995
1785956096773,0.0703125,0.00830078125,1.03515625,1.0375746780543909
1785956096783,0.04736328125,0.00537109375,1.04296875,1.0440574421627387
1785956096794,0.021484375,-0.01025390625,1.07568359375,1.0759469851370185
1785956096802,0.046875,0.02490234375,1.0302734375,1.0316398346163789
1785956096813,0.064453125,0.03125,1.037109375,1.0395800226702878
1785956096823,0.033203125,0.03125,1.0830078125,1.0839672190365357
1785956096833,0.0283203125,0.0751953125,1.087890625,1.0908539714759995
1785956096843,0.0185546875,0.12939453125,1.056640625,1.064695558150789
1785956096852,-0.0244140625,0.01123046875,1.083984375,1.0843174328213299
1785956096862,-0.03076171875,-0.1171875,1.21630859375,1.2223280201021356
1785956096873,-0.17529296875,-0.0205078125,1.248046875,1.2604638818561955
1785956096883,-0.01904296875,-0.07861328125,1.1630859375,1.1658951842502647
1785956096892,0.1962890625,-0.23974609375,1.22900390625,1.2674613158212251
1785956096902,0.02490234375,-0.17431640625,1.30078125,1.3126454953885
1785956096912,0.01806640625,-0.2294921875,1.34716796875,1.3666947703069352
1785956096922,0.07958984375,-0.20849609375,1.275390625,1.2947688638035164
1785956096933,0.07666015625,-0.224609375,1.20361328125,1.2267889311921414
1785956096941,0.04833984375,-0.28466796875,1.1865234375,1.22115128492044
1785956096952,-0.015625,-0.2900390625,1.15625,1.1921748449371337
1785956096962,0.02978515625,-0.328125,1.0986328125,1.146973071985344
1785956096972,0.1005859375,-0.40380859375,1.04345703125,1.1233794938818182
1785956096981,0.1748046875,-0.47705078125,1.0283203125,1.1469859597062666
1785956096991,0.251953125,-0.552734375,1.07275390625,1.2328003122479083
1785956097002,0.2685546875,-0.54052734375,1.04833984375,1.2096726241067985
1785956097012,0.22119140625,-0.6669921875,1.01708984375,1.2362345920755846
1785956097022,0.0869140625,-0.66943359375,0.98876953125,1.1972303774251798
1785956097031,0.07568359375,-0.6240234375,0.93994140625,1.1307621783980304
1785956097041,0.2021484375,-0.64013671875,0.92431640625,1.1423658907454401
1785956097051,0.23828125,-0.71875,0.8583984375,1.1446516474910626
1785956097062,0.287109375,-0.716796875,0.8125,1.1208861687177054
1785956097070,0.28662109375,-0.76123046875,0.74169921875,1.1007911741243892
1785956097081,0.29833984375,-0.7099609375,0.70263671875,1.0424728071659326
1785956097091,0.34423828125,-0.783203125,0.642578125,1.0699597076601695
1785956097101,0.2685546875,-0.85546875,0.5703125,1.0626404613325409
1785956097111,0.265625,-0.8154296875,0.5576171875,1.022946305373238
1785956097120,0.29248046875,-0.81396484375,0.501953125,1.000020265373881
1785956097130,0.318359375,-0.8671875,0.43603515625,1.0215153005670559
1785956097141,0.2412109375,-0.892578125,0.3671875,0.9948392260834886
1785956097151,0.3037109375,-0.90283203125,0.3271484375,1.007160419380558
1785956097160,0.45458984375,-0.9541015625,0.26806640625,1.0903308285861595
1785956097170,0.46630859375,-0.974609375,0.19921875,1.0986333550345884
1785956097180,0.40185546875,-0.95556640625,0.16845703125,1.0502250929659727
1785956097190,0.28173828125,-0.91650390625,0.130859375,0.9677189908845457
1785956097201,0.28076171875,-0.890625,0.10107421875,0.9392848508500373
1785956097210,0.33935546875,-0.935546875,0.01123046875,0.9952568577614236
1785956097220,0.376953125,-0.892578125,-0.0771484375,0.971978008539531
1785956097230,0.3779296875,-0.8642578125,-0.11474609375,0.9502310672631245
1785956097240,0.294921875,-0.8427734375,-0.21044921875,0.9173520877948484
1785956097249,0.3427734375,-0.8486328125,-0.22509765625,0.9425180288760898
1785956097259,0.3505859375,-0.8544921875,-0.3037109375,0.9722693719481335
1785956097270,0.34912109375,-0.8701171875,-0.32421875,0.9920218021473465
1785956097280,0.29541015625,-0.9169921875,-0.37255859375,1.0329287188033172
1785956097290,0.22998046875,-0.869140625,-0.369140625,0.9718854063403005
1785956097299,0.1943359375,-0.7646484375,-0.38720703125,0.8788532156308206
1785956097309,0.25927734375,-0.7236328125,-0.43212890625,0.8818189042686356
1785956097319,0.2900390625,-0.78271484375,-0.50341796875,0.9747793779429486
1785956097330,0.193359375,-0.76123046875,-0.474609375,0.9176675505277638
1785956097338,0.14404296875,-0.76611328125,-0.48095703125,0.9159681230603871
1785956097349,0.07568359375,-0.81787109375,-0.5126953125,0.9682446053628231
1785956097359,0.126953125,-0.78759765625,-0.49560546875,0.9391762053697198
1785956097369,0.1845703125,-0.74267578125,-0.53125,0.931590080889468
1785956097378,0.23291015625,-0.70361328125,-0.56494140625,0.9319214467601433
1785956097388,0.169921875,-0.67578125,-0.61181640625,0.9272934036278611
1785956097398,0.125,-0.646484375,-0.5888671875,0.8833638048014537
1785956097409,0.1142578125,-0.65576171875,-0.6103515625,0.9031097991614478
1785956097419,0.1298828125,-0.63427734375,-0.587890625,0.874524259663708
1785956097428,0.1123046875,-0.65478515625,-0.60498046875,0.8985306401279699
1785956097438,0.06591796875,-0.65576171875,-0.6103515625,0.8982748133106435
1785956097448,0.06005859375,-0.7060546875,-0.6318359375,0.9493876491404626
1785956097459,0.0390625,-0.73974609375,-0.6259765625,0.9698437085035662
1785956097467,0.0517578125,-0.7412109375,-0.60595703125,0.958778623429688
1785956097478,0.03662109375,-0.73291015625,-0.62939453125,0.9667656787501576
1785956097488,0.0126953125,-0.705078125,-0.626953125,0.9435923665758715
1785956097498,0.03564453125,-0.69189453125,-0.61865234375,0.9288268393027075
1785956097508,-0.01123046875,-0.68212890625,-0.6259765625,0.9258901797564776
1785956097517,-0.02978515625,-0.6884765625,-0.60009765625,0.9137857132180369
1785956097527,-0.00537109375,-0.70263671875,-0.6025390625,0.9256243995391525
1785956097538,0.01513671875,-0.70263671875,-0.6220703125,0.9385621729454745
1785956097548,-0.0126953125,-0.71728515625,-0.65087890625,0.9686601658668823
1785956097557,-0.07373046875,-0.71533203125,-0.62109375,0.9502071054477588
1785956097567,-0.0869140625,-0.708984375,-0.59326171875,0.9285323716427977
1785956097577,-0.076171875,-0.71435546875,-0.60400390625,0.9385769062998016
1785956097587,-0.08349609375,-0.6953125,-0.5986328125,0.921299253516152
1785956097598,-0.09765625,-0.70849609375,-0.623046875,0.9485203563816313
1785956097606,-0.11669921875,-0.69970703125,-0.62646484375,0.9463967654700964
1785956097617,-0.09912109375,-0.6572265625,-0.60302734375,0.8974484514399383
1785956097627,-0.09375,-0.6669921875,-0.626953125,0.9201836021323684
1785956097637,-0.06884765625,-0.69384765625,-0.64404296875,0.9491869760226642
1785956097646,-0.0654296875,-0.68017578125,-0.63818359375,0.9349857949386506
1785956097656,-0.08984375,-0.67724609375,-0.640625,0.9365546228270385
1785956097667,-0.06201171875,-0.69677734375,-0.6484375,0.9538423933920555
1785956097677,-0.06689453125,-0.71044921875,-0.6494140625,0.9648583291377012
1785956097687,-0.07861328125,-0.74169921875,-0.6533203125,0.9915267065532575
1785956097696,-0.11279296875,-0.7734375,-0.66943359375,1.029110857316513
1785956097706,-0.07568359375,-0.7529296875,-0.6513671875,0.9984539717149824
1785956097716,-0.0654296875,-0.72802734375,-0.658203125,0.9836341855658505
1785956097727,-0.0439453125,-0.7353515625,-0.671875,0.9970401830352246
1785956097735,-0.046875,-0.708984375,-0.67529296875,0.9802431857770444
1785956097746,-0.10107421875,-0.703125,-0.66015625,0.9697458624479846
1785956097756,-0.0888671875,-0.74609375,-0.65966796875,0.9998575347508132
1785956097766,-0.0830078125,-0.73828125,-0.662109375,0.9951574375446773
1785956097776,-0.05126953125,-0.7021484375,-0.6630859375,0.9671214782169508
1785956097785,-0.0517578125,-0.69775390625,-0.66455078125,0.964970012851127
1785956097795,-0.076171875,-0.7109375,-0.64892578125,0.9655770052244349
1785956097806,-0.08154296875,-0.748046875,-0.63623046875,0.985399711952299
1785956097816,-0.03466796875,-0.787109375,-0.65380859375,1.0238206451969476
1785956097825,-0.0703125,-0.81640625,-0.666015625,1.0559544618208936
1785956097835,-0.08251953125,-0.849609375,-0.6640625,1.0814918247642282
1785956097845,-0.1015625,-0.82666015625,-0.63525390625,1.0474872222339555
1785956097856,-0.11328125,-0.85009765625,-0.62841796875,1.0632063817581145
1785956097866,-0.12646484375,-0.87255859375,-0.62646484375,1.0815775777476164
1785956097875,-0.08984375,-0.83935546875,-0.591796875,1.030928243668957
1785956097885,0.02783203125,-0.69775390625,-0.548828125,0.8881708430485941
1785956097895,0.20703125,-0.66845703125,-0.6728515625,0.9707862618840551
1785956097905,-0.44677734375,-0.99853515625,-0.53369140625,1.2171725310162977
1785956097914,-0.111328125,-1.17431640625,-0.42138671875,1.252589214444553
1785956097924,0.15869140625,-1.38916015625,-0.63134765625,1.534128014600638
1785956097935,0.1552734375,-1.34912109375,-0.66064453125,1.5101949419412035
1785956097945,0.16162109375,-1.41943359375,-0.6083984375,1.5527594030510419
1785956097954,-0.05078125,-1.54150390625,-0.59228515625,1.6521545734735774
1785956097964,-0.09716796875,-1.63916015625,-0.515625,1.72109173858151
1785956097974,0.07373046875,-1.70068359375,-0.5400390625,1.785889990200513
1785956097984,0.068359375,-1.68505859375,-0.572265625,1.7808939929366259
1785956097995,0.04638671875,-1.64208984375,-0.52880859375,1.725760502342994
1785956098003,0.03173828125,-1.59326171875,-0.4951171875,1.6687214423889982
1785956098014,0.1142578125,-1.556640625,-0.50537109375,1.6406050181307343
1785956098024,0.18017578125,-1.5947265625,-0.56591796875,1.701728318106695
1785956098034,0.19775390625,-1.56884765625,-0.56494140625,1.6791510856542897
1785956098043,0.1494140625,-1.42724609375,-0.52001953125,1.5263604708845344
1785956098053,0.095703125,-1.14892578125,-0.4736328125,1.2464018533492112
1785956098064,0.0966796875,-0.876953125,-0.49365234375,1.0109828791390245
1785956098074,0.0703125,-0.6552734375,-0.5751953125,0.8747438328283824
1785956098084,0.12255859375,-0.51708984375,-0.64794921875,0.8379980342996708
1785956098093,0.33984375,-0.49072265625,-0.70166015625,0.9212108741433161
1785956098103,0.37646484375,-0.4208984375,-0.84375,1.0152809147076751
1785956098113,0.169921875,-0.2724609375,-0.89501953125,0.9508776826626357
1785956098124,0.2275390625,-0.08544921875,-0.9326171875,0.9637688583725739
1785956098132,0.333984375,0.2001953125,-1.041015625,1.1114572674580223
1785956098143,0.4365234375,0.62255859375,-1.13330078125,1.3647353497732277
1785956098153,0.5498046875,0.6708984375,-1.3232421875,1.5822009337049132
1785956098163,0.412109375,0.65771484375,-1.32373046875,1.5344983892298723
1785956098173,0.52783203125,0.69287109375,-1.3427734375,1.60053663195298
1785956098182,0.5517578125,0.62255859375,-1.4365234375,1.6600046604734515
1785956098192,0.49267578125,0.45849609375,-1.42333984375,1.5744346300245624
1785956098203,0.50830078125,0.39697265625,-1.39208984375,1.5342330680510834
1785956098213,0.3349609375,0.4404296875,-1.17431640625,1.2981510548738702
1785956098222,0.14892578125,0.466796875,-0.93408203125,1.0547926108647208
1785956098232,0.06982421875,0.4296875,-0.67578125,0.8038576161434687
1785956098242,0.04248046875,0.29296875,-0.572265625,0.6443005698107234
1785956098252,-0.09521484375,0.27978515625,-0.50341796875,0.5837595835517819
1785956098263,-0.15625,0.2353515625,-0.31787109375,0.42526045279688623
1785956098272,-0.103515625,0.193359375,-0.181640625,0.28477473407927517
1785956098282,-0.11669921875,0.01806640625,-0.00048828125,0.11809039381012112
1785956098292,-0.302734375,-0.087890625,0.1484375,0.3484344345436904
1785956098302,-0.38037109375,-0.23583984375,0.333984375,0.5584336698344184
1785956098311,-0.4873046875,-0.37158203125,0.474609375,0.7751084590205678
1785956098321,-0.64208984375,-0.384765625,0.64697265625,0.9893925265352073
1785956098332,-0.8125,-0.32177734375,0.91455078125,1.264950607903641
1785956098342,-0.86328125,-0.44921875,0.9560546875,1.3642186655532345
1785956098352,-0.8271484375,-0.51513671875,0.98828125,1.3878905597217566
1785956098361,-0.95361328125,-0.4541015625,1.2001953125,1.5987668083208089
1785956098371,-0.95654296875,-0.33251953125,1.396484375,1.725025303972937
1785956098381,-0.9716796875,-0.2490234375,1.5087890625,1.8117998020322341
1785956098392,-1.0078125,-0.142578125,1.64501953125,1.934451812550195
1785956098400,-1.0244140625,-0.029296875,1.8076171875,2.0779226104159725
1785956098411,-1.13134765625,-0.0966796875,1.845703125,2.1670058852970917
1785956098421,-1.35107421875,-0.2392578125,1.89404296875,2.3388126502318483
1785956098431,-1.49072265625,-0.2255859375,2.0703125,2.5611202433136677
1785956098441,-1.4580078125,-0.14013671875,2.08642578125,2.549234712990886
1785956098450,-1.40478515625,-0.14794921875,1.93310546875,2.3942028025754687
1785956098461,-1.3720703125,-0.0810546875,1.83544921875,2.2930374265195836
1785956098471,-1.2744140625,-0.0126953125,1.7451171875,2.1609549675467874
1785956098481,-1.1630859375,-0.0439453125,1.58935546875,1.9699621556127693
1785956098490,-1.154296875,-0.07275390625,1.45947265625,1.8621908712188529
1785956098500,-1.00439453125,0.009765625,1.34912109375,1.6819724930681073
1785956098510,-0.76904296875,0.06982421875,1.18408203125,1.4136310572553885
1785956098521,-0.521484375,0.03466796875,0.96728515625,1.0994491324877103
1785956098529,-0.384765625,-0.048828125,0.7353515625,0.8313667616905596
1785956098540,-0.3193359375,-0.15185546875,0.63037109375,0.7227746814906132
1785956098550,-0.2275390625,-0.34326171875,0.57666015625,0.7086180694343445
1785956098560,-0.197265625,-0.5107421875,0.52392578125,0.7578057357643505
1785956098570,-0.25341796875,-0.53173828125,0.51025390625,0.7793107951744694
1785956098579,-0.2080078125,-0.5009765625,0.4677734375,0.7162798022183217
1785956098589,0.03125,-0.55712890625,0.31689453125,0.6417096887343049
1785956098600,0.193359375,-0.7158203125,0.1689453125,0.7604795107717965
1785956098610,0.23046875,-0.8154296875,0.1435546875,0.8594471294303873
1785956098619,0.27587890625,-0.91162109375,0.140625,0.9627759760757653
1785956098629,0.26611328125,-1.0439453125,0.1650390625,1.0898972364857356
1785956098639,0.25,-1.0810546875,0.19580078125,1.126728531325906
1785956098649,0.279296875,-1.21240234375,0.158203125,1.2541747949448772
1785956098660,0.16259765625,-1.34716796875,0.10009765625,1.3606318659471184
1785956098669,0.05126953125,-1.40576171875,0.16943359375,1.416863549333029
1785956098679,-0.00341796875,-1.4560546875,0.2373046875,1.4752696194969146
1785956098689,0.0322265625,-1.35546875,0.2802734375,1.3845169855676005
1785956098699,0.01171875,-1.21826171875,0.3134765625,1.2580009935250778
1785956098708,0.0400390625,-1.13818359375,0.32763671875,1.1850784105200847
1785956098718,0.0126953125,-1.060546875,0.37255859375,1.124153348439934
1785956098729,-0.03466796875,-1.07958984375,0.49658203125,1.188827074281948
1785956098739,-0.1513671875,-1.1220703125,0.64404296875,1.3025917078047984
1785956098749,-0.2880859375,-1.158203125,0.7509765625,1.4101041747223273
1785956098758,-0.3486328125,-1.21044921875,0.78515625,1.4843188626566086
1785956098768,-0.34375,-1.15478515625,0.80810546875,1.4507678202314092
1785956098778,-0.3359375,-1.0517578125,0.83544921875,1.3845663209723904
1785956098789,-0.28125,-0.96435546875,0.84033203125,1.3096720793209204
1785956098797,-0.2724609375,-0.89013671875,0.86865234375,1.2732380903950227
1785956098808,-0.37353515625,-0.8251953125,0.9130859375,1.2861577453745472
1785956098818,-0.3671875,-0.81298828125,0.94921875,1.302610011076854
1785956098828,-0.3173828125,-0.7216796875,0.98291015625,1.2600261093643683
1785956098838,-0.2568359375,-0.7138671875,0.978515625,1.2381695718074341
1785956098847,-0.19482421875,-0.72216796875,0.95849609375,1.215811586157188
1785956098857,-0.185546875,-0.68798828125,0.97705078125,1.209290596631277
1785956098868,-0.14599609375,-0.73388671875,1.0263671875,1.270170925082353
1785956098878,-0.14404296875,-0.73681640625,1.06982421875,1.3069700273493368
1785956098887,-0.20654296875,-0.6455078125,1.0830078125,1.277593932309728
1785956098897,-0.1787109375,-0.6591796875,1.07958984375,1.277485690848581
1785956098907,-0.13134765625,-0.71240234375,1.0869140625,1.306197337864044
1785956098918,-0.1513671875,-0.64208984375,1.0732421875,1.259777831972108
1785956098928,-0.16943359375,-0.50830078125,1.09423828125,1.2183738519286083
1785956098937,-0.1015625,-0.466796875,1.12939453125,1.2262733264380428
1785956098947,-0.08056640625,-0.46533203125,1.1435546875,1.2372316551181972
1785956098957,-0.1259765625,-0.40869140625,1.15283203125,1.2296017453297308
1785956098967,-0.11865234375,-0.31005859375,1.181640625,1.2273912484965772
1785956098976,-0.13427734375,-0.30712890625,1.185546875,1.2320227120151408
1785956098986,-0.16845703125,-0.34375,1.2431640625,1.3007685113689782
1785956098997,-0.12109375,-0.375,1.2900390625,1.3488845314054652
1785956099007,-0.140625,-0.35107421875,1.326171875,1.3790432697116282
1785956099017,-0.17822265625,-0.330078125,1.34033203125,1.3918350612766845
1785956099026,-0.21484375,-0.2626953125,1.328125,1.3707963669883778
1785956099036,-0.22314453125,-0.1953125,1.2880859375,1.3217813120438215
1785956099046,-0.20263671875,-0.12109375,1.2705078125,1.292252079781017
1785956099057,-0.20751953125,-0.06201171875,1.2724609375,1.290762041034647
1785956099065,-0.23828125,-0.04345703125,1.2626953125,1.2857161116965512
1785956099076,-0.240234375,-0.0458984375,1.2734375,1.2967121067927267
1785956099086,-0.2568359375,-0.03857421875,1.26220703125,1.2886501693169543
1785956099096,-0.2841796875,-0.00634765625,1.220703125,1.253361283474255
1785956099105,-0.287109375,0.00830078125,1.19580078125,1.2298130771057696
1785956099115,-0.294921875,0.03662109375,1.19677734375,1.233124497921547
1785956099126,-0.3408203125,0.06591796875,1.19189453125,1.241417028093453
1785956099136,-0.3857421875,0.05712890625,1.1767578125,1.2396853215338124
1785956099146,-0.369140625,0.06640625,1.140625,1.2007081167750357
1785956099155,-0.39111328125,0.1142578125,1.0859375,1.1598640870350616
1785956099165,-0.41015625,0.11865234375,1.05322265625,1.1364789886881923
1785956099175,-0.33935546875,0.09716796875,1.03369140625,1.0923010902112273
1785956099186,-0.265625,0.12060546875,0.986328125,1.0285647718463933
1785956099194,-0.26318359375,0.14501953125,0.95458984375,1.0007687236588603
1785956099205,-0.26513671875,0.1220703125,0.95654296875,1.0000865421994378
1785956099215,-0.21044921875,0.11279296875,0.96728515625,0.9963190758855873
1785956099225,-0.20458984375,0.0859375,0.974609375,0.9995527459367964
1785956099235,-0.3115234375,0.0947265625,0.9775390625,1.0303410078552935
1785956099244,-0.34375,0.11376953125,0.94921875,1.0159349408758453
1785956099254,-0.24462890625,0.09033203125,0.86376953125,0.9022754461685562
1785956099265,-0.107421875,0.07666015625,0.802734375,0.8135101201530505
1785956099275,0.0380859375,0.06201171875,0.77880859375,0.7822012641235219
1785956099284,0.07421875,0.00830078125,0.74365234375,0.7473928914471899
1785956099294,0.05078125,-0.04638671875,0.74072265625,0.7439089436954026
1785956099304,0.015625,-0.09765625,0.7890625,0.7952361364370413
1785956099315,-0.01416015625,-0.1162109375,0.86572265625,0.8736024322105617
1785956099325,-0.0302734375,-0.11181640625,0.9033203125,0.9107178359403252
1785956099334,-0.09521484375,-0.03857421875,0.8798828125,0.885859808635328
1785956099344,-0.1474609375,0.06005859375,0.85546875,0.8701600686070172
1785956099354,-0.08544921875,0.08740234375,0.83349609375,0.8424111092420893
1785956099364,0.0390625,0.11328125,0.84814453125,0.856567374114316
1785956099373,0.05615234375,0.0478515625,0.85107421875,0.8542658740481399
1785956099383,0.03076171875,0.03125,0.86669921875,0.8678078022363676
1785956099394,-0.0234375,0.02587890625,0.90234375,0.9030189795120637
1785956099404,-0.0908203125,0.01171875,0.94873046875,0.9531396333165224
1785956099414,-0.1875,0.00537109375,0.99560546875,1.0131215860166924
1785956099423,-0.2822265625,0.01220703125,1.0966796875,1.1324783358491246
1785956099433,-0.3388671875,0.0576171875,1.17041015625,1.2198404178058373
1785956099443,-0.34033203125,0.1015625,1.13720703125,1.1913776331732266
1785956099454,-0.31298828125,0.1103515625,1.1318359375,1.179487906238349
1785956099462,-0.3359375,0.12841796875,1.13818359375,1.19365282711758
1785956099473,-0.36572265625,0.1513671875,1.15380859375,1.2198111975865644
1785956099483,-0.37744140625,0.15625,1.1904296875,1.2585701881632685
1785956099493,-0.35205078125,0.12353515625,1.2001953125,1.2568490265562606
1785956099503,-0.34423828125,0.09912109375,1.2041015625,1.2562585555207542
1785956099512,-0.36376953125,0.08154296875,1.21923828125,1.274958632302971
1785956099523,-0.3671875,0.0009765625,1.2392578125,1.292512104265508
1785956099533,-0.38134765625,-0.04443359375,1.2412109375,1.2992324543939537
1785956099543,-0.43896484375,-0.0029296875,1.22802734375,1.3041280129323924
1785956099552,-0.4443359375,0.05224609375,1.23828125,1.316626193635726
1785956099562,-0.33935546875,-0.0068359375,1.3017578125,1.3452814822990842
1785956099572,-0.26611328125,-0.05908203125,1.30419921875,1.3323822901338707
1785956099583,-0.248046875,-0.0859375,1.24267578125,1.2701006272767577
1785956099593,-0.22802734375,-0.13037109375,1.1806640625,1.2095291315475853
1785956099602,-0.1962890625,-0.234375,1.1513671875,1.191262958852406
1785956099612,-0.1826171875,-0.30908203125,1.17333984375,1.2270318366461852
1785956099622,-0.2080078125,-0.3544921875,1.19580078125,1.2644648945295716
1785956099632,-0.240234375,-0.34033203125,1.18505859375,1.256145818385397
1785956099641,-0.2705078125,-0.30419921875,1.14990234375,1.2198307429612474
1785956099651,-0.32568359375,-0.32861328125,1.12109375,1.2128098318124194
1785956099662,-0.31298828125,-0.31103515625,1.11572265625,1.1998089757510761
1785956099672,-0.2431640625,-0.40966796875,1.115234375,1.21272598598896
1785956099681,-0.2021484375,-0.48583984375,1.04931640625,1.173869356012044
1785956099691,-0.16552734375,-0.5244140625,0.97314453125,1.1177744357331074
1785956099701,-0.14208984375,-0.57568359375,0.97216796875,1.13873248977682
1785956099711,-0.15673828125,-0.60205078125,1.03125,1.2043706217410566
1785956099722,-0.166015625,-0.55810546875,1.04638671875,1.197484057167021
1785956099731,-0.1474609375,-0.52685546875,0.994140625,1.1347409375340045
1785956099741,-0.10302734375,-0.51611328125,0.94775390625,1.0840779581999425
1785956099751,-0.0537109375,-0.5185546875,0.892578125,1.0336728389407681
1785956099761,-0.03759765625,-0.54541015625,0.84619140625,1.0074352179209813
1785956099770,-0.0751953125,-0.52392578125,0.7978515625,0.9574547900888516
1785956099780,-0.07177734375,-0.47705078125,0.7568359375,0.8975132707980116
1785956099791,-0.0302734375,-0.47021484375,0.70947265625,0.8516865211257801
1785956099801,0.0234375,-0.4794921875,0.6767578125,0.8297368324110785
1785956099811,0.06982421875,-0.4638671875,0.67138671875,0.8190288854961708
1785956099820,0.05712890625,-0.4150390625,0.6630859375,0.7843494730287349
1785956099830,0.01220703125,-0.28564453125,0.599609375,0.6642839847782432
1785956099840,-0.0322265625,-0.1455078125,0.544921875,0.5649344428184718
1785956099851,-0.0556640625,-0.02294921875,0.49365234375,0.4973105578862241
1785956099859,-0.0703125,0.10888671875,0.4052734375,0.42549585699446946
1785956099870,-0.1142578125,0.24658203125,0.326171875,0.42455345705067193
1785956099880,-0.15478515625,0.34375,0.34326171875,0.5098540130807455
1785956099890,-0.125,0.169921875,0.48291015625,0.5269731137476703
1785956099900,-0.05078125,0.029296875,0.529296875,0.5325337774461764
1785956099909,0.03076171875,0.1474609375,0.40966796875,0.4364846572888719
1785956099919,0.0859375,0.26513671875,0.37841796875,0.46998180029512054
1785956099930,0.1201171875,0.1865234375,0.59716796875,0.637046869838262
1785956099940,0.201171875,0.27734375,0.61669921875,0.7054839511724831
1785956099949,0.0419921875,0.36083984375,1.24072265625,1.2928114504368435
1785956099959,-0.18798828125,0.34130859375,1.5,1.549784226934489
1785956099969,-0.27978515625,0.265625,1.49755859375,1.546453399232358
1785956099980,-0.39794921875,0.087890625,1.67578125,1.7246249274895074
1785956099990,-0.408203125,0.25537109375,1.64306640625,1.712165705219599
1785956099999,-0.2490234375,0.41357421875,1.423828125,1.503443659197113
1785956100009,-0.1123046875,0.48681640625,1.23583984375,1.3330051296332892
1785956100019,-0.033203125,0.49072265625,1.19921875,1.2961623290384519
1785956100029,-0.01416015625,0.466796875,1.21533203125,1.3019722649569156
1785956100038,-0.1044921875,0.484375,1.3134765625,1.403837041151982
1785956100048,-0.2158203125,0.5537109375,1.50927734375,1.6220642126475087
1785956100059,-0.26220703125,0.5771484375,1.6875,1.8026394803580748
1785956100069,-0.27490234375,0.5625,1.81494140625,1.9198931888831656
1785956100079,-0.2734375,0.6806640625,1.77490234375,1.9205077355310227
1785956100088,-0.37451171875,0.92919921875,1.59521484375,1.8837145785195342
1785956100098,-0.46142578125,1.0107421875,1.4267578125,1.8083559872780146
1785956100108,-0.33740234375,0.84033203125,1.37353515625,1.645173878277751
1785956100119,-0.2119140625,0.64453125,1.41650390625,1.5706086140516755
1785956100127,-0.20751953125,0.5419921875,1.47705078125,1.5869779133789135
1785956100138,-0.14794921875,0.37353515625,1.6298828125,1.6786707440014428
1785956100148,0.0048828125,0.27783203125,1.7587890625,1.7806047977628388
1785956100158,0.12646484375,0.18701171875,1.759765625,1.7741876435671007
1785956100169,0.189453125,0.09130859375,1.72998046875,1.7427168927055645
1785956100177,0.060546875,-0.0966796875,1.69921875,1.7030435245168944
1785956100188,-0.04150390625,-0.1650390625,1.62060546875,1.6295160483184248
1785956100198,0.13818359375,-0.212890625,1.5087890625,1.5299874375020812
1785956100208,0.19921875,-0.2373046875,1.34033203125,1.375678588572122
1785956100217,0.09765625,-0.4140625,1.15869140625,1.2343217862404905
1785956100227,0.00634765625,-0.50341796875,1.060546875,1.17398024603164
1785956100237,0.01611328125,-0.5673828125,0.99560546875,1.1460423827930444
1785956100248,0.119140625,-0.65185546875,0.88623046875,1.1065778257336976
1785956100256,0.279296875,-0.89453125,0.74755859375,1.198764677783261
1785956100267,0.3291015625,-0.99658203125,0.65478515625,1.2370235180851068
1785956100277,0.21630859375,-0.9794921875,0.54248046875,1.1403856418242284
1785956100287,0.11328125,-0.890625,0.451171875,1.0047893276789808
1785956100297,0.02001953125,-0.80419921875,0.357421875,0.8802769801591405
1785956100306,0.00341796875,-0.7939453125,0.31396484375,0.8537767652390528
1785956100316,-0.0029296875,-0.8076171875,0.24072265625,0.8427345381828809
1785956100327,-0.23388671875,-0.720703125,0.193359375,0.7819871095438836
1785956100337,-0.2705078125,-0.63232421875,0.11572265625,0.6974239223104471
1785956100346,-0.1064453125,-0.5634765625,-0.0341796875,0.574460348568669
1785956100356,-0.03369140625,-0.50341796875,-0.1806640625,0.535914420028499
1785956100366,-0.13720703125,-0.53759765625,-0.31201171875,0.6365440456616186
1785956100377,-0.15478515625,-0.51953125,-0.3564453125,0.6487868872943735
1785956100387,-0.0986328125,-0.51416015625,-0.4013671875,0.6596853167824374
1785956100396,-0.00439453125,-0.5087890625,-0.43310546875,0.6681810900389904
1785956100406,-0.04931640625,-0.5048828125,-0.5185546875,0.7254224467243537
1785956100416,-0.15625,-0.517578125,-0.5537109375,0.773884345548897
1785956100426,-0.09814453125,-0.52294921875,-0.59033203125,0.7947327484917609
1785956100435,-0.01953125,-0.48779296875,-0.6171875,0.7869204916919822
1785956100445,-0.0224609375,-0.46826171875,-0.68115234375,0.8268869610510261
1785956100456,-0.0556640625,-0.42138671875,-0.71533203125,0.8320848331301001
1785956100466,-0.064453125,-0.43505859375,-0.73779296875,0.85893460173341
1785956100476,-0.11083984375,-0.474609375,-0.7353515625,0.8822026129362838
1785956100485,-0.109375,-0.5654296875,-0.72021484375,0.9221621567214654
1785956100495,-0.10498046875,-0.6533203125,-0.7021484375,0.96481125502751
1785956100505,-0.14697265625,-0.7041015625,-0.7177734375,1.0161489455688513
1785956100516,-0.11376953125,-0.68798828125,-0.69091796875,0.9816511706914018
1785956100524,-0.13134765625,-0.66357421875,-0.681640625,0.9603212442940288
1785956100535,-0.17724609375,-0.64599609375,-0.69091796875,0.9623381788287934
1785956100545,-0.1337890625,-0.62841796875,-0.74560546875,0.9842439594543683
1785956100555,-0.06298828125,-0.5625,-0.77978515625,0.9635552207749517
1785956100565,-0.0869140625,-0.56787109375,-0.80859375,0.9918948966075678
1785956100574,-0.1083984375,-0.5556640625,-0.7978515625,0.9783045984713231
1785956100585,-0.17529296875,-0.5439453125,-0.78173828125,0.9683588530372484
1785956100595,-0.2509765625,-0.54833984375,-0.732421875,0.948740018206572
1785956100605,-0.2177734375,-0.61474609375,-0.70263671875,0.9586638557895133
1785956100614,-0.19189453125,-0.69482421875,-0.7265625,1.0234731420469494
1785956100624,-0.18408203125,-0.67724609375,-0.716796875,1.0031680944580152
1785956100634,-0.2177734375,-0.67041015625,-0.71728515625,1.0056704445594007
1785956100645,-0.22705078125,-0.63427734375,-0.7080078125,0.9773100166384391
1785956100655,-0.2060546875,-0.59814453125,-0.72509765625,0.9622899903897203
1785956100664,-0.234375,-0.58154296875,-0.73876953125,0.9689707350745471
1785956100674,-0.2490234375,-0.54833984375,-0.72509765625,0.9425793694789495
1785956100684,-0.2373046875,-0.580078125,-0.74462890625,0.9732812305988745
1785956100694,-0.2197265625,-0.6298828125,-0.74462890625,0.9997521331680407
1785956100703,-0.2529296875,-0.65185546875,-0.73583984375,1.0150612073210927
1785956100713,-0.27490234375,-0.6455078125,-0.740234375,1.0199012523423132
1785956100724,-0.29248046875,-0.6640625,-0.74365234375,1.0390104123016948
1785956100734,-0.34423828125,-0.68994140625,-0.7109375,1.048785615482226
1785956100744,-0.3310546875,-0.67333984375,-0.65966796875,0.9990723598877851
1785956100753,-0.31640625,-0.70947265625,-0.6376953125,1.0050471016773124
1785956100763,-0.36083984375,-0.77734375,-0.6669921875,1.08597756730405
1785956100773,-0.31103515625,-0.71826171875,-0.66064453125,1.0242528797692971
1785956100784,-0.283203125,-0.7685546875,-0.7099609375,1.0839395049834963
1785956100793,-0.31494140625,-0.826171875,-0.7275390625,1.1450157832427996
1785956100803,-0.3095703125,-0.86474609375,-0.7158203125,1.1644819899100325
1785956100813,-0.27001953125,-0.92431640625,-0.72412109375,1.204833069156504
1785956100823,-0.20556640625,-0.9619140625,-0.76904296875,1.2485845180834205
1785956100832,-0.189453125,-0.96728515625,-0.80712890625,1.2739662991532288
1785956100842,-0.1962890625,-0.9521484375,-0.7998046875,1.2588898209286596
1785956100853,-0.23486328125,-0.97998046875,-0.78076171875,1.2747985493702292
1785956100863,-0.22265625,-0.98779296875,-0.767578125,1.270624623071077
1785956100873,-0.15234375,-0.98828125,-0.77392578125,1.2644641403175687
1785956100882,-0.06396484375,-1.03759765625,-0.81396484375,1.3203178270221216
1785956100892,-0.072265625,-1.11474609375,-0.78662109375,1.3662554370321718
1785956100902,-0.08837890625,-1.11328125,-0.6923828125,1.314001496086256
1785956100913,-0.08935546875,-1.0859375,-0.64306640625,1.2652189757307122
1785956100921,-0.08984375,-1.060546875,-0.6533203125,1.2488630846539688
1785956100932,-0.11181640625,-0.9892578125,-0.62890625,1.1775640108240455
1785956100942,-0.1513671875,-0.97021484375,-0.60791015625,1.154895504604809
1785956100952,-0.10498046875,-0.95458984375,-0.603515625,1.1342370908362853
1785956100962,-0.0556640625,-0.9404296875,-0.6201171875,1.1278527435876822
1785956100971,-0.09619140625,-0.90771484375,-0.607421875,1.0964307358100442
1785956100981,-0.06201171875,-0.9453125,-0.58349609375,1.1126225179008773
1785956100992,-0.01513671875,-0.96630859375,-0.5869140625,1.1306854272386608
1785956101002,-0.0625,-0.89453125,-0.537109375,1.0452649845562862
1785956101011,-0.09814453125,-0.89306640625,-0.47265625,1.015186626020376
1785956101021,-0.12060546875,-0.90966796875,-0.4189453125,1.0087401386521113
1785956101031,-0.12646484375,-0.9033203125,-0.3818359375,0.9888273999269607
1785956101042,-0.13671875,-0.90576171875,-0.37109375,0.9883354081705154
1785956101052,-0.12158203125,-0.92822265625,-0.3505859375,0.9996449316989686
1785956101061,-0.10498046875,-0.97216796875,-0.30908203125,1.0255062946291928
1785956101071,-0.12451171875,-0.97900390625,-0.271484375,1.0235504786907086
1785956101081,-0.140625,-0.9130859375,-0.2666015625,0.9615496414708371
1785956101091,-0.13330078125,-0.84912109375,-0.2841796875,0.905281075092512
1785956101100,-0.080078125,-0.8232421875,-0.287109375,0.8755409748242462
1785956101110,-0.02001953125,-0.79150390625,-0.28759765625,0.8423726177416807
1785956101121,-0.0654296875,-0.765625,-0.267578125,0.8136711483209069
1785956101131,-0.15380859375,-0.77001953125,-0.220703125,0.81565742282075
1785956101141,-0.16796875,-0.76171875,-0.16796875,0.7978987755691116
1785956101150,-0.14404296875,-0.73486328125,-0.119140625,0.7582657235436802
1785956101160,-0.1513671875,-0.7412109375,-0.06884765625,0.7596352276536464
1785956101170,-0.22998046875,-0.75048828125,-0.03125,0.785557279133768
1785956101181,-0.31396484375,-0.71337890625,-0.01708984375,0.779599544479605
1785956101190,-0.34375,-0.64501953125,-0.03076171875,0.7315466776183348
1785956101200,-0.36083984375,-0.54638671875,-0.06591796875,0.6580949915232922
1785956101210,-0.392578125,-0.48193359375,-0.11474609375,0.6320951186682187
1785956101220,-0.41943359375,-0.455078125,-0.1591796875,0.6390295864294182
1785956101231,-0.44091796875,-0.412109375,-0.1953125,0.6343419935537664
1785956101239,-0.46240234375,-0.466796875,-0.2294921875,0.6959755125999721
1785956101250,-0.453125,-0.4951171875,-0.22216796875,0.70698083518679
1785956101260,-0.44775390625,-0.53076171875,-0.20751953125,0.724745416337908
1785956101270,-0.4892578125,-0.5849609375,-0.19970703125,0.7883117427920585
1785956101279,-0.5341796875,-0.63037109375,-0.18603515625,0.8469502545805927
1785956101289,-0.58544921875,-0.68115234375,-0.18994140625,0.9180397817847171
1785956101299,-0.56640625,-0.70263671875,-0.193359375,0.9229855071859037
1785956101310,-0.52587890625,-0.69970703125,-0.1865234375,0.8949466723532755
1785956101320,-0.51611328125,-0.7197265625,-0.19970703125,0.9078888380090354
1785956101329,-0.517578125,-0.73486328125,-0.21533203125,0.9242721684061915
1785956101339,-0.5166015625,-0.7197265625,-0.2294921875,0.9151776675974141
1785956101349,-0.537109375,-0.69970703125,-0.25244140625,0.9174982691444473
1785956101359,-0.56201171875,-0.6689453125,-0.27099609375,0.9147589223154976
1785956101368,-0.58203125,-0.64599609375,-0.27734375,0.9126833431047615
1785956101378,-0.56689453125,-0.67041015625,-0.287109375,0.9237158547828425
1785956101389,-0.54052734375,-0.7177734375,-0.2861328125,0.9429954948519941
1785956101399,-0.53955078125,-0.80029296875,-0.30615234375,1.0125774730665265
1785956101408,-0.50341796875,-0.87158203125,-0.322265625,1.0568538316696838
1785956101418,-0.4619140625,-0.869140625,-0.33056640625,1.0382890619195044
1785956101428,-0.4765625,-0.86474609375,-0.38525390625,1.0598670649392865
1785956101439,-0.552734375,-0.9423828125,-0.45458984375,1.1833226866086444
1785956101449,-0.68798828125,-1.0673828125,-0.5,1.3647834786359847
1785956101458,-0.7509765625,-1.15625,-0.49560546875,1.4650954373620935
1785956101468,-0.625,-1.00732421875,-0.43310546875,1.2621043652334996
1785956101478,-0.36669921875,-0.7705078125,-0.36962890625,0.9299334032558282
1785956101488,-0.28369140625,-0.76953125,-0.3359375,0.8862918044374071
1785956101497,-0.2666015625,-0.81201171875,-0.2978515625,0.905071808089536
1785956101507,-0.2158203125,-0.80615234375,-0.265625,0.875794867104287
1785956101518,-0.21533203125,-0.8232421875,-0.2841796875,0.8971363763384215
1785956101528,-0.2265625,-0.8447265625,-0.30712890625,0.9269421216309235
1785956101538,-0.2958984375,-0.91162109375,-0.32958984375,1.01352768535844
1785956101547,-0.4287109375,-1.083984375,-0.3701171875,1.223029813888108
1785956101557,-0.4873046875,-1.1669921875,-0.37841796875,1.3200518108083423
1785956101567,-0.423828125,-1.07177734375,-0.369140625,1.2102073190747988
1785956101578,-0.310546875,-0.92626953125,-0.373046875,1.0457430741064586
1785956101586,-0.2548828125,-0.83935546875,-0.40087890625,0.9644618958282586
1785956101597,-0.3037109375,-0.8291015625,-0.43994140625,0.9865080716498461
1785956101607,-0.361328125,-0.8544921875,-0.47314453125,1.0414320236416457
1785956101617,-0.328125,-0.8544921875,-0.4736328125,1.0306070808995034
1785956101627,-0.25537109375,-0.90771484375,-0.453125,1.0461753670929927
1785956101636,-0.2333984375,-0.93896484375,-0.42529296875,1.0568840606680052
1785956101647,-0.2294921875,-0.939453125,-0.41748046875,1.0533417204229216
1785956101657,-0.2451171875,-0.92236328125,-0.408203125,1.0380107174138147
1785956101667,-0.32568359375,-0.93408203125,-0.3837890625,1.0610716699811893
1785956101676,-0.39013671875,-0.91162109375,-0.37109375,1.058758824839739
1785956101686,-0.41748046875,-0.84521484375,-0.37890625,1.0159960729117603
1785956101696,-0.44287109375,-0.79541015625,-0.3916015625,0.991041828631573
1785956101707,-0.4677734375,-0.77197265625,-0.4033203125,0.9886460667515674
1785956101717,-0.501953125,-0.76318359375,-0.39990234375,0.9971599781395029
1785956101726,-0.51904296875,-0.76171875,-0.38916015625,1.000533200210218
1785956101736,-0.4892578125,-0.75927734375,-0.3818359375,0.9806497718303129
1785956101746,-0.48486328125,-0.75732421875,-0.38623046875,0.9786758139448728
1785956101756,-0.51123046875,-0.76953125,-0.388671875,1.002297741851653
1785956101765,-0.50244140625,-0.76318359375,-0.3740234375,0.9873145883065635
1785956101775,-0.49365234375,-0.767578125,-0.36328125,0.9822637533116787
1785956101786,-0.50048828125,-0.7861328125,-0.3720703125,1.0034588362267716
1785956101796,-0.509765625,-0.78271484375,-0.3984375,1.0155077353050923
1785956101806,-0.548828125,-0.7333984375,-0.39892578125,0.9991132858011548
1785956101815,-0.626953125,-0.6689453125,-0.39794921875,0.9994606709454473
1785956101825,-0.658203125,-0.6865234375,-0.4208984375,1.0400486905364208
1785956101836,-0.611328125,-0.69140625,-0.45947265625,1.030960620390764
1785956101846,-0.52001953125,-0.67431640625,-0.525390625,1.0005789511364285
1785956101855,-0.435546875,-0.70947265625,-0.63232421875,1.0454120947772194
1785956101865,-0.3779296875,-0.68310546875,-0.7177734375,1.0605011257469608
1785956101875,-0.314453125,-0.61767578125,-0.7705078125,1.0363814103353064
1785956101885,-0.25927734375,-0.59619140625,-0.8173828125,1.0444058579110032
1785956101896,-0.22900390625,-0.6064453125,-0.8525390625,1.0710002610734324
1785956101904,-0.212890625,-0.6240234375,-0.86328125,1.0862698492381022
1785956101915,-0.22265625,-0.65234375,-0.84375,1.0895146792623425
1785956101925,-0.228515625,-0.6728515625,-0.7978515625,1.0684173958765009
1785956101935,-0.2216796875,-0.689453125,-0.72509765625,1.0248190603816882
1785956101944,-0.22509765625,-0.72509765625,-0.64599609375,0.9968683559471356
1785956101954,-0.25048828125,-0.7763671875,-0.5771484375,0.999295105451303
1785956101964,-0.28564453125,-0.82421875,-0.5,1.0054498227582491
1785956101975,-0.29443359375,-0.859375,-0.4287109375,1.0044946986847014
1785956101983,-0.29541015625,-0.88623046875,-0.36181640625,1.0017897563801295
1785956101994,-0.2958984375,-0.90380859375,-0.30908203125,0.9999787805213268
1785956102004,-0.31494140625,-0.9296875,-0.27734375,1.0200129865305834
1785956102014,-0.34228515625,-0.95654296875,-0.22119140625,1.0397399758848378
1785956102024,-0.36083984375,-0.97265625,-0.1533203125,1.0487004776039175
1785956102033,-0.39208984375,-0.97705078125,-0.10498046875,1.0580092502110294
1785956102044,-0.44091796875,-0.98095703125,-0.08056640625,1.078506512795115
1785956102054,-0.49169921875,-0.9580078125,-0.0673828125,1.0789288827122971
1785956102064,-0.50341796875,-0.9248046875,-0.05810546875,1.054547109796905
1785956102073,-0.501953125,-0.90087890625,-0.0595703125,1.0329996929112852
1785956102083,-0.51220703125,-0.91259765625,-0.0595703125,1.0482075878309025
1785956102093,-0.5185546875,-0.9033203125,-0.05810546875,1.0431983495011758
1785956102104,-0.4970703125,-0.89404296875,-0.064453125,1.0249614289632691
1785956102114,-0.47265625,-0.93115234375,-0.07275390625,1.0467768381129832
1785956102123,-0.4814453125,-0.95751953125,-0.07177734375,1.0741439515862146
1785956102133,-0.44970703125,-0.9501953125,-0.06494140625,1.0532449535119495
1785956102143,-0.40869140625,-0.951171875,-0.07568359375,1.0380195603631626
1785956102153,-0.4033203125,-0.9609375,-0.08935546875,1.0459696712509785
1785956102162,-0.39990234375,-0.97705078125,-0.11376953125,1.0618350248126227
1785956102172,-0.38525390625,-0.97216796875,-0.13525390625,1.0544310081272594
1785956102183,-0.3720703125,-0.95458984375,-0.13623046875,1.0335554304682173
1785956102193,-0.37646484375,-0.95947265625,-0.14306640625,1.0405678994032215
1785956102203,-0.39990234375,-0.978515625,-0.15234375,1.0679996868304533
1785956102212,-0.38427734375,-0.9697265625,-0.162109375,1.0556126810532889
1785956102222,-0.34423828125,-0.97021484375,-0.17333984375,1.0439652957555943
1785956102232,-0.34423828125,-0.9951171875,-0.18212890625,1.0686108504164111
1785956102243,-0.35498046875,-1.00927734375,-0.19580078125,1.0876533619398856
1785956102252,-0.33935546875,-0.98486328125,-0.203125,1.0613093717432485
1785956102262,-0.3251953125,-0.955078125,-0.220703125,1.0327807538438416
1785956102272,-0.3388671875,-0.9423828125,-0.236328125,1.028964197008616
1785956102282,-0.3447265625,-0.93212890625,-0.25439453125,1.0258739095472673
1785956102293,-0.341796875,-0.9130859375,-0.26123046875,1.0093524611469298
1785956102301,-0.35595703125,-0.90869140625,-0.26318359375,1.010787358403379
1785956102312,-0.3759765625,-0.91943359375,-0.26318359375,1.0276099030685337
1785956102322,-0.38671875,-0.91845703125,-0.26416015625,1.030968136270055
1785956102332,-0.38134765625,-0.91748046875,-0.271484375,1.0300001025894263
1785956102341,-0.3740234375,-0.88818359375,-0.29248046875,1.0071288162922363
1785956102351,-0.3876953125,-0.873046875,-0.30029296875,1.0013462779490554
1785956102361,-0.37890625,-0.87451171875,-0.29541015625,0.99780150978829
1785956102372,-0.38623046875,-0.880859375,-0.29736328125,1.006733397952011
1785956102382,-0.39404296875,-0.88037109375,-0.30126953125,1.0104882257559855
1785956102391,-0.39013671875,-0.86767578125,-0.29443359375,0.9958710066134843
1785956102401,-0.40087890625,-0.86669921875,-0.2939453125,0.9991372678460049
1785956102411,-0.40380859375,-0.8662109375,-0.29150390625,0.9991783104081025
1785956102421,-0.39404296875,-0.86572265625,-0.28466796875,0.9928652633656392
1785956102430,-0.39697265625,-0.87890625,-0.28271484375,1.0049831685037467
1785956102440,-0.41748046875,-0.90869140625,-0.2763671875,1.0374916076320726
1785956102451,-0.4169921875,-0.90673828125,-0.26318359375,1.032144563101218
1785956102461,-0.37890625,-0.888671875,-0.2666015625,1.0021896231913996
1785956102471,-0.376953125,-0.88623046875,-0.27783203125,1.0023416282768123
1785956102480,-0.384765625,-0.87890625,-0.27685546875,0.9985838638028782
1785956102490,-0.38330078125,-0.87548828125,-0.265625,0.9919454925236263
1785956102501,-0.39501953125,-0.91259765625,-0.25341796875,1.026204452897832
1785956102511,-0.38720703125,-0.9228515625,-0.25,1.0315446143808469
1785956102520,-0.365234375,-0.91162109375,-0.2490234375,1.0131445304969589
1785956102530,-0.37060546875,-0.91748046875,-0.251953125,1.0210774707153187
1785956102540,-0.39306640625,-0.92041015625,-0.24853515625,1.0312253775691576
1785956102550,-0.3779296875,-0.9140625,-0.23876953125,1.017522477222711
1785956102559,-0.38623046875,-0.92138671875,-0.2333984375,1.0259640788581137
1785956102569,-0.3916015625,-0.91845703125,-0.2373046875,1.0262692710563235
1785956102580,-0.36962890625,-0.91162109375,-0.25,1.0149771164442662
1785956102590,-0.3662109375,-0.9052734375,-0.2578125,1.0099988774963788
1785956102600,-0.388671875,-0.88916015625,-0.2607421875,1.004817445221183
1785956102609,-0.39404296875,-0.88134765625,-0.25830078125,0.9993812315593295
1785956102619,-0.396484375,-0.890625,-0.26220703125,1.0095371600298224
1785956102629,-0.404296875,-0.8935546875,-0.28076171875,1.020158362904232
1785956102640,-0.40869140625,-0.86181640625,-0.298828125,0.9995271041423955
1785956102648,-0.40673828125,-0.83447265625,-0.318359375,0.9813935678989981
1785956102659,-0.419921875,-0.82421875,-0.33837890625,0.9849726966520567
1785956102669,-0.45166015625,-0.791015625,-0.3369140625,0.971191897231525
1785956102679,-0.4892578125,-0.7880859375,-0.3271484375,0.9836049776898399
1785956102690,-0.52197265625,-0.77197265625,-0.32421875,0.9866686544741977
1785956102698,-0.5205078125,-0.7646484375,-0.310546875,0.9757330461847606
1785956102709,-0.4833984375,-0.81201171875,-0.3017578125,0.9920155533909515
1785956102719,-0.43701171875,-0.85693359375,-0.29443359375,1.0059848744144513
1785956102729,-0.396484375,-0.8603515625,-0.28173828125,0.9883223815319757
1785956102738,-0.3779296875,-0.89208984375,-0.28125,1.008839283788923
1785956102748,-0.36181640625,-0.908203125,-0.2734375,1.0151414160094547
1785956102758,-0.36181640625,-0.90966796875,-0.28125,1.0185816058134056
1785956102769,-0.369140625,-0.91455078125,-0.31494140625,1.0353047966087587
1785956102779,-0.365234375,-0.89453125,-0.3330078125,1.0219963351667354
1785956102788,-0.35888671875,-0.8408203125,-0.330078125,0.9719722441568251
1785956102798,-0.3505859375,-0.8427734375,-0.34521484375,0.9758846524429294
1785956102808,-0.333984375,-0.87353515625,-0.3623046875,1.0029326590221923
1785956102818,-0.29052734375,-0.86279296875,-0.3759765625,0.9849752382370764
1785956102827,-0.24462890625,-0.88232421875,-0.38330078125,0.9926020439595767
1785956102837,-0.20654296875,-0.90234375,-0.3759765625,0.9991209219376013
1785956102848,-0.16845703125,-0.94140625,-0.33154296875,1.0121977272470974
1785956102858,-0.18994140625,-0.98095703125,-0.28125,1.0380057791106179
1785956102868,-0.2265625,-0.978515625,-0.25048828125,1.0351655779724178
1785956102877,-0.23974609375,-0.9580078125,-0.2197265625,1.0117000150971065
1785956102887,-0.27734375,-0.98486328125,-0.166015625,1.0365502525988404
1785956102898,-0.33251953125,-0.9677734375,-0.1103515625,1.0292386177847572
1785956102908,-0.353515625,-0.94873046875,-0.048828125,1.0136305960480627
1785956102917,-0.3896484375,-1.013671875,0.01416015625,1.0860741618495633
1785956102927,-0.43115234375,-1.03564453125,0.0693359375,1.1239481353061422
1785956102937,-0.41943359375,-1.04931640625,0.0966796875,1.1341677221498383
1785956102947,-0.39697265625,-1.0458984375,0.10302734375,1.123434673194353
1785956102958,-0.40185546875,-0.9931640625,0.12060546875,1.0781504310151684
1785956102966,-0.42041015625,-0.92333984375,0.13671875,1.0237153818986928
1785956102977,-0.451171875,-0.90087890625,0.1513671875,1.0188478247358004
1785956102987,-0.474609375,-0.88623046875,0.17724609375,1.020820591645941
1785956102997,-0.4990234375,-0.89501953125,0.20849609375,1.045731788558756
1785956103006,-0.55419921875,-0.896484375,0.234375,1.0797002590104585
1785956103016,-0.60693359375,-0.875,0.2802734375,1.1011569311366824
1785956103026,-0.68798828125,-0.85693359375,0.345703125,1.152030255622388
1785956103037,-0.7578125,-0.8427734375,0.38525390625,1.1970661737734887
1785956103047,-0.755859375,-0.8564453125,0.4013671875,1.2107508361674888
1785956103056,-0.73779296875,-0.8271484375,0.40234375,1.1791494797351574
1785956103066,-0.73193359375,-0.78466796875,0.40771484375,1.1478945947499395
1785956103076,-0.7548828125,-0.78515625,0.4345703125,1.1726763210828128
1785956103086,-0.78662109375,-0.77294921875,0.455078125,1.19302947983367
1785956103095,-0.83544921875,-0.708984375,0.45458984375,1.186290928543574
1785956103106,-0.9111328125,-0.63232421875,0.45849609375,1.2000898248114458
1785956103116,-0.95654296875,-0.5888671875,0.4619140625,1.2145384377262325
1785956103126,-1.00732421875,-0.55517578125,0.46533203125,1.240748213407578
1785956103135,-1.07421875,-0.5400390625,0.4580078125,1.2866076589965088
1785956103145,-1.095703125,-0.52392578125,0.43798828125,1.291083768353362
1785956103155,-1.0703125,-0.5068359375,0.41357421875,1.2543903497765068
1785956103166,-1.0419921875,-0.5107421875,0.3642578125,1.2162602743124538
1785956103176,-0.98974609375,-0.5146484375,0.31396484375,1.1588935531037945
1785956103185,-0.9501953125,-0.537109375,0.28466796875,1.1280041954895887
1785956103195,-0.9287109375,-0.5654296875,0.25439453125,1.1166607875574317
1785956103205,-0.9072265625,-0.5693359375,0.21484375,1.0924107663093736
1785956103215,-0.89892578125,-0.54052734375,0.185546875,1.0652065585414028
1785956103224,-0.91259765625,-0.51123046875,0.1513671875,1.0569309815796857
1785956103234,-0.92724609375,-0.48974609375,0.111328125,1.0545285705631846
1785956103245,-0.94580078125,-0.48583984375,0.0693359375,1.0655453738894176
1785956103255,-0.912109375,-0.4833984375,0.01611328125,1.0324132889366417
1785956103265,-0.84375,-0.52294921875,-0.08447265625,0.9962557791778003
1785956103274,-0.75146484375,-0.5986328125,-0.1865234375,0.9786989569477882
1785956103284,-0.59716796875,-0.64208984375,-0.2353515625,0.9078982918362011
1785956103294,-0.4111328125,-0.71435546875,-0.2919921875,0.8744102943173917
1785956103305,-0.23876953125,-0.84619140625,-0.37353515625,0.9552901643058036
1785956103314,-0.06298828125,-0.95703125,-0.4775390625,1.0714102357476198
1785956103324,0.04638671875,-1.0439453125,-0.5869140625,1.1985164412419915
1785956103334,0.083984375,-1.10693359375,-0.6484375,1.285623019248909
1785956103344,0.13916015625,-1.126953125,-0.65625,1.3115078945758543
1785956103355,0.18359375,-1.173828125,-0.65283203125,1.3556433133778514
1785956103363,0.14599609375,-1.267578125,-0.71435546875,1.4623176461021752
1785956103374,0.04931640625,-1.16943359375,-0.7177734375,1.3730279478936405
1785956103384,0.005859375,-1.01318359375,-0.6064453125,1.1808265088372543
1785956103394,-0.05224609375,-1.0078125,-0.52099609375,1.135716786514641
1785956103403,-0.13671875,-0.98779296875,-0.43212890625,1.0868129357577239
1785956103413,-0.1962890625,-1.03125,-0.34033203125,1.1035541899027341
1785956103423,-0.22119140625,-1.11962890625,-0.27392578125,1.1736821799545423
1785956103434,-0.2109375,-1.1494140625,-0.21875,1.1889065894673996
1785956103444,-0.21923828125,-1.08154296875,-0.11865234375,1.109900444136944
1785956103453,-0.2705078125,-1.02490234375,-0.07470703125,1.0626290186918323
1785956103463,-0.373046875,-0.90283203125,-0.0380859375,0.9776094241738469
1785956103473,-0.51611328125,-0.76904296875,-0.01318359375,0.9262687590600366
1785956103483,-0.5947265625,-0.69140625,0.0537109375,0.9135793077173201
1785956103492,-0.6318359375,-0.63232421875,0.13037109375,0.9033533038738902
1785956103502,-0.68994140625,-0.640625,0.16650390625,0.9561083021706989
1785956103513,-0.68603515625,-0.6455078125,0.203125,0.9636308096125284
1785956103523,-0.599609375,-0.6962890625,0.19384765625,0.9391095649489668
1785956103533,-0.53369140625,-0.7529296875,0.17431640625,0.9392102218948989
1785956103542,-0.5322265625,-0.71826171875,0.2021484375,0.9165309603259247
1785956103552,-0.57373046875,-0.642578125,0.2568359375,0.8989093370813956
1785956103563,-0.68798828125,-0.650390625,0.34326171875,1.0070573210023468
1785956103573,-0.81689453125,-0.603515625,0.421875,1.0997846609360842
1785956103582,-0.9072265625,-0.4951171875,0.466796875,1.134063661164241
1785956103592,-0.91455078125,-0.4443359375,0.46484375,1.1179969895992796
1785956103602,-0.869140625,-0.453125,0.466796875,1.0856458972243925
1785956103612,-0.7978515625,-0.50732421875,0.47216796875,1.0568290161740876
1785956103623,-0.77978515625,-0.55517578125,0.45849609375,1.061368788865771
1785956103631,-0.7763671875,-0.58837890625,0.44970703125,1.0729269132155717
1785956103642,-0.70068359375,-0.5859375,0.443359375,1.0153067456966174
1785956103652,-0.63720703125,-0.6357421875,0.46875,1.014853433822699
1785956103662,-0.6650390625,-0.68994140625,0.4990234375,1.0804260686800475
1785956103671,-0.7197265625,-0.6474609375,0.55029296875,1.1135682923880932
1785956103681,-0.78759765625,-0.6533203125,0.58935546875,1.1808799123539713
1785956103691,-0.8369140625,-0.681640625,0.58154296875,1.226071496350522
1785956103702,-0.8310546875,-0.66552734375,0.57763671875,1.211297947551683
1785956103711,-0.775390625,-0.6064453125,0.56494140625,1.1349737137426756
1785956103721,-0.64794921875,-0.60986328125,0.5107421875,1.0259770923310312
1785956103731,-0.498046875,-0.68896484375,0.43408203125,0.9545420134676386
1785956103741,-0.40966796875,-0.71728515625,0.37158203125,0.9057588232770432
1785956103752,-0.36083984375,-0.70654296875,0.38427734375,0.8815199580537831
1785956103760,-0.4033203125,-0.7998046875,0.45166015625,1.0031708276090592
1785956103771,-0.48046875,-0.88427734375,0.51953125,1.1325675962708277
1785956103781,-0.57861328125,-0.962890625,0.5712890625,1.260286823657183
1785956103791,-0.66796875,-1.0322265625,0.5732421875,1.3565693984595533
1785956103800,-0.76806640625,-0.9697265625,0.56787109375,1.3611661138687952
1785956103810,-0.72802734375,-0.9130859375,0.53662109375,1.2851894571483928
1785956103820,-0.59912109375,-0.8212890625,0.470703125,1.1202781980575587
1785956103831,-0.50537109375,-0.70263671875,0.39990234375,0.9534255007448569
1785956103841,-0.4423828125,-0.65185546875,0.375,0.8724924669787656
1785956103850,-0.40380859375,-0.70654296875,0.361328125,0.8904057283016724
1785956103860,-0.419921875,-0.80126953125,0.38818359375,0.9844052749095645
1785956103870,-0.4677734375,-0.88232421875,0.44384765625,1.0928443428878527
1785956103880,-0.529296875,-0.9306640625,0.4951171875,1.179589678011672
1785956103889,-0.6005859375,-0.94921875,0.52099609375,1.2382070236342044
1785956103899,-0.61181640625,-0.91845703125,0.5380859375,1.2277699741174983
1785956103910,-0.619140625,-0.89111328125,0.54052734375,1.2122655661557673
1785956103920,-0.64404296875,-0.837890625,0.5361328125,1.185027610521529
1785956103930,-0.66748046875,-0.77783203125,0.5400390625,1.1585314126199167
1785956103939,-0.65673828125,-0.71142578125,0.5517578125,1.114391536194152
1785956103949,-0.62109375,-0.69921875,0.53076171875,1.0753475292811525
1785956103960,-0.556640625,-0.71728515625,0.48974609375,1.0315997368748993
1785956103970,-0.48876953125,-0.728515625,0.4755859375,0.9979041309140069
1785956103979,-0.431640625,-0.7333984375,0.47265625,0.9734427707584532
1785956103989,-0.359375,-0.7626953125,0.47705078125,0.9687269884883501
1785956103999,-0.27392578125,-0.84814453125,0.4833984375,1.0139322111956728
1785956104009,-0.2109375,-0.9404296875,0.46533203125,1.0702506834124652
1785956104020,-0.15869140625,-1.02880859375,0.44189453125,1.130884990500852
1785956104028,-0.130859375,-1.078125,0.43701171875,1.1706651673195114
1785956104039,-0.12646484375,-1.08154296875,0.42626953125,1.1693734490013745
1785956104049,-0.15185546875,-1.12646484375,0.39111328125,1.202061864616017
1785956104059,-0.1904296875,-1.0791015625,0.36572265625,1.1551955286296103
1785956104068,-0.28515625,-0.89697265625,0.35791015625,1.006962617439765
1785956104078,-0.38818359375,-0.70556640625,0.35107421875,0.8785007473850708
1785956104088,-0.44091796875,-0.67431640625,0.3232421875,0.8680995234904384
1785956104099,-0.4384765625,-0.68212890625,0.326171875,0.8740421229235198
1785956104109,-0.45751953125,-0.6494140625,0.3603515625,0.8723049894642154
1785956104118,-0.46923828125,-0.669921875,0.38037109375,0.9020321791125531
1785956104128,-0.4150390625,-0.75732421875,0.3916015625,0.9482347702223423
1785956104138,-0.39013671875,-0.7451171875,0.40673828125,0.9342603019818037
1785956104148,-0.3916015625,-0.7431640625,0.4296875,0.9435443578339046
1785956104157,-0.43798828125,-0.76904296875,0.4501953125,0.9929434232085508
1785956104168,-0.4921875,-0.73828125,0.45361328125,0.99653035487345
1785956104178,-0.4912109375,-0.73828125,0.44775390625,0.9933936529811962
1785956104188,-0.47607421875,-0.77587890625,0.474609375,1.026590861911409
1785956104198,-0.48828125,-0.79541015625,0.4921875,1.0551513782028918
1785956104207,-0.51220703125,-0.79736328125,0.49365234375,1.06856767761222
1785956104217,-0.505859375,-0.78955078125,0.50537109375,1.0652155114557558
1785956104228,-0.48681640625,-0.765625,0.5009765625,1.036411776367618
1785956104238,-0.49951171875,-0.71435546875,0.50341796875,1.0066008862314733
1785956104247,-0.50927734375,-0.6591796875,0.5029296875,0.9730465270676942
1785956104257,-0.51123046875,-0.64501953125,0.50341796875,0.964798652120063
1785956104267,-0.529296875,-0.66015625,0.51220703125,0.989099337357359
1785956104277,-0.51806640625,-0.67431640625,0.5107421875,0.9919440503954798
1785956104286,-0.5224609375,-0.69140625,0.53173828125,1.016736757228313
1785956104296,-0.5732421875,-0.70751953125,0.56201171875,1.070068999944552
1785956104307,-0.61572265625,-0.72900390625,0.5869140625,1.1202808583152568
1785956104317,-0.61328125,-0.701171875,0.59423828125,1.1049321358325732
1785956104327,-0.62451171875,-0.63671875,0.5849609375,1.0665856514403897
1785956104336,-0.63916015625,-0.5654296875,0.5732421875,1.028028716706716
1785956104346,-0.63525390625,-0.4951171875,0.5693359375,0.9863224444839517
1785956104356,-0.64111328125,-0.4560546875,0.56787109375,0.9703039196574883
1785956104367,-0.6376953125,-0.46630859375,0.58154296875,0.9809644441528647
1785956104376,-0.60009765625,-0.53466796875,0.59716796875,1.0012974666626273
1785956104386,-0.59521484375,-0.59716796875,0.6083984375,1.0397302303356286
1785956104396,-0.60791015625,-0.6044921875,0.62646484375,1.0618021300012288
1785956104406,-0.58154296875,-0.60400390625,0.63623046875,1.0525218062509047
1785956104417,-0.54248046875,-0.58740234375,0.65185546875,1.0316211148272874
1785956104425,-0.552734375,-0.5673828125,0.66748046875,1.0358420349598536
1785956104436,-0.59814453125,-0.56494140625,0.66943359375,1.0606964736441098
1785956104446,-0.58984375,-0.59912109375,0.67236328125,1.0765380236496644
1785956104456,-0.5703125,-0.5693359375,0.666015625,1.0454551975715625
1785956104465,-0.5654296875,-0.54833984375,0.64794921875,1.0199144600547918
1785956104475,-0.53271484375,-0.58251953125,0.63037109375,1.0101890045307749
1785956104485,-0.474609375,-0.62646484375,0.61572265625,0.9984120635850502
1785956104496,-0.43603515625,-0.64501953125,0.5986328125,0.9821090048368316
1785956104506,-0.42724609375,-0.6787109375,0.595703125,0.9990245114317908
1785956104515,-0.39111328125,-0.75634765625,0.60498046875,1.0445251282061048
1785956104525,-0.34423828125,-0.818359375,0.61865234375,1.082101096642875
1785956104535,-0.32861328125,-0.87353515625,0.64599609375,1.135060047292152
1785956104545,-0.30615234375,-0.9521484375,0.68359375,1.2114521532674627
1785956104556,-0.287109375,-1.0673828125,0.72412109375,1.3213966929151129
1785956104565,-0.234375,-1.20068359375,0.77734375,1.4494261066330625
1785956104575,-0.17529296875,-1.3173828125,0.8291015625,1.566408152590997
1785956104585,-0.1533203125,-1.36083984375,0.8623046875,1.6183206025528731
1785956104595,-0.11474609375,-1.29052734375,0.896484375,1.5755353774563283
1785956104604,-0.10498046875,-1.17529296875,0.8896484375,1.4777715667715188
1785956104614,-0.06396484375,-1.052734375,0.8583984375,1.359848904490879
1785956104625,0.0478515625,-0.93310546875,0.810546875,1.2369162560242768
1785956104635,0.08984375,-0.75439453125,0.75927734375,1.0740973386644366
1785956104644,0.0830078125,-0.56396484375,0.73046875,0.9265696070174974
1785956104654,0.09765625,-0.44287109375,0.7109375,0.8432696352588737
1785956104664,0.05126953125,-0.31005859375,0.71728515625,0.783111034125691
1785956104674,-0.03076171875,-0.19091796875,0.734375,0.7594093723131682
1785956104685,-0.1181640625,-0.142578125,0.76025390625,0.7824814818022234
1785956104693,-0.2333984375,-0.1689453125,0.814453125,0.8639162239855377
1785956104704,-0.36865234375,-0.23681640625,0.87890625,0.9820706477186841
1785956104714,-0.482421875,-0.296875,0.8984375,1.0620996057384475
1785956104724,-0.5517578125,-0.25244140625,0.88916015625,1.0764613930405433
1785956104733,-0.55126953125,-0.173828125,0.8564453125,1.0332535441162702
1785956104743,-0.5263671875,-0.083984375,0.81298828125,0.9721449155196101
1785956104753,-0.45654296875,-0.0283203125,0.775390625,0.9002578207119624
1785956104764,-0.3779296875,0.01806640625,0.7607421875,0.8496386994310716
1785956104774,-0.2998046875,0.05908203125,0.767578125,0.8261656704572723
1785956104783,-0.24951171875,0.02880859375,0.8095703125,0.8476379673827614
1785956104793,-0.193359375,-0.083984375,0.8447265625,0.8706343598420623
1785956104803,-0.17236328125,-0.1357421875,0.86181640625,0.8893045374179853
1785956104814,-0.1611328125,-0.173828125,0.88671875,0.9178508276984546
1785956104822,-0.14111328125,-0.228515625,0.9208984375,0.9592634055379282
1785956104833,-0.1328125,-0.24072265625,0.93994140625,0.9793244633784726
1785956104843,-0.08203125,-0.224609375,0.9541015625,0.9836098255301208
1785956104853,-0.00537109375,-0.236328125,0.97265625,1.0009695359890576
1785956104862,-0.00146484375,-0.28662109375,0.98681640625,1.0275993464350897
1785956104872,-0.056640625,-0.283203125,1.0087890625,1.0493176559220687
1785956104882,-0.08251953125,-0.20654296875,1.03369140625,1.0573492300715435
1785956104893,-0.119140625,-0.123046875,1.06982421875,1.0834476826301787
1785956104903,-0.15185546875,-0.02783203125,1.10986328125,1.1205495118109685
1785956104912,-0.19189453125,0.0595703125,1.1435546875,1.1610725457774926
1785956104922,-0.2236328125,0.09912109375,1.16845703125,1.1937874433626867
1785956104932,-0.20703125,0.0380859375,1.17333984375,1.1920733475936331
1785956104942,-0.220703125,-0.0947265625,1.193359375,1.2172878003694207
1785956104951,-0.26171875,-0.197265625,1.22900390625,1.2719516627946055
1785956104961,-0.2685546875,-0.271484375,1.26123046875,1.3177737595470278
1785956104972,-0.2431640625,-0.3369140625,1.27880859375,1.3446156574466215
1785956104982,-0.2587890625,-0.3623046875,1.28125,1.3564062916228683
1785956104992,-0.32958984375,-0.28125,1.27587890625,1.3474412829570146
1785956105001,-0.4091796875,-0.158203125,1.2666015625,1.340423725375601
1785956105011,-0.51171875,0.05419921875,1.2666015625,1.3671405021218976
1785956105022,-0.47705078125,0.11376953125,1.2421875,1.3354964392645643
1785956105032,-0.22412109375,0.01904296875,1.20166015625,1.2225301756771831
1785956105041,0.1474609375,-0.03662109375,1.1611328125,1.171031699340366
1785956105051,0.48193359375,-0.1435546875,1.11572265625,1.2238075758703115
1785956105061,0.73583984375,-0.38232421875,1.10693359375,1.3830885961734745
1785956105071,0.90576171875,-0.71142578125,1.11376953125,1.6021902203299618
1785956105082,1.05712890625,-1.119140625,1.1015625,1.8929968844033953
1785956105090,1.2431640625,-1.5302734375,1.10009765625,2.257744124806067
1785956105101,1.43505859375,-1.875,1.0625,2.58919377750985
1785956105111,1.53173828125,-2.0615234375,1.00830078125,2.7591251350886354
1785956105121,1.60302734375,-2.08642578125,0.984375,2.809246045845727
1785956105130,1.630859375,-1.90625,0.9755859375,2.691701930930159
1785956105140,1.5908203125,-1.60888671875,0.97802734375,2.464906332004407
1785956105150,1.45751953125,-1.2998046875,1.09326171875,2.23809664565818
1785956105161,1.1083984375,-0.9228515625,1.21435546875,1.8854339837671763
1785956105171,0.71142578125,-0.486328125,1.29541015625,1.5558692619589982
1785956105180,0.33740234375,-0.12841796875,1.38037109375,1.4267991704253407
1785956105190,-0.0107421875,0.0986328125,1.44775390625,1.4511496130158597
1785956105200,-0.33251953125,0.18115234375,1.55029296875,1.5958676947869226
1785956105211,-0.5048828125,0.0791015625,1.62109375,1.6997378203231561
1785956105219,-0.5986328125,-0.00439453125,1.6025390625,1.7107051186411253
1785956105230,-0.693359375,0.025390625,1.5322265625,1.6819958815552574
1785956105240,-0.6484375,-0.0322265625,1.4404296875,1.5799833630035995
1785956105250,-0.482421875,0.0,1.296875,1.383696365212945
1785956105260,-0.3681640625,0.09521484375,1.22265625,1.2804292050132655
1785956105269,-0.37890625,0.02880859375,1.24462890625,1.3013458401347378
1785956105279,-0.46484375,-0.02783203125,1.3056640625,1.3862225571608504
1785956105290,-0.51318359375,0.03466796875,1.39111328125,1.483157250672213
1785956105300,-0.4892578125,0.08935546875,1.39501953125,1.4810256916936948
1785956105309,-0.34326171875,0.0908203125,1.3544921875,1.4002592698212488
1785956105319,-0.09326171875,-0.02099609375,1.32861328125,1.332047985340939
1785956105329,0.16748046875,-0.26904296875,1.24072265625,1.28055711945176
1785956105339,0.34716796875,-0.31005859375,1.15380859375,1.2441608421323913
1785956105350,0.48681640625,-0.31005859375,1.0576171875,1.2048571119629923
1785956105358,0.732421875,-0.43212890625,0.9140625,1.2484740479888186
1785956105369,0.9052734375,-0.5087890625,0.83154296875,1.3303571007967216
1785956105379,0.94921875,-0.625,0.82421875,1.4039151623951944
1785956105389,0.87841796875,-0.66357421875,0.8193359375,1.3723192959699841
1785956105398,0.73486328125,-0.6357421875,0.81201171875,1.2663156014533388
1785956105408,0.58642578125,-0.5166015625,0.84375,1.1500810553139784
1785956105419,0.41552734375,-0.39453125,0.8984375,1.06560209367134
1785956105429,0.2412109375,-0.32421875,0.92333984375,1.0078973069105135
1785956105439,0.095703125,-0.32958984375,0.95361328125,1.0134923992878815
1785956105448,0.064453125,-0.37744140625,0.9677734375,1.0407697376484433
1785956105458,0.060546875,-0.32763671875,0.931640625,0.9894271058021015
1785956105468,0.083984375,-0.2919921875,0.875,0.926249325400659
1785956105479,0.20947265625,-0.3369140625,0.8916015625,0.9758807434718271
1785956105487,0.314453125,-0.41455078125,0.9501953125,1.0833301666409108
1785956105498,0.3056640625,-0.46435546875,1.00244140625,1.14627452794979
1785956105508,0.23974609375,-0.45263671875,1.0673828125,1.1839190247012505
1785956105518,0.177734375,-0.42626953125,1.13525390625,1.2256005274903479
1785956105528,0.10302734375,-0.36376953125,1.1533203125,1.213709458087529
1785956105537,-0.0263671875,-0.27294921875,1.13916015625,1.1717006299308796
1785956105547,-0.15576171875,-0.2939453125,1.2177734375,1.2623936410047554
1785956105558,-0.189453125,-0.10302734375,1.14111328125,1.1613124647473598
1785956105568,-0.142578125,0.0322265625,1.14501953125,1.1543122627794664
1785956105577,-0.109375,-0.00439453125,1.134765625,1.1400329934749907
1785956105587,-0.095703125,-0.0283203125,1.08642578125,1.0910005070574147
1785956105597,-0.09228515625,-0.06494140625,1.08349609375,1.0893565630597373
1785956105607,-0.03125,-0.07861328125,1.06201171875,1.065375755896116
1785956105616,0.0576171875,-0.08447265625,1.05126953125,1.0562305606655848
1785956105627,0.06298828125,-0.0615234375,1.06884765625,1.072468166990407
1785956105637,0.009765625,0.00537109375,1.0966796875,1.0967363188363963
1785956105647,-0.06298828125,0.0361328125,1.109375,1.1117490698619852
1785956105657,-0.13232421875,0.07568359375,1.0859375,1.0965846794192242
1785956105666,-0.1396484375,0.08544921875,1.0498046875,1.0624938291482682
1785956105676,-0.09619140625,0.064453125,0.99951171875,1.0061961378763076
1785956105687,-0.0419921875,0.06201171875,0.9609375,0.9638514802497397
1785956105697,-0.01220703125,0.06884765625,0.91796875,0.9206278495459602
1785956105706,-0.02587890625,0.04736328125,0.91796875,0.9195540354846068
1785956105716,-0.0712890625,0.0517578125,0.93701171875,0.9411439648968394
1785956105726,-0.0244140625,0.11181640625,0.9501953125,0.9570632617812637
1785956105736,0.04541015625,0.13623046875,0.9453125,0.9561571761811675
1785956105747,0.0263671875,0.12353515625,0.96337890625,0.9716249690152154
1785956105755,-0.046875,0.1865234375,1.05517578125,1.0725596429562154
1785956105766,-0.09814453125,0.2509765625,1.05078125,1.084786992588942
1785956105776,-0.1708984375,0.390625,1.41064453125,1.4736730166866983
1785956105786,-0.14501953125,0.1796875,1.08251953125,1.1068725299861495
1785956105795,0.0029296875,0.28759765625,0.9814453125,1.022719852343526
1785956105805,-0.00634765625,0.23046875,1.048828125,1.0738699051828606
1785956105815,-0.0439453125,0.10693359375,1.02587890625,1.0323727593518288
1785956105826,-0.07861328125,0.23828125,0.95361328125,0.9860711395567998
1785956105836,-0.044921875,0.24951171875,0.9873046875,1.019335380827413
1785956105845,-0.05908203125,0.18603515625,1.02734375,1.0457222128470114
1785956105855,-0.0205078125,0.20751953125,1.02099609375,1.042073869587235
1785956105865,-0.01708984375,0.2314453125,0.98486328125,1.0118372785147514
1785956105876,-0.0615234375,0.21484375,0.98095703125,1.0060912818599972
1785956105884,-0.04931640625,0.18310546875,1.05322265625,1.0701577847447907
1785956105895,-0.10107421875,0.15185546875,1.07958984375,1.0948928312000925
1785956105905,-0.166015625,0.19091796875,1.0869140625,1.1159717907707258
1785956105915,-0.1640625,0.2568359375,1.0380859375,1.081898154325539
1785956105925,0.00732421875,0.2236328125,0.96142578125,0.9871194516668845
1785956105934,0.0712890625,0.14892578125,0.89599609375,0.9110817848954673
1785956105944,0.005859375,0.17724609375,0.8349609375,0.853586713331401
1785956105955,0.14306640625,0.1796875,0.7060546875,0.7424747914874031
1785956105965,0.36279296875,0.1572265625,0.60888671875,0.7260041090793815
1785956105974,-0.32275390625,0.35107421875,1.0634765625,1.1655065808726148
1785956105984,-0.3173828125,0.0166015625,1.173828125,1.2160920724142836
1785956105994,-0.2294921875,0.0556640625,1.30908203125,1.330210854157778
1785956106004,-0.1826171875,0.0380859375,1.26416015625,1.2778499428554546
1785956106015,-0.10693359375,0.0595703125,1.1455078125,1.1520293243238962
1785956106023,-0.04150390625,0.0693359375,1.0791015625,1.0821230191863374
1785956106034,-0.095703125,0.0322265625,1.03369140625,1.0386123255673574
1785956106044,-0.0888671875,0.06640625,0.994140625,1.0003113262023045
1785956106054,-0.02734375,0.05322265625,0.953125,0.9550013599086485
1785956106063,-0.005859375,0.0625,0.89453125,0.8967311411465273
1785956106073,0.01904296875,0.06298828125,0.89599609375,0.8984092376244255
1785956106084,0.048828125,0.03125,0.97607421875,0.9777942671131993
1785956106094,0.03759765625,0.02880859375,1.00634765625,1.0074617233767316
1785956106103,0.0126953125,0.015625,1.04248046875,1.042674848315472
1785956106113,-0.048828125,-0.03564453125,1.10693359375,1.1085831946098308
1785956106123,-0.13330078125,-0.0205078125,1.154296875,1.1621492779717075
1785956106133,-0.060546875,0.00439453125,1.11572265625,1.1173729375847299
1785956106144,0.005859375,0.0380859375,1.0341796875,1.034897336429195
1785956106152,0.00341796875,0.04638671875,1.00048828125,1.0015688748684968
1785956106163,-0.0009765625,0.0361328125,0.99560546875,0.9962614030556357
1785956106173,0.0185546875,-0.01171875,1.037109375,1.0373415354851439
1785956106183,0.0029296875,-0.005859375,1.06201171875,1.0620319232991857
1785956106192,0.0068359375,0.03564453125,1.03076171875,1.031400496165282
1785956106202,0.03466796875,-0.001953125,1.03515625,1.0357384537944794
1785956106212,0.05517578125,-0.013671875,1.03173828125,1.0333030378351105
1785956106223,0.13427734375,-0.1015625,1.0478515625,1.0612908383117687
1785956106233,-0.0009765625,0.08544921875,1.03662109375,1.0401374018209075
1785956106242,-0.0556640625,0.033203125,1.0498046875,1.0518036020383
1785956106252,0.017578125,-0.01318359375,1.02978515625,1.0300195462492532
1785956106262,0.03369140625,-0.00390625,1.02734375,1.0279034732445589
1785956106273,0.0263671875,-0.0068359375,1.02978515625,1.0301453424886222
1785956106281,0.02880859375,-0.00390625,1.0322265625,1.0326358846144568
1785956106292,0.0263671875,0.0029296875,1.0322265625,1.0325674253897776
1785956106302,0.02880859375,-0.0029296875,1.0322265625,1.0326326522405083
1785956106312,0.0263671875,-0.0087890625,1.02978515625,1.030160154650298
1785956106322,0.029296875,-0.0185546875,1.0302734375,1.030856895660622
1785956106331,0.02587890625,-0.0029296875,1.02978515625,1.030114444559623
1785956106341,0.04296875,-0.01123046875,1.03564453125,1.036596368898203
1785956106352,0.02490234375,-0.0107421875,1.03125,1.031606554756477
1785956106362,0.0302734375,-0.00341796875,1.0302734375,1.0307237843120283
1785956106371,0.03369140625,-0.0087890625,1.033203125,1.033789657514766
1785956106381,0.033203125,-0.00732421875,1.0322265625,1.0327864096804478
1785956106391,0.0341796875,-0.0068359375,1.03173828125,1.0323269162798214
1785956106401,0.0341796875,-0.0068359375,1.0322265625,1.0328149192423917
1785956106412,0.03369140625,-0.005859375,1.03125,1.031816846940625
1785956106420,0.0341796875,-0.00439453125,1.03369140625,1.0342656749102754
1785956106431,0.03369140625,-0.005859375,1.03173828125,1.0323048600714797
1785956106441,0.03271484375,-0.00537109375,1.03076171875,1.0312947350249162
1785956106451,0.02978515625,-0.0009765625,1.03173828125,1.0321685861349672
1785956106460,0.02880859375,-0.00146484375,1.03076171875,1.0311652640006443
1785956106470,0.02734375,-0.00341796875,1.0302734375,1.0306418966801731
1785956106481,0.02783203125,-0.0068359375,1.03271484375,1.0331124336230746
1785956106491,0.02783203125,-0.00244140625,1.033203125,1.0335808047452042
1785956106501,0.02783203125,-0.005859375,1.03173828125,1.0321302414112261
1785956106510,0.03125,-0.06201171875,1.03125,1.033585302847486
1785956106520,0.03173828125,-0.0126953125,1.0322265625,1.0327924117588894
1785956106530,0.02978515625,0.01416015625,1.0302734375,1.0308011552069234
1785956106541,0.02880859375,0.00341796875,1.0322265625,1.0326341529868142
1785956106549,0.03125,0.01416015625,1.03466796875,1.035236629028492
1785956106560,0.0283203125,0.01708984375,1.0302734375,1.0308042776771755
1785956106570,0.03173828125,-0.0087890625,1.033203125,1.0337278479494003
1785956106580,0.0302734375,-0.0166015625,1.02685546875,1.027435762759546
1785956106590,0.03564453125,-0.05029296875,1.029296875,1.0311411019828889
1785956106599,0.03369140625,0.005859375,1.03759765625,1.038161037308753
1785956106609,0.02587890625,0.01025390625,1.02734375,1.027720799169766
1785956106620,0.02490234375,0.02001953125,1.0302734375,1.0307687734762725
1785956106630,0.02880859375,0.0068359375,1.03173828125,1.0321630424075745
1785956106639,0.029296875,-0.00439453125,1.03076171875,1.031187344583964
1785956106649,0.029296875,-0.0029296875,1.0322265625,1.0326463897599119
1785956106659,0.0283203125,-0.00244140625,1.03271484375,1.0331059718471103
1785956106669,0.02392578125,-0.03759765625,1.03076171875,1.0317246471827501
1785956106678,0.0458984375,-0.06005859375,1.029296875,1.032068678980684
1785956106689,0.02978515625,0.0478515625,1.03173828125,1.0332767337762099
1785956106699,0.021484375,0.01416015625,1.0302734375,1.0305947042422794
1785956106709,0.05029296875,-0.0205078125,1.03076171875,1.0321916846786152
1785956106719,0.07421875,0.0458984375,1.0244140625,1.0281241466205615
1785956106728,0.00390625,0.0126953125,1.03076171875,1.0308472974155722
1785956106738,-0.03564453125,-0.01123046875,1.0322265625,1.032902866859679
1785956106749,0.03955078125,-0.005859375,1.03369140625,1.0344643637786555
1785956106759,0.03515625,-0.00537109375,1.03369140625,1.034303018422182
1785956106768,0.02880859375,-0.005859375,1.03271484375,1.0331332033435137
1785956106778,0.02783203125,-0.0029296875,1.02978515625,1.0301653620002886
1785956106788,0.02783203125,-0.00390625,1.03125,1.0316329014007664
1785956106798,0.0283203125,-0.005859375,1.03173828125,1.0321435236304068
1785956106809,0.02978515625,-0.00341796875,1.0302734375,1.030709558537845
1785956106817,0.029296875,-0.00439453125,1.03271484375,1.0331396649491587
1785956106828,0.02880859375,-0.00390625,1.03173828125,1.0321477970037136
1785956106838,0.029296875,-0.00146484375,1.03125,1.0316671048123893
1785956106848,0.02734375,-0.00146484375,1.0322265625,1.0325897068835428
1785956106857,0.02880859375,-0.00341796875,1.0322265625,1.0326341529868142
1785956106867,0.02685546875,-0.0009765625,1.03076171875,1.0311119680793899
1785956106877,0.02880859375,-0.001953125,1.0302734375,1.0306779835570297
1785956106888,0.029296875,-0.00244140625,1.0302734375,1.0306927880640815
1785956106898,0.0302734375,-0.00244140625,1.03271484375,1.0331613571868292
1785956106907,0.0302734375,-0.00244140625,1.03076171875,1.031209077890123
1785956106917,0.02978515625,0.0009765625,1.03125,1.0316805085428111
1785956106927,0.03125,0.001953125,1.0322265625,1.032701338010091
1785956106938,0.0302734375,-0.00146484375,1.03173828125,1.0321833692624496
1785956106946,0.0302734375,-0.00048828125,1.03125,1.0316943742875821
1785956106957,0.03662109375,0.0087890625,1.03076171875,1.0314495009294102
1785956106967,0.052734375,0.02978515625,1.03173828125,1.0335143689548694
1785956106977,0.015625,-0.03125,1.03173828125,1.0323296877072285
1785956106987,0.009765625,-0.03271484375,1.03125,1.031814998404863
1785956106996,0.03173828125,0.00390625,1.02978515625,1.0302815369201777
1785956107006,0.02734375,-0.00146484375,1.03271484375,1.0330778164944117
1785956107017,0.02734375,-0.001953125,1.0302734375,1.0306380797250771
1785956107027,0.0283203125,0.00146484375,1.02734375,1.027735066313966
1785956107036,0.0302734375,0.00146484375,1.03125,1.031695298663941
1785956107046,0.03076171875,0.00146484375,1.03125,1.031709741936978
1785956107056,0.03076171875,-0.001953125,1.03271484375,1.0331747415318024
1785956107066,0.029296875,-0.001953125,1.03369140625,1.0341083332693601
1785956107077,0.02978515625,0.00048828125,1.02978515625,1.0302159297857187
1785956107086,0.03369140625,0.00537109375,1.0302734375,1.0308381616535354
1785956107096,0.0302734375,-0.00048828125,1.03369140625,1.0341347314502827
1785956107106,0.0283203125,-0.00244140625,1.03076171875,1.0311535876895495
1785956107116,0.03076171875,0.00439453125,1.02880859375,1.029277765143702
1785956107125,0.02978515625,0.001953125,1.03125,1.031681895125674
1785956107135,0.02978515625,0.00146484375,1.0322265625,1.0326572411166326
1785956107146,0.0302734375,-0.0009765625,1.03125,1.0316947209288136
1785956107156,0.029296875,0.0,1.03271484375,1.0331303186850884
1785956107166,0.0302734375,0.00048828125,1.03076171875,1.0312063034510115
1785956107175,0.02880859375,-0.00048828125,1.03173828125,1.0321405207088499
1785956107185,0.02783203125,0.0,1.03125,1.0316255059194208
1785956107195,0.03076171875,0.0,1.0322265625,1.032684830754776
1785956107206,0.0302734375,0.00146484375,1.02978515625,1.0302310880662238
1785956107214,0.0283203125,-0.00048828125,1.03125,1.0316389101903227
1785956107225,0.0283203125,-0.00146484375,1.03125,1.0316398346163789
1785956107235,0.029296875,-0.0009765625,1.0322265625,1.0326426956550114
1785956107245,0.02978515625,0.0,1.03076171875,1.0311919687300184
1785956107254,0.03076171875,0.00146484375,1.0322265625,1.0326858696807235
1785956107264,0.03076171875,-0.0009765625,1.0322265625,1.0326852924997707
1785956107274,0.02978515625,-0.00146484375,1.03125,1.0316810862858972
1785956107285,0.0302734375,-0.00146484375,1.033203125,1.0336475822518254
1785956107295,0.029296875,0.0009765625,1.03173828125,1.0321546112650886
1785956107304,0.02880859375,-0.00146484375,1.029296875,1.029700994330796
1785956107314,0.029296875,0.0009765625,1.0322265625,1.0326426956550114
1785956107324,0.02978515625,0.00048828125,1.03173828125,1.0321682396528775
1785956107335,0.02978515625,0.0,1.02978515625,1.030215814072796
1785956107343,0.0302734375,0.00244140625,1.03076171875,1.031209077890123
1785956107354,0.033203125,0.0009765625,1.0322265625,1.0327609004579175
1785956107364,0.03173828125,-0.00146484375,1.02978515625,1.0302751730953983
1785956107374,0.029296875,0.0009765625,1.03271484375,1.0331307802309777
1785956107384,0.0322265625,0.0,1.0322265625,1.03272950362674
1785956107393,0.0302734375,-0.0009765625,1.0302734375,1.0307185797832739
1785956107403,0.02783203125,-0.00341796875,1.03271484375,1.0330954713749663
1785956107414,0.02880859375,-0.00244140625,1.0322265625,1.032631382376546
1785956107424,0.03076171875,-0.00146484375,1.03076171875,1.0312216783738208
1785956107433,0.0302734375,-0.00341796875,1.03173828125,1.0321879889463674
1785956107443,0.02734375,-0.00439453125,1.03076171875,1.0311337029742669
1785956107453,0.03076171875,-0.00146484375,1.03076171875,1.0312216783738208
1785956107463,0.03076171875,-0.0009765625,1.02978515625,1.0302449733182917
1785956107474,0.0302734375,-0.0009765625,1.03125,1.0316947209288136
1785956107482,0.03076171875,0.0,1.03076171875,1.0312206379727415
1785956107493,0.02978515625,0.00048828125,1.03125,1.0316801618968041
1785956107503,0.02978515625,0.0,1.03076171875,1.0311919687300184
1785956107513,0.03076171875,0.001953125,1.03076171875,1.0312224875739346
1785956107522,0.02880859375,0.00341796875,1.03125,1.0316579763100893
1785956107532,0.029296875,0.0,1.03076171875,1.031177980624693
1785956107543,0.03076171875,-0.00048828125,1.03125,1.03170881757356
1785956107553,0.03173828125,0.00048828125,1.03076171875,1.0312503467906022
1785956107563,0.02978515625,-0.001953125,1.03076171875,1.031193818382634
1785956107572,0.02783203125,-0.0029296875,1.03173828125,1.032117767519314
1785956107582,0.02880859375,-0.00341796875,1.0322265625,1.0326341529868142
1785956107592,0.029296875,-0.00390625,1.03076171875,1.0311853793156118
1785956107603,0.02783203125,-0.00390625,1.03173828125,1.0321210015057671
1785956107611,0.0302734375,-0.00146484375,1.03173828125,1.0321833692624496
1785956107622,0.03125,-0.00048828125,1.03271484375,1.0331876641831172
1785956107632,0.0302734375,-0.0009765625,1.03271484375,1.0331589341403238
1785956107642,0.03125,-0.0009765625,1.03125,1.0317238383764893
1785956107652,0.03173828125,0.0,1.03271484375,1.0332024327295648
1785956107661,0.0302734375,-0.00048828125,1.03173828125,1.032182445323185
1785956107671,0.029296875,-0.00146484375,1.0302734375,1.0306909375123292
1785956107682,0.03076171875,-0.0009765625,1.03271484375,1.033173356952432
1785956107692,0.029296875,-0.001953125,1.03076171875,1.0311798303023996
1785956107701,0.029296875,-0.00048828125,1.03125,1.0316661804107687
1785956107711,0.0302734375,0.0,1.03173828125,1.0321823298307187
1785956107721,0.03076171875,0.0,1.029296875,1.0297564470423186
1785956107731,0.03173828125,0.0,1.029296875,1.029786082340148
1785956107742,0.02978515625,0.0029296875,1.03076171875,1.031196130443738
1785956107751,0.03173828125,0.00146484375,1.0322265625,1.032715420914437
1785956107761,0.03173828125,0.001953125,1.03125,1.0317401299232136
1785956107771,0.03076171875,0.00048828125,1.03125,1.03170881757356
1785956107781,0.03076171875,-0.0009765625,1.033203125,1.0336614216098694
1785956107790,0.03173828125,-0.0009765625,1.0302734375,1.030762643962754
1785956107800,0.02783203125,-0.001953125,1.03173828125,1.0321154575227864
1785956107811,0.0302734375,-0.00537109375,1.03271484375,1.0331724338984876
1785956107821,0.03173828125,-0.00341796875,1.03271484375,1.033208086257878
1785956107830,0.02978515625,-0.00048828125,1.03125,1.0316801618968041
1785956107840,0.029296875,0.0,1.03125,1.0316660648605078
1785956107850,0.029296875,0.0009765625,1.03076171875,1.0311784430444306
1785956107860,0.02978515625,0.00341796875,1.03076171875,1.0311976332806758
1785956107871,0.02978515625,0.0029296875,1.02978515625,1.0302199797298253
1785956107879,0.0322265625,0.00146484375,1.03173828125,1.0322424996552324
1785956107890,0.029296875,0.00439453125,1.0302734375,1.0306992649690496
1785956107900,0.03076171875,0.00634765625,1.03125,1.0317282290314258
1785956107910,0.03125,0.00830078125,1.02978515625,1.0302926445928833
1785956107919,0.03125,0.005859375,1.0322265625,1.0327161135113352
1785956107929,0.0302734375,0.00634765625,1.03125,1.031713786017195
1785956107940,0.03076171875,0.00439453125,1.02880859375,1.029277765143702
1785956107950,0.02978515625,0.00244140625,1.03173828125,1.0321710115063387
1785956107960,0.029296875,0.0029296875,1.03173828125,1.0321583071168479
1785956107969,0.03076171875,0.00146484375,1.03125,1.031709741936978
1785956107979,0.03125,0.00048828125,1.03076171875,1.0312354346893988
1785956107989,0.03076171875,0.00439453125,1.033203125,1.0336703017670223
1785956108000,0.03173828125,0.00390625,1.03271484375,1.0332098169236263
1785956108008,0.0302734375,0.00537109375,1.03125,1.0317082398460031
1785956108019,0.03173828125,0.00537109375,1.03173828125,1.032240305423829
1785956108029,0.0302734375,0.00439453125,1.03076171875,1.031215551552355
1785956108039,0.03076171875,0.0029296875,1.03271484375,1.033177049159963
1785956108049,0.02978515625,0.00244140625,1.0302734375,1.0307067827541356
1785956108058,0.03076171875,0.00146484375,1.029296875,1.0297574889227228
1785956108068,0.02685546875,0.00244140625,1.029296875,1.0296500539265878
1785956108079,0.02880859375,0.00048828125,1.03173828125,1.0321405207088499
1785956108089,0.02734375,0.00146484375,1.0322265625,1.0325897068835428
1785956108098,0.0283203125,0.00244140625,1.03076171875,1.0311535876895495
1785956108108,0.0302734375,-0.00048828125,1.0322265625,1.0326705165575378
1785956108118,0.0302734375,0.0029296875,1.0322265625,1.0326745568752436
1785956108128,0.029296875,0.00341796875,1.0322265625,1.0326478904862528
1785956108139,0.0302734375,0.00341796875,1.03125,1.031699920533312
1785956108148,0.02978515625,0.0029296875,1.03076171875,1.031196130443738
1785956108158,0.0322265625,0.0048828125,1.03271484375,1.0332290848064931
1785956108168,0.03271484375,0.0,1.03076171875,1.0312807483134945
1785956108178,0.03076171875,0.00244140625,1.02880859375,1.0292712792936487
1785956108187,0.02880859375,0.00439453125,1.0302734375,1.0306855014973415
1785956108197,0.0302734375,0.00048828125,1.033203125,1.0336466596213676
1785956108208,0.03076171875,0.001953125,1.03271484375,1.0331747415318024
1785956108218,0.0302734375,0.00048828125,1.03271484375,1.033158587990359
1785956108228,0.02880859375,0.00048828125,1.029296875,1.029700068164122
1785956108237,0.03173828125,0.00146484375,1.02978515625,1.0302751730953983
1785956108247,0.03271484375,0.00341796875,1.03076171875,1.031286412376512
1785956108257,0.02880859375,-0.00048828125,1.033203125,1.0336047943978381
1785956108268,0.03271484375,0.0048828125,1.0322265625,1.0327563987650057
1785956108276,0.0302734375,0.0029296875,1.03076171875,1.0312103495055547
1785956108287,0.03125,0.001953125,1.033203125,1.0336774519679877
1785956108297,0.02783203125,-0.0009765625,1.0341796875,1.0345545909595177
1785956108307,0.02978515625,0.0009765625,1.029296875,1.0297282001052117
1785956108317,0.02734375,-0.00048828125,1.0302734375,1.030636344740815
1785956108326,0.02734375,0.00048828125,1.03173828125,1.0321006734225813
1785956108336,0.0283203125,0.0029296875,1.03173828125,1.0321310498990182
1785956108347,0.0302734375,-0.00048828125,1.03173828125,1.032182445323185
1785956108357,0.03125,0.00048828125,1.03125,1.0317234917450406
1785956108366,0.02880859375,-0.001953125,1.02978515625,1.0301898940505847
1785956108376,0.029296875,0.0,1.03125,1.0316660648605078
1785956108386,0.03125,0.001953125,1.03125,1.0317252249011195
1785956108397,0.0302734375,0.0,1.03076171875,1.0312061878492198
1785956108405,0.03076171875,0.00146484375,1.03076171875,1.0312216783738208
1785956108416,0.029296875,0.00048828125,1.03076171875,1.0311780962296468
1785956108426,0.03076171875,0.001953125,1.03125,1.0317105507542896
1785956108436,0.03173828125,0.0,1.03173828125,1.032226331524927
1785956108446,0.03125,0.0009765625,1.0302734375,1.030747724805824
1785956108455,0.03076171875,0.00048828125,1.03076171875,1.0312207535729134
1785956108465,0.03173828125,0.00146484375,1.03173828125,1.032227370912349
1785956108476,0.02880859375,-0.00146484375,1.02978515625,1.0301890840393821
1785956108486,0.029296875,0.0,1.03173828125,1.0321541492826882
1785956108495,0.02978515625,0.00048828125,1.03271484375,1.033144395741952
1785956108505,0.029296875,0.00146484375,1.03173828125,1.0321551887427984
1785956108515,0.03076171875,0.001953125,1.0302734375,1.0307344246001422
1785956108525,0.03076171875,0.00146484375,1.03125,1.031709741936978
1785956108536,0.03271484375,0.00146484375,1.0302734375,1.030793753758173
1785956108544,0.0302734375,0.0,1.03125,1.031694258740479
1785956108555,0.02734375,0.00048828125,1.02978515625,1.0301482355056861
1785956108565,0.03173828125,0.001953125,1.03076171875,1.031252080741864
1785956108575,0.03125,0.001953125,1.033203125,1.0336774519679877
1785956108584,0.0302734375,0.00244140625,1.03125,1.031697147414174
1785956108594,0.02880859375,0.00146484375,1.03173828125,1.032141444685644
1785956108605,0.03076171875,0.001953125,1.033203125,1.0336628055354828
1785956108615,0.03173828125,0.001953125,1.03173828125,1.0322281793240649
1785956108625,0.02880859375,0.00244140625,1.03076171875,1.0311671137011615
1785956108634,0.02978515625,0.0009765625,1.03076171875,1.0311924311434832
1785956108644,0.0302734375,0.0,1.0322265625,1.0326704011196568
1785956108654,0.029296875,-0.00048828125,1.03173828125,1.0321542647783077
1785956108665,0.02880859375,-0.0009765625,1.03125,1.031652776494189
1785956108673,0.029296875,-0.00048828125,1.0302734375,1.030690012235207
1785956108684,0.03125,-0.00146484375,1.03076171875,1.0312363594771405
1785956108694,0.0341796875,0.0,1.03271484375,1.0332803102446038
1785956108704,0.029296875,0.0009765625,1.03271484375,1.0331307802309777
1785956108714,0.0302734375,0.0009765625,1.02978515625,1.030230509509993
1785956108723,0.03173828125,0.00244140625,1.03125,1.0317411698004406
1785956108733,0.0302734375,0.0009765625,1.03076171875,1.0312066502563086
1785956108744,0.03125,0.00048828125,1.0302734375,1.030747377846117
1785956108754,0.03125,0.0029296875,1.0322265625,1.0327036466960955
1785956108763,0.03125,0.001953125,1.03076171875,1.031237168665734
1785956108773,0.0302734375,0.00146484375,1.03076171875,1.031207228264878
1785956108783,0.03125,0.0009765625,1.03125,1.0317238383764893
1785956108794,0.02880859375,-0.001953125,1.03076171875,1.031166073245029
1785956108804,0.0302734375,0.0009765625,1.03173828125,1.0321827918005062
1785956108813,0.0302734375,0.00048828125,1.03173828125,1.032182445323185
1785956108823,0.029296875,-0.0009765625,1.02978515625,1.0302022755711224
1785956108833,0.02978515625,-0.00048828125,1.03125,1.0316801618968041
1785956108843,0.02978515625,0.0,1.0322265625,1.0326562021618828
1785956108852,0.029296875,-0.00146484375,1.029296875,1.0297147709617178
1785956108862,0.0283203125,0.00048828125,1.029296875,1.0296865228813294
1785956108873,0.02880859375,0.0009765625,1.03125,1.031652776494189
1785956108883,0.03125,-0.001953125,1.033203125,1.0336774519679877
1785956108893,0.0322265625,0.00146484375,1.0302734375,1.0307783724525097
1785956108902,0.0302734375,0.00146484375,1.02978515625,1.0302310880662238
1785956108912,0.0302734375,0.00146484375,1.03076171875,1.031207228264878
1785956108922,0.02978515625,-0.00048828125,1.03125,1.0316801618968041
1785956108933,0.03125,-0.00048828125,1.03076171875,1.0312354346893988
1785956108941,0.0322265625,0.001953125,1.033203125,1.0337074361431273
1785956108952,0.0302734375,0.0009765625,1.0302734375,1.0307185797832739
1785956108962,0.03125,0.001953125,1.03125,1.0317252249011195
1785956108972,0.0302734375,0.0029296875,1.03125,1.0316984184280376
1785956108981,0.02880859375,0.0,1.03076171875,1.0311642235426453
1785956108991,0.0302734375,-0.0009765625,1.0322265625,1.0326708628711034
1785956109002,0.02880859375,0.00146484375,1.0322265625,1.032629535298904
1785956109012,0.0302734375,0.00146484375,1.03125,1.031695298663941
1785956109022,0.03076171875,0.00048828125,1.03125,1.03170881757356
1785956109031,0.02978515625,0.00146484375,1.02880859375,1.0292407025928878
1785956109041,0.03173828125,0.0,1.03173828125,1.032226331524927
1785956109051,0.029296875,-0.00048828125,1.03173828125,1.0321542647783077
1785956109062,0.03076171875,0.00048828125,1.029296875,1.0297565628068601
1785956109070,0.03173828125,0.0,1.02880859375,1.029298033161706
1785956109081,0.033203125,0.0009765625,1.0302734375,1.0308087878952858
1785956109091,0.03271484375,-0.00048828125,1.0302734375,1.0307928285733425
1785956109101,0.03076171875,-0.001953125,1.03125,1.0317105507542896
1785956109111,0.03076171875,0.0,1.03076171875,1.0312206379727415
1785956109120,0.0302734375,-0.00146484375,1.0302734375,1.0307191580655444
1785956109130,0.0302734375,0.0009765625,1.03076171875,1.0312066502563086
1785956109141,0.029296875,0.00146484375,1.03369140625,1.034107526327451
1785956109151,0.02978515625,0.00048828125,1.0322265625,1.032656317601351
1785956109160,0.029296875,0.0009765625,1.03125,1.0316665270614735
1785956109170,0.03173828125,0.0009765625,1.0302734375,1.030762643962754
1785956109180,0.029296875,0.001953125,1.0302734375,1.0306917471291297
1785956109190,0.029296875,0.00244140625,1.03125,1.0316689536131458
1785956109201,0.03076171875,-0.00048828125,1.03271484375,1.0331730108072994
1785956109210,0.0302734375,0.00146484375,1.02880859375,1.0292549486687597
1785956109220,0.03076171875,0.00048828125,1.03173828125,1.0321968817797007
1785956109230,0.02880859375,0.0009765625,1.03076171875,1.0311646859685524
1785956109240,0.02978515625,0.0009765625,1.03173828125,1.0321685861349672
1785956109249,0.029296875,-0.00146484375,1.03369140625,1.034107526327451
1785956109259,0.029296875,-0.00048828125,1.03076171875,1.0311780962296468
1785956109270,0.03125,-0.001953125,1.03076171875,1.031237168665734
1785956109280,0.0302734375,-0.0029296875,1.03076171875,1.0312103495055547
1785956109290,0.03076171875,-0.00048828125,1.03125,1.03170881757356
1785956109299,0.03173828125,-0.0009765625,1.0322265625,1.03271484375
1785956109309,0.03173828125,0.0009765625,1.0302734375,1.030762643962754
1785956109319,0.03076171875,0.0009765625,1.0302734375,1.0307330367427043
1785956109330,0.0283203125,0.00048828125,1.03076171875,1.0311508131011344
1785956109338,0.0322265625,0.0,1.03076171875,1.0312653742713465
1785956109349,0.03173828125,0.001953125,1.03173828125,1.0322281793240649
1785956109359,0.029296875,-0.00048828125,1.0302734375,1.030690012235207
1785956109369,0.02880859375,0.0,1.03076171875,1.0311642235426453
1785956109379,0.02978515625,0.0,1.02978515625,1.030215814072796
1785956109388,0.02978515625,0.00048828125,1.02978515625,1.0302159297857187
1785956109398,0.0302734375,0.00146484375,1.03125,1.031695298663941
1785956109409,0.02978515625,0.0,1.033203125,1.03363235874396
1785956109419,0.029296875,-0.001953125,1.03076171875,1.0311798303023996
1785956109428,0.029296875,-0.0009765625,1.02978515625,1.0302022755711224
1785956109438,0.03173828125,0.0,1.03173828125,1.032226331524927
1785956109448,0.03076171875,0.00146484375,1.03173828125,1.032197805706043
1785956109459,0.0302734375,0.00244140625,1.02978515625,1.0302329394439789
1785956109469,0.03125,0.0029296875,1.02880859375,1.0292872622075433
1785956109478,0.0302734375,0.0009765625,1.029296875,1.0297424394367498
1785956109488,0.02978515625,0.00146484375,1.03076171875,1.0311930091600228
1785956109498,0.0302734375,0.001953125,1.03125,1.0316961074925755
1785956109508,0.02978515625,0.0009765625,1.03125,1.0316805085428111
1785956109517,0.0302734375,0.00048828125,1.03125,1.0316943742875821
1785956109527,0.0302734375,-0.00048828125,1.029296875,1.0297420921383234
1785956109538,0.029296875,0.00048828125,1.03173828125,1.0321542647783077
1785956109548,0.029296875,-0.00146484375,1.03125,1.0316671048123893
1785956109557,0.0283203125,-0.0029296875,1.03125,1.0316429545482029
1785956109567,0.02734375,-0.001953125,1.0322265625,1.032590515011587
1785956109577,0.02880859375,-0.001953125,1.03271484375,1.0331184338074242
1785956109587,0.0302734375,-0.0009765625,1.033203125,1.0336470056078857
1785956109598,0.029296875,0.00048828125,1.03125,1.0316661804107687
1785956109606,0.03076171875,0.00048828125,1.029296875,1.0297565628068601
1785956109617,0.033203125,0.0029296875,1.0322265625,1.03276459414001
1785956109627,0.033203125,0.00048828125,1.03173828125,1.0322725255110923
1785956109637,0.03369140625,0.0029296875,1.02978515625,1.030340313661844
1785956109646,0.03271484375,0.00244140625,1.03125,1.0317716723995016
1785956109656,0.0302734375,0.0,1.0302734375,1.030718117157224
1785956109667,0.03076171875,0.0,1.033203125,1.03366096030092
1785956109677,0.0302734375,0.0,1.0322265625,1.0326704011196568
1785956109687,0.02978515625,-0.0009765625,1.03125,1.0316805085428111
1785956109696,0.03076171875,-0.00146484375,1.0322265625,1.0326858696807235
1785956109706,0.029296875,-0.00146484375,1.03076171875,1.0311790210688112
1785956109716,0.02978515625,-0.00146484375,1.03125,1.0316810862858972
1785956109727,0.03076171875,0.00048828125,1.03173828125,1.0321968817797007
1785956109735,0.02978515625,-0.0009765625,1.03173828125,1.0321685861349672
1785956109746,0.0322265625,-0.00048828125,1.0302734375,1.0307774472538735
1785956109756,0.03173828125,0.0,1.0302734375,1.0307621813564807
1785956109766,0.029296875,-0.0009765625,1.02978515625,1.0302022755711224
1785956109776,0.02978515625,0.00048828125,1.03125,1.0316801618968041
1785956109785,0.02978515625,0.00048828125,1.0302734375,1.0307040069629507
1785956109795,0.03125,-0.00146484375,1.02978515625,1.0302602468794226
1785956109806,0.0302734375,0.0009765625,1.02978515625,1.030230509509993
1785956109816,0.0302734375,0.0009765625,1.0341796875,1.0346231491369118
1785956109825,0.02978515625,-0.00048828125,1.03369140625,1.0341205525984476
1785956109835,0.029296875,-0.00048828125,1.03125,1.0316661804107687
1785956109845,0.03076171875,-0.00146484375,1.02978515625,1.0302455518664
1785956109856,0.0302734375,-0.00146484375,1.03173828125,1.0321833692624496
1785956109866,0.02978515625,-0.0009765625,1.03125,1.0316805085428111
1785956109875,0.02978515625,0.0,1.03271484375,1.0331442803570197
1785956109885,0.02978515625,0.00048828125,1.03125,1.0316801618968041
1785956109895,0.0302734375,0.00048828125,1.02978515625,1.0302301623760985
1785956109905,0.0322265625,0.00244140625,1.03076171875,1.031268264146385
1785956109914,0.0322265625,0.00244140625,1.0322265625,1.0327323894047336
1785956109924,0.03076171875,0.001953125,1.03125,1.0317105507542896
1785956109935,0.0283203125,0.0,1.03076171875,1.031150697493122
1785956109945,0.02978515625,0.00048828125,1.03076171875,1.031192084333404
1785956109955,0.0302734375,-0.001953125,1.03125,1.0316961074925755
1785956109964,0.02978515625,-0.00146484375,1.03125,1.0316810862858972
1785956109974,0.02734375,-0.001953125,1.033203125,1.03356673363218
1785956109984,0.0283203125,-0.00146484375,1.03076171875,1.031151737964769
1785956109995,0.029296875,-0.0029296875,1.0302734375,1.0306940603164838
1785956110003,0.03076171875,-0.0009765625,1.03125,1.0317091642099387
1785956110014,0.02880859375,-0.0009765625,1.03466796875,1.0350694152110862
1785956110024,0.0302734375,0.0009765625,1.03125,1.0316947209288136
1785956110034,0.03173828125,-0.00048828125,1.03125,1.031738396792173
1785956110044,0.03125,-0.00244140625,1.02978515625,1.0302620982047794
1785956110053,0.03076171875,0.0,1.03173828125,1.0321967662888496
1785956110064,0.0322265625,0.00048828125,1.033203125,1.0337057063105104
1785956110074,0.0322265625,0.0009765625,1.03271484375,1.0332180087021663
1785956110084,0.03076171875,-0.00048828125,1.03076171875,1.0312207535729134
1785956110093,0.0302734375,0.0,1.03271484375,1.0331584726070118
1785956110103,0.03125,-0.00146484375,1.03076171875,1.0312363594771405
1785956110113,0.03076171875,-0.00048828125,1.03173828125,1.0321968817797007
1785956110124,0.02978515625,-0.00146484375,1.0322265625,1.0326572411166326
1785956110132,0.0302734375,-0.00048828125,1.03173828125,1.032182445323185
1785956110143,0.029296875,-0.0009765625,1.0322265625,1.0326426956550114
1785956110153,0.029296875,-0.0009765625,1.0322265625,1.0326426956550114
1785956110163,0.0283203125,0.0009765625,1.03173828125,1.0321273539496558
1785956110173,0.029296875,-0.0009765625,1.03173828125,1.0321546112650886
1785956110182,0.0302734375,0.0,1.03076171875,1.0312061878492198
1785956110192,0.02978515625,0.0,1.03125,1.0316800463481093
1785956110203,0.029296875,-0.0009765625,1.03125,1.0316665270614735
1785956110213,0.029296875,0.0009765625,1.03173828125,1.0321546112650886
1785956110222,0.0302734375,0.001953125,1.03125,1.0316961074925755
1785956110232,0.03173828125,-0.00048828125,1.03125,1.031738396792173
1785956110242,0.03076171875,-0.00048828125,1.03271484375,1.0331730108072994
1785956110252,0.03125,-0.001953125,1.03125,1.0317252249011195
1785956110263,0.03173828125,-0.00048828125,1.03076171875,1.0312503467906022
1785956110272,0.03076171875,0.0009765625,1.03076171875,1.031221100373351
1785956110282,0.03271484375,0.0,1.0322265625,1.0327448558730048
1785956110292,0.02978515625,0.0,1.03173828125,1.0321681241588219
1785956110302,0.03125,0.0009765625,1.03076171875,1.0312357814848991
1785956110311,0.02978515625,0.0009765625,1.0302734375,1.0307043539372576
1785956110321,0.0302734375,-0.00048828125,1.03076171875,1.0312063034510115
1785956110332,0.03173828125,0.00048828125,1.0322265625,1.032714497451183
1785956110342,0.03076171875,0.0009765625,1.0322265625,1.0326852924997707
1785956110352,0.02978515625,0.0009765625,1.03076171875,1.0311924311434832
1785956110361,0.0283203125,0.00048828125,1.02978515625,1.0301746194463897
1785956110371,0.0302734375,0.0009765625,1.03173828125,1.0321827918005062
1785956110381,0.0302734375,0.00048828125,1.033203125,1.0336466596213676
1785956110392,0.0283203125,-0.00146484375,1.03173828125,1.0321279314426162
1785956110400,0.0302734375,-0.0029296875,1.03076171875,1.0312103495055547
1785956110411,0.02978515625,-0.0029296875,1.0302734375,1.0307080549892638
1785956110421,0.03125,-0.001953125,1.029296875,1.0297730012396087
1785956110431,0.03076171875,-0.0009765625,1.0302734375,1.0307330367427043
1785956110441,0.03125,-0.00146484375,1.03173828125,1.0322124729259554
1785956110450,0.03125,-0.001953125,1.02978515625,1.0302610568346755
1785956110461,0.02978515625,-0.00048828125,1.0302734375,1.0307040069629507
1785956110471,0.03125,0.0,1.03173828125,1.0322114335235315
1785956110481,0.03125,0.00146484375,1.0322265625,1.03270052996877
1785956110490,0.03173828125,0.00244140625,1.03125,1.0317411698004406
1785956110500,0.03076171875,0.001953125,1.0302734375,1.0307344246001422
1785956110510,0.03173828125,0.00146484375,1.03125,1.0317393211290902
1785956110521,0.03076171875,0.00146484375,1.03173828125,1.032197805706043
1785956110531,0.02685546875,0.00048828125,1.0322265625,1.0325759686100233
1785956110540,0.02880859375,-0.0009765625,1.033203125,1.0336051403983701
1785956110550,0.03076171875,0.0,1.03076171875,1.0312206379727415
1785956110560,0.02978515625,-0.001953125,1.02978515625,1.0302176654779995
1785956110570,0.03076171875,0.00048828125,1.03173828125,1.0321968817797007
1785956110579,0.0283203125,-0.00244140625,1.03271484375,1.0331059718471103
1785956110589,0.02978515625,-0.00048828125,1.03173828125,1.0321682396528775
1785956110600,0.029296875,-0.00146484375,1.03125,1.0316671048123893
1785956110610,0.02978515625,-0.00244140625,1.03125,1.0316829350615986
1785956110620,0.03173828125,-0.00048828125,1.03125,1.031738396792173
1785956110629,0.0283203125,-0.0009765625,1.03173828125,1.0321273539496558
1785956110639,0.02978515625,0.00048828125,1.03076171875,1.031192084333404
1785956110649,0.0322265625,-0.00048828125,1.03125,1.0317535327049505
1785956110660,0.0302734375,-0.00146484375,1.03271484375,1.0331595110566738
1785956110669,0.03125,-0.001953125,1.03173828125,1.032213281349339
1785956110679,0.0322265625,-0.00048828125,1.03173828125,1.032241575768894
1785956110689,0.03173828125,-0.001953125,1.03173828125,1.0322281793240649
1785956110699,0.03125,-0.00244140625,1.03173828125,1.032214320749902
1785956110708,0.03173828125,0.0,1.03173828125,1.032226331524927
1785956110718,0.03076171875,-0.0009765625,1.0322265625,1.0326852924997707
1785956110729,0.03076171875,-0.00146484375,1.03271484375,1.0331739338607284
1785956110739,0.02880859375,0.0,1.0322265625,1.0326284963162788
1785956110749,0.0302734375,0.00048828125,1.03271484375,1.033158587990359
1785956110758,0.03125,0.00244140625,1.0302734375,1.0307501535205046
1785956110768,0.0302734375,0.00146484375,1.03125,1.031695298663941
1785956110778,0.03125,0.00048828125,1.033203125,1.0336757220851929
1785956110789,0.029296875,0.00048828125,1.03271484375,1.0331304340715801
1785956110797,0.0302734375,0.00048828125,1.03173828125,1.032182445323185
1785956110808,0.03173828125,-0.00244140625,1.0322265625,1.032717267838467
1785956110818,0.0283203125,-0.00244140625,1.03125,1.031641683466006
1785956110828,0.02880859375,-0.00244140625,1.03076171875,1.0311671137011615
1785956110838,0.03173828125,-0.001953125,1.03173828125,1.0322281793240649
1785956110847,0.03076171875,-0.00146484375,1.0322265625,1.0326858696807235
1785956110857,0.0283203125,-0.0009765625,1.03173828125,1.0321273539496558
1785956110868,0.03125,0.0,1.03125,1.0317233762011986
1785956110878,0.03076171875,-0.00048828125,1.03125,1.03170881757356
1785956110887,0.0302734375,-0.00146484375,1.03271484375,1.0331595110566738
1785956110897,0.03076171875,-0.0009765625,1.03125,1.0317091642099387
1785956110907,0.03125,0.00244140625,1.03173828125,1.032214320749902
1785956110918,0.03173828125,0.0009765625,1.03369140625,1.0341789958832672
1785956110928,0.03125,0.0,1.0302734375,1.030747262192855
1785956110937,0.0322265625,0.0009765625,1.02978515625,1.030289751981315
1785956110947,0.03173828125,0.0,1.0283203125,1.028809984203498
1785956110957,0.02978515625,-0.00048828125,1.03076171875,1.031192084333404
1785956110967,0.0302734375,-0.0009765625,1.03271484375,1.0331589341403238
1785956110976,0.029296875,0.0,1.03271484375,1.0331303186850884
1785956110986,0.02783203125,-0.00048828125,1.03125,1.0316256214742245
1785956110997,0.02783203125,0.0,1.0322265625,1.032601713292239
1785956111007,0.02880859375,-0.0009765625,1.033203125,1.0336051403983701
1785956111017,0.0302734375,-0.00146484375,1.0322265625,1.0326714400601213
1785956111026,0.02783203125,-0.00146484375,1.0302734375,1.030650340197285
1785956111036,0.02978515625,-0.001953125,1.0302734375,1.0307057418333172
1785956111046,0.0302734375,-0.00244140625,1.03173828125,1.032185217138498
1785956111057,0.03125,0.0,1.03271484375,1.033187548803017
1785956111065,0.029296875,0.0009765625,1.03076171875,1.0311784430444306
1785956111076,0.03125,0.00146484375,1.03369140625,1.0341647023672362
1785956111086,0.0302734375,0.00048828125,1.03125,1.0316943742875821
1785956111096,0.03125,-0.001953125,1.03271484375,1.033189394883074
1785956111106,0.0283203125,-0.00146484375,1.0322265625,1.032616028443233
1785956111115,0.02978515625,0.0,1.0322265625,1.0326562021618828
1785956111126,0.03125,-0.0009765625,1.03125,1.0317238383764893
1785956111136,0.029296875,0.00048828125,1.02978515625,1.0302019284277144
1785956111146,0.03076171875,0.0009765625,1.03173828125,1.0321972282521759
1785956111155,0.02880859375,0.0,1.03173828125,1.0321404052116925
1785956111165,0.029296875,-0.0009765625,1.0322265625,1.0326426956550114
1785956111175,0.0302734375,-0.00146484375,1.0302734375,1.0307191580655444
1785956111186,0.029296875,-0.00048828125,1.03076171875,1.0311780962296468
1785956111196,0.029296875,0.00048828125,1.03125,1.0316661804107687
1785956111205,0.03125,-0.00048828125,1.03076171875,1.0312354346893988
1785956111215,0.03076171875,-0.00146484375,1.02978515625,1.0302455518664
1785956111225,0.02880859375,-0.00146484375,1.03173828125,1.032141444685644
1785956111235,0.02978515625,-0.00048828125,1.0322265625,1.032656317601351
1785956111244,0.03076171875,-0.00048828125,1.02978515625,1.0302446261892706
1785956111254,0.029296875,-0.001953125,1.03125,1.031667913663128
1785956111265,0.03076171875,-0.0029296875,1.03076171875,1.0312247995707609
1785956111275,0.0302734375,-0.0029296875,1.0302734375,1.0307222807841987
1785956111284,0.0302734375,-0.00048828125,1.03369140625,1.0341347314502827
1785956111294,0.03125,-0.00146484375,1.0322265625,1.03270052996877
1785956111304,0.03076171875,-0.00244140625,1.02978515625,1.0302474032181632
1785956111315,0.03076171875,-0.0009765625,1.03125,1.0317091642099387
1785956111325,0.03076171875,0.0,1.03173828125,1.0321967662888496
1785956111334,0.02978515625,0.00048828125,1.03125,1.0316801618968041
1785956111344,0.03125,-0.00048828125,1.03173828125,1.0322115490127415
1785956111354,0.03173828125,0.00048828125,1.03173828125,1.0322264470124698
1785956111364,0.02978515625,0.0,1.03076171875,1.0311919687300184
1785956111373,0.0302734375,0.00048828125,1.03076171875,1.0312063034510115
1785956111383,0.029296875,0.0,1.0322265625,1.0326422338909695
1785956111394,0.02880859375,0.0009765625,1.0302734375,1.030676595623591
1785956111404,0.0302734375,-0.00048828125,1.03076171875,1.0312063034510115
1785956111414,0.03076171875,-0.00146484375,1.03125,1.031709741936978
1785956111423,0.0302734375,-0.0009765625,1.03076171875,1.0312066502563086
1785956111433,0.02880859375,-0.00341796875,1.03173828125,1.0321460645572083
1785956111443,0.03125,-0.0009765625,1.03173828125,1.0322118954802937
1785956111454,0.03076171875,-0.00244140625,1.03076171875,1.0312235279731479
1785956111462,0.03125,-0.00439453125,1.03271484375,1.0331968945493855
1785956111473,0.03076171875,-0.0029296875,1.03125,1.0317128616574003
1785956111483,0.03173828125,-0.00048828125,1.02978515625,1.0302742474448832
1785956111493,0.0283203125,-0.00146484375,1.0302734375,1.0306636414880346
1785956111503,0.03125,-0.00146484375,1.0302734375,1.0307483030717433
1785956111512,0.03173828125,0.0009765625,1.03125,1.031738743418614
1785956111523,0.03125,0.0009765625,1.0322265625,1.0326999527960108
1785956111533,0.03173828125,0.00048828125,1.0302734375,1.0307622970080685
1785956111543,0.03076171875,-0.00048828125,1.03173828125,1.0321968817797007
1785956111552,0.02880859375,-0.0029296875,1.03173828125,1.032144563101218
1785956111562,0.0283203125,-0.00048828125,1.03173828125,1.0321270074537245
1785956111572,0.02880859375,-0.00048828125,1.03173828125,1.0321405207088499
1785956111583,0.02978515625,0.0,1.0302734375,1.0307038913048225
1785956111593,0.03125,-0.0009765625,1.03076171875,1.0312357814848991
1785956111602,0.0322265625,-0.00244140625,1.03173828125,1.0322443474254281
1785956111612,0.0302734375,0.0,1.03173828125,1.0321823298307187
1785956111622,0.03076171875,0.0009765625,1.03173828125,1.0321972282521759
1785956111632,0.03125,-0.0009765625,1.0302734375,1.030747724805824
1785956111641,0.0302734375,-0.00146484375,1.03173828125,1.0321833692624496
1785956111651,0.03076171875,-0.00146484375,1.03271484375,1.0331739338607284
1785956111662,0.0302734375,-0.00146484375,1.02978515625,1.0302310880662238
1785956111672,0.02880859375,-0.00244140625,1.03125,1.0316552030782038
1785956111682,0.03173828125,-0.0029296875,1.03173828125,1.0322304890683358
1785956111691,0.03173828125,-0.00146484375,1.03076171875,1.0312512715649713
1785956111701,0.0302734375,-0.00048828125,1.03125,1.0316943742875821
1785956111711,0.03125,-0.00244140625,1.03076171875,1.0312382090501357
1785956111722,0.02978515625,-0.0029296875,1.03173828125,1.0321722819366874
1785956111731,0.0283203125,-0.001953125,1.03076171875,1.0311525472197687
1785956111741,0.03125,-0.00146484375,1.03173828125,1.0322124729259554
1785956111751,0.0322265625,-0.00048828125,1.0322265625,1.0327296190580146
1785956111761,0.029296875,0.0009765625,1.0283203125,1.0287380257670948
1785956111772,0.02978515625,0.0,1.03076171875,1.0311919687300184
1785956111780,0.029296875,0.0,1.03271484375,1.0331303186850884
1785956111791,0.02978515625,0.00048828125,1.033203125,1.033632474074408
1785956111801,0.03076171875,0.00048828125,1.03173828125,1.0321968817797007
1785956111811,0.03125,0.00048828125,1.03076171875,1.0312354346893988
1785956111820,0.03076171875,-0.0009765625,1.02978515625,1.0302449733182917
1785956111830,0.03076171875,-0.001953125,1.02880859375,1.0292702369210782
1785956111840,0.02978515625,-0.0029296875,1.03369140625,1.0341245872508724
1785956111851,0.02783203125,-0.0029296875,1.03125,1.0316296658842012
1785956111859,0.03173828125,-0.0029296875,1.03076171875,1.0312543926723443
1785956111870,0.02880859375,-0.00244140625,1.03271484375,1.0331194722973316
1785956111880,0.0283203125,-0.001953125,1.0322265625,1.032616836550678
1785956111890,0.0302734375,-0.001953125,1.033203125,1.0336483895528004
1785956111900,0.03271484375,-0.00146484375,1.0341796875,1.0346980394329528
1785956111909,0.029296875,-0.00341796875,1.02978515625,1.030207482708206
1785956111919,0.02978515625,-0.0029296875,1.03125,1.0316842060929714
1785956111930,0.03173828125,-0.0009765625,1.03125,1.031738743418614
1785956111940,0.03173828125,0.00048828125,1.03125,1.031738396792173
1785956111949,0.03076171875,0.001953125,1.02978515625,1.0302463618332056
1785956111959,0.03173828125,-0.00048828125,1.03076171875,1.0312503467906022
1785956111969,0.02978515625,0.00048828125,1.02978515625,1.0302159297857187
1785956111980,0.02978515625,0.0,1.03173828125,1.0321681241588219
1785956111990,0.0302734375,-0.0009765625,1.02880859375,1.0292543695638292
1785956111999,0.02978515625,-0.00146484375,1.02978515625,1.0302168554886324
1785956112009,0.03076171875,-0.001953125,1.03125,1.0317105507542896
1785956112019,0.02783203125,-0.0029296875,1.0302734375,1.0306534631244466
1785956112029,0.02783203125,0.00048828125,1.03173828125,1.0321137250219978
1785956112038,0.02978515625,-0.00048828125,1.03125,1.0316801618968041
1785956112048,0.029296875,-0.00048828125,1.0302734375,1.030690012235207
1785956112059,0.03125,-0.00048828125,1.03076171875,1.0312354346893988
1785956112069,0.03173828125,0.00048828125,1.03125,1.031738396792173
1785956112079,0.029296875,-0.00048828125,1.0322265625,1.0326423493319994
1785956112088,0.03173828125,-0.00244140625,1.03076171875,1.0312531211112215
1785956112098,0.03173828125,-0.0009765625,1.0322265625,1.03271484375
1785956112108,0.03173828125,-0.0009765625,1.03125,1.031738743418614
1785956112119,0.0322265625,-0.001953125,1.03173828125,1.0322433080551001
1785956112127,0.02978515625,-0.00146484375,1.0302734375,1.0307049322275097
1785956112138,0.02880859375,0.0009765625,1.0302734375,1.030676595623591
1785956112148,0.02978515625,-0.001953125,1.03173828125,1.032169972062163
1785956112158,0.02880859375,-0.00146484375,1.0322265625,1.032629535298904
1785956112169,0.02978515625,-0.00048828125,1.0322265625,1.032656317601351
1785956112177,0.03076171875,-0.001953125,1.0302734375,1.0307344246001422
1785956112188,0.0302734375,-0.00146484375,1.02978515625,1.0302310880662238
1785956112198,0.02880859375,-0.00048828125,1.03173828125,1.0321405207088499
1785956112208,0.03173828125,-0.00146484375,1.03125,1.0317393211290902
1785956112217,0.03076171875,0.0,1.0322265625,1.032684830754776
1785956112227,0.029296875,0.00146484375,1.03173828125,1.0321551887427984
1785956112237,0.03125,0.00146484375,1.03173828125,1.0322124729259554
1785956112248,0.03173828125,0.0009765625,1.029296875,1.0297865453849093
1785956112258,0.03173828125,-0.00048828125,1.02978515625,1.0302742474448832
1785956112267,0.03076171875,-0.00048828125,1.03125,1.03170881757356
1785956112277,0.03076171875,-0.0009765625,1.0322265625,1.0326852924997707
1785956112287,0.03125,-0.001953125,1.03271484375,1.033189394883074
1785956112297,0.03125,-0.0009765625,1.0302734375,1.030747724805824
1785956112306,0.02978515625,-0.00390625,1.0302734375,1.0307112933988674
1785956112316,0.029296875,-0.0029296875,1.0322265625,1.0326463897599119
1785956112327,0.03076171875,0.00048828125,1.0322265625,1.0326849461910441
1785956112337,0.02978515625,-0.00048828125,1.02978515625,1.0302159297857187
1785956112347,0.03076171875,-0.00244140625,1.03076171875,1.0312235279731479
1785956112356,0.03173828125,-0.0029296875,1.03173828125,1.0322304890683358
1785956112366,0.03076171875,-0.00048828125,1.03125,1.03170881757356
1785956112377,0.03125,0.0009765625,1.03125,1.0317238383764893
1785956112387,0.02978515625,0.0,1.03173828125,1.0321681241588219
1785956112396,0.029296875,0.0,1.03369140625,1.034106488829786
1785956112406,0.03125,-0.0009765625,1.03125,1.0317238383764893
1785956112416,0.02880859375,0.0,1.03125,1.0316523142870628
1785956112426,0.02978515625,0.0009765625,1.02978515625,1.0302162769244088
1785956112435,0.02978515625,0.0,1.03076171875,1.0311919687300184
1785956112445,0.02978515625,-0.00048828125,1.0322265625,1.032656317601351
1785956112456,0.0302734375,-0.001953125,1.03125,1.0316961074925755
1785956112466,0.03173828125,-0.0029296875,1.0322265625,1.0327185375968218
1785956112476,0.03125,-0.00244140625,1.03076171875,1.0312382090501357
1785956112485,0.03125,-0.00146484375,1.0302734375,1.0307483030717433
1785956112495,0.03125,-0.0009765625,1.03271484375,1.0331880103233406
1785956112505,0.0302734375,-0.00048828125,1.03076171875,1.0312063034510115
1785956112516,0.033203125,-0.00146484375,1.03125,1.0317854213822648
1785956112524,0.03125,-0.0009765625,1.0302734375,1.030747724805824
1785956112535,0.03173828125,0.0,1.03125,1.03173828125
1785956112545,0.03125,0.0,1.033203125,1.0336756067595703
1785956112555,0.03125,0.0009765625,1.0302734375,1.030747724805824
1785956112565,0.029296875,0.00048828125,1.029296875,1.029713844807435
1785956112574,0.02880859375,-0.00048828125,1.03125,1.0316524298388636
1785956112585,0.02734375,-0.00244140625,1.03173828125,1.0321034454575007
1785956112595,0.0283203125,-0.00146484375,1.0322265625,1.032616028443233
1785956112605,0.02978515625,-0.001953125,1.03271484375,1.0331461265143906
1785956112614,0.02783203125,-0.00146484375,1.03076171875,1.0311384429702768
1785956112624,0.0302734375,-0.00146484375,1.03173828125,1.0321833692624496
1785956112634,0.03125,0.0,1.03125,1.0317233762011986
1785956112645,0.03173828125,-0.00048828125,1.03076171875,1.0312503467906022
1785956112655,0.03125,0.00048828125,1.03125,1.0317234917450406
1785956112664,0.0322265625,0.0,1.03173828125,1.0322414602830436
1785956112674,0.03125,0.00048828125,1.0302734375,1.030747377846117
1785956112684,0.03125,0.0,1.03076171875,1.0312353190908727
1785956112694,0.03271484375,0.0,1.03076171875,1.0312807483134945
1785956112703,0.03125,-0.0009765625,1.03173828125,1.0322118954802937
1785956112713,0.03076171875,0.0,1.03173828125,1.0321967662888496
1785956112724,0.03125,-0.0029296875,1.02978515625,1.0302633709890323
1785956112734,0.0302734375,-0.00244140625,1.03271484375,1.0331613571868292
1785956112744,0.03076171875,-0.00244140625,1.03076171875,1.0312235279731479
1785956112753,0.02978515625,-0.00244140625,1.03076171875,1.0311948588107722
1785956112763,0.02978515625,-0.00244140625,1.03125,1.0316829350615986
1785956112773,0.03125,-0.0048828125,1.03271484375,1.0331990867492562
1785956112784,0.0302734375,-0.0009765625,1.03076171875,1.0312066502563086
1785956112793,0.02880859375,0.0,1.03125,1.0316523142870628
1785956112803,0.0302734375,-0.00048828125,1.03125,1.0316943742875821
1785956112813,0.02978515625,-0.00146484375,1.03173828125,1.0321691636048584
1785956112823,0.029296875,-0.0009765625,1.03125,1.0316665270614735
1785956112834,0.0302734375,-0.001953125,1.02978515625,1.030231898044401
1785956112842,0.03076171875,-0.00146484375,1.02978515625,1.0302455518664
1785956112853,0.03076171875,0.0009765625,1.0322265625,1.0326852924997707
1785956112863,0.0302734375,0.0,1.0302734375,1.030718117157224
1785956112873,0.02978515625,-0.00146484375,1.03125,1.0316810862858972
1785956112882,0.029296875,-0.00244140625,1.0302734375,1.0306927880640815
1785956112892,0.029296875,-0.00048828125,1.03076171875,1.0311780962296468
1785956112902,0.03076171875,-0.001953125,1.03125,1.0317105507542896
1785956112913,0.03076171875,-0.00146484375,1.0341796875,1.0346381276297834
1785956112923,0.033203125,-0.0009765625,1.0341796875,1.0347130168417134
1785956112932,0.03125,-0.001953125,1.0322265625,1.032701338010091
1785956112942,0.03173828125,-0.0009765625,1.0322265625,1.03271484375
1785956112952,0.0283203125,-0.0009765625,1.03125,1.0316392568501909
1785956112962,0.02880859375,0.0,1.03125,1.0316523142870628
1785956112971,0.0302734375,0.0,1.03125,1.031694258740479
1785956112981,0.0302734375,0.00146484375,1.0302734375,1.0307191580655444
1785956112992,0.029296875,-0.00146484375,1.03076171875,1.0311790210688112
1785956113002,0.0283203125,-0.00146484375,1.03125,1.0316398346163789
1785956113011,0.0302734375,-0.00146484375,1.03125,1.031695298663941
1785956113021,0.02880859375,-0.00146484375,1.03271484375,1.03311762609233
1785956113031,0.03076171875,-0.00244140625,1.03125,1.03171159066133
1785956113042,0.0322265625,0.0,1.03076171875,1.0312653742713465
1785956113052,0.029296875,-0.00146484375,1.03076171875,1.0311790210688112
1785956113061,0.029296875,-0.001953125,1.0322265625,1.0326440809458977
1785956113071,0.03076171875,0.0,1.0302734375,1.030732574123143
1785956113081,0.03125,-0.00146484375,1.0322265625,1.03270052996877
1785956113091,0.0283203125,-0.00146484375,1.03173828125,1.0321279314426162
1785956113100,0.0302734375,-0.00048828125,1.03271484375,1.033158587990359
1785956113110,0.03271484375,0.0,1.03125,1.0317687839344565
1785956113121,0.03125,-0.0009765625,1.02978515625,1.0302596683395664
1785956113131,0.029296875,0.0,1.0322265625,1.0326422338909695
1785956113141,0.02978515625,-0.001953125,1.03369140625,1.0341222817371285
1785956113150,0.0302734375,-0.0009765625,1.0322265625,1.0326708628711034
1785956113160,0.029296875,-0.001953125,1.0302734375,1.0306917471291297
1785956113170,0.03125,-0.00048828125,1.03125,1.0317234917450406
1785956113181,0.03173828125,-0.001953125,1.0302734375,1.0307640317803275
1785956113190,0.029296875,-0.0009765625,1.03076171875,1.0311784430444306
1785956113200,0.02978515625,-0.00244140625,1.03173828125,1.0321710115063387
1785956113210,0.0302734375,-0.00048828125,1.03125,1.0316943742875821
1785956113220,0.0302734375,-0.00048828125,1.03125,1.0316943742875821
1785956113231,0.0302734375,-0.0009765625,1.03173828125,1.0321827918005062
1785956113239,0.0283203125,-0.00048828125,1.0302734375,1.0306627161864075
1785956113250,0.02783203125,-0.00048828125,1.03173828125,1.0321137250219978
1785956113260,0.02880859375,0.0,1.033203125,1.0336046790643016
1785956113270,0.02978515625,-0.00146484375,1.03173828125,1.0321691636048584
1785956113279,0.03076171875,-0.00048828125,1.0302734375,1.0307326897780529
1785956113289,0.02880859375,-0.00048828125,1.03125,1.0316524298388636
1785956113299,0.03125,-0.0029296875,1.03173828125,1.0322155911269466
1785956113310,0.0322265625,-0.00048828125,1.03173828125,1.032241575768894
1785956113320,0.02880859375,0.0009765625,1.0322265625,1.0326289580864636
1785956113329,0.0302734375,-0.0009765625,1.03271484375,1.0331589341403238
1785956113339,0.03076171875,-0.00146484375,1.03173828125,1.032197805706043
1785956113349,0.03271484375,0.0009765625,1.03125,1.031769246089407
1785956113359,0.0302734375,0.0,1.03125,1.031694258740479
1785956113368,0.029296875,-0.00048828125,1.03173828125,1.0321542647783077
1785956113378,0.029296875,-0.00048828125,1.03125,1.0316661804107687
1785956113389,0.03076171875,-0.00244140625,1.03125,1.03171159066133
1785956113399,0.03125,-0.00244140625,1.03125,1.0317262647933694
1785956113409,0.02880859375,-0.0009765625,1.03076171875,1.0311646859685524
1785956113418,0.02880859375,-0.00048828125,1.03271484375,1.033116702988592
1785956113428,0.02978515625,-0.001953125,1.0302734375,1.0307057418333172
1785956113439,0.029296875,-0.0009765625,1.03271484375,1.0331307802309777
1785956113449,0.02978515625,-0.00048828125,1.03173828125,1.0321682396528775
1785956113458,0.029296875,-0.00146484375,1.03076171875,1.0311790210688112
1785956113468,0.03173828125,0.0,1.03076171875,1.0312502311937477
1785956113478,0.03076171875,-0.00048828125,1.03125,1.03170881757356
1785956113488,0.029296875,-0.001953125,1.0322265625,1.0326440809458977
1785956113499,0.02978515625,-0.00244140625,1.029296875,1.0297306312245353
1785956113507,0.03125,0.00048828125,1.02978515625,1.0302593212154967
1785956113518,0.03076171875,0.00048828125,1.03076171875,1.0312207535729134
1785956113528,0.029296875,0.00048828125,1.0302734375,1.030690012235207
1785956113538,0.0302734375,-0.00048828125,1.03125,1.0316943742875821
1785956113547,0.029296875,-0.0009765625,1.03173828125,1.0321546112650886
1785956113557,0.02783203125,-0.00146484375,1.0322265625,1.0326027523018129
1785956113567,0.02880859375,-0.00341796875,1.03173828125,1.0321460645572083
1785956113578,0.029296875,-0.00048828125,1.033203125,1.0336185189967866
1785956113586,0.0302734375,-0.00146484375,1.03173828125,1.0321833692624496
1785956113597,0.02880859375,-0.00146484375,1.03271484375,1.03311762609233
1785956113607,0.02880859375,-0.001953125,1.03125,1.031654163114325
1785956113617,0.02978515625,-0.00048828125,1.0322265625,1.032656317601351
1785956113627,0.03125,-0.0009765625,1.0322265625,1.0326999527960108
1785956113636,0.03271484375,-0.0009765625,1.03125,1.031769246089407
1785956113647,0.03076171875,-0.001953125,1.03271484375,1.0331747415318024
1785956113657,0.0302734375,-0.00146484375,1.033203125,1.0336475822518254
1785956113667,0.0302734375,-0.00048828125,1.03369140625,1.0341347314502827
1785956113676,0.0302734375,-0.0009765625,1.0322265625,1.0326708628711034
1785956113686,0.0302734375,-0.001953125,1.03125,1.0316961074925755
1785956113696,0.0302734375,-0.0009765625,1.03173828125,1.0321827918005062
1785956113707,0.02978515625,-0.001953125,1.0302734375,1.0307057418333172
1785956113717,0.029296875,-0.0029296875,1.02880859375,1.029229815214982
1785956113726,0.029296875,-0.0029296875,1.03076171875,1.0311821423948668
1785956113736,0.0302734375,0.0009765625,1.0302734375,1.0307185797832739
1785956113746,0.02978515625,0.00048828125,1.0302734375,1.0307040069629507
1785956113756,0.02978515625,-0.0009765625,1.03125,1.0316805085428111
1785956113765,0.03076171875,0.00048828125,1.0322265625,1.0326849461910441
1785956113775,0.03076171875,-0.00048828125,1.03173828125,1.0321968817797007
1785956113786,0.029296875,-0.0009765625,1.0341796875,1.034595035072506
1785956113796,0.02734375,0.0,1.03173828125,1.0321005579209648
1785956113806,0.02783203125,-0.00244140625,1.03173828125,1.0321164970218637
1785956113815,0.03076171875,-0.00244140625,1.03173828125,1.0321996535562468
1785956113825,0.029296875,-0.0029296875,1.03125,1.031670224661744
1785956113836,0.02880859375,-0.00244140625,1.03369140625,1.0340956526808498
1785956113846,0.02978515625,-0.00341796875,1.03125,1.0316857082189386
1785956113855,0.03076171875,-0.001953125,1.03173828125,1.032198614140914
1785956113865,0.0322265625,-0.00146484375,1.0322265625,1.0327305425077467
1785956113875,0.033203125,-0.00048828125,1.02978515625,1.0303204132507429
1785956113885,0.03076171875,-0.00048828125,1.03125,1.03170881757356
1785956113896,0.02978515625,-0.00048828125,1.03125,1.0316801618968041
1785956113904,0.0322265625,0.0,1.03125,1.0317534171644727
1785956113915,0.03076171875,-0.00048828125,1.0322265625,1.0326849461910441
1785956113925,0.0322265625,0.0009765625,1.0302734375,1.0307777942034593
1785956113935,0.0302734375,-0.00048828125,1.03076171875,1.0312063034510115
1785956113944,0.0302734375,-0.00048828125,1.03173828125,1.032182445323185
1785956113954,0.029296875,0.0,1.03076171875,1.031177980624693
1785956113964,0.029296875,-0.0009765625,1.0322265625,1.0326426956550114
1785956113975,0.02978515625,-0.00146484375,1.033203125,1.033633396717528
1785956113985,0.02880859375,-0.0009765625,1.03125,1.031652776494189
1785956113994,0.0302734375,-0.001953125,1.03125,1.0316961074925755
1785956114004,0.02978515625,-0.00146484375,1.029296875,1.0297287789436664
1785956114014,0.0322265625,-0.0029296875,1.03076171875,1.0312695356888364
1785956114024,0.03173828125,-0.0009765625,1.0322265625,1.03271484375
1785956114033,0.03173828125,0.0009765625,1.03173828125,1.0322267934750216
1785956114044,0.0322265625,-0.0009765625,1.03173828125,1.032241922226368
1785956114054,0.029296875,-0.0009765625,1.03173828125,1.0321546112650886
1785956114064,0.03076171875,-0.001953125,1.03076171875,1.0312224875739346
1785956114074,0.03271484375,-0.00146484375,1.0322265625,1.032745894738568
1785956114083,0.0322265625,-0.00048828125,1.02978515625,1.0302894048673812
1785956114093,0.02783203125,-0.00048828125,1.03173828125,1.0321137250219978
1785956114104,0.0322265625,-0.001953125,1.03076171875,1.031267223792304
1785956114114,0.03076171875,-0.0009765625,1.0302734375,1.0307330367427043
1785956114123,0.0283203125,-0.00048828125,1.0322265625,1.032615104891093
1785956114133,0.03125,-0.00244140625,1.03271484375,1.0331904333016564
1785956114143,0.02880859375,-0.001953125,1.03125,1.031654163114325
1785956114153,0.029296875,0.0009765625,1.0302734375,1.0306903592142251
1785956114162,0.03076171875,-0.00146484375,1.03125,1.031709741936978
1785956114172,0.02978515625,-0.00048828125,1.03125,1.0316801618968041
1785956114183,0.0302734375,-0.00048828125,1.03125,1.0316943742875821
1785956114193,0.03076171875,0.00048828125,1.0302734375,1.0307326897780529
1785956114203,0.03076171875,-0.00048828125,1.03125,1.03170881757356
1785956114212,0.03125,-0.001953125,1.033203125,1.0336774519679877
1785956114222,0.03173828125,-0.00048828125,1.03271484375,1.033202548108003
1785956114232,0.02978515625,-0.00048828125,1.03173828125,1.0321682396528775
1785956114243,0.03076171875,-0.00341796875,1.03173828125,1.0322024253253497
1785956114252,0.03076171875,-0.00390625,1.03173828125,1.0322041576772594
1785956114262,0.02978515625,-0.00146484375,1.03125,1.0316810862858972
1785956114272,0.02978515625,-0.0009765625,1.0322265625,1.0326566639196784
1785956114282,0.02978515625,-0.00341796875,1.03271484375,1.03314993420355
1785956114293,0.02978515625,-0.00048828125,1.02978515625,1.0302159297857187
1785956114301,0.029296875,0.0009765625,1.02978515625,1.0302022755711224
1785956114312,0.0302734375,-0.00048828125,1.02978515625,1.0302301623760985
1785956114322,0.02978515625,-0.0009765625,1.03125,1.0316805085428111
1785956114332,0.02978515625,-0.00048828125,1.03173828125,1.0321682396528775
1785956114341,0.02978515625,0.0009765625,1.03125,1.0316805085428111
1785956114351,0.029296875,0.00048828125,1.03076171875,1.0311780962296468
1785956114361,0.02880859375,0.0,1.029296875,1.029699952393229
1785956114372,0.03076171875,0.0,1.02978515625,1.030244510479571
1785956114382,0.0322265625,0.0,1.0302734375,1.0307773316039857
1785956114391,0.03125,-0.00146484375,1.033203125,1.0336766446897103
1785956114401,0.02880859375,-0.001953125,1.03125,1.031654163114325
1785956114411,0.02880859375,-0.00244140625,1.02978515625,1.0301909354926235
1785956114421,0.02978515625,-0.001953125,1.03125,1.031681895125674
1785956114430,0.02978515625,0.0,1.03125,1.0316800463481093
1785956114440,0.03125,-0.00146484375,1.0322265625,1.03270052996877
1785956114451,0.03271484375,-0.00048828125,1.03125,1.0317688994732135
1785956114461,0.03076171875,-0.00048828125,1.03076171875,1.0312207535729134
1785956114471,0.029296875,-0.00146484375,1.03076171875,1.0311790210688112
1785956114480,0.02978515625,-0.00146484375,1.0283203125,1.0287526264365727
1785956114490,0.02978515625,0.0,1.03125,1.0316800463481093
1785956114501,0.02978515625,-0.00048828125,1.03271484375,1.033144395741952
1785956114511,0.03125,-0.00244140625,1.03076171875,1.0312382090501357
1785956114520,0.03125,-0.001953125,1.03271484375,1.033189394883074
1785956114530,0.03076171875,-0.0029296875,1.0322265625,1.032688986452295
1785956114540,0.029296875,-0.0009765625,1.0322265625,1.0326426956550114
1785956114550,0.0263671875,-0.00244140625,1.03271484375,1.0330542761843273
1785956114561,0.02880859375,-0.0009765625,1.03125,1.031652776494189
1785956114569,0.03125,-0.0009765625,1.03076171875,1.0312357814848991
1785956114580,0.03369140625,0.0,1.03125,1.0318002099995438
1785956114590,0.03173828125,0.00048828125,1.0302734375,1.0307622970080685
1785956114600,0.0302734375,0.00048828125,1.03076171875,1.0312063034510115
1785956114609,0.02978515625,0.0,1.03173828125,1.0321681241588219
1785956114619,0.03125,-0.00048828125,1.03125,1.0317234917450406
1785956114629,0.02978515625,-0.00146484375,1.03125,1.0316810862858972
1785956114640,0.0283203125,-0.0009765625,1.0302734375,1.030663063174615
1785956114650,0.029296875,-0.00146484375,1.03125,1.0316671048123893
1785956114659,0.02978515625,-0.001953125,1.0322265625,1.0326580491918267
1785956114669,0.02880859375,-0.00341796875,1.03271484375,1.033122241598648
1785956114679,0.029296875,-0.00244140625,1.03125,1.0316689536131458
1785956114690,0.02880859375,-0.00390625,1.03125,1.0316597095762319
1785956114698,0.0283203125,-0.00341796875,1.0302734375,1.0306682679837098
1785956114709,0.03125,-0.00244140625,1.03173828125,1.032214320749902
1785956114719,0.03125,-0.0009765625,1.03173828125,1.0322118954802937
1785956114729,0.03076171875,-0.001953125,1.0302734375,1.0307344246001422
1785956114739,0.0322265625,0.00048828125,1.03076171875,1.0312654898665037
1785956114748,0.03173828125,0.00048828125,1.03076171875,1.0312503467906022
1785956114758,0.03076171875,0.0,1.03173828125,1.0321967662888496
1785956114769,0.03173828125,-0.00146484375,1.03076171875,1.0312512715649713
1785956114779,0.029296875,0.0,1.02978515625,1.030201812713219
1785956114788,0.029296875,0.0009765625,1.0322265625,1.0326426956550114
1785956114798,0.029296875,-0.00146484375,1.03271484375,1.0331313571630494
1785956114808,0.02734375,-0.0029296875,1.0302734375,1.0306403930328836
1785956114818,0.02783203125,-0.00146484375,1.03125,1.0316265459121885
1785956114827,0.02783203125,-0.00146484375,1.03125,1.0316265459121885
1785956114837,0.02880859375,-0.001953125,1.03125,1.031654163114325
1785956114848,0.03076171875,-0.00390625,1.02880859375,1.029275796229256
1785956114858,0.0283203125,-0.00048828125,1.03076171875,1.0311508131011344
1785956114868,0.03125,0.0009765625,1.0322265625,1.0326999527960108
1785956114877,0.03125,-0.00048828125,1.03125,1.0317234917450406
1785956114887,0.03076171875,-0.0009765625,1.03125,1.0317091642099387
1785956114898,0.0302734375,-0.00048828125,1.03173828125,1.032182445323185
1785956114908,0.03125,-0.0009765625,1.03076171875,1.0312357814848991
1785956114917,0.029296875,-0.0009765625,1.03125,1.0316665270614735
1785956114927,0.03125,-0.00048828125,1.0322265625,1.0326996064922003
1785956114937,0.03076171875,-0.001953125,1.03076171875,1.0312224875739346
1785956114947,0.0302734375,-0.0009765625,1.0322265625,1.0326708628711034
1785956114958,0.02880859375,-0.00048828125,1.03125,1.0316524298388636
1785956114966,0.029296875,-0.0009765625,1.02978515625,1.0302022755711224
1785956114977,0.02978515625,-0.00146484375,1.0341796875,1.034609553086403
1785956114987,0.02783203125,-0.00048828125,1.03173828125,1.0321137250219978
1785956114997,0.029296875,-0.00048828125,1.029296875,1.029713844807435
1785956115006,0.03173828125,0.0,1.033203125,1.0336904836586578
1785956115016,0.02978515625,0.001953125,1.03271484375,1.0331461265143906
1785956115026,0.03076171875,0.0,1.03125,1.0317087020280744
1785956115037,0.02978515625,-0.00146484375,1.03076171875,1.0311930091600228
1785956115047,0.02783203125,-0.00048828125,1.0322265625,1.032601828737799
1785956115056,0.0283203125,-0.00048828125,1.0322265625,1.032615104891093
1785956115066,0.029296875,-0.00244140625,1.03125,1.0316689536131458
1785956115076,0.0302734375,-0.00146484375,1.0322265625,1.0326714400601213
1785956115086,0.02880859375,-0.0029296875,1.03173828125,1.032144563101218
1785956115095,0.03076171875,-0.001953125,1.03076171875,1.0312224875739346
1785956115106,0.03125,-0.001953125,1.0322265625,1.032701338010091
1785956115116,0.03125,-0.00146484375,1.03125,1.0317244160953116
1785956115126,0.0302734375,-0.00146484375,1.0302734375,1.0307191580655444
1785956115136,0.03076171875,-0.0009765625,1.03173828125,1.0321972282521759
1785956115145,0.03271484375,0.0,1.03173828125,1.0322568197877362
1785956115155,0.033203125,0.0,1.029296875,1.0298322700297031
1785956115166,0.03076171875,0.001953125,1.0302734375,1.0307344246001422
1785956115176,0.03076171875,0.0009765625,1.03173828125,1.0321972282521759
1785956115185,0.02880859375,0.00048828125,1.03076171875,1.0311643391491414
1785956115195,0.029296875,0.0,1.03173828125,1.0321541492826882
1785956115205,0.02978515625,-0.001953125,1.03076171875,1.031193818382634
1785956115215,0.02783203125,-0.00048828125,1.03173828125,1.0321137250219978
1785956115226,0.02734375,-0.0009765625,1.03125,1.031612910368215
1785956115234,0.02880859375,-0.00146484375,1.03076171875,1.0311652640006443
1785956115245,0.03076171875,-0.00390625,1.03173828125,1.0322041576772594
1785956115255,0.0302734375,-0.00244140625,1.0302734375,1.0307210085666296
1785956115265,0.02880859375,-0.001953125,1.03271484375,1.0331184338074242
1785956115274,0.0302734375,-0.00048828125,1.03125,1.0316943742875821
1785956115284,0.03125,-0.00048828125,1.02978515625,1.0302593212154967
1785956115294,0.0302734375,0.0,1.03076171875,1.0312061878492198
1785956115305,0.03125,-0.00146484375,1.03173828125,1.0322124729259554
1785956115315,0.03076171875,-0.0009765625,1.03173828125,1.0321972282521759
1785956115324,0.0322265625,-0.00146484375,1.0322265625,1.0327305425077467
1785956115334,0.03125,-0.0029296875,1.03369140625,1.0341678146819064
1785956115344,0.03125,-0.0029296875,1.033203125,1.0336797584738773
1785956115355,0.0283203125,-0.0009765625,1.03173828125,1.0321273539496558
1785956115363,0.0302734375,-0.00146484375,1.0322265625,1.0326714400601213
1785956115374,0.0322265625,-0.0029296875,1.02978515625,1.030293454522667
1785956115384,0.029296875,-0.00048828125,1.0322265625,1.0326423493319994
1785956115394,0.02880859375,-0.00048828125,1.03076171875,1.0311643391491414
1785956115403,0.0283203125,-0.001953125,1.0302734375,1.030664451126277
1785956115413,0.0283203125,-0.0009765625,1.03271484375,1.0331035486707036
1785956115423,0.0322265625,0.0009765625,1.03173828125,1.032241922226368
1785956115434,0.03173828125,0.0,1.0302734375,1.0307621813564807
1785956115444,0.03076171875,0.0009765625,1.0302734375,1.0307330367427043
1785956115453,0.0302734375,0.0,1.03125,1.031694258740479
1785956115463,0.02978515625,0.0009765625,1.03173828125,1.0321685861349672
1785956115473,0.02880859375,0.00048828125,1.03173828125,1.0321405207088499
1785956115483,0.029296875,-0.0009765625,1.03125,1.0316665270614735
1785956115492,0.02978515625,-0.00244140625,1.03125,1.0316829350615986
1785956115502,0.029296875,-0.00146484375,1.0322265625,1.0326432728597732
1785956115513,0.02978515625,-0.00146484375,1.03076171875,1.0311930091600228
1785956115523,0.029296875,-0.00341796875,1.03369140625,1.034112137415592
1785956115533,0.0302734375,-0.0029296875,1.03076171875,1.0312103495055547
1785956115542,0.02978515625,-0.00146484375,1.03076171875,1.0311930091600228
1785956115552,0.02978515625,-0.0009765625,1.03125,1.0316805085428111
1785956115563,0.03076171875,-0.00146484375,1.03076171875,1.0312216783738208
1785956115573,0.03271484375,-0.00048828125,1.02978515625,1.0303047934727874
1785956115582,0.0322265625,0.0009765625,1.03076171875,1.031265836651897
1785956115592,0.03173828125,0.00146484375,1.03271484375,1.0332034711350435
1785956115602,0.03125,0.0009765625,1.0322265625,1.0326999527960108
1785956115612,0.0302734375,0.00048828125,1.0322265625,1.0326705165575378
1785956115623,0.03173828125,-0.0009765625,1.0322265625,1.03271484375
1785956115631,0.03076171875,0.00048828125,1.029296875,1.0297565628068601
1785956115642,0.029296875,0.0,1.03125,1.0316660648605078
1785956115652,0.0302734375,-0.001953125,1.0302734375,1.030719967660178
1785956115662,0.02978515625,-0.00146484375,1.03125,1.0316810862858972
1785956115671,0.029296875,-0.00244140625,1.03173828125,1.0321570366692983
1785956115681,0.02978515625,-0.00048828125,1.0322265625,1.032656317601351
1785956115691,0.03076171875,-0.00048828125,1.03173828125,1.0321968817797007
1785956115702,0.0302734375,-0.00048828125,1.02978515625,1.0302301623760985
1785956115712,0.029296875,-0.00244140625,1.03076171875,1.0311808707446513
1785956115721,0.03125,0.0,1.03173828125,1.0322114335235315
1785956115731,0.03125,-0.00048828125,1.03369140625,1.0341637801981278
1785956115741,0.03173828125,-0.001953125,1.033203125,1.0336923288405189
1785956115752,0.03125,-0.0009765625,1.03125,1.0317238383764893
1785956115762,0.03076171875,-0.00146484375,1.03076171875,1.0312216783738208
1785956115771,0.03076171875,-0.0029296875,1.03173828125,1.0322009239513428
1785956115781,0.02978515625,-0.0009765625,1.03173828125,1.0321685861349672
1785956115791,0.03173828125,-0.00146484375,1.02978515625,1.0302751730953983
1785956115801,0.03125,-0.001953125,1.03076171875,1.031237168665734
1785956115810,0.029296875,-0.00146484375,1.0302734375,1.0306909375123292
1785956115820,0.0302734375,-0.00146484375,1.03125,1.031695298663941
1785956115831,0.02978515625,0.0,1.03173828125,1.0321681241588219
1785956115841,0.02880859375,-0.00146484375,1.03271484375,1.03311762609233
1785956115850,0.03076171875,0.00048828125,1.03173828125,1.0321968817797007
1785956115860,0.03125,-0.0009765625,1.0341796875,1.0346521841720115
1785956115870,0.0302734375,-0.00146484375,1.03369140625,1.0341356536452946
1785956115880,0.03076171875,0.0009765625,1.03125,1.0317091642099387
1785956115891,0.0283203125,-0.00048828125,1.0322265625,1.032615104891093
1785956115899,0.029296875,-0.00146484375,1.03125,1.0316671048123893
1785956115910,0.0302734375,-0.0009765625,1.03271484375,1.0331589341403238
1785956115920,0.0302734375,-0.001953125,1.03173828125,1.0321841777086278
1785956115930,0.03173828125,-0.00390625,1.03173828125,1.0322337227016325
1785956115939,0.02880859375,-0.00146484375,1.033203125,1.0336057170656663
1785956115949,0.0302734375,-0.00146484375,1.033203125,1.0336475822518254
1785956115960,0.03125,-0.00146484375,1.03173828125,1.0322124729259554
1785956115970,0.0322265625,0.00048828125,1.03173828125,1.032241575768894
1785956115979,0.03076171875,-0.00048828125,1.03076171875,1.0312207535729134
1785956115989,0.02978515625,-0.00146484375,1.029296875,1.0297287789436664
1785956115999,0.0322265625,-0.00146484375,1.03076171875,1.0312664146272934
1785956116009,0.0322265625,-0.00048828125,1.033203125,1.0337057063105104
1785956116020,0.02880859375,-0.00048828125,1.0322265625,1.0326286117588444
1785956116028,0.02734375,0.0009765625,1.03076171875,1.031124800971654
1785956116039,0.02685546875,-0.00146484375,1.03125,1.0316006613360589
1785956116049,0.02880859375,0.0,1.03125,1.0316523142870628
1785956116059,0.03076171875,-0.0009765625,1.03076171875,1.031221100373351
1785956116068,0.02880859375,-0.001953125,1.03076171875,1.031166073245029
1785956116078,0.029296875,-0.0009765625,1.03125,1.0316665270614735
1785956116088,0.02978515625,-0.00048828125,1.03271484375,1.033144395741952
1785956116099,0.02880859375,-0.0009765625,1.033203125,1.0336051403983701
1785956116109,0.02978515625,-0.0009765625,1.0302734375,1.0307043539372576
1785956116118,0.0322265625,-0.0009765625,1.03125,1.0317538793263066
1785956116128,0.03125,-0.0009765625,1.03173828125,1.0322118954802937
1785956116138,0.03125,-0.0009765625,1.03173828125,1.0322118954802937
1785956116148,0.02978515625,-0.00244140625,1.03173828125,1.0321710115063387
1785956116157,0.0302734375,-0.001953125,1.029296875,1.0297438286292846
1785956116168,0.0302734375,-0.001953125,1.03076171875,1.031208037476331
1785956116178,0.03125,-0.0009765625,1.03173828125,1.0322118954802937
1785956116188,0.03076171875,-0.00146484375,1.03271484375,1.0331739338607284
1785956116198,0.03076171875,-0.0009765625,1.0322265625,1.0326852924997707
1785956116207,0.0302734375,-0.00244140625,1.03125,1.031697147414174
1785956116217,0.029296875,-0.00146484375,1.03173828125,1.0321551887427984
1785956116228,0.03076171875,0.0,1.03271484375,1.0331728954255628
1785956116238,0.0302734375,0.0,1.03125,1.031694258740479
1785956116247,0.03125,0.0,1.03076171875,1.0312353190908727
1785956116257,0.0283203125,0.0,1.03271484375,1.0331030871126485
1785956116267,0.029296875,-0.0009765625,1.0322265625,1.0326426956550114
1785956116277,0.02978515625,-0.0009765625,1.0302734375,1.0307043539372576
1785956116288,0.02978515625,-0.0009765625,1.03125,1.0316805085428111
1785956116296,0.03125,-0.00146484375,1.03173828125,1.0322124729259554
1785956116307,0.03076171875,-0.001953125,1.03076171875,1.0312224875739346
1785956116317,0.03125,-0.00048828125,1.03125,1.0317234917450406
1785956116327,0.0302734375,-0.00244140625,1.0322265625,1.0326732870628108
1785956116336,0.03271484375,-0.00244140625,1.03173828125,1.0322597068871615
1785956116346,0.03125,-0.0029296875,1.029296875,1.0297753164907446
1785956116356,0.03173828125,0.00048828125,1.03076171875,1.0312503467906022
1785956116367,0.03076171875,-0.00048828125,1.03271484375,1.0331730108072994
1785956116377,0.03076171875,-0.00048828125,1.03076171875,1.0312207535729134
1785956116386,0.0322265625,0.0009765625,1.02978515625,1.030289751981315
1785956116396,0.0322265625,0.0009765625,1.03125,1.0317538793263066
1785956116406,0.03271484375,0.00048828125,1.03173828125,1.0322569352718682
1785956116417,0.03076171875,-0.00048828125,1.03173828125,1.0321968817797007
1785956116425,0.0302734375,-0.00048828125,1.0322265625,1.0326705165575378
1785956116436,0.0283203125,-0.00146484375,1.03125,1.0316398346163789
1785956116446,0.02783203125,-0.001953125,1.033203125,1.033579766718821
1785956116456,0.029296875,-0.00048828125,1.03125,1.0316661804107687
1785956116466,0.029296875,-0.00048828125,1.03125,1.0316661804107687
1785956116475,0.02880859375,-0.0009765625,1.03076171875,1.0311646859685524
1785956116485,0.02880859375,-0.00146484375,1.0302734375,1.0306771739294176
1785956116496,0.03076171875,-0.001953125,1.033203125,1.0336628055354828
1785956116506,0.02978515625,-0.00048828125,1.0302734375,1.0307040069629507
1785956116515,0.03271484375,0.0,1.03125,1.0317687839344565
1785956116525,0.03173828125,-0.00146484375,1.03271484375,1.0332034711350435
1785956116535,0.03173828125,0.00146484375,1.0302734375,1.0307632222203034
1785956116545,0.03271484375,-0.0009765625,1.0322265625,1.0327453175911618
1785956116554,0.03369140625,-0.00244140625,1.033203125,1.0337551783809094
1785956116565,0.0302734375,-0.00341796875,1.03271484375,1.033164126375877
1785956116575,0.03076171875,-0.0009765625,1.03125,1.0317091642099387
1785956116585,0.03076171875,-0.001953125,1.0322265625,1.0326866777335157
1785956116595,0.03125,-0.00146484375,1.0322265625,1.03270052996877
1785956116604,0.03076171875,-0.001953125,1.03076171875,1.0312224875739346
1785956116614,0.0283203125,-0.00341796875,1.02880859375,1.029203986187542
1785956116625,0.02880859375,-0.001953125,1.0322265625,1.032630343395779
1785956116635,0.02880859375,0.0,1.0322265625,1.0326284963162788
1785956116644,0.0302734375,0.0009765625,1.03173828125,1.0321827918005062
1785956116654,0.03076171875,-0.0009765625,1.03125,1.0317091642099387
1785956116664,0.02734375,0.0,1.03125,1.0316124481432272
1785956116674,0.029296875,-0.0009765625,1.03076171875,1.0311784430444306
1785956116685,0.0322265625,-0.0009765625,1.02978515625,1.030289751981315
1785956116693,0.03125,-0.00146484375,1.02978515625,1.0302602468794226
1785956116704,0.03076171875,-0.0009765625,1.03125,1.0317091642099387
1785956116714,0.0322265625,-0.001953125,1.03125,1.0317552658105662
1785956116724,0.03271484375,-0.001953125,1.03076171875,1.0312825978068798
1785956116733,0.0302734375,-0.00048828125,1.03369140625,1.0341347314502827
1785956116743,0.03125,-0.00146484375,1.03271484375,1.033188587223455
1785956116753,0.03076171875,-0.00390625,1.03125,1.031716096913059
1785956116764,0.029296875,-0.00244140625,1.03125,1.0316689536131458
1785956116774,0.0302734375,-0.00146484375,1.0302734375,1.0307191580655444
1785956116783,0.03125,-0.00146484375,1.029296875,1.0297721909004813
1785956116793,0.03173828125,0.00048828125,1.03271484375,1.033202548108003
1785956116803,0.0322265625,-0.00048828125,1.02880859375,1.0293133207740965
1785956116814,0.03173828125,-0.0009765625,1.0302734375,1.030762643962754
1785956116822,0.02978515625,-0.00048828125,1.03076171875,1.031192084333404
1785956116833,0.02978515625,-0.00048828125,1.03173828125,1.0321682396528775
1785956116843,0.02978515625,-0.00146484375,1.03173828125,1.0321691636048584
1785956116853,0.0302734375,-0.0009765625,1.03125,1.0316947209288136
1785956116863,0.03076171875,-0.0009765625,1.03173828125,1.0321972282521759
1785956116872,0.029296875,0.0,1.03173828125,1.0321541492826882
1785956116882,0.029296875,0.00048828125,1.03076171875,1.0311780962296468
1785956116893,0.02978515625,-0.00244140625,1.03173828125,1.0321710115063387
1785956116903,0.029296875,-0.0009765625,1.03173828125,1.0321546112650886
1785956116912,0.0322265625,-0.00146484375,1.03173828125,1.0322424996552324
1785956116922,0.02978515625,-0.001953125,1.03173828125,1.032169972062163
1785956116932,0.03076171875,-0.0009765625,1.03271484375,1.033173356952432
1785956116942,0.03125,-0.00048828125,1.03125,1.0317234917450406
1785956116953,0.03125,-0.00146484375,1.0302734375,1.0307483030717433
1785956116961,0.03076171875,-0.00244140625,1.03076171875,1.0312235279731479
1785956116972,0.0322265625,-0.00341796875,1.03125,1.0317590786326731
1785956116982,0.0302734375,0.00048828125,1.03125,1.0316943742875821
1785956116992,0.03076171875,-0.00048828125,1.03271484375,1.0331730108072994
1785956117001,0.03076171875,-0.00048828125,1.033203125,1.0336610756281766
1785956117011,0.02978515625,-0.0009765625,1.02978515625,1.0302162769244088
1785956117022,0.029296875,0.0009765625,1.03125,1.0316665270614735
1785956117032,0.0302734375,0.0009765625,1.03173828125,1.0321827918005062
1785956117042,0.02978515625,0.00048828125,1.03125,1.0316801618968041
1785956117051,0.0283203125,-0.001953125,1.03271484375,1.033104933343632
1785956117061,0.0283203125,-0.001953125,1.03076171875,1.0311525472197687
1785956117071,0.0302734375,-0.0009765625,1.03173828125,1.0321827918005062
1785956117082,0.03076171875,-0.00048828125,1.0322265625,1.0326849461910441
1785956117090,0.0302734375,-0.00048828125,1.03173828125,1.032182445323185
1785956117101,0.03125,-0.00146484375,1.0322265625,1.03270052996877
1785956117111,0.03173828125,-0.0029296875,1.03173828125,1.0322304890683358
1785956117121,0.0283203125,-0.001953125,1.0302734375,1.030664451126277
1785956117130,0.03076171875,-0.00146484375,1.03125,1.031709741936978
1785956117140,0.03076171875,0.0,1.0302734375,1.030732574123143
1785956117150,0.02978515625,0.0,1.0322265625,1.0326562021618828
1785956117161,0.02978515625,-0.0009765625,1.03125,1.0316805085428111
1785956117171,0.03076171875,-0.0009765625,1.03173828125,1.0321972282521759
1785956117180,0.0302734375,-0.00048828125,1.03173828125,1.032182445323185
1785956117190,0.03125,-0.001953125,1.03173828125,1.032213281349339
1785956117200,0.03173828125,-0.00146484375,1.03173828125,1.032227370912349
1785956117211,0.029296875,-0.00244140625,1.033203125,1.033621286961046
1785956117219,0.03125,-0.00146484375,1.03173828125,1.0322124729259554
1785956117230,0.03125,-0.00048828125,1.029296875,1.0297712647978408
1785956117240,0.0302734375,-0.0009765625,1.03125,1.0316947209288136
1785956117250,0.02734375,0.00048828125,1.0322265625,1.0325887833078606
1785956117260,0.02978515625,0.0009765625,1.033203125,1.0336328200656744
1785956117269,0.0302734375,-0.00146484375,1.0322265625,1.0326714400601213
1785956117279,0.0302734375,0.00048828125,1.02978515625,1.0302301623760985
1785956117290,0.03076171875,-0.00048828125,1.029296875,1.0297565628068601
1785956117300,0.02978515625,-0.00048828125,1.03369140625,1.0341205525984476
1785956117309,0.02978515625,0.001953125,1.0341796875,1.0346103596367573
1785956117319,0.029296875,-0.00146484375,1.03076171875,1.0311790210688112
1785956117329,0.02783203125,-0.00146484375,1.029296875,1.0296741351590213
1785956117339,0.02734375,-0.001953125,1.03076171875,1.0311261883017917
1785956117350,0.02978515625,-0.001953125,1.03125,1.031681895125674
1785956117358,0.03076171875,-0.001953125,1.03173828125,1.032198614140914
1785956117369,0.0302734375,-0.00244140625,1.03076171875,1.031209077890123
1785956117379,0.03076171875,-0.001953125,1.0322265625,1.0326866777335157
1785956117389,0.02978515625,-0.00048828125,1.03369140625,1.0341205525984476
1785956117398,0.0302734375,-0.00146484375,1.0302734375,1.0307191580655444
1785956117408,0.03125,0.0,1.03076171875,1.0312353190908727
1785956117419,0.03125,-0.00048828125,1.02978515625,1.0302593212154967
1785956117429,0.03125,-0.0009765625,1.03271484375,1.0331880103233406
1785956117439,0.02978515625,0.00048828125,1.03076171875,1.031192084333404
1785956117448,0.03125,0.00146484375,1.02978515625,1.0302602468794226
1785956117458,0.03125,0.00244140625,1.03173828125,1.032214320749902
1785956117468,0.03125,0.00146484375,1.0302734375,1.0307483030717433
1785956117479,0.02978515625,0.0,1.0302734375,1.0307038913048225
1785956117487,0.029296875,0.0,1.02978515625,1.030201812713219
1785956117498,0.02978515625,0.0009765625,1.0302734375,1.0307043539372576
1785956117508,0.03076171875,-0.00048828125,1.0322265625,1.0326849461910441
1785956117518,0.03173828125,-0.0029296875,1.02880859375,1.029302202533058
1785956117528,0.0302734375,-0.00146484375,1.03076171875,1.031207228264878
1785956117537,0.0302734375,-0.00146484375,1.03125,1.031695298663941
1785956117547,0.0302734375,-0.00048828125,1.03173828125,1.032182445323185
1785956117558,0.02978515625,0.00146484375,1.0302734375,1.0307049322275097
1785956117568,0.03271484375,0.00048828125,1.03125,1.0317688994732135
1785956117577,0.0322265625,0.00146484375,1.0302734375,1.0307783724525097
1785956117587,0.03125,0.00146484375,1.03173828125,1.0322124729259554
1785956117597,0.0302734375,-0.00146484375,1.03125,1.031695298663941
1785956117607,0.02978515625,-0.00048828125,1.03076171875,1.031192084333404
1785956117618,0.0322265625,-0.00048828125,1.03076171875,1.0312654898665037
1785956117627,0.03173828125,-0.00146484375,1.0302734375,1.0307632222203034
1785956117637,0.0302734375,-0.00146484375,1.03173828125,1.0321833692624496
1785956117647,0.029296875,-0.00146484375,1.03173828125,1.0321551887427984
1785956117657,0.0322265625,-0.001953125,1.0302734375,1.0307791820006351
1785956117666,0.029296875,0.0,1.03271484375,1.0331303186850884
1785956117676,0.0283203125,-0.001953125,1.03125,1.0316406434884986
1785956117687,0.02978515625,-0.00048828125,1.0322265625,1.032656317601351
1785956117697,0.03173828125,0.0009765625,1.03125,1.031738743418614
1785956117706,0.03076171875,-0.00048828125,1.03076171875,1.0312207535729134
1785956117716,0.02978515625,0.00146484375,1.03125,1.0316810862858972
1785956117726,0.02783203125,0.00048828125,1.03173828125,1.0321137250219978
1785956117736,0.029296875,0.00244140625,1.03173828125,1.0321570366692983
1785956117747,0.029296875,0.0,1.02978515625,1.030201812713219
1785956117755,0.0302734375,-0.00048828125,1.02978515625,1.0302301623760985
1785956117766,0.0283203125,0.00146484375,1.0302734375,1.0306636414880346
1785956117776,0.03076171875,0.00048828125,1.02978515625,1.0302446261892706
1785956117786,0.0302734375,-0.00341796875,1.03271484375,1.033164126375877
1785956117795,0.0302734375,-0.0029296875,1.0322265625,1.0326745568752436
1785956117805,0.02880859375,-0.0009765625,1.03271484375,1.0331170491525903
1785956117815,0.03125,0.00048828125,1.0302734375,1.030747377846117
1785956117826,0.0283203125,0.00048828125,1.03125,1.0316389101903227
1785956117836,0.029296875,-0.00048828125,1.03271484375,1.0331304340715801
1785956117845,0.03173828125,0.00048828125,1.03271484375,1.033202548108003
1785956117855,0.03173828125,0.00048828125,1.03173828125,1.0322264470124698
1785956117865,0.03173828125,-0.00048828125,1.029296875,1.0297861981013579
1785956117876,0.0302734375,0.00048828125,1.03125,1.0316943742875821
1785956117884,0.029296875,0.0,1.03125,1.0316660648605078
1785956117895,0.02978515625,-0.00146484375,1.03076171875,1.0311930091600228
1785956117905,0.02978515625,0.0,1.03076171875,1.0311919687300184
1785956117915,0.02978515625,-0.0009765625,1.0322265625,1.0326566639196784
1785956117925,0.0302734375,-0.00146484375,1.03173828125,1.0321833692624496
1785956117934,0.0322265625,-0.001953125,1.03076171875,1.031267223792304
1785956117944,0.0302734375,-0.00244140625,1.03173828125,1.032185217138498
1785956117955,0.0283203125,-0.00146484375,1.03173828125,1.0321279314426162
1785956117965,0.02783203125,-0.00048828125,1.03076171875,1.0311375180947178
1785956117974,0.02880859375,-0.0009765625,1.0322265625,1.0326289580864636
1785956117984,0.0302734375,0.0,1.03173828125,1.0321823298307187
1785956117994,0.03076171875,0.00146484375,1.03125,1.031709741936978
1785956118004,0.029296875,0.0,1.03173828125,1.0321541492826882
1785956118015,0.03076171875,0.0,1.0322265625,1.032684830754776
1785956118023,0.0302734375,0.00048828125,1.03173828125,1.032182445323185
1785956118034,0.0283203125,0.0,1.03125,1.0316387946370074
1785956118044,0.0322265625,-0.001953125,1.02978515625,1.0302911404358814
1785956118054,0.0302734375,-0.00146484375,1.0322265625,1.0326714400601213
1785956118063,0.0302734375,-0.00439453125,1.03369140625,1.0341439533633972
1785956118073,0.03173828125,-0.00146484375,1.0302734375,1.0307632222203034
1785956118084,0.0322265625,-0.001953125,1.03125,1.0317552658105662
1785956118094,0.029296875,-0.001953125,1.033203125,1.0336202489753172
1785956118104,0.0302734375,-0.0009765625,1.03125,1.0316947209288136
1785956118113,0.0322265625,0.00048828125,1.03173828125,1.032241575768894
1785956118123,0.03125,0.0009765625,1.0302734375,1.030747724805824
1785956118133,0.029296875,0.0009765625,1.0302734375,1.0306903592142251
1785956118144,0.03076171875,0.0009765625,1.03125,1.0317091642099387
1785956118152,0.0302734375,0.00048828125,1.03125,1.0316943742875821
1785956118163,0.03076171875,-0.00048828125,1.03173828125,1.0321968817797007
1785956118173,0.03125,-0.00146484375,1.03125,1.0317244160953116
1785956118183,0.02978515625,-0.00048828125,1.03076171875,1.031192084333404
1785956118193,0.029296875,-0.00244140625,1.03125,1.0316689536131458
1785956118202,0.03076171875,-0.00146484375,1.03125,1.031709741936978
1785956118212,0.03125,-0.00146484375,1.03173828125,1.0322124729259554
1785956118223,0.029296875,-0.00244140625,1.03125,1.0316689536131458
1785956118233,0.02978515625,-0.00146484375,1.03173828125,1.0321691636048584
1785956118242,0.029296875,-0.00048828125,1.03076171875,1.0311780962296468
1785956118252,0.03076171875,-0.00146484375,1.03076171875,1.0312216783738208
1785956118262,0.03271484375,0.00048828125,1.0322265625,1.0327449713025634
1785956118273,0.03173828125,0.0,1.03173828125,1.032226331524927
1785956118281,0.03125,0.0009765625,1.03076171875,1.0312357814848991
1785956118292,0.02978515625,0.00048828125,1.03076171875,1.031192084333404
1785956118302,0.03076171875,-0.00048828125,1.03271484375,1.0331730108072994
1785956118312,0.03076171875,-0.00146484375,1.03271484375,1.0331739338607284
1785956118322,0.029296875,-0.0009765625,1.03076171875,1.0311784430444306
1785956118331,0.03125,-0.001953125,1.03125,1.0317252249011195
1785956118341,0.02978515625,-0.0009765625,1.0322265625,1.0326566639196784
1785956118352,0.0302734375,-0.00146484375,1.02978515625,1.0302310880662238
1785956118362,0.0283203125,-0.00244140625,1.03076171875,1.0311535876895495
1785956118372,0.03076171875,-0.001953125,1.0322265625,1.0326866777335157
1785956118381,0.0302734375,-0.00048828125,1.03076171875,1.0312063034510115
1785956118391,0.02978515625,0.0,1.03076171875,1.0311919687300184
1785956118401,0.02880859375,0.00146484375,1.03271484375,1.03311762609233
1785956118412,0.029296875,0.00146484375,1.0322265625,1.0326432728597732
1785956118420,0.03125,-0.0009765625,1.03271484375,1.0331880103233406
1785956118431,0.02880859375,0.0,1.03125,1.0316523142870628
1785956118441,0.0283203125,0.0,1.03173828125,1.032126891955055
1785956118451,0.02880859375,-0.0009765625,1.03173828125,1.0321408672002446
1785956118460,0.02783203125,-0.00048828125,1.03173828125,1.0321137250219978
1785956118470,0.02880859375,-0.00244140625,1.03076171875,1.0311671137011615
1785956118481,0.029296875,-0.001953125,1.0322265625,1.0326440809458977
1785956118491,0.029296875,-0.0029296875,1.03271484375,1.0331344725906693
1785956118501,0.02783203125,-0.0029296875,1.0322265625,1.0326058693242621
1785956118510,0.03125,-0.00146484375,1.03125,1.0317244160953116
1785956118520,0.03076171875,-0.00146484375,1.03076171875,1.0312216783738208
1785956118530,0.0302734375,-0.0009765625,1.0322265625,1.0326708628711034
1785956118541,0.03076171875,0.0,1.03076171875,1.0312206379727415
1785956118549,0.03271484375,0.001953125,1.0302734375,1.0307945632942186
1785956118560,0.0341796875,0.00146484375,1.03173828125,1.0323053219864333
1785956118570,0.03076171875,0.00048828125,1.03076171875,1.0312207535729134
1785956118580,0.0302734375,-0.0009765625,1.0302734375,1.0307185797832739
1785956118590,0.0302734375,-0.0009765625,1.0302734375,1.0307185797832739
1785956118599,0.02978515625,0.00048828125,1.03271484375,1.033144395741952
1785956118609,0.03125,-0.001953125,1.03173828125,1.032213281349339
1785956118620,0.03125,-0.00244140625,1.03173828125,1.032214320749902
1785956118630,0.03076171875,-0.00048828125,1.02978515625,1.0302446261892706
1785956118639,0.0283203125,-0.001953125,1.0322265625,1.032616836550678
1785956118649,0.02978515625,-0.001953125,1.03125,1.031681895125674
1785956118659,0.02978515625,-0.00048828125,1.03173828125,1.0321682396528775
1785956118669,0.0302734375,-0.00146484375,1.02978515625,1.0302310880662238
1785956118680,0.03076171875,0.00048828125,1.03125,1.03170881757356
1785956118689,0.03173828125,-0.0009765625,1.03125,1.031738743418614
1785956118699,0.0322265625,-0.00146484375,1.03125,1.031754457028308
1785956118709,0.03125,0.0,1.03125,1.0317233762011986
1785956118719,0.0302734375,-0.0009765625,1.03125,1.0316947209288136
1785956118728,0.03125,0.0,1.03125,1.0317233762011986
1785956118738,0.03173828125,0.0,1.02978515625,1.0302741317385102
1785956118749,0.0302734375,-0.00146484375,1.03173828125,1.0321833692624496
1785956118759,0.02783203125,-0.00146484375,1.0322265625,1.0326027523018129
1785956118769,0.02978515625,-0.00244140625,1.03173828125,1.0321710115063387
1785956118778,0.03125,-0.0009765625,1.03173828125,1.0322118954802937
1785956118788,0.03076171875,-0.00048828125,1.02978515625,1.0302446261892706
1785956118798,0.02978515625,-0.00048828125,1.03125,1.0316801618968041
1785956118809,0.0302734375,-0.0009765625,1.0322265625,1.0326708628711034
1785956118817,0.0302734375,-0.0009765625,1.029296875,1.0297424394367498
1785956118828,0.03125,0.00048828125,1.03125,1.0317234917450406
1785956118838,0.03076171875,-0.001953125,1.03173828125,1.032198614140914
1785956118848,0.0302734375,-0.00048828125,1.03271484375,1.033158587990359
1785956118857,0.03076171875,0.00048828125,1.03173828125,1.0321968817797007
1785956118867,0.03125,-0.00048828125,1.02880859375,1.029283208593452
1785956118877,0.03076171875,0.00146484375,1.03076171875,1.0312216783738208
1785956118888,0.029296875,0.0,1.03076171875,1.031177980624693
1785956118898,0.029296875,-0.00146484375,1.03076171875,1.0311790210688112
1785956118907,0.03173828125,-0.0009765625,1.0302734375,1.030762643962754
1785956118917,0.03076171875,0.0,1.02978515625,1.030244510479571
1785956118927,0.0302734375,-0.00146484375,1.0322265625,1.0326714400601213
1785956118938,0.029296875,-0.00244140625,1.033203125,1.033621286961046
1785956118946,0.03125,-0.00244140625,1.03125,1.0317262647933694
1785956118957,0.0302734375,-0.0009765625,1.03173828125,1.0321827918005062
1785956118967,0.0302734375,-0.00146484375,1.03125,1.031695298663941
1785956118977,0.0302734375,0.00048828125,1.03125,1.0316943742875821
1785956118987,0.029296875,0.00146484375,1.03271484375,1.0331313571630494
1785956118996,0.03125,0.00146484375,1.03125,1.0317244160953116
1785956119006,0.03271484375,0.00048828125,1.0302734375,1.0307928285733425
1785956119017,0.02880859375,0.0,1.029296875,1.029699952393229
1785956119027,0.029296875,-0.00048828125,1.03369140625,1.0341066041073557
1785956119036,0.03173828125,-0.00048828125,1.033203125,1.0336905989826206
1785956119046,0.03125,-0.0009765625,1.0322265625,1.0326999527960108
1785956119056,0.02978515625,-0.00048828125,1.03125,1.0316801618968041
1785956119066,0.0283203125,-0.00048828125,1.0302734375,1.0306627161864075
1785956119077,0.02978515625,-0.001953125,1.03125,1.031681895125674
1785956119086,0.02978515625,-0.00146484375,1.03076171875,1.0311930091600228
1785956119096,0.03173828125,-0.00048828125,1.03173828125,1.0322264470124698
1785956119106,0.029296875,-0.0009765625,1.03173828125,1.0321546112650886
1785956119116,0.0322265625,-0.00048828125,1.03125,1.0317535327049505
1785956119125,0.03125,0.00146484375,1.02978515625,1.0302602468794226
1785956119135,0.03173828125,0.0,1.0302734375,1.0307621813564807
1785956119146,0.03076171875,-0.0009765625,1.0302734375,1.0307330367427043
1785956119156,0.0322265625,-0.0009765625,1.03173828125,1.032241922226368
1785956119166,0.03173828125,0.001953125,1.0302734375,1.0307640317803275
1785956119175,0.0302734375,0.00048828125,1.03125,1.0316943742875821
1785956119185,0.02783203125,-0.00146484375,1.03125,1.0316265459121885
1785956119195,0.0302734375,-0.00146484375,1.0302734375,1.0307191580655444
1785956119206,0.029296875,-0.00146484375,1.03076171875,1.0311790210688112
1785956119214,0.0302734375,-0.001953125,1.03271484375,1.0331603187390226
1785956119225,0.0302734375,-0.00146484375,1.03271484375,1.0331595110566738
1785956119235,0.0302734375,-0.001953125,1.03173828125,1.0321841777086278
1785956119245,0.0302734375,-0.00244140625,1.03076171875,1.031209077890123
1785956119255,0.02978515625,-0.00048828125,1.0322265625,1.032656317601351
1785956119264,0.0302734375,-0.0009765625,1.0322265625,1.0326708628711034
1785956119274,0.0322265625,-0.0009765625,1.03173828125,1.032241922226368
1785956119285,0.02978515625,0.0009765625,1.0322265625,1.0326566639196784
1785956119295,0.0302734375,0.0009765625,1.03173828125,1.0321827918005062
1785956119304,0.02783203125,-0.00048828125,1.03173828125,1.0321137250219978
1785956119314,0.02880859375,-0.0009765625,1.03173828125,1.0321408672002446
1785956119324,0.03076171875,0.0,1.03125,1.0317087020280744
1785956119335,0.02978515625,-0.0009765625,1.03271484375,1.0331447418966717
1785956119345,0.03076171875,-0.00146484375,1.03076171875,1.0312216783738208
1785956119354,0.02978515625,-0.001953125,1.03173828125,1.032169972062163
1785956119364,0.029296875,-0.0009765625,1.0322265625,1.0326426956550114
1785956119374,0.02978515625,-0.00146484375,1.03173828125,1.0321691636048584
1785956119384,0.029296875,-0.0009765625,1.03173828125,1.0321546112650886
1785956119393,0.03173828125,-0.0009765625,1.0322265625,1.03271484375
1785956119403,0.03125,0.00048828125,1.033203125,1.0336757220851929
1785956119414,0.03125,0.00048828125,1.0322265625,1.0326996064922003
1785956119424,0.0322265625,0.0009765625,1.03173828125,1.032241922226368
1785956119433,0.033203125,0.00048828125,1.02978515625,1.0303204132507429
1785956119443,0.03173828125,0.00048828125,1.03076171875,1.0312503467906022
1785956119453,0.02978515625,0.00048828125,1.02978515625,1.0302159297857187
1785956119463,0.03125,0.00244140625,1.0302734375,1.0307501535205046
1785956119474,0.0302734375,0.0,1.03173828125,1.0321823298307187
1785956119482,0.029296875,0.0,1.03125,1.0316660648605078
1785956119493,0.02978515625,-0.00146484375,1.03125,1.0316810862858972
1785956119503,0.03076171875,-0.00244140625,1.0322265625,1.0326877166576052
1785956119513,0.03125,-0.00146484375,1.03271484375,1.033188587223455
1785956119522,0.02978515625,-0.0009765625,1.0322265625,1.0326566639196784
1785956119532,0.02880859375,-0.00244140625,1.03076171875,1.0311671137011615
1785956119543,0.02880859375,-0.001953125,1.03125,1.031654163114325
1785956119553,0.02880859375,-0.0009765625,1.03125,1.031652776494189
1785956119563,0.03125,0.0009765625,1.03125,1.0317238383764893
1785956119572,0.0322265625,0.00048828125,1.0302734375,1.0307774472538735
1785956119582,0.03125,-0.00048828125,1.03125,1.0317234917450406
1785956119592,0.02978515625,-0.00048828125,1.03125,1.0316801618968041
1785956119603,0.03076171875,-0.0009765625,1.03173828125,1.0321972282521759
1785956119611,0.03271484375,0.0,1.03076171875,1.0312807483134945
1785956119622,0.03076171875,-0.00048828125,1.0322265625,1.0326849461910441
1785956119632,0.02880859375,-0.0009765625,1.0322265625,1.0326289580864636
1785956119642,0.029296875,-0.00146484375,1.0302734375,1.0306909375123292
1785956119652,0.029296875,-0.00048828125,1.0322265625,1.0326423493319994
1785956119661,0.02880859375,-0.00146484375,1.02978515625,1.0301890840393821
1785956119671,0.0302734375,0.00048828125,1.0322265625,1.0326705165575378
1785956119682,0.02880859375,0.0,1.03076171875,1.0311642235426453
1785956119692,0.02978515625,0.00048828125,1.0322265625,1.032656317601351
1785956119701,0.03076171875,0.0009765625,1.03173828125,1.0321972282521759
1785956119711,0.03271484375,0.00244140625,1.0302734375,1.030795604125343
1785956119721,0.029296875,0.00048828125,1.03173828125,1.0321542647783077
1785956119731,0.02978515625,0.00048828125,1.033203125,1.033632474074408
1785956119742,0.03076171875,0.00146484375,1.03076171875,1.0312216783738208
1785956119751,0.02783203125,0.0,1.0322265625,1.032601713292239
1785956119761,0.029296875,-0.0009765625,1.03173828125,1.0321546112650886
1785956119771,0.03076171875,-0.0009765625,1.0322265625,1.0326852924997707
1785956119781,0.03125,-0.001953125,1.03173828125,1.032213281349339
1785956119790,0.03125,-0.00244140625,1.03271484375,1.0331904333016564
1785956119800,0.03076171875,-0.00146484375,1.03369140625,1.0341500628355482
1785956119811,0.03076171875,-0.00146484375,1.03271484375,1.0331739338607284
1785956119821,0.03076171875,-0.0009765625,1.03076171875,1.031221100373351
1785956119831,0.02978515625,-0.001953125,1.0302734375,1.0307057418333172
1785956119840,0.03125,0.00048828125,1.03173828125,1.0322115490127415
1785956119850,0.0302734375,0.00146484375,1.03076171875,1.031207228264878
1785956119860,0.03125,0.0009765625,1.0322265625,1.0326999527960108
1785956119871,0.02978515625,0.001953125,1.03125,1.031681895125674
1785956119879,0.0302734375,0.00048828125,1.03173828125,1.032182445323185
1785956119890,0.0302734375,-0.00146484375,1.03271484375,1.0331595110566738
1785956119900,0.0302734375,0.00048828125,1.0302734375,1.0307182328137559
1785956119910,0.03076171875,-0.00146484375,1.0302734375,1.0307336150168638
1785956119920,0.0302734375,-0.00146484375,1.03173828125,1.0321833692624496
1785956119929,0.0302734375,0.0,1.03271484375,1.0331584726070118
1785956119940,0.03125,-0.0009765625,1.03173828125,1.0322118954802937
1785956119950,0.03125,-0.001953125,1.03125,1.0317252249011195
1785956119960,0.03076171875,-0.00390625,1.02978515625,1.0302519158741485
1785956119969,0.03125,-0.00146484375,1.03076171875,1.0312363594771405
1785956119979,0.03125,-0.001953125,1.03076171875,1.031237168665734
1785956119989,0.03125,-0.00146484375,1.03076171875,1.0312363594771405
1785956120000,0.03076171875,0.0,1.03125,1.0317087020280744
1785956120008,0.0302734375,-0.00048828125,1.0302734375,1.0307182328137559
1785956120019,0.0302734375,0.00048828125,1.03076171875,1.0312063034510115
1785956120029,0.03173828125,0.00146484375,1.0302734375,1.0307632222203034
1785956120039,0.0302734375,0.0009765625,1.0302734375,1.0307185797832739
1785956120049,0.0302734375,0.0,1.0302734375,1.030718117157224
1785956120058,0.0302734375,-0.00146484375,1.03125,1.031695298663941
1785956120068,0.03076171875,-0.0009765625,1.03125,1.0317091642099387
1785956120079,0.029296875,-0.001953125,1.0322265625,1.0326440809458977
1785956120089,0.029296875,-0.00146484375,1.0302734375,1.0306909375123292
1785956120098,0.02880859375,0.0,1.0302734375,1.0306761329786962
1785956120108,0.03076171875,0.0009765625,1.03125,1.0317091642099387
1785956120118,0.03076171875,-0.0009765625,1.0322265625,1.0326852924997707
1785956120128,0.03173828125,0.00048828125,1.0322265625,1.032714497451183
1785956120139,0.02978515625,0.00048828125,1.03125,1.0316801618968041
1785956120148,0.03076171875,-0.0009765625,1.03271484375,1.033173356952432
1785956120158,0.03125,0.0,1.03173828125,1.0322114335235315
1785956120168,0.03076171875,0.0,1.03125,1.0317087020280744
1785956120178,0.02978515625,0.0,1.03173828125,1.0321681241588219
1785956120187,0.0302734375,-0.00048828125,1.0302734375,1.0307182328137559
1785956120197,0.03125,0.0,1.03125,1.0317233762011986
1785956120208,0.03076171875,-0.0009765625,1.03271484375,1.033173356952432
1785956120218,0.02978515625,-0.00146484375,1.03125,1.0316810862858972
1785956120228,0.03125,-0.001953125,1.03125,1.0317252249011195
1785956120237,0.029296875,-0.0029296875,1.03076171875,1.0311821423948668
1785956120247,0.0302734375,-0.00244140625,1.03076171875,1.031209077890123
1785956120257,0.03076171875,-0.00146484375,1.03271484375,1.0331739338607284
1785956120268,0.03173828125,0.0,1.0322265625,1.0327143820182183
1785956120276,0.03125,0.0,1.0322265625,1.032699491057571
1785956120287,0.02880859375,0.0009765625,1.0322265625,1.0326289580864636
1785956120297,0.033203125,0.00244140625,1.0322265625,1.0327633244382808
1785956120307,0.029296875,0.00146484375,1.0302734375,1.0306909375123292
1785956120317,0.02783203125,0.0,1.03076171875,1.0311374024852145
1785956120326,0.029296875,0.00048828125,1.0322265625,1.0326423493319994
1785956120336,0.02978515625,0.0,1.03125,1.0316800463481093
1785956120347,0.02880859375,-0.0029296875,1.03076171875,1.0311683853683424
1785956120357,0.0302734375,-0.00146484375,1.0302734375,1.0307191580655444
1785956120366,0.029296875,-0.0009765625,1.02978515625,1.0302022755711224
1785956120376,0.0283203125,-0.00048828125,1.0322265625,1.032615104891093
1785956120386,0.029296875,-0.00048828125,1.03271484375,1.0331304340715801
1785956120397,0.0302734375,-0.0009765625,1.0322265625,1.0326708628711034
1785956120407,0.03173828125,0.00048828125,1.03076171875,1.0312503467906022
1785956120416,0.03076171875,0.0009765625,1.0322265625,1.0326852924997707
1785956120426,0.0341796875,0.0,1.03271484375,1.0332803102446038
1785956120436,0.03369140625,0.00146484375,1.03076171875,1.0313132295586869
1785956120446,0.033203125,0.00146484375,1.03125,1.0317854213822648
1785956120455,0.03125,-0.00048828125,1.03173828125,1.0322115490127415
1785956120465,0.0302734375,0.0,1.0322265625,1.0326704011196568
1785956120476,0.02978515625,0.001953125,1.03125,1.031681895125674
1785956120486,0.0302734375,0.00048828125,1.03076171875,1.0312063034510115
1785956120496,0.02880859375,-0.0009765625,1.03125,1.031652776494189
1785956120505,0.0283203125,-0.00390625,1.0322265625,1.0326223778418355
1785956120515,0.029296875,-0.0009765625,1.03076171875,1.0311784430444306
1785956120525,0.029296875,-0.001953125,1.03173828125,1.0321559972110492
1785956120536,0.0283203125,-0.00146484375,1.03125,1.0316398346163789
1785956120544,0.03125,0.00048828125,1.03125,1.0317234917450406
1785956120555,0.03076171875,-0.0009765625,1.03271484375,1.033173356952432
1785956120565,0.03173828125,0.00048828125,1.0322265625,1.032714497451183
1785956120575,0.03076171875,0.0009765625,1.03271484375,1.033173356952432
1785956120584,0.0302734375,0.0009765625,1.03125,1.0316947209288136
1785956120594,0.03076171875,-0.00048828125,1.0302734375,1.0307326897780529
1785956120605,0.02978515625,-0.00048828125,1.03076171875,1.031192084333404
1785956120615,0.03125,-0.00048828125,1.03173828125,1.0322115490127415
1785956120625,0.03173828125,-0.00146484375,1.03173828125,1.032227370912349
1785956120634,0.0302734375,-0.001953125,1.03271484375,1.0331603187390226
1785956120644,0.03076171875,-0.001953125,1.033203125,1.0336628055354828
1785956120654,0.029296875,-0.00244140625,1.0302734375,1.0306927880640815
1785956120665,0.0302734375,-0.00341796875,1.03173828125,1.0321879889463674
1785956120673,0.0302734375,-0.0009765625,1.03369140625,1.0341350772735085
1785956120684,0.02880859375,-0.001953125,1.03125,1.031654163114325
1785956120694,0.02978515625,-0.001953125,1.0302734375,1.0307057418333172
1785956120704,0.02978515625,-0.00146484375,1.029296875,1.0297287789436664
1785956120714,0.0283203125,0.00048828125,1.03076171875,1.0311508131011344
1785956120723,0.029296875,0.00146484375,1.0322265625,1.0326432728597732
1785956120733,0.029296875,0.0,1.02978515625,1.030201812713219
1785956120744,0.03076171875,0.00048828125,1.029296875,1.0297565628068601
1785956120754,0.0302734375,0.0,1.0322265625,1.0326704011196568
1785956120763,0.0302734375,-0.00146484375,1.03173828125,1.0321833692624496
1785956120773,0.03076171875,-0.001953125,1.02978515625,1.0302463618332056
1785956120783,0.03125,-0.001953125,1.03173828125,1.032213281349339
1785956120794,0.03173828125,-0.0029296875,1.03369140625,1.0341826845004969
1785956120804,0.0302734375,-0.0029296875,1.03173828125,1.032186487551362
1785956120813,0.03125,-0.00146484375,1.03125,1.0317244160953116
1785956120823,0.03125,-0.00048828125,1.0322265625,1.0326996064922003
1785956120833,0.03076171875,-0.00048828125,1.03173828125,1.0321968817797007
1785956120843,0.03125,-0.00146484375,1.0302734375,1.0307483030717433
1785956120852,0.0302734375,-0.001953125,1.0322265625,1.0326722481242043
1785956120862,0.02734375,-0.0009765625,1.03125,1.031612910368215
1785956120873,0.029296875,0.0,1.03271484375,1.0331303186850884
1785956120883,0.03125,-0.00048828125,1.02978515625,1.0302593212154967
1785956120893,0.0283203125,-0.001953125,1.03125,1.0316406434884986
1785956120902,0.02880859375,-0.00146484375,1.03076171875,1.0311652640006443
1785956120912,0.029296875,-0.00048828125,1.0302734375,1.030690012235207
1785956120922,0.0283203125,-0.00146484375,1.033203125,1.0335922229666181
1785956120933,0.029296875,-0.00146484375,1.03173828125,1.0321551887427984
1785956120941,0.029296875,-0.001953125,1.02978515625,1.0302036641435848
1785956120952,0.0283203125,-0.0029296875,1.03173828125,1.0321310498990182
1785956120962,0.03173828125,-0.0009765625,1.03076171875,1.0312506935810877
1785956120972,0.03173828125,-0.00048828125,1.03125,1.031738396792173
1785956120982,0.03173828125,-0.00146484375,1.03173828125,1.032227370912349
1785956120991,0.03369140625,-0.00244140625,1.03173828125,1.0322911180070689
1785956121002,0.033203125,-0.0009765625,1.03076171875,1.031296815676523
1785956121012,0.03173828125,0.00048828125,1.03125,1.031738396792173
1785956121022,0.03076171875,-0.00048828125,1.03271484375,1.0331730108072994
1785956121031,0.0283203125,-0.0009765625,1.0322265625,1.0326154512232424
1785956121041,0.02880859375,-0.00146484375,1.0302734375,1.0306771739294176
1785956121051,0.03076171875,-0.00244140625,1.03173828125,1.0321996535562468
1785956121062,0.029296875,-0.0009765625,1.0322265625,1.0326426956550114
1785956121072,0.0302734375,-0.00146484375,1.033203125,1.0336475822518254
1785956121081,0.03125,0.00244140625,1.02978515625,1.0302620982047794
1785956121091,0.02734375,-0.00146484375,1.03125,1.0316134881491588
1785956121101,0.0283203125,-0.00927734375,1.03369140625,1.034120898426415
1785956121111,0.029296875,-0.00048828125,1.03173828125,1.0321542647783077
1785956121120,0.02880859375,-0.001953125,1.0322265625,1.032630343395779
1785956121130,0.03271484375,0.00732421875,1.033203125,1.0337468755414212
1785956121141,0.03125,0.0,1.0322265625,1.032699491057571
1785956121151,0.02978515625,-0.0107421875,1.03125,1.031735970403825
1785956121160,0.0322265625,0.0048828125,1.03271484375,1.0332290848064931
1785956121170,0.029296875,0.0,1.0302734375,1.0306898965755082
1785956121180,0.029296875,-0.00146484375,1.0322265625,1.0326432728597732
1785956121190,0.03515625,0.005859375,1.03515625,1.0357696443242173
1785956121201,0.0478515625,0.005859375,1.05517578125,1.0562764948845684
1785956121210,0.07177734375,0.0478515625,1.1806640625,1.1838113817616813
1785956121220,0.06103515625,-0.046875,1.42333984375,1.4254188390538889
1785956121230,-0.19873046875,-0.11181640625,1.57275390625,1.5891984009370552
1785956121240,-0.28173828125,-0.08349609375,1.75048828125,1.7749809237247571
1785956121251,-0.1044921875,-0.04150390625,1.84521484375,1.8486370685123354
1785956121259,-0.107421875,-0.03759765625,1.75390625,1.7575949979369738
1785956121270,-0.1865234375,0.02734375,1.5224609375,1.534087996046595
1785956121280,-0.08837890625,0.07666015625,1.279296875,1.2846353976949982
1785956121290,-0.05908203125,-0.00244140625,1.1748046875,1.1762919283294757
1785956121299,-0.05224609375,-0.05908203125,1.15966796875,1.1623468236604386
1785956121309,-0.00146484375,-0.0625,1.17333984375,1.1750041636941064
1785956121319,-0.0478515625,-0.12158203125,1.07958984375,1.087467789446987
1785956121330,-0.0693359375,0.00439453125,0.78076171875,0.783846697766448
1785956121338,-0.001953125,0.07177734375,0.5517578125,0.5564103570458196
1785956121349,-0.00732421875,-0.0380859375,0.25,0.25299047969350896
1785956121359,0.03564453125,-0.11279296875,-0.0732421875,0.13913017083744222
1785956121369,0.12109375,-0.09033203125,-0.4296875,0.45547219433798974
1785956121379,0.185546875,0.03271484375,-1.1923828125,1.2071763232308952
1785956121388,0.3291015625,0.35791015625,-2.2744140625,2.325804558875185
1785956121398,0.55224609375,0.53955078125,-2.77392578125,2.8793671237779046
1785956121409,0.591796875,0.94482421875,-2.67138671875,2.8946888169041944
1785956121419,0.400390625,1.18017578125,-1.69287109375,2.1021275097603525
1785956121428,-0.73779296875,-0.48046875,0.470703125,0.9983737358065198
1785956121438,-0.46142578125,-0.1337890625,1.27783203125,1.365162248575349
1785956121448,1.27587890625,2.31640625,0.98876953125,2.823343777222516
1785956121459,-0.12109375,-0.44287109375,1.1796875,1.2658835252994778
1785956121469,-0.02587890625,-0.076171875,0.94921875,0.952621702293872
1785956121478,0.3740234375,0.40283203125,1.04248046875,1.178529891400951
1785956121488,-0.13232421875,-0.21142578125,0.953125,0.985219683862422
1785956121498,-0.1396484375,-0.20947265625,0.9873046875,1.018896965238436
1785956121508,0.0654296875,0.03662109375,1.14208984375,1.144548539691827
1785956121517,0.04150390625,-0.00146484375,1.044921875,1.0457468359286277
1785956121527,0.02978515625,-0.01220703125,0.93994140625,0.9404924318292003
1785956121538,0.0302734375,0.00634765625,1.03857421875,1.0390347355166272
1785956121548,0.03125,0.00634765625,1.0537109375,1.0541933385518034
1785956121558,0.0302734375,0.00341796875,1.05078125,1.0512228112441266
1785956121567,0.02734375,0.0068359375,1.0810546875,1.0814220490036668
1785956121577,0.02685546875,0.005859375,0.9736328125,0.9740207400532255
1785956121587,0.0283203125,-0.00146484375,0.96435546875,0.9647723337530683
1785956121598,0.029296875,0.001953125,1.0908203125,1.0912154121641744
1785956121606,0.0322265625,0.0009765625,1.08544921875,1.0859279494929064
1785956121617,0.0322265625,-0.00146484375,1.013671875,1.014185075449148
1785956121627,0.0341796875,0.0048828125,1.01123046875,1.0118197239745095
1785956121637,0.03515625,0.0068359375,1.00830078125,1.0089366468837013
1785956121648,0.03857421875,0.00146484375,1.03955078125,1.0402672459117754
1785956121656,0.0380859375,0.0068359375,1.072265625,1.0729635777757782
1785956121667,0.033203125,0.009765625,1.0185546875,1.0191425152399585
1785956121677,0.02685546875,0.0068359375,0.98779296875,0.988181610512574
1785956121687,0.025390625,0.00244140625,1.03515625,1.0354704757821107
1785956121696,0.02490234375,0.00244140625,1.05859375,1.0588894251657173
1785956121706,0.02099609375,-0.00048828125,1.03759765625,1.0378101804409279
1785956121716,0.02197265625,-0.00146484375,1.0185546875,1.0187927143526867
1785956121727,0.02099609375,0.00244140625,1.0146484375,1.0148685866349534
1785956121735,0.025390625,0.00439453125,1.03515625,1.0354769228026572
1785956121746,0.0283203125,0.0048828125,1.05517578125,1.0555670567493833
1785956121756,0.0302734375,0.00439453125,1.0341796875,1.0346320210396407
1785956121766,0.033203125,0.00341796875,1.01416015625,1.0147092945987861
1785956121776,0.03466796875,0.001953125,1.0283203125,1.0289063843978297
1785956121785,0.037109375,0.005859375,1.03564453125,1.0363257369651269
1785956121795,0.03662109375,0.00341796875,1.0390625,1.0397132613966567
1785956121806,0.0361328125,0.00048828125,1.04052734375,1.0411546338796989
1785956121816,0.03564453125,0.0009765625,1.01806640625,1.0186906762197927
1785956121825,0.03564453125,0.00048828125,1.01708984375,1.0177143613440909
1785956121835,0.03271484375,0.00244140625,1.04931640625,1.049829101278622
1785956121845,0.029296875,0.00341796875,1.04638671875,1.0468023474235875
1785956121856,0.02978515625,0.00244140625,1.0205078125,1.0209453028301025
1785956121866,0.02783203125,0.00390625,1.02099609375,1.021382839196607
1785956121875,0.02490234375,0.00390625,1.0341796875,1.0344868348852505
1785956121885,0.02587890625,0.00439453125,1.03955078125,1.0398821358649686
1785956121895,0.0263671875,0.00439453125,1.03857421875,1.0389181624814057
1785956121905,0.0263671875,0.0048828125,1.0224609375,1.0228125141725384
1785956121914,0.02783203125,0.00341796875,1.0224609375,1.0228453808798552
1785956121924,0.02783203125,0.00146484375,1.03759765625,1.03797189942031
1785956121935,0.0283203125,-0.00048828125,1.03759765625,1.0379841881137544
1785956121945,0.02978515625,-0.00341796875,1.03076171875,1.0311976332806758
1785956121955,0.03173828125,-0.0009765625,1.0302734375,1.030762643962754
1785956121964,0.03271484375,-0.00244140625,1.03173828125,1.0322597068871615
1785956121974,0.03369140625,-0.0029296875,1.02783203125,1.0283882430227658
1785956121984,0.03564453125,-0.00341796875,1.03662109375,1.037239368287694
1785956121995,0.03466796875,-0.00341796875,1.03466796875,1.0352542470933785
1785956122003,0.03466796875,-0.0009765625,1.0224609375,1.0230489677649581
1785956122014,0.03662109375,-0.00048828125,1.0283203125,1.0289723067343082
1785956122024,0.0341796875,0.0009765625,1.0419921875,1.0425530794750688
1785956122034,0.03271484375,0.00244140625,1.03564453125,1.036163991158782
1785956122044,0.02978515625,0.00439453125,1.02490234375,1.025344469757353
1785956122053,0.02783203125,0.00439453125,1.029296875,1.029682470839032
1785956122064,0.025390625,0.00390625,1.03466796875,1.0349868347878655
1785956122074,0.025390625,0.00341796875,1.03076171875,1.0310800585738824
1785956122084,0.021484375,0.0029296875,1.03076171875,1.0309897585710746
1785956122093,0.02099609375,0.0048828125,1.03173828125,1.0319634483872833
1785956122103,0.0244140625,0.001953125,1.03125,1.0315408007660287
1785956122113,0.025390625,0.0009765625,1.03173828125,1.0320511220423683
1785956122124,0.02734375,-0.00048828125,1.03271484375,1.0330768933551018
1785956122134,0.029296875,0.00244140625,1.0283203125,1.0287404592263982
1785956122143,0.03076171875,0.001953125,1.03076171875,1.0312224875739346
1785956122153,0.0322265625,0.00341796875,1.03173828125,1.0322471190745202
1785956122163,0.03515625,0.00146484375,1.03076171875,1.0313621228849392
1785956122173,0.0361328125,0.00146484375,1.0322265625,1.0328598173212755
1785956122182,0.037109375,0.001953125,1.03369140625,1.0343591464115638
1785956122192,0.0361328125,0.0009765625,1.02978515625,1.0304193330126883
1785956122203,0.03466796875,0.00048828125,1.02978515625,1.030368659513995
1785956122213,0.03466796875,0.0009765625,1.0341796875,1.0347610582975981
1785956122223,0.03173828125,-0.00048828125,1.0322265625,1.032714497451183
1785956122232,0.02978515625,-0.00048828125,1.0302734375,1.0307040069629507
1785956122242,0.0283203125,-0.0009765625,1.0322265625,1.0326154512232424
1785956122252,0.02587890625,-0.001953125,1.0322265625,1.0325527632118991
1785956122263,0.02392578125,0.0,1.03173828125,1.0320156607363702
1785956122272,0.0234375,0.00146484375,1.03271484375,1.0329818055876148
1785956122282,0.0263671875,0.00341796875,1.0302734375,1.0306164500458463
1785956122292,0.0263671875,0.00341796875,1.03125,1.0315926878313146
1785956122302,0.029296875,0.0048828125,1.0322265625,1.032653777930068
1785956122311,0.0302734375,0.00390625,1.03173828125,1.0321897213225062
1785956122321,0.03173828125,0.00341796875,1.03076171875,1.0312558954243773
1785956122332,0.033203125,0.00341796875,1.0322265625,1.0327660946945867
1785956122342,0.0322265625,0.0029296875,1.033203125,1.0337097425821136
1785956122352,0.033203125,0.00146484375,1.03076171875,1.0312973936345575
1785956122361,0.0341796875,-0.00048828125,1.03173828125,1.0323043981563194
1785956122371,0.033203125,-0.00146484375,1.033203125,1.0337375347672848
1785956122381,0.0341796875,-0.001953125,1.03173828125,1.0323061303371046
1785956122392,0.03173828125,-0.0009765625,1.03076171875,1.0312506935810877
1785956122400,0.0322265625,-0.00146484375,1.033203125,1.0337066288882664
1785956122411,0.03076171875,0.0009765625,1.03076171875,1.031221100373351
1785956122421,0.029296875,0.0009765625,1.03076171875,1.0311784430444306
1785956122431,0.02880859375,0.00048828125,1.033203125,1.0336047943978381
1785956122441,0.03076171875,0.00341796875,1.0302734375,1.030738241198461
1785956122450,0.02734375,0.0048828125,1.02978515625,1.0301596917734694
1785956122461,0.02734375,0.001953125,1.03125,1.0316142970419362
1785956122471,0.0283203125,0.00390625,1.0322265625,1.0326223778418355
1785956122481,0.0263671875,0.00244140625,1.03076171875,1.0311017941413891
1785956122490,0.02783203125,0.0029296875,1.03173828125,1.032117767519314
1785956122500,0.02783203125,0.0029296875,1.03125,1.0316296658842012
1785956122510,0.02978515625,0.00146484375,1.03173828125,1.0321691636048584
1785956122521,0.03125,0.001953125,1.03466796875,1.035141624491314
1785956122531,0.03076171875,0.0029296875,1.03076171875,1.0312247995707609
1785956122540,0.03125,0.00146484375,1.03076171875,1.0312363594771405
1785956122550,0.0341796875,0.0,1.0322265625,1.0327922963346328
1785956122560,0.03564453125,0.0009765625,1.03173828125,1.032354283799439
1785956122570,0.03271484375,0.001953125,1.03076171875,1.0312825978068798
1785956122579,0.0341796875,0.00390625,1.033203125,1.033775704558985
1785956122589,0.03271484375,0.00341796875,1.03173828125,1.032262478495013
1785956122600,0.0322265625,0.00244140625,1.03173828125,1.0322443474254281
1785956122610,0.0302734375,0.0009765625,1.033203125,1.0336470056078857
1785956122620,0.02978515625,0.0009765625,1.03173828125,1.0321685861349672
1785956122629,0.029296875,0.00048828125,1.02978515625,1.0302019284277144
1785956122639,0.0263671875,-0.00048828125,1.02880859375,1.0291465345465105
1785956122649,0.02783203125,0.0009765625,1.0322265625,1.032602175074401
1785956122660,0.02587890625,0.0,1.0341796875,1.0345034286198833
1785956122669,0.0263671875,0.00048828125,1.0322265625,1.0325633846528772
1785956122679,0.02978515625,0.0009765625,1.029296875,1.0297282001052117
1785956122689,0.02978515625,0.00146484375,1.03271484375,1.0331453188209467
1785956122699,0.02880859375,0.00146484375,1.0341796875,1.0345818995510516
1785956122710,0.03173828125,0.00146484375,1.03271484375,1.0332034711350435
1785956122718,0.0322265625,0.00244140625,1.0322265625,1.0327323894047336
1785956122729,0.03369140625,0.00244140625,1.03125,1.0318030983766138
1785956122739,0.0341796875,0.0029296875,1.03125,1.0318204284692396
1785956122749,0.03369140625,0.0029296875,1.03271484375,1.0332684270921748
1785956122758,0.03515625,0.00146484375,1.03271484375,1.0333141130280092
1785956122768,0.033203125,0.00146484375,1.03271484375,1.0332495060625795
1785956122778,0.03125,0.0029296875,1.03173828125,1.0322155911269466
1785956122789,0.02880859375,0.00146484375,1.02978515625,1.0301890840393821
1785956122799,0.02880859375,0.0,1.03076171875,1.0311642235426453
1785956122808,0.02734375,0.00048828125,1.03369140625,1.0340531139345523
1785956122818,0.02685546875,0.00048828125,1.03125,1.0315997368748993
1785956122828,0.0283203125,0.0009765625,1.0322265625,1.0326154512232424
1785956122838,0.02587890625,-0.00048828125,1.03466796875,1.0349916723165102
1785956122847,0.02734375,0.00048828125,1.0322265625,1.0325887833078606
1785956122857,0.0283203125,0.0009765625,1.0302734375,1.030663063174615
1785956122868,0.02783203125,0.001953125,1.03369140625,1.0340678701206556
1785956122878,0.02880859375,0.00341796875,1.033203125,1.0336103303924522
1785956122888,0.02978515625,0.00146484375,1.02978515625,1.0302168554886324
1785956122897,0.03076171875,0.0,1.03076171875,1.0312206379727415
1785956122907,0.029296875,-0.00048828125,1.03125,1.0316661804107687
1785956122918,0.0322265625,0.0,1.03125,1.0317534171644727
1785956122928,0.0341796875,0.00048828125,1.03125,1.031816384806995
1785956122937,0.0322265625,0.00048828125,1.033203125,1.0337057063105104
1785956122947,0.03076171875,0.00146484375,1.029296875,1.0297574889227228
1785956122957,0.03173828125,0.00146484375,1.03271484375,1.0332034711350435
1785956122967,0.03271484375,0.00244140625,1.03173828125,1.0322597068871615
1785956122976,0.0322265625,0.0029296875,1.0302734375,1.030781494991776
1785956122986,0.03125,0.00048828125,1.02978515625,1.0302593212154967
1785956122997,0.03125,0.00146484375,1.033203125,1.0336766446897103
1785956123007,0.03271484375,0.001953125,1.03173828125,1.0322586675322987
1785956123017,0.03076171875,0.00244140625,1.0302734375,1.0307354654919942
1785956123026,0.03076171875,0.0029296875,1.03271484375,1.033177049159963
1785956123036,0.029296875,0.00146484375,1.03369140625,1.034107526327451
1785956123046,0.029296875,0.00048828125,1.03271484375,1.0331304340715801
1785956123057,0.02880859375,-0.001953125,1.03125,1.031654163114325
1785956123065,0.0283203125,-0.00048828125,1.033203125,1.033591300286744
1785956123076,0.02880859375,0.00244140625,1.0302734375,1.030679024505882
1785956123086,0.02783203125,-0.00048828125,1.03125,1.0316256214742245
1785956123096,0.0302734375,0.0009765625,1.0322265625,1.0326708628711034
1785956123106,0.03076171875,0.00244140625,1.03271484375,1.0331757799651125
1785956123115,0.03173828125,0.00146484375,1.03125,1.0317393211290902
1785956123126,0.03173828125,0.00048828125,1.0322265625,1.032714497451183
1785956123136,0.03125,0.00146484375,1.02978515625,1.0302602468794226
1785956123146,0.03271484375,0.00244140625,1.03076171875,1.0312836381454515
1785956123155,0.03076171875,0.00146484375,1.03125,1.031709741936978
1785956123165,0.03125,0.0009765625,1.02978515625,1.0302596683395664
1785956123175,0.03125,0.001953125,1.03076171875,1.031237168665734
1785956123186,0.03125,0.001953125,1.0322265625,1.032701338010091
1785956123196,0.02978515625,0.00146484375,1.03125,1.0316810862858972
1785956123205,0.0283203125,0.0029296875,1.02978515625,1.0301786695528996
1785956123215,0.029296875,0.00244140625,1.03076171875,1.0311808707446513
1785956123225,0.02734375,0.0009765625,1.03271484375,1.0330772395324397
1785956123235,0.029296875,0.001953125,1.03271484375,1.0331321648674086
1785956123244,0.0283203125,0.0009765625,1.0302734375,1.030663063174615
1785956123254,0.02685546875,0.00146484375,1.02783203125,1.028183858282406
1785956123265,0.0283203125,0.0,1.02978515625,1.0301745037288268
1785956123275,0.02880859375,-0.00048828125,1.0322265625,1.0326286117588444
1785956123285,0.03076171875,0.0,1.03173828125,1.0321967662888496
1785956123294,0.0302734375,0.00048828125,1.0302734375,1.0307182328137559
1785956123304,0.03173828125,0.001953125,1.03173828125,1.0322281793240649
1785956123315,0.0302734375,0.0009765625,1.0322265625,1.0326708628711034
1785956123325,0.029296875,0.00048828125,1.0302734375,1.030690012235207
1785956123334,0.02978515625,0.00048828125,1.03125,1.0316801618968041
1785956123344,0.03076171875,0.00048828125,1.0302734375,1.0307326897780529
1785956123354,0.03125,-0.00048828125,1.03076171875,1.0312354346893988
1785956123364,0.03125,0.00146484375,1.0302734375,1.0307483030717433
1785956123375,0.0283203125,0.0009765625,1.03369140625,1.0340797440862657
1785956123383,0.0283203125,0.001953125,1.03271484375,1.033104933343632
1785956123394,0.03076171875,0.0009765625,1.03125,1.0317091642099387
1785956123404,0.03076171875,0.0,1.0302734375,1.030732574123143
1785956123414,0.0302734375,0.00244140625,1.03173828125,1.032185217138498
1785956123423,0.0302734375,0.00146484375,1.0322265625,1.0326714400601213
1785956123433,0.0302734375,-0.0009765625,1.0302734375,1.0307185797832739
1785956123443,0.0283203125,0.00048828125,1.03125,1.0316389101903227
1785956123454,0.02978515625,0.00048828125,1.033203125,1.033632474074408
1785956123464,0.03076171875,0.0,1.03125,1.0317087020280744
1785956123473,0.02978515625,-0.00048828125,1.0302734375,1.0307040069629507
1785956123483,0.02978515625,0.0009765625,1.03076171875,1.0311924311434832
1785956123493,0.03076171875,0.001953125,1.0322265625,1.0326866777335157
1785956123503,0.03125,0.00244140625,1.0341796875,1.0346546037214908
1785956123512,0.029296875,-0.0009765625,1.0322265625,1.0326426956550114
1785956123523,0.02880859375,0.0009765625,1.0322265625,1.0326289580864636
1785956123533,0.03173828125,0.0009765625,1.03173828125,1.0322267934750216
1785956123543,0.03173828125,0.0,1.03173828125,1.032226331524927
1785956123552,0.03125,0.00048828125,1.03271484375,1.0331876641831172
1785956123562,0.03076171875,0.0009765625,1.03076171875,1.031221100373351
1785956123572,0.0302734375,0.00146484375,1.03125,1.031695298663941
1785956123583,0.02880859375,0.00244140625,1.0322265625,1.032631382376546
1785956123593,0.02880859375,0.0009765625,1.03125,1.031652776494189
1785956123602,0.029296875,0.001953125,1.0302734375,1.0306917471291297
1785956123612,0.03125,0.0009765625,1.03076171875,1.0312357814848991
1785956123622,0.02783203125,0.00244140625,1.033203125,1.0335808047452042
1785956123632,0.02978515625,0.001953125,1.0322265625,1.0326580491918267
1785956123641,0.029296875,0.00244140625,1.0322265625,1.0326451199128428
1785956123651,0.02880859375,0.001953125,1.03125,1.031654163114325
1785956123662,0.0302734375,0.00146484375,1.0302734375,1.0307191580655444
1785956123672,0.03173828125,0.0009765625,1.03076171875,1.0312506935810877
1785956123682,0.03076171875,0.0,1.03076171875,1.0312206379727415
1785956123691,0.0302734375,0.0,1.03173828125,1.0321823298307187
1785956123701,0.03173828125,0.00048828125,1.03125,1.031738396792173
1785956123711,0.02978515625,-0.001953125,1.03173828125,1.032169972062163
1785956123722,0.02978515625,-0.001953125,1.0322265625,1.0326580491918267
1785956123731,0.03076171875,0.00048828125,1.0322265625,1.0326849461910441
1785956123741,0.03173828125,0.0,1.0302734375,1.0307621813564807
1785956123751,0.03076171875,0.00048828125,1.03076171875,1.0312207535729134
1785956123761,0.03125,0.00048828125,1.03173828125,1.0322115490127415
1785956123772,0.02978515625,-0.00048828125,1.03271484375,1.033144395741952
1785956123780,0.029296875,0.0029296875,1.03173828125,1.0321583071168479
1785956123791,0.02978515625,0.00244140625,1.0302734375,1.0307067827541356
1785956123801,0.02978515625,0.001953125,1.03173828125,1.032169972062163
1785956123811,0.02783203125,0.0,1.03173828125,1.032113609521842
