DataRate=100.0
DataType=Quaternion
version=3
OpenSimVersion=4.4
endheader
time	torso_imu	femur_r_imu
0.002	0.8845822811126709,0.4637592732906341,0.0486902743577957,-0.0084044104442	0.6518812775611877,-0.7581466436386108,-0.0157724749296903,0.0039599952287971
0.01	0.8867409825325012,0.4599310159683227,0.0459402166306972,-0.0065855989232659	0.6432618498802185,-0.7654613852500916,-0.0168051235377788,-0.0007712728111073
0.021	0.8606017827987671,0.506756067276001,0.0504657439887523,-0.0040102545171976	0.6329760551452637,-0.7738463878631592,-0.0200405828654766,-0.0100767621770501
0.031	0.8796253204345703,0.4739824533462524,0.0398909263312816,-0.0029182899743318	0.6362150311470032,-0.770478367805481,-0.0378015376627445,0.0128275407478213
0.041	0.8794968128204346,0.4742918312549591,0.0390339493751525,-0.0029508611187338	0.6359019875526428,-0.7680314183235168,-0.058350596576929,0.0484925732016563
0.05	0.881686270236969,0.4702666699886322,0.0382479317486286,-0.0039515402168035	0.6270934343338013,-0.7743942141532898,-0.0585925802588462,0.0602847002446651
0.06	0.8804129362106323,0.4725505709648132,0.0394038781523704,-0.0040253554470837	0.6191876530647278,-0.7812228798866272,-0.0541408881545066,0.0580181702971458
0.07	0.8776076436042786,0.4775714874267578,0.0414725244045257,-0.0032106251455843	0.6196606159210205,-0.7811333537101746,-0.0536803975701332,0.0544957034289836
0.081	0.8769307732582092,0.4787642359733581,0.0420433543622493,-0.0030995467677712	0.6286494135856628,-0.7749208807945251,-0.0493601411581039,0.043141633272171
0.091	0.8768348693847656,0.4789431691169739,0.0419924035668373,-0.0032796601299196	0.634099006652832,-0.7713247537612915,-0.0442364551126956,0.0319329015910625
0.1	0.8768956065177917,0.4787871241569519,0.0424911975860595,-0.0033841577824205	0.6384102702140808,-0.7685730457305908,-0.035738505423069,0.021223846822977
0.11	0.878096342086792,0.4765656590461731,0.0426533110439777,-0.0035587935708463	0.6417635083198547,-0.7662347555160522,-0.0279703885316848,0.0155432354658842
0.12	0.8800432682037354,0.4730014204978943,0.0421831011772155,-0.0037506523076444	0.6436758041381836,-0.7647620439529419,-0.0241441130638122,0.0154094826430082
0.13	0.8816004395484924,0.4701468646526336,0.0415698997676372,-0.003810835070908	0.6442378759384155,-0.7642385363578796,-0.0239711068570613,0.0179512538015842
0.139	0.8823896050453186,0.4687011241912842,0.0411352403461933,-0.0039778752252459	0.6437538266181946,-0.7645122408866882,-0.0257443152368068,0.0209570750594139
0.149	0.8826271295547485,0.4682902097702026,0.0407068952918052,-0.0040680123493075	0.6431329250335693,-0.7649003863334656,-0.0277336854487657,0.0232011433690786
0.16	0.8826340436935425,0.4682968556880951,0.0404883585870265,-0.0039815362542867	0.6430345177650452,-0.7648732662200928,-0.0297568272799253,0.0242880992591381
0.17	0.8820063471794128,0.4694595038890838,0.0407237410545349,-0.0037699870299547	0.6429603099822998,-0.7648454904556274,-0.0316970571875572,0.0246726907789707
0.18	0.8810467720031738,0.471231997013092,0.0410191565752029,-0.0037871084641665	0.6424391269683838,-0.7653036713600159,-0.0320173203945159,0.0236027371138334
0.191	0.8803346753120422,0.4725402593612671,0.041214320808649,-0.0042244927026331	0.6413642764091492,-0.7662253975868225,-0.0321968421339988,0.022669905796647
0.199	0.8800420165061951,0.4730782508850097,0.0412413217127323,-0.0047061340883374	0.6398786306381226,-0.7674124836921692,-0.0334590636193752,0.0226705241948366
0.21	0.8795759081840515,0.473944216966629,0.0412366688251495,-0.004746725782752	0.6386633515357971,-0.7683132290840149,-0.0355764552950859,0.0231968816369771
0.22	0.8787212371826172,0.4755542278289795,0.0409810319542884,-0.0042073037475347	0.6378243565559387,-0.7688543796539307,-0.0382069759070873,0.0241490490734577
0.229	0.8777820467948914,0.4773553907871246,0.0402169823646545,-0.0036092111840844	0.6369534134864807,-0.7693718075752258,-0.0411885231733322,0.0257082916796207
0.239	0.8768801689147949,0.4791015088558197,0.0391549058258533,-0.0031237427610903	0.6359575986862183,-0.7699787020683289,-0.0438642464578151,0.0276900995522737
0.249	0.8762977123260498,0.4802481532096863,0.0381524749100208,-0.0029041992966085	0.6349842548370361,-0.7705939412117004,-0.045820765197277,0.0296725947409868
0.259	0.8761216998100281,0.480652391910553,0.0370665304362773,-0.0031859893351793	0.634062647819519,-0.771198034286499,-0.0472759939730167,0.031351950019598
0.27	0.8758165240287781,0.4812601506710052,0.0363227203488349,-0.0038289334625005	0.633508563041687,-0.7714763283729553,-0.0488572493195533,0.0332270562648773
0.28	0.8753315806388855,0.4821621477603912,0.0359536185860633,-0.004650889430195	0.6334910988807678,-0.7712634801864624,-0.0508840307593345,0.0353912338614463
0.289	0.8749232292175293,0.4829116463661194,0.0357156284153461,-0.0054901051335036	0.633866548538208,-0.7706903219223022,-0.0530985482037067,0.0378180555999279
0.299	0.8747513294219971,0.4832282066345215,0.0355370119214057,-0.0061419871635735	0.6343792080879211,-0.7700036764144897,-0.0551529079675674,0.0401938930153846
0.309	0.8747900724411011,0.4831643402576446,0.0353743359446525,-0.006584548857063	0.6349804401397705,-0.7692956328392029,-0.0567418076097965,0.0420038253068923
0.318	0.8749089241027832,0.4829572439193725,0.0352144315838813,-0.0068236994557082	0.6356894373893738,-0.7686180472373962,-0.0574138574302196,0.0427660942077636
0.328	0.87506502866745,0.4826843440532684,0.0350645780563354,-0.0068966532126069	0.6356894373893738,-0.7686180472373962,-0.0574138574302196,0.0427660942077636
0.338	0.8751917481422424,0.4824582040309906,0.0350110828876495,-0.00691809784621	0.6365249752998352,-0.767985463142395,-0.0569928213953971,0.0422614216804504
0.349	0.8751922845840454,0.4824609756469726,0.0349729917943477,-0.0068489974364638	0.6384236216545105,-0.7668083906173706,-0.0539963133633136,0.0387872122228145
0.359	0.8750461935997009,0.4827191531658172,0.035097811371088,-0.0066750925034284	0.6390898823738098,-0.7664875388145447,-0.0521439537405967,0.0366299673914909
0.368	0.8748376369476318,0.4830842316150665,0.035318162292242,-0.0064326738938689	0.6390898823738098,-0.7664875388145447,-0.0521439537405967,0.0366299673914909
0.378	0.8746072053909302,0.4834862649440765,0.0355657637119293,-0.006184134632349	0.639514148235321,-0.7663454413414001,-0.0504042319953441,0.0345793589949607
0.388	0.8743904829025269,0.4838594794273376,0.0358589887619018,-0.0059514269232749	0.6397811770439148,-0.7662981152534485,-0.0489018820226192,0.0327972285449504
0.399	0.8741645812988281,0.4842438101768493,0.0362061746418476,-0.0057735308073461	0.6399749517440796,-0.7663588523864746,-0.0469129346311092,0.030420372262597
0.407	0.8738820552825928,0.4847220182418823,0.0366461500525474,-0.0056380662135779	0.6399749517440796,-0.7663588523864746,-0.0469129346311092,0.030420372262597
0.418	0.8735421299934387,0.4853017032146454,0.0370881110429763,-0.005555226933211	0.639949381351471,-0.7664167284965515,-0.046612910926342,0.0299557633697986
0.428	0.8731881976127625,0.4859053194522857,0.0375236049294471,-0.0055053820833563	0.6398783326148987,-0.7664675712585449,-0.0466938689351081,0.030045686289668
0.438	0.8728225231170654,0.4865354597568512,0.0378649421036243,-0.0055150254629552	0.6398420929908752,-0.766444206237793,-0.0471880659461021,0.0306376572698354
0.447	0.8725399971008301,0.4870241582393646,0.0380699001252651,-0.0056614158675074	0.6398632526397705,-0.766335129737854,-0.0479699224233627,0.0316914990544319
0.457	0.8722872734069824,0.487464964389801,0.0381848961114883,-0.0058923186734318	0.6400035619735718,-0.7660982012748718,-0.0489572845399379,0.0330485589802265
0.467	0.872074544429779,0.4878411591053009,0.038196362555027,-0.0061635137535631	0.6402235627174377,-0.7657830715179443,-0.0500184819102287,0.0344708152115345
0.478	0.8719416260719299,0.4880777299404144,0.0381531603634357,-0.0064988937228918	0.6405015587806702,-0.7654248476028442,-0.0510075278580188,0.0357883013784885
0.488	0.871884286403656,0.4881861507892608,0.0380154512822628,-0.0068519455380737	0.6407800316810608,-0.7650975584983826,-0.0517176613211631,0.0367700308561325
0.497	0.8718971610069275,0.4881763756275177,0.0377821177244186,-0.0071996040642261	0.6411084532737732,-0.7647755146026611,-0.0520247668027877,0.0373062342405319
0.507	0.8719082474708557,0.4881660938262939,0.0375886037945747,-0.0075430404394865	0.6414870023727417,-0.7644602060317993,-0.0519205331802368,0.0374039858579635
0.517	0.8719198703765869,0.4881575107574463,0.0373693816363811,-0.0078487806022167	0.6418803334236145,-0.7641592621803284,-0.0516222454607486,0.0372203551232814
0.527	0.8719316720962524,0.48814857006073,0.0371415354311466,-0.0081632090732455	0.6422765254974365,-0.7638780474662781,-0.0511521138250827,0.0368058308959007
0.536	0.871864914894104,0.4882785677909851,0.0369362644851207,-0.0084399972110986	0.6426877975463867,-0.7636024951934814,-0.0505631268024444,0.0361508466303348
0.546	0.8717394471168518,0.4885150492191314,0.0367125310003757,-0.0087008820846676	0.6430745124816895,-0.7633596658706665,-0.0498660802841186,0.0353635139763355
0.557	0.8715803027153015,0.488813191652298,0.0364690795540809,-0.0089086582884192	0.6434127688407898,-0.7631514072418213,-0.049208715558052,0.0346179381012916
0.567	0.8714041113853455,0.4891447126865387,0.0361963994801044,-0.0090736569836735	0.6437457799911499,-0.7629328966140747,-0.0486642122268676,0.0340067334473133
0.577	0.8712393641471863,0.4894538819789886,0.035940870642662,-0.0092282183468341	0.6440732479095459,-0.7626916170120239,-0.0483488850295543,0.0336685590445995
0.586	0.8710945248603821,0.4897264540195465,0.0356994867324829,-0.0093735363334417	0.6443372368812561,-0.7624685168266296,-0.0483372211456298,0.0336852930486202
0.596	0.870968759059906,0.4899626970291137,0.0354951731860637,-0.0094967288896441	0.6445600986480713,-0.7622543573379517,-0.048549722880125,0.0339644663035869
0.607	0.870847761631012,0.4901880919933319,0.0353210419416427,-0.0096025541424751	0.644734263420105,-0.7620498538017273,-0.0490278229117393,0.0345544442534446
0.617	0.8707497119903564,0.4903700351715088,0.0351906716823577,-0.0096822353079915	0.6448740363121033,-0.761847198009491,-0.0497690513730049,0.0353460349142551
0.626	0.8706893920898438,0.4904834628105163,0.0350839830935001,-0.0097462320700287	0.6450903415679932,-0.761551558971405,-0.0507350675761699,0.0363815240561962
0.636	0.8706927299499512,0.4904825389385223,0.035001490265131,-0.0097927032038569	0.6452671885490417,-0.7612636685371399,-0.0518929548561573,0.037615917623043
0.646	0.870698094367981,0.4904834032058716,0.0348513536155223,-0.0098048318177461	0.6454412341117859,-0.7609656453132629,-0.0531238913536071,0.0389206409454345
0.656	0.8707737326622009,0.4903593361377716,0.0347074940800666,-0.0098022297024726	0.6455641388893127,-0.7606953382492065,-0.0544730834662914,0.0402769036591053
0.667	0.8708562850952148,0.4902231395244598,0.0345629043877124,-0.009794526733458	0.6457171440124512,-0.7603974938392639,-0.0558254830539226,0.0415751300752162
0.675	0.8737710118293762,0.4833461940288543,0.050380315631628,-0.0190393514931201	0.6459214091300964,-0.7600580453872681,-0.0570924207568168,0.0428703539073467
0.686	0.873896598815918,0.4831355214118957,0.0502354800701141,-0.0190041679888963	0.6461964249610901,-0.7596704363822937,-0.0582170858979225,0.0440648347139358
0.696	0.8740242719650269,0.4829225838184356,0.0500809773802757,-0.0189536344259977	0.646489679813385,-0.759301483631134,-0.0590492933988571,0.0450057424604892
0.706	0.8741598129272461,0.4826911389827728,0.0499548204243183,-0.0189337935298681	0.646742582321167,-0.7590243816375732,-0.0594486892223358,0.0455177500844001
0.715	0.8742724061012268,0.4824992418289184,0.0498456954956054,-0.0189132690429687	0.6469740867614746,-0.7588217854499817,-0.0594306588172912,0.0456303283572196
0.725	0.8743830919265747,0.4823113679885864,0.049725204706192,-0.0189052242785692	0.6471818685531616,-0.7586795091629028,-0.0591432824730873,0.0454197824001312
0.735	0.8744827508926392,0.4821352958679199,0.0496737547218799,-0.0189257431775331	0.64739990234375,-0.7585636377334595,-0.058580957353115,0.0449757613241672
0.746	0.874582052230835,0.481966108083725,0.0495712645351886,-0.0189085770398378	0.6476354002952576,-0.7584448456764221,-0.057906836271286,0.0444598160684108
0.756	0.8746751546859741,0.4818082749843597,0.0494718477129936,-0.0188849233090877	0.6478388905525208,-0.7583504319190979,-0.0572232864797115,0.0439860187470912
0.766	0.8747539520263672,0.4816781282424927,0.0493613444268703,-0.0188472419977188	0.6481019258499146,-0.7581894397735596,-0.0566473267972469,0.0436316579580307
0.775	0.8748261332511902,0.4815641641616821,0.0492105558514595,-0.0188025813549757	0.648408055305481,-0.757975697517395,-0.0561793744564056,0.0434029400348663
0.785	0.8749028444290161,0.4814418852329254,0.0490597449243068,-0.0187604017555713	0.6487126350402832,-0.757752537727356,-0.0557923465967178,0.0432448871433734
0.795	0.8749755024909973,0.481332004070282,0.0488647706806659,-0.0187010895460844	0.6490657329559326,-0.7574771642684937,-0.0555077567696571,0.0431403182446956
0.804	0.8750303387641907,0.4812528192996979,0.0486830435693264,-0.0186468362808227	0.6493598818778992,-0.757226824760437,-0.0554140917956829,0.0432278774678707
0.815	0.8750818371772766,0.481183260679245,0.0484740361571311,-0.0185698829591274	0.6496099829673767,-0.7569940090179443,-0.0554721392691135,0.0434715189039707
0.825	0.8751358389854431,0.4811071753501892,0.0482882261276245,-0.0184763856232166	0.6453405022621155,-0.7606233358383179,-0.0523975305259227,0.0473541915416717
0.835	0.8751462697982788,0.4811082184314728,0.0481192246079444,-0.0183969065546989	0.6455885767936707,-0.7603906989097595,-0.0524638891220092,0.0476328320801258
0.845	0.8751567006111145,0.4811069071292877,0.0479710102081298,-0.0183235183358192	0.645824670791626,-0.760166585445404,-0.0525783337652683,0.0478828661143779
0.854	0.8752061724662781,0.4810327887535095,0.0478269755840301,-0.0182817466557025	0.6459722518920898,-0.760022759437561,-0.0527030862867832,0.0480372570455074
0.864	0.8752794861793518,0.4809171557426452,0.0476573817431926,-0.0182567313313484	0.646066427230835,-0.7599294185638428,-0.0528222247958183,0.0481174066662788
0.875	0.8753662109375,0.480773001909256,0.0475290678441524,-0.0182306449860334	0.6460977792739868,-0.7598971128463745,-0.0528968200087547,0.0481245703995227
0.885	0.87542325258255,0.4806784391403198,0.0474755130708217,-0.0181249044835567	0.6461107730865479,-0.7599011063575745,-0.0528248585760593,0.0479669123888015
0.894	0.8754608631134033,0.4806019365787506,0.0476481579244136,-0.0178814753890037	0.6460625529289246,-0.7599682211875916,-0.0526636093854904,0.0477297082543373
0.904	0.875413715839386,0.4806917607784271,0.0476265586912632,-0.0178349521011114	0.6459657549858093,-0.7600818872451782,-0.052518855780363,0.0473880097270011
0.914	0.875467836856842,0.4806036055088043,0.0475319363176822,-0.0178063903003931	0.6458187103271484,-0.7602373957633972,-0.0524309799075126,0.0469917096197605
0.924	0.8755379319190979,0.4804944694042206,0.0472957231104373,-0.0179289150983095	0.6457549333572388,-0.760322630405426,-0.0522927120327949,0.0466426461935043
0.933	0.8756527304649353,0.4803140759468078,0.0469311475753784,-0.018119279295206	0.6457549333572388,-0.760322630405426,-0.0522927120327949,0.0466426461935043
0.943	0.8757252097129822,0.4802060127258301,0.0466525107622146,-0.0181983653455972	0.645728349685669,-0.7604161500930786,-0.0518813990056514,0.0459374114871025
0.954	0.8757184147834778,0.480233371257782,0.0464839600026607,-0.0182350277900695	0.6457736492156982,-0.760416567325592,-0.0515938848257064,0.045618575066328
0.964	0.8756579756736755,0.4803512096405029,0.0463998019695282,-0.0182490423321723	0.6458141207695007,-0.7604268193244934,-0.0512551106512546,0.0452575050294399
0.974	0.8755897879600525,0.4804796576499939,0.0463751666247844,-0.0182021837681531	0.6458466053009033,-0.7604421377182007,-0.0509362071752548,0.04489316791296
0.983	0.8755202889442444,0.4806126356124878,0.0463336147367954,-0.0181361436843872	0.6458466053009033,-0.7604421377182007,-0.0509362071752548,0.04489316791296
0.993	0.8754613995552063,0.4807200729846954,0.0463306345045566,-0.0181413926184177	0.6458735466003418,-0.7604582905769348,-0.0506830811500549,0.0445185974240303
1.003	0.8753892183303833,0.4808521568775177,0.0463224835693836,-0.018145615234971	0.6459054350852966,-0.760456383228302,-0.0505006350576877,0.0442957356572151
1.014	0.8753085732460022,0.4810072183609009,0.0462416484951972,-0.0181267336010932	0.6460055708885193,-0.7603983879089355,-0.0502235032618045,0.0441436357796192
1.023	0.8752430081367493,0.4811377823352813,0.0461304597556591,-0.0181099325418472	0.6460055708885193,-0.7603983879089355,-0.0502235032618045,0.0441436357796192
1.033	0.8752034902572632,0.4812184572219848,0.0460094213485717,-0.0181854385882616	0.6461371779441833,-0.7602872848510742,-0.0501743368804454,0.0441875532269477
1.043	0.8752090930938721,0.4812169671058655,0.0458895526826381,-0.018257861956954	0.6461371779441833,-0.7602872848510742,-0.0501743368804454,0.0441875532269477
1.053	0.875186562538147,0.4812667369842529,0.0457677133381366,-0.0183307733386755	0.6462673544883728,-0.7601905465126038,-0.0500404424965381,0.0441006980836391
1.064	0.8751940131187439,0.4812682569026947,0.0456039793789386,-0.0183490104973316	0.6464493870735168,-0.7600776553153992,-0.0496608652174472,0.0438051261007785
1.072	0.8751688599586487,0.4813189208507538,0.0455391816794872,-0.0183818079531192	0.6464493870735168,-0.7600776553153992,-0.0496608652174472,0.0438051261007785
1.083	0.8751631379127502,0.4813301265239715,0.0455306023359298,-0.0183763839304447	0.6465116143226624,-0.7600387334823608,-0.0494672358036041,0.0437824241816997
1.093	0.8751598596572876,0.4813418388366699,0.0454592816531658,-0.0184030085802078	0.6465709209442139,-0.760005533695221,-0.0492916591465473,0.0436814315617084
1.103	0.8751583695411682,0.481352835893631,0.0453563332557678,-0.0184418708086013	0.6465349197387695,-0.7600550651550293,-0.0492482222616672,0.0434001646935939
1.112	0.8751592636108398,0.4813593626022339,0.0452541187405586,-0.018481420353055	0.6464590430259705,-0.7601415514945984,-0.0491597354412078,0.0431153587996959
1.122	0.8751614689826965,0.4813640117645263,0.0451382473111152,-0.0185338128358125	0.6464138031005859,-0.7602107524871826,-0.0489741079509258,0.042782861739397
1.132	0.8751627802848816,0.4813726842403412,0.0449962802231311,-0.0185986068099737	0.6463751196861267,-0.7602725028991699,-0.0487925969064235,0.042477935552597
1.143	0.8751611709594727,0.481391429901123,0.0448193736374378,-0.0186149459332227	0.6463392376899719,-0.7603248953819275,-0.0486596077680587,0.042237427085638
1.153	0.8751376271247864,0.481450080871582,0.0446580424904823,-0.018593581393361	0.6463155150413513,-0.7603610157966614,-0.0485601983964443,0.0420627295970916
1.162	0.8751403093338013,0.4814613461494446,0.0444893985986709,-0.0185805689543485	0.6463575959205627,-0.7603328227996826,-0.0485133342444896,0.0419800840318203
1.172	0.8751356601715088,0.4814828932285309,0.0443620756268501,-0.0185472890734672	0.6464468836784363,-0.7602568864822388,-0.0485169328749179,0.0419757291674613
1.182	0.8750852346420288,0.4815820157527923,0.0443084090948104,-0.0184744410216808	0.6465820074081421,-0.7601420283317566,-0.0485176928341388,0.0419746786355972
1.192	0.875008225440979,0.4817310571670532,0.0442443005740642,-0.0183893274515867	0.6466898322105408,-0.7600597143173218,-0.0484524555504322,0.0418811924755573
1.201	0.874957263469696,0.4818317294120788,0.0441882759332656,-0.018312906846404	0.6467369794845581,-0.7600294351577759,-0.0483556948602199,0.0418103337287902
1.212	0.8749059438705444,0.4819334149360657,0.0441290140151977,-0.0182314459234476	0.6467999815940857,-0.7599900960922241,-0.048226710408926,0.0417005382478237
1.222	0.8748319745063782,0.4820729792118072,0.0441144406795501,-0.0181287713348865	0.6469171047210693,-0.7599157094955444,-0.0480149537324905,0.0414829216897487
1.232	0.8747612833976746,0.4822109937667846,0.0440441593527793,-0.0180387273430824	0.6470205187797546,-0.7598629593849182,-0.047760110348463,0.0411297380924224
1.242	0.8746752142906189,0.4823723137378692,0.044032759964466,-0.017925389111042	0.646988034248352,-0.7599298357963562,-0.0475211851298809,0.0406811349093914
1.253	0.874600887298584,0.4825150668621063,0.0439752638339996,-0.0178501196205616	0.6469500064849854,-0.7600037455558777,-0.0472837202250957,0.0401767790317535
1.261	0.8745507001876831,0.4826120138168335,0.0439335778355598,-0.0177914109081029	0.6469505429267883,-0.7600482106208801,-0.0469968318939209,0.0396629236638546
1.272	0.8745168447494507,0.4826793968677521,0.0438940525054931,-0.0177265033125877	0.6469399929046631,-0.7600964307785034,-0.0467089377343654,0.0392473936080932
1.282	0.8745068907737732,0.4826976060867309,0.0438932515680789,-0.0177249442785978	0.6469309329986572,-0.7601344585418701,-0.0464679524302482,0.0389426238834857
1.291	0.874495267868042,0.482718825340271,0.0438923686742782,-0.0177231580018997	0.6469208002090454,-0.7601690292358398,-0.0462423712015152,0.0387075208127498
1.301	0.8744821548461914,0.4827429950237274,0.0438889116048812,-0.0177197717130184	0.6469371914863586,-0.760175347328186,-0.0460544489324092,0.0385334603488445
1.311	0.8744696974754333,0.4827719926834106,0.0438462793827056,-0.0176498629152774	0.6469405293464661,-0.7601868510246277,-0.0459447316825389,0.0383790992200374
1.321	0.8744807839393616,0.4827567338943481,0.0438148863613605,-0.0175959784537553	0.6469638347625732,-0.7601814866065979,-0.0458233729004859,0.0382384210824966
1.332	0.8744959235191345,0.4827302694320678,0.0438082180917263,-0.0175870843231678	0.6470471024513245,-0.7601310610771179,-0.0456399135291576,0.0380492620170116
1.34	0.8745207190513611,0.4826860427856445,0.0438039228320121,-0.0175784137099981	0.6471304297447205,-0.7600879073143005,-0.0453554578125476,0.0378360822796821
1.351	0.8745636940002441,0.482608824968338,0.043801199644804,-0.0175681244581937	0.647208034992218,-0.7600462436676025,-0.0451006926596164,0.037650179117918
1.361	0.8746092319488525,0.4825269281864166,0.0437963344156742,-0.0175563786178827	0.6471142768859863,-0.760140597820282,-0.0449936650693416,0.0374845080077648
1.371	0.8746738433837891,0.4824106395244598,0.0437920428812503,-0.0175436772406101	0.646977424621582,-0.7602625489234924,-0.0449844412505626,0.0373821482062339
1.38	0.874751627445221,0.4822711050510406,0.043782752007246,-0.0175265986472368	0.6468929052352905,-0.7603344321250916,-0.0450338684022426,0.0373243167996406
1.39	0.8748417496681213,0.4821095466613769,0.0437702164053916,-0.0175059530884027	0.6468008756637573,-0.7604251503944397,-0.0449728518724441,0.0371450968086719
1.4	0.874923825263977,0.4819627106189728,0.0437561199069023,-0.0174846816807985	0.646758496761322,-0.7604783773422241,-0.0448663532733917,0.0369222275912761
1.411	0.8749883770942688,0.4818475246429443,0.043741937726736,-0.0174648147076368	0.6466883420944214,-0.7605593800544739,-0.0447253584861755,0.0366506986320018
1.421	0.8750522136688232,0.4817371964454651,0.0436763912439346,-0.0174731183797121	0.6466336846351624,-0.7606310844421387,-0.0445491001009941,0.036339595913887
1.43	0.8751282691955566,0.4816008806228637,0.0436648949980735,-0.0174537952989339	0.6465886235237122,-0.7606960535049438,-0.0443567894399166,0.0360149480402469
1.44	0.8752071261405945,0.4814597368240356,0.0436495468020439,-0.0174320992082357	0.64655601978302,-0.7607526779174805,-0.044136144220829,0.0356749966740608
1.45	0.8752990961074829,0.4812944829463959,0.0436348915100097,-0.0174094568938016	0.6465365290641785,-0.7607941031455994,-0.0439377017319202,0.0353899151086807
1.461	0.8753910660743713,0.48112952709198,0.0436197444796562,-0.0173870977014303	0.6465072631835938,-0.7608336210250854,-0.0438233092427253,0.0352166593074798
1.469	0.875483512878418,0.4809633791446686,0.0436039008200168,-0.0173641517758369	0.6464980840682983,-0.7608465552330017,-0.0437904931604862,0.0351420827209949
1.48	0.8755717873573303,0.4808056652545929,0.0435822494328022,-0.0173383746296167	0.6464527249336243,-0.7608898282051086,-0.0437656380236148,0.035074234008789
1.49	0.8756583333015442,0.4806510508060455,0.0435595214366912,-0.017311830073595	0.6464197635650635,-0.7609245777130127,-0.0437544398009777,0.0349400341510772
1.5	0.8757377862930298,0.4805096089839935,0.0435341708362102,-0.0172836277633905	0.6463894248008728,-0.760958194732666,-0.0437462367117404,0.034777857363224
1.509	0.87580406665802,0.4803921282291412,0.043506134301424,-0.0172547474503517	0.6463460922241211,-0.7610064744949341,-0.0436451211571693,0.0346538946032524
1.519	0.8758490681648254,0.4803140461444855,0.0434759818017482,-0.017227180302143	0.6462274193763733,-0.761114776134491,-0.0436250902712345,0.0345138758420944
1.529	0.8758720755577087,0.4802760183811188,0.0434430316090583,-0.0172014273703098	0.6460747122764587,-0.7612506151199341,-0.0436315424740314,0.0343684405088424
1.54	0.8759119510650635,0.4802078306674957,0.0434041023254394,-0.0171714480966329	0.6459153890609741,-0.7613950371742249,-0.0436183623969554,0.0341798737645149
1.55	0.8759987950325012,0.4800550639629364,0.0433571003377437,-0.0171327274292707	0.6457998156547546,-0.7615047693252563,-0.0435987971723079,0.0339447744190692
1.559	0.876068651676178,0.4799282252788543,0.0433777906000614,-0.0170616582036018	0.6457337141036987,-0.7615723013877869,-0.0436027720570564,0.0336820445954799
1.569	0.8760722279548645,0.47990283370018,0.0436543747782707,-0.0168794356286525	0.6456438899040222,-0.7616614699363708,-0.0435950309038162,0.0333963558077812
1.579	0.8760234713554382,0.4799772799015045,0.043863832950592,-0.0167524814605712	0.6456108093261719,-0.761703372001648,-0.0435582511126995,0.0331261493265628
1.589	0.8760126233100891,0.4800025224685669,0.0438157618045806,-0.0167246703058481	0.6455876231193542,-0.7617361545562744,-0.0435151904821395,0.0328795537352561
1.598	0.875972330570221,0.4800764918327331,0.0438392199575901,-0.0166489481925964	0.6455876231193542,-0.7617361545562744,-0.0435151904821395,0.0328795537352561
1.608	0.876052975654602,0.4799330830574035,0.0438097789883613,-0.0166220162063837	0.6455674767494202,-0.761780858039856,-0.0434011705219745,0.0323880612850189
1.619	0.8761937022209167,0.4796895682811737,0.0436392910778522,-0.0166769195348024	0.6455548405647278,-0.7618020176887512,-0.0433580763638019,0.0321996286511421
1.629	0.8761817216873169,0.4797151982784271,0.0436057597398757,-0.0166570581495761	0.6455433368682861,-0.761822521686554,-0.0433358214795589,0.0319717153906822
1.639	0.8761026263237,0.4798537194728851,0.0436980500817298,-0.0165870245546102	0.6455778479576111,-0.7618082761764526,-0.0432910807430744,0.0316772982478141
1.648	0.8759747743606567,0.4800712466239929,0.0439286492764949,-0.0164404232054948	0.6455778479576111,-0.7618082761764526,-0.0432910807430744,0.0316772982478141
1.658	0.8758431673049927,0.4802912175655365,0.0442283973097801,-0.0162171516567468	0.6456198692321777,-0.7617934346199036,-0.0431973822414875,0.0313014425337314
1.669	0.8757079243659973,0.4805208444595337,0.0445139557123184,-0.0159282106906175	0.6455587148666382,-0.7618985772132874,-0.04297611489892,0.0302904453128576
1.679	0.875603973865509,0.4806992709636688,0.0447434969246387,-0.0156178157776594	0.6455554962158203,-0.7619299292564392,-0.0428796708583831,0.0296991877257823
1.688	0.8755146265029907,0.4808591604232788,0.0448974147439003,-0.0152616966515779	0.6455554962158203,-0.7619299292564392,-0.0428796708583831,0.0296991877257823
1.698	0.8754531145095825,0.4809681177139282,0.0450494848191738,-0.0149023868143558	nan,nan,nan,nan
1.708	0.8754255175590515,0.4810100793838501,0.0452674999833107,-0.0145022105425596	0.6455785632133484,-0.7619749307632446,-0.0426650159060955,0.0283225383609533
1.718	0.8754317760467529,0.4809918403625488,0.0454699285328388,-0.0140900388360023	0.6455604434013367,-0.7620265483856201,-0.0424886904656887,0.0276031643152236
1.729	0.8754358887672424,0.4809784889221191,0.0456757694482803,-0.0136111825704574	0.6456052660942078,-0.7620733976364136,-0.041935097426176,0.0260652005672454
1.739	0.8754292130470276,0.4809864163398742,0.0458884686231613,-0.0130389537662267	0.6456401348114014,-0.762078583240509,-0.0417238138616085,0.0253796000033617
1.748	0.8753765225410461,0.4810735583305359,0.0461671650409698,-0.0123576484620571	0.6456401348114014,-0.762078583240509,-0.0417238138616085,0.0253796000033617
1.758	0.8753427863121033,0.4811275601387024,0.0464484468102455,-0.0115679139271378	0.6456640958786011,-0.7620760202407837,-0.0416966415941715,0.024886630475521
1.768	0.8753113746643066,0.4811785817146301,0.0467004217207431,-0.0107799712568521	0.6457526683807373,-0.7620062828063965,-0.0418018288910388,0.0245484672486782
1.777	0.8752873539924622,0.4812199175357818,0.0469080954790115,-0.0099554369226098	0.645866334438324,-0.7619062066078186,-0.0420385748147964,0.0242529921233654
1.787	0.8752818703651428,0.4812275767326355,0.0471030324697494,-0.0091076847165822	0.6460076570510864,-0.7617762088775635,-0.0423956327140331,0.0239539761096239
1.797	0.875262439250946,0.4812569916248321,0.0473346412181854,-0.0081604663282632	0.6461322903633118,-0.7616598606109619,-0.0427491217851638,0.0236574858427047
1.808	0.8752294778823853,0.4813088774681091,0.0475810952484607,-0.0071533005684614	0.6461913585662842,-0.7616023421287537,-0.0430837385356426,0.0232912339270114
1.818	0.8751864433288574,0.4813776314258575,0.0478260852396488,-0.0060772472061216	0.6462096571922302,-0.7615845203399658,-0.043357741087675,0.0228494275361299
1.828	0.8751581907272339,0.4814091324806213,0.0481575094163417,-0.0049180686473846	0.6462309956550598,-0.761565625667572,-0.0436372719705104,0.0223401319235563
1.837	0.8752251267433167,0.4812550842761993,0.0485854819416999,-0.003742202417925	0.6461092829704285,-0.761674165725708,-0.0437315218150615,0.0219690110534429
1.847	0.8752841949462891,0.4811063408851623,0.0490706451237201,-0.0025229351595044	0.6459766030311584,-0.7617868781089783,-0.0438866280019283,0.0216564573347568
1.857	0.8753200173377991,0.4809934794902801,0.0495849661529064,-0.0011714554857462	0.6459291577339172,-0.7618201971054077,-0.0441713146865367,0.021317021921277
1.866	0.875342607498169,0.4808995127677917,0.0501080863177776,0.0002445456921122	0.6458659172058105,-0.7618632316589355,-0.044518869370222,0.0209666043519973
1.877	0.8753792643547058,0.4807669818401336,0.0507081560790538,0.0017235961277037	0.6458873748779297,-0.7618361711502075,-0.0448352023959159,0.0206144098192453
1.887	0.875410258769989,0.4806310534477234,0.0513804703950881,0.0032602103892713	0.645860493183136,-0.7618542909622192,-0.0451161451637744,0.0201687328517436
1.897	0.8754159212112427,0.4805329144001007,0.0520737282931804,0.004842406604439	0.6458960175514221,-0.7618222832679749,-0.0453645959496498,0.0196727588772773
1.907	0.8754410743713379,0.4803833365440368,0.0528461560606956,0.0064808977767825	0.6458979845046997,-0.7618198394775391,-0.0455898903310298,0.019177109003067
1.916	0.875478982925415,0.4801984429359436,0.0536633692681789,0.0081390496343374	0.6459835171699524,-0.7617460489273071,-0.0458157025277614,0.0186832398176193
1.926	0.8755281567573547,0.4799783825874328,0.0545402541756629,0.0098240263760089	0.6460575461387634,-0.7616809606552124,-0.0460579320788383,0.0181768331676721
1.937	0.8755887150764465,0.4797302484512329,0.055404145270586,0.0115620894357562	0.6461348533630371,-0.7616065740585327,-0.0463853813707828,0.0177051201462745
1.947	0.8756531476974487,0.4794619381427765,0.0562975369393825,0.0133574632927775	0.6462625861167908,-0.7614879608154297,-0.0467228293418884,0.0172564331442117
1.956	0.8757213354110718,0.4791694283485412,0.0572407208383083,0.0152460597455501	0.6463923454284668,-0.7613646984100342,-0.0470867827534675,0.0168362874537706
1.966	0.8758050799369812,0.4788352847099304,0.0582017339766025,0.0171685852110385	0.646535336971283,-0.7612242102622986,-0.0474962517619133,0.0165468286722898
1.976	0.8758926391601562,0.4784812331199646,0.0591802522540092,0.0191198997199535	0.6465311050415039,-0.7612229585647583,-0.047723364084959,0.0161117333918809
1.986	0.8759728074073792,0.4781276285648346,0.0601708255708217,0.0210956372320652	0.6467345952987671,-0.7610286474227905,-0.0481270737946033,0.0159212630242109
1.997	0.8760706782341003,0.4777188301086426,0.0612427592277526,0.0231128521263599	0.646984338760376,-0.7607880234718323,-0.0486179031431674,0.0157847478985786
2.005	0.8761765956878662,0.4772776663303375,0.0623648129403591,0.0251258630305528	0.6472278833389282,-0.7605466842651367,-0.0491545610129833,0.0157642662525177
2.016	0.8762914538383484,0.4768095016479492,0.0634668245911598,0.0271645300090312	0.6474907398223877,-0.7602806687355042,-0.0497660152614116,0.0158843975514173
2.026	0.8764045238494873,0.4763305783271789,0.0646057724952697,0.0291624888777732	0.6477970480918884,-0.7599743604660034,-0.0503539852797985,0.016200415790081
2.036	0.8765130639076233,0.4758487641811371,0.0657111778855323,0.0312217138707637	0.6481946706771851,-0.7595862746238708,-0.0509344600141048,0.0166741032153368
2.045	0.8766427040100098,0.4753089547157287,0.066869705915451,0.0332771688699722	0.6486791968345642,-0.7591163516044617,-0.0515520423650741,0.0173190031200647
2.055	0.8767681121826172,0.4747679829597473,0.0680073425173759,0.0353276394307613	0.6492636203765869,-0.7585480809211731,-0.0522963441908359,0.0180740896612405
2.066	0.8768811225891113,0.4742378294467926,0.0691411271691322,0.0373835377395153	0.6500161290168762,-0.7577996253967285,-0.0533986948430538,0.0191650819033384
2.076	0.876983106136322,0.4737129509449005,0.0702957212924957,0.0394339151680469	0.6509072184562683,-0.7569358348846436,-0.0543986223638057,0.0202180724591016
2.085	0.8770824670791626,0.4731832146644592,0.0714173763990402,0.0415155664086341	0.6517298221588135,-0.7560946941375732,-0.0560211911797523,0.0207523703575134
2.095	0.877174437046051,0.47264364361763,0.0725764110684394,0.043653666973114	0.6528114080429077,-0.7550244331359863,-0.0576328337192535,0.0213019400835037
2.105	0.8772677779197693,0.4720999300479889,0.0736809074878692,0.0457593612372875	0.6542738676071167,-0.7536184191703796,-0.0592005178332328,0.0219161659479141
2.115	0.8773622512817383,0.4715421497821808,0.0748001039028167,0.0478381812572479	0.6560471057891846,-0.7519382238388062,-0.0606602802872657,0.0226122587919235
2.126	0.8774554133415222,0.4709681570529938,0.0759372487664222,0.0499447286128997	0.6581627130508423,-0.749938428401947,-0.0621378384530544,0.0235162544995546
2.134	0.8775244951248169,0.4704222381114959,0.0771017074584961,0.0520467571914196	0.660548746585846,-0.747661828994751,-0.0637685731053352,0.0247115027159452
2.145	0.8775748610496521,0.4698903858661651,0.0782917588949203,0.0541833974421024	0.6631841659545898,-0.7451102137565613,-0.0656133741140365,0.026313966140151
2.155	0.8775999546051025,0.4693939983844757,0.0794960558414459,0.0562843643128871	0.6659913063049316,-0.7423610687255859,-0.0675233751535415,0.0282168239355087
2.165	0.8777538537979126,0.4686751961708069,0.0804970189929008,0.0584121495485305	0.6689556241035461,-0.7394089102745056,-0.0695972144603729,0.0304815098643302
2.174	0.8778707981109619,0.4680254757404327,0.0814562290906906,0.0604968592524528	0.6720927357673645,-0.7362073659896851,-0.0719738900661468,0.0333138071000576
2.184	0.877952516078949,0.4674507081508636,0.0823196545243263,0.0625511035323143	0.6752793192863464,-0.7328616976737976,-0.0745957121253013,0.0367019772529602
2.194	0.8780122399330139,0.4669176042079925,0.0831333026289939,0.0645856335759162	0.678597092628479,-0.7292717099189758,-0.0775195434689521,0.0407359823584556
2.205	0.8780844807624817,0.466381311416626,0.0838708877563476,0.0664967373013496	0.682030975818634,-0.7254860997200012,-0.0804250463843345,0.0451171062886714
2.215	0.8781685829162598,0.4658336639404297,0.0845675319433212,0.068316139280796	0.6856458187103271,-0.7214723229408264,-0.0830591842532157,0.0496857836842536
2.224	0.8782365918159485,0.4653252065181732,0.085270270705223,0.0700138732790947	0.6894082427024841,-0.7172486186027527,-0.0854476615786552,0.0544904395937919
2.234	0.8783283829689026,0.4647897481918335,0.0859388187527656,0.0715841427445411	0.6933003067970276,-0.7127941846847534,-0.0877209231257438,0.0597007758915424
2.244	0.8784362077713013,0.4642210602760315,0.086641602218151,0.0730878040194511	0.6972987055778503,-0.7081177830696106,-0.0899383127689361,0.065228946506977
2.254	0.8784905076026917,0.463734358549118,0.0875048041343689,0.0744833201169967	0.7013969421386719,-0.7032344937324524,-0.0920346230268478,0.0709451511502265
2.263	0.8784508109092712,0.4634268283843994,0.0884596556425094,0.0757276341319084	0.7013969421386719,-0.7032344937324524,-0.0920346230268478,0.0709451511502265
2.274	0.8783336877822876,0.4633864760398865,0.0891437530517578,0.0765259116888046	0.7098888158798218,-0.6926794648170471,-0.0966296568512916,0.0831610709428787
2.284	0.8782370686531067,0.4633457064628601,0.0897617191076278,0.0771569237112999	0.7142495512962341,-0.6868087649345398,-0.0998095348477363,0.0904399156570434
2.294	0.8782040476799011,0.4633353948593139,0.0899438187479972,0.0773830041289329	0.7187153100967407,-0.680380642414093,-0.1038352400064468,0.0987350940704345
2.304	0.8781547546386719,0.4635781347751617,0.0895048603415489,0.0769963413476944	0.7234489321708679,-0.6731507182121277,-0.1085875183343887,0.1081596761941909
2.315	0.8779586553573608,0.4641719460487366,0.0889456421136856,0.0762997418642044	0.7284321188926697,-0.6651032567024231,-0.1138919740915298,0.1185451075434684
2.323	0.8776780962944031,0.4650180637836456,0.0881978198885917,0.0752367004752159	0.7284321188926697,-0.6651032567024231,-0.1138919740915298,0.1185451075434684
2.334	0.8773033618927002,0.4661218822002411,0.0873138830065727,0.0737938955426216	0.7384814023971558,-0.6472991704940796,-0.1250956356525421,0.1414218544960022
2.344	0.8769221305847168,0.4672941267490387,0.0864090025424957,0.0719524398446083	0.7435253858566284,-0.6379228830337524,-0.129966139793396,0.1527526378631591
2.353	0.8766046166419983,0.4684136509895324,0.085469052195549,0.0696285218000412	0.7435253858566284,-0.6379228830337524,-0.129966139793396,0.1527526378631591
2.363	0.8763376474380493,0.4694975316524505,0.0844959244132042,0.0668200105428695	0.7486260533332825,-0.6283944845199585,-0.1338788270950317,0.163572072982788
2.373	0.8761492967605591,0.4704806208610534,0.0836070254445076,0.0634056329727172	0.7539028525352478,-0.6185765266418457,-0.1369252055883407,0.1739111244678497
2.383	0.875967800617218,0.47149857878685,0.0827493518590927,0.0593452304601669	0.759276807308197,-0.6085201501846313,-0.1392316818237304,0.183892473578453
2.394	0.8758332133293152,0.4724668860435486,0.08184614777565,0.054702490568161	0.7695635557174683,-0.5887843370437622,-0.1418772041797638,0.2024245411157608
2.402	0.8757590055465698,0.4733708798885345,0.0807410329580307,0.0494678206741809	0.7695635557174683,-0.5887843370437622,-0.1418772041797638,0.2024245411157608
2.413	0.8757638335227966,0.4741643667221069,0.0793223530054092,0.0437477603554725	0.7742687463760376,-0.5789757966995239,-0.1430476009845733,0.2117364108562469
2.423	0.8758664727210999,0.4748059213161468,0.0774858742952346,0.0375917665660381	0.7787882089614868,-0.5689151883125305,-0.1441896557807922,0.2214355766773224
2.433	0.875995934009552,0.4754028022289276,0.0752550140023231,0.0309836696833372	0.7832901477813721,-0.5582652688026428,-0.1454693228006363,0.231592372059822
2.442	0.8760668635368347,0.4760538637638092,0.0728149339556694,0.0240300484001636	0.7880051732063293,-0.5469522476196289,-0.1466986089944839,0.2416002303361892
2.452	0.8760687112808228,0.4767736792564392,0.0701051279902458,0.0166038405150175	0.793312668800354,-0.5348941087722778,-0.1473865658044815,0.2506403028964996
2.462	0.8759700059890747,0.4775941371917724,0.0671222135424614,0.0086525818333029	0.799435019493103,-0.5215925574302673,-0.1479087322950363,0.2587814033031463
2.473	0.8757838606834412,0.4784533977508545,0.0639140903949737,0.0002322316140634	0.8062484860420227,-0.5072295665740967,-0.1481638848781585,0.2659492790699005
2.483	0.87557053565979,0.479219913482666,0.0603963434696197,-0.0087638329714536	0.8132911324501038,-0.4925345182418823,-0.1478770226240158,0.2722125947475433
2.492	0.8751921653747559,0.4801028966903686,0.0567212961614131,-0.017961885780096	0.8206977844238281,-0.4774433374404907,-0.1471154242753982,0.2772362530231476
2.502	0.8746252655982971,0.4811222553253174,0.0529627054929733,-0.0273309983313083	0.8282056450843811,-0.4628221094608307,-0.1450851410627365,0.2807515561580658
2.512	0.8738378882408142,0.4823375642299652,0.0491145774722099,-0.0366821214556694	0.8358604311943054,-0.4486538469791412,-0.1415856927633285,0.2828439772129059
2.523	0.8729565143585205,0.4835153520107269,0.0450124777853488,-0.046192280948162	0.8435730338096619,-0.4353584945201874,-0.136492982506752,0.2832265198230743
2.531	0.8719728589057922,0.4846832156181335,0.0408453270792961,-0.0554724708199501	0.8512890338897705,-0.4228100180625915,-0.1300373077392578,0.2821861803531647
2.542	0.8708932399749756,0.4858377575874328,0.0365264415740966,-0.0645948573946952	0.8591505289077759,-0.4104535579681396,-0.1228049546480178,0.2798343300819397
2.552	0.8696684241294861,0.487082839012146,0.0320959500968456,-0.0734643191099166	0.8671748042106628,-0.3982005417346954,-0.1149131208658218,0.2761146426200866
2.562	0.868408739566803,0.4882437884807586,0.0276716966181993,-0.0819671899080276	0.8751688003540039,-0.3863598108291626,-0.1063414141535759,0.2711034715175628
2.572	0.8671298027038574,0.4892913997173309,0.0232472270727157,-0.0902186334133148	0.8831741213798523,-0.3750959634780884,-0.0963485687971115,0.2646194696426391
2.581	0.8659312725067139,0.4900848865509033,0.0189245026558637,-0.0980901569128036	0.8911938071250916,-0.364124059677124,-0.0849895849823951,0.2568344175815582
2.591	0.8647105097770691,0.4908134043216705,0.0147220455110073,-0.1056465655565261	0.8991160988807678,-0.3533143401145935,-0.0727267116308212,0.2479315102100372
2.602	0.863427460193634,0.4915644824504852,0.0106017990037798,-0.1128934547305107	0.9067683219909668,-0.3428761959075928,-0.0598773322999477,0.237953320145607
2.612	0.862095832824707,0.4923437237739563,0.0065012723207473,-0.1197756305336952	0.914045512676239,-0.3330026268959045,-0.0461780354380607,0.2269308865070343
2.621	0.8607507348060608,0.4930896461009979,0.0024142481852322,-0.1263521760702133	0.920618772506714,-0.3241319954395294,-0.0317582674324512,0.2153855860233307
2.631	0.859372615814209,0.4938901960849762,-0.0015087422216311,-0.1324720382690429	0.9267829060554504,-0.3156262636184692,-0.0168551467359066,0.2029025107622146
2.641	0.8579681515693665,0.4947440326213836,-0.0053406096994876,-0.1381679028272628	0.9323791265487672,-0.3076825141906738,-0.0025898839812725,0.1897205710411071
2.651	0.8565890789031982,0.4955842792987823,-0.008988288231194,-0.1434243470430374	0.9375573992729188,-0.2996977567672729,0.0114828906953334,0.1761688292026519
2.66	0.8555237650871277,0.4959825873374939,-0.0127120800316333,-0.148049771785736	0.9423592686653136,-0.2919113039970398,0.0261754188686609,0.161436453461647
2.67	0.8542196750640869,0.4968547523021698,-0.0158638525754213,-0.1522906124591827	0.9465758204460144,-0.2847512662410736,0.0399282053112983,0.1460024118423462
2.681	0.8530237674713135,0.4976780414581299,-0.0187493842095136,-0.1559340953826904	0.9502313137054444,-0.2780050933361053,0.0536178834736347,0.1299951076507568
2.691	0.8519651293754578,0.4984035491943359,-0.0213611293584108,-0.1590378284454345	0.9532742500305176,-0.2717856168746948,0.0672588944435119,0.1134772598743438
2.701	0.8510729074478149,0.4989961385726928,-0.0237113423645496,-0.1616028696298599	0.9555774927139282,-0.2663668990135193,0.0820061489939689,0.0958921983838081
2.71	0.8502906560897827,0.4995756149291992,-0.0257686600089073,-0.1636030673980713	0.9573577046394348,-0.2607978582382202,0.0969148948788642,0.0778346583247184
2.72	0.8497020602226257,0.50001060962677,-0.0276316963136196,-0.1650222688913345	0.958456575870514,-0.2550949156284332,0.1140116229653358,0.0573501884937286
2.731	0.8493675589561462,0.5002210736274719,-0.02914859354496,-0.1658430844545364	0.9584935903549194,-0.250371903181076,0.1312272548675537,0.0371924862265586
2.741	0.84920734167099,0.5003138780593872,-0.0303727984428405,-0.1661639511585235	0.9575493335723876,-0.2465948313474655,0.1482567489147186,0.0176134277135133
2.75	0.8491820096969604,0.5003612637519836,-0.0313795693218708,-0.165963277220726	0.9556536078453064,-0.2443072497844696,0.1644373089075088,-0.0007003499777056
2.76	0.8493006229400635,0.500330924987793,-0.0321472957730293,-0.1652994304895401	0.9532140493392944,-0.2427227646112442,0.1793270707130432,-0.017621673643589
2.77	0.8495252132415771,0.5002866387367249,-0.0328295081853866,-0.1641411781311035	0.950128734111786,-0.2410475015640258,0.1944875866174698,-0.0364153534173965
2.78	0.8499488234519958,0.5000780820846558,-0.0331733636558055,-0.1625066399574279	0.9465933442115784,-0.2392407357692718,0.2087581753730774,-0.0560801029205322
2.791	0.8506233096122742,0.4996271431446075,-0.0332449972629547,-0.1603358387947082	0.9421358704566956,-0.2397620677947998,0.2220508754253387,-0.0747501105070114
2.801	0.8515262007713318,0.4989284574985504,-0.0331175066530704,-0.1577233672142028	0.936825692653656,-0.2397800087928772,0.2365135848522186,-0.0944690480828285
2.81	0.8526797890663147,0.4979558885097503,-0.0325904637575149,-0.1546447873115539	0.9304041266441344,-0.2416152954101562,0.2509410977363586,-0.1140115708112716
2.82	0.8542796969413757,0.496360182762146,-0.0324889048933982,-0.1509213745594024	0.9235079884529114,-0.2427133023738861,0.2647166848182678,-0.1347156018018722
2.83	0.8559226989746094,0.4947827160358429,-0.0320742838084697,-0.1468252092599868	0.9159981608390808,-0.2445335835218429,0.2774398326873779,-0.1554923951625824
2.839	0.8573984503746033,0.4934755265712738,-0.0309196580201387,-0.1428070217370987	0.9083214402198792,-0.2469780445098877,0.2880271971225738,-0.176051840186119
2.849	0.8588948249816895,0.4922180473804474,-0.0295235756784677,-0.1383813917636871	0.9002476334571838,-0.2501804828643799,0.2972723841667175,-0.1964510232210159
2.859	0.8605078458786011,0.4908322989940643,-0.0278199277818202,-0.1335513889789581	0.8921828866004944,-0.252882719039917,0.3049169182777405,-0.2169927358627319
2.87	0.862076461315155,0.4894779026508331,-0.0259680040180683,-0.1286901533603668	0.8842780590057373,-0.25617116689682,0.3102717399597168,-0.2369811981916427
2.88	0.8637832403182983,0.4878668785095215,-0.0239136349409818,-0.1236629411578178	0.8768923282623291,-0.2591515779495239,0.3133755326271057,-0.2563124001026153
2.89	0.8655623197555542,0.4860259592533111,-0.0218582320958375,-0.118755467236042	0.8699846267700195,-0.2623655498027801,0.3146128356456756,-0.2744262516498565
2.899	0.8672390580177307,0.4842939078807831,-0.0195745006203651,-0.1138975769281387	0.8634080290794373,-0.2658067643642425,0.3147893846035003,-0.291171669960022
2.909	0.8690851330757141,0.482024997472763,-0.0175109356641769,-0.10971000790596	0.8572777509689331,-0.2694299817085266,0.3142726421356201,-0.3061291873455047
2.92	0.870435357093811,0.4805608093738556,-0.014882855117321,-0.1057450994849205	0.8516300916671753,-0.273396372795105,0.3130143284797668,-0.3193785548210144
2.928	0.8715932369232178,0.4792256653308868,-0.0127094630151987,-0.1025015041232109	0.8516300916671753,-0.273396372795105,0.3130143284797668,-0.3193785548210144
2.939	0.8725432753562927,0.4781607687473297,-0.0106445951387286,-0.0995850935578346	0.8415190577507019,-0.2835894823074341,0.3087152540683746,-0.3407602310180664
2.949	0.8730457425117493,0.4776792526245117,-0.0091378362849354,-0.0976221337914466	0.8372070789337158,-0.2899854183197021,0.3050523400306701,-0.3491930365562439
2.959	0.8737655878067017,0.4767045378684997,-0.007969862781465,-0.0960365980863571	0.8332279920578003,-0.2970368564128876,0.3007509410381317,-0.356439471244812
2.969	0.874217689037323,0.4760116934776306,-0.0073126601055264,-0.0954087525606155	0.8294636011123657,-0.304213136434555,0.2964372038841247,-0.3627247810363769
2.978	0.8749352097511292,0.4747022092342376,-0.0072002750821411,-0.0953637138009071	0.8294636011123657,-0.304213136434555,0.2964372038841247,-0.3627247810363769
2.988	0.8751211166381836,0.4742585122585296,-0.0070346849970519,-0.0958764404058456	0.8257763981819153,-0.311272382736206,0.2927457988262176,-0.3681069016456604
2.999	0.8753728866577148,0.4735260307788849,-0.0076469457708299,-0.0971439331769943	0.8188338279724121,-0.3262732625007629,0.2867505252361297,-0.3752746284008026
3.009	0.875436007976532,0.4731121957302093,-0.0086650364100933,-0.0984963178634643	0.815870463848114,-0.3345025777816772,0.2838473320007324,-0.3766882717609405
3.018	0.8752550482749939,0.4731116890907287,-0.0100140189751982,-0.0999685898423194	0.815870463848114,-0.3345025777816772,0.2838473320007324,-0.3766882717609405
3.028	0.8749540448188782,0.4733390510082245,-0.0116334268823266,-0.1013422012329101	0.8111721277236938,-0.3528696894645691,0.2777510583400726,-0.3746160566806793
3.038	0.8745904564857483,0.4736234843730926,-0.0133745605126023,-0.1029240563511848	0.8111721277236938,-0.3528696894645691,0.2777510583400726,-0.3746160566806793
3.048	0.874056875705719,0.4741759896278381,-0.0151431448757648,-0.1046531423926353	0.8093852400779724,-0.3629094362258911,0.2746909260749817,-0.3711296617984772
3.059	0.8733440637588501,0.4750011563301086,-0.0169046036899089,-0.1065755486488342	0.8063990473747253,-0.3843719959259033,0.2682921886444092,-0.3605524599552154
3.067	0.8725224733352661,0.475990355014801,-0.0186420865356922,-0.108582429587841	0.8063990473747253,-0.3843719959259033,0.2682921886444092,-0.3605524599552154
3.078	0.8716105222702026,0.4771167039871216,-0.0203908532857894,-0.1106295436620712	0.8049421906471252,-0.3954395949840545,0.2648095190525055,-0.3543606102466583
3.088	0.8706594705581665,0.4782776832580566,-0.0221395473927259,-0.112749345600605	0.8034108877182007,-0.4064366519451141,0.2614113688468933,-0.3478567004203796
3.098	0.8697242140769958,0.4793659746646881,-0.0239031314849853,-0.1149641871452331	0.8017948865890503,-0.4173011481761932,0.2581769824028015,-0.3410708904266357
3.107	0.8688231110572815,0.4803515970706939,-0.0256661958992481,-0.1172603890299797	0.8000301718711853,-0.4286282658576965,0.2544423937797546,-0.3338988721370697
3.117	0.8679189085960388,0.4812809228897095,-0.0274206195026636,-0.1197226792573928	0.7987411022186279,-0.4408649206161499,0.2482136040925979,-0.3256393074989319
3.128	0.866962730884552,0.482241153717041,-0.0291327275335788,-0.1223534867167472	0.7980316877365112,-0.4545641541481018,0.2384371757507324,-0.3156968653202057
3.138	0.8659945130348206,0.4831494092941284,-0.0308253951370716,-0.1251799613237381	0.7974526882171631,-0.4692716300487518,0.2260183840990066,-0.3045802116394043
3.148	0.8649747371673584,0.4840680062770843,-0.0324755981564521,-0.128227025270462	0.7971519827842712,-0.4840774238109588,0.2110307812690735,-0.2927180826663971
3.157	0.863956093788147,0.4849191009998321,-0.0341220572590827,-0.1314117461442947	0.7975096702575684,-0.4984727501869201,0.1929179728031158,-0.2797961235046386
3.167	0.8629745244979858,0.4856081902980804,-0.0358640290796756,-0.1348083317279815	0.7985612154006958,-0.5121498703956604,0.1714756339788437,-0.2657041549682617
3.177	0.862025260925293,0.4861343801021576,-0.0377673469483852,-0.1384173333644867	0.7999561429023743,-0.5247606039047241,0.1474960446357727,-0.2508814036846161
3.188	0.8611314296722412,0.4864763617515564,-0.0398295372724533,-0.142151191830635	0.801074206829071,-0.536182701587677,0.1230140477418899,-0.2359146475791931
3.196	0.860213041305542,0.4867817759513855,-0.0420874841511249,-0.1459640562534332	0.8014176487922668,-0.5462722182273865,0.1005570217967033,-0.2218213826417923
3.207	0.859276294708252,0.487078458070755,-0.0445026904344558,-0.1497272700071334	0.8012621998786926,-0.5550934076309204,0.0804741084575653,-0.2082646787166595
3.217	0.8582962155342102,0.4873923659324646,-0.047098584473133,-0.1534864604473114	0.8007689118385315,-0.5627811551094055,0.0626089423894882,-0.1952603310346603
3.227	0.857258141040802,0.487758994102478,-0.0499177500605583,-0.1571874320507049	0.799915611743927,-0.5691469311714172,0.0478337034583091,-0.1841704845428466
3.236	0.8561694025993347,0.4881817400455475,-0.0528814084827899,-0.16079843044281	0.7987288236618042,-0.5741971135139465,0.0366857461631298,-0.1760229468345642
3.246	0.8550059795379639,0.4887015521526336,-0.0559576116502285,-0.1643299758434295	0.7971594333648682,-0.5784813761711121,0.0292626395821571,-0.1704106479883194
3.256	0.8537471294403076,0.489387035369873,-0.0590282566845417,-0.1677251607179641	0.7953203916549683,-0.5824717879295349,0.024737250059843,-0.1660725474357605
3.267	0.8524290323257446,0.4901555776596069,-0.0619364790618419,-0.1711023598909378	0.7931325435638428,-0.586557924747467,0.0222943779081106,-0.1624605059623718
3.277	0.8510000705718994,0.4911032617092132,-0.0646166428923606,-0.174473688006401	0.7906147241592407,-0.5908042788505554,0.0213697794824838,-0.1594425588846206
3.286	0.8494979739189148,0.492193728685379,-0.0670070424675941,-0.177788034081459	0.7877196669578552,-0.5953270196914673,0.0217792075127363,-0.1568731069564819
3.296	0.8479220271110535,0.4933684170246124,-0.0692399367690086,-0.1811673194169998	0.7844666242599487,-0.6001546382904053,0.0234711319208145,-0.1545170098543167
3.306	0.846358597278595,0.4945693016052246,-0.0711809694766998,-0.1844221353530883	0.7810655236244202,-0.6049548387527466,0.0263713896274566,-0.1525477916002273
3.316	0.8448920249938965,0.4956766963005066,-0.0728557631373405,-0.1874943971633911	0.7777992486953735,-0.6094409823417664,0.0296314936131238,-0.1507714241743087
3.325	0.8435003757476807,0.4967471659183502,-0.0743255168199539,-0.1903291195631027	0.7751609683036804,-0.6130907535552979,0.0320220962166786,-0.1490631401538849
3.336	0.842177152633667,0.4977800846099853,-0.0756910592317581,-0.1929340213537216	0.7733702063560486,-0.6157482266426086,0.0327781997621059,-0.1472349315881729
3.346	0.8409458994865417,0.4987046420574188,-0.0770751759409904,-0.1953539252281189	0.7722402215003967,-0.6176822185516357,0.0318169072270393,-0.1452632993459701
3.356	0.8398178815841675,0.4995674788951874,-0.0783999040722847,-0.1974633485078811	0.771575391292572,-0.6191336512565613,0.0297694373875856,-0.1430338323116302
3.366	0.8387845754623413,0.5003761649131775,-0.0796117186546325,-0.1993135660886764	0.7711390852928162,-0.6203048825263977,0.027707764878869,-0.1407080590724945
3.377	0.837836503982544,0.5011154413223267,-0.0807080119848251,-0.2009962052106857	0.7708197236061096,-0.621263325214386,0.0265429466962814,-0.1384350657463073
3.385	0.8369616270065308,0.5017895102500916,-0.0816726610064506,-0.2025634497404098	0.7704718708992004,-0.6220892667770386,0.0270255953073501,-0.1365564465522766
3.396	0.8361244201660156,0.5024685859680176,-0.0824242979288101,-0.2040281444787979	0.7699130177497864,-0.623028576374054,0.0293519161641597,-0.1349359899759292
3.406	0.8353602886199951,0.5030997395515442,-0.0829869359731674,-0.2053703516721725	0.7693368196487427,-0.6238846182823181,0.0330778174102306,-0.1333966702222824
3.415	0.8346519470214844,0.5037046670913696,-0.0833891481161117,-0.2066007852554321	0.7686815857887268,-0.6247751116752625,0.0376916676759719,-0.1317729949951172
3.425	0.8339819312095642,0.5043076872825623,-0.08369080722332,-0.2077108025550842	0.7678341269493103,-0.6259013414382935,0.0427886322140693,-0.1297976374626159
3.435	0.8333156108856201,0.5049753189086914,-0.0838864147663116,-0.2086818814277649	0.7664123773574829,-0.6277496218681335,0.0482368767261505,-0.1273401081562042
3.445	0.8326606154441833,0.5057106018066406,-0.0839520022273063,-0.2094879001379013	0.7642582058906555,-0.6305328011512756,0.0537587031722068,-0.124289721250534
3.456	0.8320125937461853,0.506487250328064,-0.083973690867424,-0.2101763188838958	0.7616685628890991,-0.634096622467041,0.0583393350243568,-0.1199120059609413
3.464	0.831342339515686,0.5073471069335938,-0.0839910209178924,-0.2107468843460083	0.7591057419776917,-0.6380991339683533,0.0604948624968528,-0.1137028038501739
3.475	0.8306583166122437,0.5082653164863586,-0.0840509235858917,-0.2112074196338653	0.75700843334198,-0.6418954133987427,0.0599152520298957,-0.1063892543315887
3.485	0.829913854598999,0.5093179941177368,-0.0841589272022247,-0.2115548104047775	0.7557833194732666,-0.6447271108627319,0.056958332657814,-0.0993696078658104
3.495	0.8291525840759277,0.5104619860649109,-0.0842578187584877,-0.2117430567741394	0.7556895613670349,-0.6461501121520996,0.052168633788824,-0.0932824909687042
3.504	0.8283689618110657,0.5116917490959167,-0.0843193307518959,-0.2118176966905594	0.7565436363220215,-0.6462773680686951,0.0467417947947979,-0.0882173702120781
3.514	0.8276059031486511,0.5129476189613342,-0.0842828080058097,-0.2117771953344345	0.7574945688247681,-0.6459501385688782,0.042532842606306,-0.084506556391716
3.524	0.8268790245056152,0.5142244100570679,-0.084053136408329,-0.2116113752126693	0.7577532529830933,-0.6460492014884949,0.0411933250725269,-0.0820586085319519
3.535	0.8262246251106262,0.5155279040336609,-0.083590917289257,-0.2111785560846328	0.7569688558578491,-0.6471888422966003,0.0422297567129135,-0.0797587111592292
3.545	0.8257174491882324,0.5167360901832581,-0.0828851535916328,-0.2104863226413726	0.7550454139709473,-0.6497527360916138,0.043510902673006,-0.0763849541544914
3.554	0.8253372311592102,0.5178974270820618,-0.0819097533822059,-0.209503024816513	0.7523722052574158,-0.6532313227653503,0.0443570576608181,-0.0725083351135253
3.564	0.8250872492790222,0.5189903974533081,-0.0807144790887832,-0.2082430571317672	0.7495011687278748,-0.6567677855491638,0.0453936643898487,-0.0695957988500595
3.574	0.8249364495277405,0.5201050639152527,-0.0792146027088165,-0.2066294103860855	0.7468583583831787,-0.65989089012146,0.0465597063302993,-0.0676672607660293
3.585	0.8248659372329712,0.5212708711624146,-0.0774118453264236,-0.2046464830636978	0.744442880153656,-0.6627374887466431,0.0473532937467098,-0.0658896565437316
3.593	0.8248775005340576,0.5224502086639404,-0.0753886699676513,-0.2023348808288574	0.744442880153656,-0.6627374887466431,0.0473532937467098,-0.0658896565437316
3.604	0.8249621987342834,0.5236210823059082,-0.0732232704758644,-0.199741318821907	0.7404513955116272,-0.6677317023277283,0.0461330004036426,-0.0611379370093345
3.614	0.8251529335975647,0.524730384349823,-0.0709043964743614,-0.1968581676483154	0.7386236190795898,-0.6701146960258484,0.0446614660322666,-0.0581951290369033
3.624	0.8254377245903015,0.5258578658103943,-0.068334586918354,-0.1935365349054336	0.7368624806404114,-0.6724869012832642,0.0425314009189605,-0.0546463504433631
3.634	0.825801432132721,0.52730393409729,-0.0678557828068733,-0.1881439238786697	0.7352603077888489,-0.6747328639030457,0.039765179157257,-0.0504637919366359
3.643	0.8261805772781372,0.5286238193511963,-0.0646552145481109,-0.1838536709547042	0.7352603077888489,-0.6747328639030457,0.039765179157257,-0.0504637919366359
3.653	0.826586127281189,0.5299460291862488,-0.0613754875957965,-0.1792920678853988	0.7337300181388855,-0.6769018769264221,0.036499761044979,-0.0459553711116313
3.664	0.827028214931488,0.5313085317611694,-0.057764358818531,-0.1743529140949249	0.7306836843490601,-0.6810322403907776,0.02992694824934,-0.0374267660081386
3.674	0.8275466561317444,0.5326939821243286,-0.0537901483476161,-0.1688497215509414	0.7292432188987732,-0.6829169392585754,0.0266436487436294,-0.0334501899778842
3.683	0.8282155394554138,0.5338314175605774,-0.0496903955936431,-0.1631375700235366	0.7292432188987732,-0.6829169392585754,0.0266436487436294,-0.0334501899778842
3.693	0.8288367986679077,0.5351157784461975,-0.0451644025743007,-0.1569736301898956	0.7265022397041321,-0.6864272356033325,0.0195253733545541,-0.0251199025660753
3.703	0.8294156789779663,0.5365074276924133,-0.0402675755321979,-0.1503595411777496	0.7265022397041321,-0.6864272356033325,0.0195253733545541,-0.0251199025660753
3.713	0.8299716711044312,0.5379456281661987,-0.0350180305540561,-0.1433014869689941	0.7251194715499878,-0.6881223917007446,0.0159278996288776,-0.0208723582327365
3.724	0.8305708765983582,0.5393049716949463,-0.0294152703136205,-0.1357823014259338	0.7218241095542908,-0.6918785572052002,0.0096930749714374,-0.0134228616952896
3.732	0.8311662077903748,0.5405858755111694,-0.0236428305506706,-0.127947986125946	0.7218241095542908,-0.6918785572052002,0.0096930749714374,-0.0134228616952896
3.743	0.8318185210227966,0.541692316532135,-0.0176918469369411,-0.1197263449430465	0.7202327847480774,-0.6936178803443909,0.0070032412186264,-0.0104743707925081
3.753	0.8324159383773804,0.542762279510498,-0.0116947963833808,-0.1111575439572334	0.7187761068344116,-0.6951864957809448,0.0042119305580854,-0.0076684248633682
3.763	0.8330091834068298,0.5437113642692566,-0.0056407013908028,-0.1021859794855117	0.7174001932144165,-0.696643590927124,0.0011290732072666,-0.004841380752623
3.772	0.8336129784584045,0.5445145964622498,0.0006151261623017,-0.092698223888874	0.7159783840179443,-0.6981164813041687,-0.0021085008047521,-0.0019825561903417
3.782	0.8342165350914001,0.5451171398162842,0.0069094570353627,-0.0829592645168304	0.7144904136657715,-0.699622392654419,-0.0055761360563337,0.0009146909578703
3.793	0.8347973823547363,0.5455514788627625,0.0134074287489056,-0.0728501752018928	0.7130782604217529,-0.7010098099708557,-0.0094108982011675,0.0040084426291286
3.803	0.835346519947052,0.54579758644104,0.0200952272862195,-0.0624284259974956	0.7118152379989624,-0.7021949887275696,-0.0136351864784955,0.0074438182637095
3.812	0.8358723521232605,0.5458166003227234,0.0269722901284694,-0.0517120212316513	0.7106253504753113,-0.7032371759414673,-0.018467042595148,0.0113099515438079
3.822	0.8363667726516724,0.545595645904541,0.0341338440775871,-0.0406298786401748	0.709455668926239,-0.7041690945625305,-0.0239022728055715,0.0157239101827144
3.832	0.8368504643440247,0.5450665354728699,0.0413672439754009,-0.0295384265482425	0.7081886529922485,-0.7050908803939819,-0.0298582930117845,0.0205929111689329
3.842	0.8373399972915649,0.54420405626297,0.048664279282093,-0.0183137953281402	0.7068647146224976,-0.7059624791145325,-0.0360876210033893,0.0256291907280683
3.853	0.8378216624259949,0.5430105328559875,0.0560950711369514,-0.0069074206985533	0.7055251002311707,-0.7067378163337708,-0.0425614789128303,0.0307331960648298
3.863	0.8382318615913391,0.5415651798248291,0.0636587589979171,0.0046967403031885	0.7041283249855042,-0.7074276208877563,-0.0494827628135681,0.0360691361129283
3.872	0.8385340571403503,0.5398930907249451,0.0714054927229881,0.0166544113308191	0.70255047082901,-0.708132803440094,-0.0568818561732769,0.0416554026305675
3.882	0.8386989235877991,0.5380536913871765,0.0791121050715446,0.0286992788314819	0.7008099555969238,-0.7088494300842285,-0.0645366758108139,0.047253843396902
3.892	0.8387311100959778,0.5360010266304016,0.08689746260643,0.0410110242664814	0.6989299058914185,-0.7095156311988831,-0.072630725800991,0.0530030094087123
3.902	0.8386697769165039,0.5336644649505615,0.094707116484642,0.0535325407981872	0.6968591213226318,-0.7101277112960815,-0.0813731551170349,0.0590281449258327
3.911	0.838577389717102,0.5309033393859863,0.1026054471731185,0.0663450881838798	0.6946553587913513,-0.7105947732925415,-0.0906587839126586,0.0654978603124618
3.921	0.8383437395095825,0.5279373526573181,0.110437661409378,0.0791543424129486	0.6923348903656006,-0.710929811000824,-0.1002634242177009,0.0721007958054542
3.932	0.8379287719726562,0.5247917771339417,0.1183207333087921,0.0920272693037986	0.6899308562278748,-0.7111527919769287,-0.109903335571289,0.0786012932658195
3.942	0.837354838848114,0.5214447975158691,0.1261656731367111,0.1049500927329063	0.6875064373016357,-0.7112348079681396,-0.119454450905323,0.0849146097898483
3.951	0.8366172313690186,0.5178727507591248,0.1339961141347885,0.1180029734969139	0.6849428415298462,-0.7112807631492615,-0.1290075331926345,0.0910485833883285
3.961	0.8356918692588806,0.5140467882156372,0.1419087648391723,0.1312896609306335	0.6824185848236084,-0.7110923528671265,-0.1386286914348602,0.0971315652132034
3.971	0.8346158266067505,0.5100572109222412,0.1496471911668777,0.1444429010152816	0.6800493597984314,-0.7105309367179871,-0.1483658701181411,0.1032771840691566
3.982	0.8333953022956848,0.5058290958404541,0.1573007404804229,0.1576250940561294	0.6778648495674133,-0.7094648480415344,-0.1584066897630691,0.1098469048738479
3.99	0.831951916217804,0.5014793276786804,0.1649187058210373,0.1708106994628906	0.6759651303291321,-0.7076830863952637,-0.1689484268426895,0.1170993000268936
4.001	0.8303133249282837,0.4969708919525146,0.1724630296230316,0.1840002238750457	0.6742030382156372,-0.7053934931755066,-0.1797110736370086,0.1247968152165412
4.011	0.8285039067268372,0.492152452468872,0.1800615936517715,0.197345420718193	0.6726374626159668,-0.7026815414428711,-0.1902610957622528,0.1326578110456466
4.021	0.8265485763549805,0.4871374070644378,0.187598243355751,0.2105267941951751	0.6709038019180298,-0.6999142169952393,-0.200651541352272,0.1405246555805206
4.031	0.8243966102600098,0.4819467663764953,0.1951116919517517,0.2236714959144592	0.6690177321434021,-0.6969045400619507,-0.2112720310688018,0.1486720740795135
4.04	0.8220093846321106,0.4766469001770019,0.2027218043804168,0.2366687655448913	0.6669442653656006,-0.6934905648231506,-0.2223595380783081,0.1575194299221038
4.05	0.8194184899330139,0.4711987972259521,0.2103837877511978,0.2495267689228058	0.6650538444519043,-0.6894498467445374,-0.233602836728096,0.1667091101408004
4.061	0.8165906667709351,0.4655190706253052,0.2181687206029892,0.2624389231204986	0.6634413599967957,-0.6849606037139893,-0.244457334280014,0.1758270263671875
4.071	0.8136367797851562,0.4597395062446594,0.2258530408143997,0.2750001847743988	0.6618985533714294,-0.6802417635917664,-0.2549211680889129,0.1848694682121276
4.08	0.8105555176734924,0.4537708759307861,0.2334762066602707,0.2873681485652923	0.6605203151702881,-0.675121545791626,-0.2651220858097076,0.1939950883388519
4.09	0.8072978854179382,0.4477332532405853,0.2410900890827179,0.2994675040245056	0.6595019102096558,-0.6691545248031616,-0.2753482460975647,0.203648567199707
4.1	0.8038709759712219,0.44163778424263,0.2486636936664581,0.3113099932670593	0.6591151356697083,-0.6620936989784241,-0.2854143381118774,0.2138640880584716
4.11	0.8002315163612366,0.435481458902359,0.2562001943588257,0.3230277597904205	0.6592841148376465,-0.6543830037117004,-0.2948620319366455,0.2240170836448669
4.121	0.7963966131210327,0.4295186400413513,0.263616681098938,0.3343238830566406	0.6600552797317505,-0.6459940671920776,-0.3036000430583954,0.2341917604207992
4.129	0.7923179864883423,0.4236890971660614,0.2710331380367279,0.3453415036201477	0.6618920564651489,-0.636844277381897,-0.3109381794929504,0.2442246079444885
4.14	0.7880154848098755,0.4180029332637787,0.2784820199012756,0.3560238778591156	0.6644338965415955,-0.6274992823600769,-0.3169013559818268,0.2536646425724029
4.15	0.7834945321083069,0.4124428927898407,0.2859871685504913,0.366385817527771	0.6672956943511963,-0.6186143755912781,-0.3215789198875427,0.2619535028934479
4.16	0.7787429094314575,0.4069081246852875,0.2936534881591797,0.3765007853507995	0.6701863408088684,-0.610355019569397,-0.3253426849842071,0.26920086145401
4.169	0.7738576531410217,0.4015382528305053,0.301278293132782,0.3861899673938751	0.6731064915657043,-0.6028004288673401,-0.3281217813491821,0.275491327047348
4.179	0.7687431573867798,0.396266907453537,0.3089731335639953,0.3956539332866668	0.6760488748550415,-0.5959382653236389,-0.3298906981945038,0.2810472249984741
4.19	0.7634358406066895,0.3910208344459533,0.3165961503982544,0.4050126075744629	0.6787573099136353,-0.5898339748382568,-0.3308554589748382,0.2862150371074676
4.2	0.7579373121261597,0.3857357501983642,0.3239954113960266,0.414446473121643	0.6811229586601257,-0.5842662453651428,-0.3313480317592621,0.291398286819458
4.21	0.7523420453071594,0.3805351555347442,0.3309099078178406,0.4238786399364471	0.683043897151947,-0.5792218446731567,-0.331503301858902,0.296746551990509
4.219	0.7465472221374512,0.3753479719161987,0.3375251293182373,0.4334257841110229	0.6842836737632751,-0.574620246887207,-0.3317465484142303,0.3025086224079132
4.229	0.7405930161476135,0.3700672090053558,0.3438506722450256,0.4431014060974121	0.6846028566360474,-0.5702232122421265,-0.3326507210731506,0.3090434074401855
4.239	0.7344912886619568,0.3647435307502746,0.3499917387962341,0.4527586698532104	0.684139609336853,-0.5654735565185547,-0.3345332741737366,0.3166702389717102
4.25	0.7282194495201111,0.3592609167098999,0.3560954332351684,0.4624110162258148	0.6829831600189209,-0.5602689385414124,-0.3372780680656433,0.3253861963748932
4.258	0.7219646573066711,0.3537398278713226,0.3620368540287018,0.4717674255371094	0.6829831600189209,-0.5602689385414124,-0.3372780680656433,0.3253861963748932
4.269	0.7157247066497803,0.3481208980083465,0.3678604066371918,0.4808624386787414	0.6777878999710083,-0.5501141548156738,-0.3448597192764282,0.3450356721878052
4.279	0.7094168663024902,0.3424705266952514,0.37368044257164,0.4896983802318573	0.6738096475601196,-0.5454405546188354,-0.3497082889080047,0.3552171289920807
4.289	0.7029991745948792,0.3368490040302276,0.3795713484287262,0.4982474446296692	0.6689846515655518,-0.540819525718689,-0.3554899394512176,0.3655142188072204
4.299	0.696435272693634,0.3311819434165954,0.3854831755161285,0.5066547989845276	0.6631973385810852,-0.536139190196991,-0.3623937368392944,0.3760251104831695
4.308	0.6899294853210449,0.3255486488342285,0.3912089169025421,0.5147532820701599	0.6631973385810852,-0.536139190196991,-0.3623937368392944,0.3760251104831695
4.318	0.6833333969116211,0.3199595510959625,0.3969272971153259,0.5226185321807861	0.6565521359443665,-0.531250536441803,-0.3703930974006653,0.3866795897483825
4.329	0.676581859588623,0.3144221007823944,0.4027249217033386,0.5302718877792358	0.6412101984024048,-0.520280122756958,-0.3890529572963714,0.4084065854549408
4.339	0.6698288321495056,0.3091485202312469,0.4083437025547027,0.5375983715057373	0.6324280500411987,-0.5138747692108154,-0.3996654450893402,0.419803649187088
4.348	0.6632267236709595,0.3036602735519409,0.4134556353092193,0.544954240322113	0.6324280500411987,-0.5138747692108154,-0.3996654450893402,0.419803649187088
4.358	0.6569343209266663,0.2983062267303467,0.4179031252861023,0.5520939230918884	0.6228623390197754,-0.5068692564964294,-0.4111019372940063,0.4314177632331848
4.368	0.6507004499435425,0.2931475639343261,0.4221057295799255,0.558999240398407	0.6125406622886658,-0.4993439614772796,-0.4232431650161743,0.4430741369724273
4.378	0.6443646550178528,0.2880229651927948,0.426269382238388,0.5658015608787537	0.6016020178794861,-0.4912628531455993,-0.436091661453247,0.4544884860515594
4.387	0.6378899812698364,0.283013641834259,0.430497258901596,0.5724262595176697	0.5903258323669434,-0.4826475083827972,-0.4494097828865051,0.4654005765914917
4.398	0.6311617493629456,0.2779224812984466,0.4348965287208557,0.5790154337882996	0.5787702798843384,-0.4735876023769378,-0.4629680812358856,0.4758153557777405
4.408	0.6244471669197083,0.2727150321006775,0.4391316473484039,0.5855385661125183	0.5670276284217834,-0.4641810059547424,-0.4766579270362854,0.4856056272983551
4.418	0.6177650094032288,0.2673894166946411,0.4431057274341583,0.5920528173446655	0.5551280975341797,-0.4546395540237427,-0.4903610050678253,0.4946532547473907
4.428	0.6110969185829163,0.2620514631271362,0.4468456208705902,0.5985136032104492	0.5430803894996643,-0.4450442492961883,-0.503897488117218,0.5030770897865295
4.439	0.6044142246246338,0.2567516267299652,0.4503801167011261,0.604913055896759	0.5309132933616638,-0.4352429509162903,-0.5171785950660706,0.5110976696014404
4.447	0.5976279377937317,0.2515580356121063,0.4537974596023559,0.6112504601478577	0.5189889073371887,-0.4254674613475799,-0.5297830104827881,0.518611490726471
4.458	0.590929388999939,0.2465680390596389,0.4569664597511291,0.6174044609069824	0.5071493983268738,-0.4157938659191131,-0.5418722629547119,0.525632381439209
4.468	0.584235429763794,0.2417152673006057,0.4599944055080414,0.6234161853790283	0.4956547021865845,-0.4060258269309997,-0.5534752607345581,0.5321038961410522
4.478	0.5776382684707642,0.2369381487369537,0.4628035426139831,0.6292909979820251	0.484562486410141,-0.3959379494190216,-0.5643760561943054,0.5384347438812256
4.487	0.5710088610649109,0.2321832478046417,0.4655317366123199,0.6350748538970947	0.4740189611911773,-0.3861806392669678,-0.5743126273155212,0.5443671345710754
4.497	0.564465343952179,0.2276379019021988,0.4682692587375641,0.640533983707428	0.4644255638122558,-0.3776169717311859,-0.5829993486404419,0.5493870377540588
4.507	0.5580408573150635,0.2231962084770202,0.4710325598716736,0.6456796526908875	0.4560475945472717,-0.37059286236763,-0.5905422568321228,0.5531195402145386
4.518	0.551788866519928,0.2188935428857803,0.4736479520797729,0.6505937576293945	0.4486159682273865,-0.3646018207073211,-0.5974528789520264,0.5557510852813721
4.526	0.5458153486251831,0.2147507667541504,0.4760256707668304,0.655261218547821	0.4429898858070373,-0.3598994016647339,-0.6028579473495483,0.5574895739555359
4.537	0.5400760173797607,0.2108101099729538,0.478111982345581,0.6597620844841003	0.4401979446411133,-0.3584833145141601,-0.6053421497344971,0.5579214096069336
4.547	0.5346736311912537,0.2071470916271209,0.4799067378044128,0.6640058159828186	0.4406118988990783,-0.3616844117641449,-0.6048861145973206,0.5560201406478882
4.557	0.5295447707176208,0.2037968337535858,0.4815025627613067,0.6679853796958923	0.4440768361091614,-0.3693716526031494,-0.6022063493728638,0.5510969161987305
4.566	0.5247101187705994,0.2007678300142288,0.4828994572162628,0.6716991066932678	0.4487776160240173,-0.3788410127162933,-0.5987333655357361,0.5446066856384277
4.576	0.5202006101608276,0.1980375200510025,0.4840691387653351,0.6751663088798523	0.4527985751628876,-0.3874185383319855,-0.5957753658294678,0.5384533405303955
4.587	0.5160009264945984,0.1955569386482238,0.4850901365280151,0.6783716082572937	0.4553283452987671,-0.3937268853187561,-0.594123125076294,0.5335474014282227
4.597	0.5122284889221191,0.1933897137641906,0.4859292209148407,0.6812453269958496	0.4564418196678161,-0.3975249826908111,-0.5937984585762024,0.5301303267478943
4.607	0.5088830590248108,0.1911719441413879,0.4869804382324219,0.683623731136322	0.4563402831554413,-0.3992736637592315,-0.5945751667022705,0.5280288457870483
4.616	0.50572270154953,0.1893934607505798,0.4877800047397613,0.6858901381492615	0.4554052650928497,-0.4002196788787842,-0.5961074829101562,0.5263897180557251
4.626	0.5028508901596069,0.1877714395523071,0.4885403513908386,0.6879035234451294	0.4539781212806701,-0.4009036719799042,-0.5980730056762695,0.5248702764511108
4.636	0.5001299381256104,0.1862503290176391,0.4893704354763031,0.6897082328796387	0.4522714614868164,-0.4011981189250946,-0.6002143621444702,0.523672878742218
4.647	0.4976782500743866,0.1849008202552795,0.4900958240032196,0.6913278102874756	0.4503163397312164,-0.4010500609874725,-0.6023044586181641,0.5230709910392761
4.655	0.4954095482826233,0.1837178617715835,0.490815669298172,0.6927604675292969	0.4482535421848297,-0.400590032339096,-0.6042150855064392,0.5229917764663696
4.666	0.4932959973812103,0.1827578544616699,0.4915378987789154,0.6940094828605652	0.4459536075592041,-0.399831473827362,-0.6062666773796082,0.5231642723083496
4.676	0.4913550913333893,0.1819460541009903,0.4922402501106262,0.6951008439064026	0.4432861506938934,-0.3985542356967926,-0.6087045669555664,0.523574948310852
4.686	0.489540696144104,0.1813006103038787,0.4929107427597046,0.6960740089416504	0.4401280879974365,-0.396746963262558,-0.6116136312484741,0.5242211222648621
4.696	0.4878937005996704,0.1808765530586242,0.4935969710350036,0.6968539357185364	0.436623215675354,-0.3946403264999389,-0.6148365139961243,0.5249716639518738
4.705	0.486382246017456,0.1806382834911346,0.494230568408966,0.6975229382514954	0.4327963888645172,-0.392417699098587,-0.6182052493095398,0.5258496999740601
4.715	0.4849331974983215,0.1805443167686462,0.4948481023311615,0.6981180906295776	0.4287350177764892,-0.3901877701282501,-0.6215702295303345,0.5268682837486267
4.726	0.4835359752178192,0.1805637180805206,0.4954697787761688,0.6986411213874817	0.4246876239776611,-0.3880838751792907,-0.6247085928916931,0.5279871821403503
4.736	0.4820628464221954,0.1809100359678268,0.4959400296211242,0.6992355585098267	0.4208184480667114,-0.386313647031784,-0.6274823546409607,0.5290930867195129
4.745	0.4807265996932983,0.1811895668506622,0.4964708983898163,0.6997063159942627	0.4172647595405578,-0.3850162923336029,-0.6298751831054688,0.5300092697143555
4.755	0.4795199036598205,0.1814565658569336,0.4970248937606811,0.7000717520713806	0.4143049120903015,-0.3843524158000946,-0.6317881345748901,0.5305359363555908
4.765	0.4783759415149688,0.1817598640918731,0.4976521730422973,0.7003300189971924	0.4120443761348724,-0.3844282329082489,-0.6331999897956848,0.530558168888092
4.775	0.4772826433181762,0.1820813864469528,0.4983399510383606,0.7005033493041992	0.4106140732765198,-0.3851728737354278,-0.634093165397644,0.5300601124763489
4.786	0.4762815535068512,0.1824381351470947,0.499054491519928,0.7005832195281982	0.4099932909011841,-0.3865610063076019,-0.6344524025917053,0.5290995240211487
4.795	0.4753603637218475,0.1828694194555282,0.4997762441635132,0.7005819082260132	0.4099483788013458,-0.3885129392147064,-0.6344611644744873,0.5276921987533569
4.805	0.4745847284793854,0.1831814646720886,0.5006228089332581,0.7004218101501465	0.4103172421455383,-0.3908783793449402,-0.6341981887817383,0.5259719491004944
4.815	0.4738584756851196,0.183524027466774,0.5014734864234924,0.7002152800559998	0.4109322428703308,-0.3935979902744293,-0.6337504982948303,0.5239995718002319
4.825	0.4731789827346802,0.183987557888031,0.5023187398910522,0.6999472975730896	0.4115999341011047,-0.3965629935264587,-0.6332293748855591,0.5218658447265625
4.834	0.4723652303218841,0.184812307357788,0.5030496716499329,0.6997545957565308	0.4121041893959045,-0.3997654914855957,-0.6325719952583313,0.5198177099227905
4.844	0.4715629518032074,0.1858643442392349,0.5037804245948792,0.6994913220405579	0.4122210443019867,-0.4032073020935058,-0.6318875551223755,0.517895519733429
4.855	0.4707893133163452,0.1871122866868972,0.504508376121521,0.6991550326347351	0.4119013845920563,-0.4068849980831146,-0.6313241720199585,0.5159571170806885
4.865	0.470174491405487,0.1885132491588592,0.5051624774932861,0.6987199187278748	0.4109626710414886,-0.4105952978134155,-0.6312711238861084,0.5138266086578369
4.875	0.4697601795196533,0.1900695562362671,0.5057515501976013,0.698150634765625	0.4090361297130584,-0.4134056568145752,-0.6321112513542175,0.5120748281478882
4.884	0.4695810675621032,0.1917855143547058,0.5062312483787537,0.6974539160728455	0.4061382710933685,-0.41469606757164,-0.6338770389556885,0.5111544132232666
4.894	0.4696224629878998,0.1937131732702255,0.506629228591919,0.6966037750244141	0.402452141046524,-0.4139360785484314,-0.636441171169281,0.5114996433258057
4.904	0.4699109196662903,0.195911630988121,0.5068879723548889,0.695605456829071	0.398383229970932,-0.4113654196262359,-0.6395105719566345,0.5129284262657166
4.915	0.4706767201423645,0.1979095190763473,0.5073410272598267,0.6941903829574585	0.3942900002002716,-0.4077126681804657,-0.6427028775215149,0.5150133967399597
4.925	0.4716910719871521,0.2001258283853531,0.507614016532898,0.6926652789115906	0.3904468417167663,-0.4035544097423553,-0.6456565856933594,0.5175158977508545
4.934	0.4729409515857696,0.2025011628866195,0.5077410936355591,0.6910275816917419	0.386788010597229,-0.3994111716747284,-0.6482836604118347,0.5201865434646606
4.944	0.474399983882904,0.2050899416208267,0.5077173709869385,0.6892792582511902	0.38327556848526,-0.3955654799938202,-0.650611937046051,0.5228115320205688
4.954	0.4761122465133667,0.207959309220314,0.507465124130249,0.6874220967292786	0.3799953758716583,-0.3921765983104706,-0.6526162624359131,0.5252550840377808
4.964	0.4781500101089477,0.2111194133758545,0.5069305300712585,0.6854360103607178	0.3769174814224243,-0.3892970681190491,-0.6543307900428772,0.5274772047996521
4.973	0.4805754423141479,0.2146028578281402,0.5060598850250244,0.6832980513572693	0.3769174814224243,-0.3892970681190491,-0.6543307900428772,0.5274772047996521
4.983	0.4833654761314392,0.2183169424533844,0.504845380783081,0.6810482144355774	0.3742415606975555,-0.3869644403457641,-0.6556382775306702,0.5294714570045471
4.994	0.4865837693214416,0.2222844213247299,0.5033323168754578,0.6785885095596313	0.3708369731903076,-0.3840577602386474,-0.6567068696022034,0.5326496958732605
5.004	0.4903319180011749,0.2266061455011367,0.5015338659286499,0.6757869720458984	0.3708369731903076,-0.3840577602386474,-0.6567068696022034,0.5326496958732605
5.013	0.4944450557231903,0.2311140596866607,0.4995592832565307,0.6727189421653748	0.3706474602222442,-0.3836482763290405,-0.6561883687973022,0.5337146520614624
5.023	0.4990097880363464,0.2358860224485397,0.4975049495697021,0.6692052483558655	0.3717061877250671,-0.3843750655651092,-0.6548664569854736,0.53407883644104
5.033	0.5039246678352356,0.2407886087894439,0.4954531192779541,0.6652871370315552	0.3741652965545654,-0.3863727748394012,-0.6527317762374878,0.5335330963134766
5.044	0.509434163570404,0.2459823787212371,0.4931640923023224,0.6608771681785583	0.3821264207363128,-0.3935378491878509,-0.6465714573860168,0.5301439166069031
5.052	0.5154399275779724,0.2511481642723083,0.4905923902988434,0.6561748385429382	0.3821264207363128,-0.3935378491878509,-0.6465714573860168,0.5301439166069031
5.063	0.5220584869384766,0.2564596533775329,0.4876477420330047,0.6510630249977112	0.3872784078121185,-0.398314893245697,-0.6426395177841187,0.5276125073432922
5.073	0.5290347933769226,0.2618779838085174,0.4845304489135742,0.6455790400505066	0.3929517269134521,-0.4035705327987671,-0.6383716464042664,0.5245965123176575
5.083	0.5360611081123352,0.2674294114112854,0.4815391600131988,0.6397186517715454	0.3989254236221313,-0.4089839160442352,-0.6338856220245361,0.5213249921798706
5.093	0.5431801676750183,0.2731266021728515,0.4786319434642792,0.633457601070404	0.4049511253833771,-0.4142225384712219,-0.62930828332901,0.5180785655975342
5.102	0.5503423810005188,0.2789851129055023,0.4756912291049957,0.6269038319587708	0.4107664227485657,-0.4191894829273224,-0.6247949600219727,0.5149585604667664
5.112	0.5577489137649536,0.2849682569503784,0.4725137948989868,0.6200322508811951	0.41620734333992,-0.4236916601657867,-0.620528519153595,0.5120558738708496
5.123	0.5653273463249207,0.291058212518692,0.4690410792827606,0.6129360198974609	0.4210649132728576,-0.4272209405899048,-0.6167532205581665,0.5097076892852783
5.133	0.5731610655784607,0.2973521053791046,0.4651177525520324,0.6055852770805359	0.4256491363048553,-0.4298574030399322,-0.6132798790931702,0.5078710913658142
5.142	0.5812479853630066,0.3038749992847442,0.4607859253883362,0.597902238368988	0.4300731420516968,-0.4320681989192962,-0.6100063323974609,0.5062079429626465
5.152	0.589622437953949,0.3106691539287567,0.4559985399246216,0.5898265242576599	0.4339474141597748,-0.4335820078849792,-0.607153058052063,0.5050360560417175
5.162	0.5984265804290771,0.3178000152111053,0.4506250619888305,0.5812278389930725	0.4375088810920715,-0.434470534324646,-0.604523777961731,0.5043533444404602
5.172	0.6074578166007996,0.3250342011451721,0.4448603093624115,0.5722298622131348	0.4414851665496826,-0.4352909624576568,-0.6017085909843445,0.5035468339920044
5.183	0.6168288588523865,0.3324607610702514,0.4386630058288574,0.5626426339149475	0.4459579288959503,-0.4363035857677459,-0.5986900925636292,0.5023255348205566
5.191	0.6264965534210205,0.3400938808917999,0.432028204202652,0.5524398684501648	0.4507801532745361,-0.4376427233219147,-0.5954249501228333,0.5007346272468567
5.202	0.6364195346832275,0.3478564918041229,0.4250287413597107,0.5415871739387512	0.4560524821281433,-0.4393643736839294,-0.5917692184448242,0.4987828731536865
5.212	0.6466756463050842,0.355822205543518,0.4175514876842499,0.5299544930458069	0.4619769155979156,-0.4418268501758575,-0.5875186920166016,0.4961735308170318
5.222	0.6569698452949524,0.3638027012348175,0.4097233116626739,0.5178464651107788	0.4686977565288543,-0.4450897574424743,-0.5825471878051758,0.4928044080734253
5.231	0.6673604846000671,0.3718124330043793,0.4014850258827209,0.5051686763763428	0.4762120246887207,-0.4492224454879761,-0.5767115354537964,0.4886972904205322
5.241	0.6777145266532898,0.3798721432685852,0.3929590284824371,0.4919180572032928	0.4845601618289947,-0.4543477296829223,-0.5698806047439575,0.4837412536144256
5.252	0.6878007054328918,0.3878998756408691,0.3844582140445709,0.4781796038150787	0.4935866594314575,-0.4603991210460663,-0.5620671510696411,0.4780015349388122
5.262	0.6976869106292725,0.3960095643997192,0.3759262859821319,0.4637767076492309	0.5032095909118652,-0.4672199487686157,-0.5533753037452698,0.4714460372924804
5.272	0.7071205973625183,0.4038746356964111,0.3675939440727234,0.4491552114486694	0.5134408473968506,-0.4745994210243225,-0.5437934994697571,0.4641362428665161
5.281	0.7162134647369385,0.4112649261951446,0.3593980669975281,0.4344335198402405	0.5241366624832153,-0.4821440875530243,-0.533385157585144,0.4564187526702881
5.291	0.72469162940979,0.4183100163936615,0.3516131341457367,0.4197700321674347	0.5352674722671509,-0.4898674786090851,-0.521985650062561,0.4483854472637176
5.301	0.7325916886329651,0.4250431954860687,0.3442117273807525,0.4051740169525146	0.5462679862976074,-0.4975368678569793,-0.5098990797996521,0.440512478351593
5.312	0.7396763563156128,0.4315039813518524,0.3373786807060241,0.3909717798233032	0.5570579171180725,-0.504917562007904,-0.4972125589847564,0.4330408871173858
5.32	0.7460211515426636,0.437936395406723,0.3308173418045044,0.3771261274814605	0.5676412582397461,-0.5118399858474731,-0.4840968251228332,0.4259736239910126
5.331	0.7517815828323364,0.4444442987442016,0.324273020029068,0.3635117411613464	0.5781038403511047,-0.5179110765457153,-0.4707731604576111,0.4194481074810028
5.341	0.7570827007293701,0.4507973194122314,0.3176758587360382,0.3502707779407501	0.5884565711021423,-0.5227929949760437,-0.4575909078121185,0.4135418832302093
5.351	0.7620941400527954,0.4569638073444366,0.3109130859375,0.3372381627559662	0.5985180735588074,-0.5264567136764526,-0.4448664784431457,0.4083053767681122
5.361	0.7668343186378479,0.4626589715480804,0.3040765225887298,0.3247294723987579	0.6081288456916809,-0.5290327668190002,-0.4329346120357513,0.4035729765892029
5.37	0.7714557647705078,0.4679929316043854,0.2970485985279083,0.3124110102653503	0.617258608341217,-0.5307143330574036,-0.4219178259372711,0.3991484344005584
5.38	0.7760139107704163,0.4730234146118164,0.2898004949092865,0.3001115620136261	0.6262109875679016,-0.531680166721344,-0.4115194976329803,0.3947500884532928
5.391	0.7804669737815857,0.4777868688106537,0.2824101448059082,0.2878116071224212	0.6353877186775208,-0.5323280692100525,-0.4011394083499908,0.3898671865463257
5.401	0.7847908139228821,0.4824146330356598,0.2748158276081085,0.2754192054271698	0.6450923085212708,-0.5331637263298035,-0.3899891972541809,0.3840582072734833
5.411	0.788842499256134,0.4867830276489258,0.2672795951366424,0.2633086740970611	0.655504584312439,-0.5346434712409973,-0.3773343861103058,0.3769468665122986
5.42	0.7927460670471191,0.4908191561698913,0.2596799433231354,0.2514289617538452	0.6665953993797302,-0.5370720028877258,-0.3627462387084961,0.368265300989151
5.43	0.7964714169502258,0.494530975818634,0.2521311044692993,0.2397963404655456	0.6780809164047241,-0.5405152440071106,-0.3462248146533966,0.3580196499824524
5.441	0.7999776005744934,0.4979572594165802,0.2447071075439453,0.2284572571516037	0.6896706819534302,-0.5449470281600952,-0.3278301358222961,0.3462865948677063
5.451	0.8032723069190979,0.5011475682258606,0.2373836040496826,0.2173791229724884	0.7009782195091248,-0.5501648783683777,-0.3080827295780182,0.3332164287567138
5.46	0.8062344789505005,0.50409996509552,0.2304304093122482,0.2068112343549728	0.7114595174789429,-0.5561907887458801,-0.2876452207565307,0.3189630508422851
5.47	0.8089157938957214,0.5068655014038086,0.2237458825111389,0.1966733634471893	0.720963716506958,-0.562806248664856,-0.2670606970787048,0.3035441935062408
5.48	0.8113661408424377,0.5094162821769714,0.2172727584838867,0.1870094835758209	0.7292450666427612,-0.5698502659797668,-0.2468366771936416,0.2873048186302185
5.49	0.8136292099952698,0.5117769241333008,0.2109759598970413,0.1777105629444122	0.7360467910766602,-0.5773555636405945,-0.2273786067962646,0.2705451548099518
5.501	0.8157758116722107,0.5139645934104919,0.2046408355236053,0.1687373518943786	0.7414440512657166,-0.5851225256919861,-0.2088745534420013,0.2535026967525482
5.509	0.8177734017372131,0.5159294009208679,0.1984394639730453,0.1602665036916732	0.7456186413764954,-0.5928919315338135,-0.1914253234863281,0.2364071011543274
5.52	0.819658100605011,0.5177368521690369,0.1922029554843902,0.1522078812122345	0.748786985874176,-0.6003054976463318,-0.1751652956008911,0.219700813293457
5.53	0.8214175701141357,0.5194268822669983,0.1859587877988815,0.1445275545120239	0.7512068748474121,-0.6071838736534119,-0.1599652618169784,0.2035365104675293
5.54	0.8231136798858643,0.5209388732910156,0.179688885807991,0.1371804773807525	0.7531335949897766,-0.6133514046669006,-0.1456281393766403,0.1881015598773956
5.549	0.8248152136802673,0.5222480893135071,0.17331263422966,0.1299979537725448	0.7547165155410767,-0.6187410354614258,-0.132125049829483,0.173509269952774
5.559	0.8264660239219666,0.5233436226844788,0.1670421957969665,0.1231350228190422	0.7558345198631287,-0.6236175298690796,-0.119518332183361,0.1597828865051269
5.569	0.828032910823822,0.5243240594863892,0.1608684509992599,0.1164778247475624	0.7564974427223206,-0.6280557513237,-0.1080489605665206,0.1469115763902664
5.58	0.8295250535011292,0.5251947045326233,0.1547903418540954,0.1099936887621879	0.7567464113235474,-0.6320925354957581,-0.0979260131716728,0.1349237263202667
5.588	0.8309285044670105,0.5260305404663086,0.1487459391355514,0.1035579666495323	0.7567464113235474,-0.6320925354957581,-0.0979260131716728,0.1349237263202667
5.599	0.832193911075592,0.5268211960792542,0.1429723799228668,0.0973219871520996	0.756037175655365,-0.6394607424736023,-0.0816329941153526,0.1132866293191909
5.609	0.8333848118782043,0.5275276303291321,0.1373578011989593,0.0911987423896789	0.7549875378608704,-0.6430146098136902,-0.0757265836000442,0.1038823351264
5.619	0.8344894647598267,0.5282148718833923,0.1318265199661255,0.0850777328014373	0.7535400390625,-0.6465345621109009,-0.0710998252034187,0.0954741835594177
5.629	0.8355278372764587,0.5288586020469666,0.1263830065727234,0.07892407476902	0.7517381906509399,-0.6500796675682068,-0.0673727691173553,0.0880168452858924
5.638	0.8364916443824768,0.5295161008834839,0.1208972334861755,0.0726512148976326	0.7517381906509399,-0.6500796675682068,-0.0673727691173553,0.0880168452858924
5.649	0.8373611569404602,0.5301775932312012,0.1154876202344894,0.0663374438881874	0.7473417520523071,-0.6575925350189209,-0.0598144121468067,0.073990024626255
5.659	0.8381543755531311,0.5308312773704529,0.1101099848747253,0.0599258132278919	0.7445631623268127,-0.6618465781211853,-0.0554476603865623,0.0671588405966758
5.669	0.838890552520752,0.5314520597457886,0.1047570332884788,0.0533605143427848	0.7445631623268127,-0.6618465781211853,-0.0554476603865623,0.0671588405966758
5.678	0.8396050333976746,0.5319967269897461,0.0993649140000343,0.0465777404606342	0.7411982417106628,-0.6666808128356934,-0.0501695647835731,0.0603728964924812
5.688	0.8402532339096069,0.5325493812561035,0.0938735529780387,0.0394147783517837	0.7375362515449524,-0.671676516532898,-0.0441428385674953,0.0542437843978405
5.698	0.8407486081123352,0.533202052116394,0.088371105492115,0.0320628248155117	0.7332400679588318,-0.6770804524421692,-0.0378427617251873,0.0498889312148094
5.709	0.8409894704818726,0.5341084599494934,0.0828568264842033,0.0244854670017957	0.7228373885154724,-0.6890061497688293,-0.0260047316551208,0.0458304211497306
5.717	0.8409660458564758,0.5352717041969299,0.0773509442806243,0.0166488792747259	0.7228373885154724,-0.6890061497688293,-0.0260047316551208,0.0458304211497306
5.728	0.8407161235809326,0.5366331934928894,0.0717567205429077,0.0085017718374729	0.7174232602119446,-0.6945922374725342,-0.0237851720303297,0.0477464124560356
5.738	0.8402363061904907,0.5381832718849182,0.0660438761115074,-0.0001157668302766	0.7128188014030457,-0.6987719535827637,-0.0262922812253236,0.0539976209402084
5.748	0.8396124839782715,0.5397603511810303,0.0602390207350254,-0.0089878216385841	0.7093244194984436,-0.7013415098190308,-0.0315781831741333,0.0631012991070747
5.758	0.8388391733169556,0.5413711667060852,0.0541754812002182,-0.0181962288916111	0.7065788507461548,-0.703265905380249,-0.0353499241173267,0.0700974687933921
5.767	0.8379921913146973,0.5428895354270935,0.0475986376404762,-0.0278287008404731	0.7048327922821045,-0.704535722732544,-0.0380270816385746,0.0734449997544288
5.777	0.8370715379714966,0.5442942380905151,0.0404102802276611,-0.0377102270722389	0.7046478986740112,-0.7043908834457397,-0.0407606437802314,0.0751230791211128
5.788	0.8360679745674133,0.5455643534660339,0.0325355120003223,-0.0478669740259647	0.7063405513763428,-0.7026370167732239,-0.0409192033112049,0.0755634903907775
5.798	0.8350268006324768,0.5466011762619019,0.0243262685835361,-0.0580140501260757	0.7074822783470154,-0.7018539905548096,-0.0369630306959152,0.0741860195994377
5.807	0.8337728381156921,0.5476406216621399,0.0159323904663324,-0.0682546570897102	0.7074954509735107,-0.7024972438812256,-0.0301487054675817,0.070984810590744
5.818	0.8323450684547424,0.5485641360282898,0.0072892834432423,-0.0789043307304382	0.7070493698120117,-0.7037215232849121,-0.0217143148183822,0.066224530339241
5.827	0.83084636926651,0.5492303967475891,-0.0011765487724915,-0.0896600484848022	0.7066304683685303,-0.704902708530426,-0.0122770415619015,0.0602891147136688
5.837	0.829183042049408,0.5496564507484436,-0.0099416440352797,-0.101165123283863	0.7066728472709656,-0.7054687738418579,-0.0024827122688293,0.0540475435554981
5.848	0.8273782134056091,0.549878716468811,-0.0185543429106473,-0.1128464862704277	0.7073062062263489,-0.7052696347236633,0.0073451832868158,0.0475263930857181
5.857	0.8252649903297424,0.5500312447547913,-0.0275262370705604,-0.1250822395086288	0.7082772254943848,-0.7045661211013794,0.0170164965093135,0.0405011102557182
5.867	0.8229655027389526,0.5498946309089661,-0.0368090905249118,-0.1377999484539032	0.7092264890670776,-0.7036928534507751,0.0261352360248565,0.0336291678249836
5.877	0.8204528093338013,0.5494300723075867,-0.0464035905897617,-0.1510977298021316	0.7098977565765381,-0.7029141783714294,0.0349500998854637,0.0271166339516639
5.887	0.8176645040512085,0.5487658977508545,-0.0561694055795669,-0.1646987944841385	0.7102452516555786,-0.7022776007652283,0.0437378399074077,0.0210907608270645
5.896	0.8145177960395813,0.5479786396026611,-0.066019669175148,-0.1786660552024841	0.7103843092918396,-0.7016780972480774,0.0524865426123142,0.0157220214605331
5.908	0.8108668327331543,0.5473136305809021,-0.0758478567004203,-0.1928468197584152	0.7104408740997314,-0.7010143399238586,0.0611563920974731,0.0106045510619878
5.917	0.8066902160644531,0.5467777848243713,-0.0856848508119583,-0.2072274088859558	0.710607647895813,-0.7001131772994995,0.0696434900164604,0.0052962559275329
5.927	0.8021003603935242,0.5460831522941589,-0.0956878215074539,-0.2219730466604232	0.7109315395355225,-0.6989462971687317,0.0777830109000206,-0.0004889730480499
5.937	0.7972080111503601,0.5452455878257751,-0.1055850014090538,-0.2366822808980941	0.7113277316093445,-0.6976022124290466,0.0855536088347435,-0.0066726300865411
5.946	0.7919178605079651,0.5443115234375,-0.1155870631337165,-0.2514569163322449	0.7117072343826294,-0.6961467862129211,0.0931425839662551,-0.0132979219779372
5.956	0.7862800359725952,0.5431742668151855,-0.1257893741130828,-0.2662751078605652	0.7120356559753418,-0.6945788264274597,0.1007547453045845,-0.0203485693782567
5.966	0.7803107500076294,0.54184889793396,-0.1362043023109436,-0.2810040116310119	0.7122343182563782,-0.6929129958152771,0.1087128296494484,-0.0278442911803722
5.977	0.7739225029945374,0.5403020977973938,-0.1469985842704773,-0.2958190739154815	0.7121813297271729,-0.6912553310394287,0.1169850602746009,-0.0357542186975479
5.987	0.7673051357269287,0.5385401844978333,-0.1578201949596405,-0.3103388547897339	0.711814284324646,-0.6896462440490723,0.1255933046340942,-0.0439858920872211
5.996	0.7603994607925415,0.536461591720581,-0.1687085777521133,-0.3248677253723144	0.7111837267875671,-0.6879615187644958,0.1347289085388183,-0.0526762492954731
6.006	0.7531262636184692,0.534210741519928,-0.1796124130487442,-0.3393509685993194	0.7104318141937256,-0.68608558177948,0.1441183984279632,-0.061669435352087
6.016	0.7455366253852844,0.5317060351371765,-0.1904403418302536,-0.3538310527801513	0.7094079852104187,-0.6840887665748596,0.1539661586284637,-0.0711136013269424
6.026	0.7375221252441406,0.5288994908332825,-0.201327383518219,-0.3685019314289093	0.7081668972969055,-0.6818368434906006,0.1643552333116531,-0.0811508744955062
6.035	0.729209303855896,0.5258722901344299,-0.2120335102081298,-0.383084774017334	0.7066780924797058,-0.679344117641449,0.1751202344894409,-0.0918182283639907
6.045	0.7205485105514526,0.5225272178649902,-0.2226183414459228,-0.3977639973163605	0.7049647569656372,-0.6765661835670471,0.1862295866012573,-0.1029636561870575
6.056	0.7115144729614258,0.5187853574752808,-0.233144611120224,-0.4126165807247162	0.7028897404670715,-0.6736140251159668,0.1977750360965728,-0.1143470481038093
6.066	0.7020928859710693,0.5145856142044067,-0.2436235100030899,-0.4276852905750274	0.7005610466003418,-0.6703495383262634,0.2097522765398025,-0.1258953809738159
6.075	0.6921764612197876,0.5098482966423035,-0.2540935277938843,-0.44315105676651	0.697778046131134,-0.6669337749481201,0.2222751230001449,-0.1374733299016952
6.085	0.6818702816963196,0.504869818687439,-0.2642847299575805,-0.4585987329483032	0.6946786046028137,-0.6633144021034241,0.234978586435318,-0.1490661352872848
6.095	0.6710745692253113,0.4996805191040039,-0.2743139564990997,-0.4740570783615112	0.6912385821342468,-0.6595209240913391,0.2477241158485412,-0.1607922464609146
6.106	0.6597821712493896,0.4943910241127014,-0.2841715216636657,-0.4893991351127624	0.6875457167625427,-0.6554555296897888,0.2603397667407989,-0.1728645265102386
6.114	0.6480352282524109,0.488987922668457,-0.2938668131828308,-0.5045626163482666	0.6835415959358215,-0.6511480212211609,0.2727957665920257,-0.1853635013103485
6.125	0.6357951760292053,0.4833465218544006,-0.3034998774528503,-0.5196425914764404	0.6793209314346313,-0.6465126872062683,0.2850768864154815,-0.1981808990240097
6.135	0.6234199404716492,0.4776056706905365,-0.3128649294376373,-0.5341870784759521	0.6750012040138245,-0.6414788365364075,0.2971689403057098,-0.2111134380102157
6.145	0.6108633279800415,0.4717608392238617,-0.3219925165176391,-0.548277735710144	0.670648992061615,-0.6361381411552429,0.3089180588722229,-0.2238923758268356
6.155	0.5982375741004944,0.4658379554748535,-0.3308330178260803,-0.5618329048156738	0.6662617325782776,-0.6304379105567932,0.3205088973045349,-0.2364686876535415
6.164	0.5854718089103699,0.4598531126976013,-0.3393477499485016,-0.5749791264533997	0.6619423627853394,-0.6244990229606628,0.3318012654781341,-0.2484777867794037
6.174	0.5730209350585938,0.4540359079837799,-0.3472365438938141,-0.5873033404350281	0.6578889489173889,-0.6183518767356873,0.3425812423229217,-0.2597330212593078
6.185	0.5607825517654419,0.4484105706214905,-0.3545377552509308,-0.5989605784416199	0.6541686654090881,-0.6118226051330566,0.3529171049594879,-0.2705289721488952
6.195	0.5488396883010864,0.4429189562797546,-0.3612118661403656,-0.6100193858146667	0.6506179571151733,-0.6048693656921387,0.3629675507545471,-0.2812184393405914
6.204	0.5371577739715576,0.4376255571842193,-0.3673664927482605,-0.6204734444618225	0.647087574005127,-0.5973719358444214,0.3727688193321228,-0.2923487722873688
6.214	0.5255976915359497,0.432621568441391,-0.3732546269893646,-0.6302909851074219	0.6433815360069275,-0.5892050862312317,0.3824658989906311,-0.3043311536312103
6.224	0.5144233703613281,0.4279231131076813,-0.3788162767887115,-0.6393345594406128	0.639349639415741,-0.5802715420722961,0.3921877741813659,-0.3173414766788482
6.234	0.5036106109619141,0.4233878254890442,-0.384175181388855,-0.6477102041244507	0.6347507834434509,-0.5705356597900391,0.4021216332912445,-0.331479549407959
6.245	0.4931804537773132,0.4188786447048187,-0.3894846439361572,-0.6554505825042725	0.6294530034065247,-0.5599522590637207,0.4123600125312805,-0.3467007875442505
6.253	0.4830754995346069,0.4144315123558044,-0.3947906494140625,-0.6625895500183105	0.6294530034065247,-0.5599522590637207,0.4123600125312805,-0.3467007875442505
6.264	0.4731958508491516,0.4099588096141815,-0.4002098143100738,-0.6692171096801758	0.6159188151359558,-0.5359268188476562,0.4345926940441131,-0.3802046179771423
6.274	0.4637369811534881,0.405557632446289,-0.4056181609630584,-0.6752369999885559	0.6075574159622192,-0.5225093364715576,0.4466355443000793,-0.3979631662368774
6.284	0.4545616507530212,0.4012044370174408,-0.4110386967658996,-0.6807758808135986	0.5984728932380676,-0.5084717273712158,0.4588368833065033,-0.415638655424118
6.293	0.4456637799739837,0.3968731462955475,-0.4164175689220428,-0.6859095692634583	0.5984728932380676,-0.5084717273712158,0.4588368833065033,-0.415638655424118
6.303	0.4370653629302978,0.39253830909729,-0.4215920865535736,-0.6907587051391602	0.5889865159988403,-0.494099885225296,0.4709260761737823,-0.4326533079147339
6.314	0.4286651611328125,0.3880886435508728,-0.4266147315502167,-0.695437490940094	0.5700079798698425,-0.4654095470905304,0.4936961829662323,-0.4634101092815399
6.324	0.4206646978855133,0.3837751746177673,-0.4313108623027801,-0.6998061537742615	0.5612713098526001,-0.452026218175888,0.5038643479347229,-0.4762011766433716
6.334	0.4129674434661865,0.3795439898967743,-0.4357998073101043,-0.7039053440093994	0.5612713098526001,-0.452026218175888,0.5038643479347229,-0.4762011766433716
6.343	0.4056462347507477,0.3754712641239166,-0.4400379359722137,-0.7076997756958008	0.5536783337593079,-0.440038651227951,0.5125349760055542,-0.4869436919689178
6.353	0.3987433612346649,0.3715918362140655,-0.4440663754940033,-0.7111456990242004	0.5475085377693176,-0.4296424984931946,0.5196459889411926,-0.4955904185771942
6.363	0.3921583294868469,0.3677986562252044,-0.4479234516620636,-0.7143532633781433	0.5425881743431091,-0.42083939909935,0.5255436301231384,-0.5022909045219421
6.374	0.3860317468643188,0.3641707003116607,-0.4515149295330047,-0.7172819375991821	0.5351418852806091,-0.4075340628623962,0.5351461172103882,-0.5110359191894531
6.382	0.3803568482398987,0.3606394231319427,-0.4549276828765869,-0.7199366092681885	0.5351418852806091,-0.4075340628623962,0.5351461172103882,-0.5110359191894531
6.394	0.3751284182071686,0.3572326600551605,-0.4580881893634796,-0.7223702073097229	0.5327741503715515,-0.4033456146717071,0.5379922389984131,-0.5138368010520935
6.403	0.3703452944755554,0.3539452254772186,-0.4610942900180816,-0.7245407104492188	0.5313007235527039,-0.4009976983070373,0.5391217470169067,-0.5160117745399475
6.413	0.3659418523311615,0.3507604002952575,-0.4639034271240234,-0.726530909538269	0.5308826565742493,-0.4005546271800995,0.538395345211029,-0.5175422430038452
6.423	0.3620566725730896,0.3477579653263092,-0.4664871096611023,-0.7282645106315613	0.5317931175231934,-0.4021104872226715,0.5358167290687561,-0.5180768966674805
6.432	0.3586617410182953,0.34497731924057,-0.4688065648078918,-0.7297758460044861	0.533989667892456,-0.4055440425872803,0.531627893447876,-0.5174561142921448
6.442	0.3557865619659424,0.3424703776836395,-0.4708413779735565,-0.7310528755187988	0.5371843576431274,-0.4104901254177093,0.5262899398803711,-0.5157032012939453
6.453	0.3534163236618042,0.340225875377655,-0.4726260006427765,-0.7320982813835144	0.5410040616989136,-0.4166341722011566,0.5203917622566223,-0.5127601623535156
6.463	0.3516355156898498,0.3383790850639343,-0.4741056859493255,-0.7328546047210693	0.5448875427246094,-0.4234966933727264,0.514722466468811,-0.5087325572967529
6.473	0.3504605889320373,0.3368455767631531,-0.475260853767395,-0.7333754897117615	0.5484182834625244,-0.4307377338409424,0.5097206830978394,-0.5038721561431885
6.482	0.3498893082141876,0.3356636464595794,-0.4760829508304596,-0.7336568832397461	0.5514394640922546,-0.4380018413066864,0.5056149959564209,-0.4984199106693268
6.492	0.3499245345592499,0.3347901105880737,-0.4767234325408935,-0.7336233258247375	0.5538944005966187,-0.4451172947883606,0.5023718476295471,-0.4926398396492004
6.503	0.3505697250366211,0.3342094123363495,-0.4771053493022918,-0.7333316802978516	0.5555453300476074,-0.4518384635448456,0.4999289810657501,-0.4871164858341217
6.513	0.3518005311489105,0.3338850438594818,-0.4772803485393524,-0.7327759265899658	0.5563963055610657,-0.4582498371601105,0.4980881512165069,-0.482014924287796
6.522	0.3536474704742431,0.3339161276817322,-0.4772457778453827,-0.7318947911262512	0.5568501949310303,-0.4644643664360046,0.4963470101356506,-0.4773158133029938
6.532	0.3561057150363922,0.3343877792358398,-0.4770063459873199,-0.7306424379348755	0.5571045279502869,-0.4702341258525848,0.4945505261421203,-0.4732168614864349
6.542	0.3591856360435486,0.3352449238300323,-0.4765835404396057,-0.7290162444114685	0.557197093963623,-0.4755141735076904,0.4928147494792938,-0.4696289598941803
6.552	0.3629192411899566,0.3366127610206604,-0.4759571254253387,-0.7269431352615356	0.5572184324264526,-0.4804754853248596,0.4910551309585571,-0.4663860201835632
6.561	0.3672654330730438,0.3384128510951996,-0.4750319719314575,-0.7245256900787354	0.557268500328064,-0.4850525856018066,0.4892201721668243,-0.4635077118873596
6.571	0.3722919225692749,0.3406751453876495,-0.4737492203712463,-0.7217345833778381	0.5576997995376587,-0.4893793761730194,0.4869588613510132,-0.4608142971992492
6.582	0.3779857754707336,0.3434225916862488,-0.4721071720123291,-0.7185418605804443	0.5589049458503723,-0.4934828877449035,0.4840750396251678,-0.4580078721046448
6.592	0.3842816054821014,0.3466563820838928,-0.4700385630130768,-0.7149971127510071	0.5609272122383118,-0.4966558814048767,0.4810943901538849,-0.4552381336688995
6.602	0.3912462592124939,0.3503502607345581,-0.4675013422966003,-0.7110720872879028	0.5632104277610779,-0.4980891644954681,0.4789553582668304,-0.4531037807464599
6.611	0.3986490964889526,0.3544188439846039,-0.4645678400993347,-0.7068541646003723	0.5642275810241699,-0.4968411922454834,0.479623794555664,-0.4525008499622345
6.621	0.4066145420074463,0.358952134847641,-0.4612012803554535,-0.7022188305854797	0.5627557635307312,-0.4928459525108337,0.4842916131019592,-0.4537293314933777
6.631	0.4152315855026245,0.3639084696769714,-0.4573569297790527,-0.6971212029457092	0.5586154460906982,-0.4868909418582916,0.4928300976753235,-0.4560751020908355
6.642	0.4244027435779571,0.3693319857120514,-0.4531468749046325,-0.6914724707603455	0.5531960129737854,-0.4811373353004455,0.5030842423439026,-0.4575884938240051
6.65	0.4341918528079986,0.3751820623874664,-0.4485985934734344,-0.685182511806488	0.5489722490310669,-0.4779541194438934,0.5113241672515869,-0.4568773508071899
6.661	0.4444962739944458,0.3814262747764587,-0.4437056183815002,-0.6782789826393127	0.5476527214050293,-0.4783409237861633,0.5151763558387756,-0.4537177383899688
6.671	0.4553476572036743,0.3881844580173492,-0.4384141266345978,-0.6706448197364807	0.5490520000457764,-0.4812473356723785,0.5146487355232239,-0.449532687664032
6.681	0.4666680097579956,0.3952540457248688,-0.4327997863292694,-0.6623289585113525	0.5513418912887573,-0.4841459095478058,0.5121304392814636,-0.4464831948280334
6.69	0.4786091446876526,0.4025607407093048,-0.4267118573188782,-0.6532956957817078	0.553372859954834,-0.4864968955516815,0.5092390179634094,-0.4447189569473266
6.7	0.491090178489685,0.4096008539199829,-0.4200734198093414,-0.6438912153244019	0.5553247928619385,-0.4892350435256958,0.5060549378395081,-0.4429128766059875
6.711	0.504111111164093,0.4163852632045746,-0.4129332900047302,-0.6340199112892151	0.5576850175857544,-0.4935590624809265,0.5022919178009033,-0.4394196569919586
6.721	0.517691433429718,0.4233354032039642,-0.4053580462932586,-0.623271644115448	0.5605272650718689,-0.4995552003383636,0.4981991946697235,-0.4336489140987396
6.731	0.5316259860992432,0.4304203391075134,-0.3973922431468963,-0.6117119193077087	0.5639816522598267,-0.5069026350975037,0.4937426447868347,-0.4256671667098999
6.74	0.5459668636322021,0.4377753138542175,-0.3889612555503845,-0.5991511344909668	0.5678073763847351,-0.5149678587913513,0.4888786375522613,-0.4164138734340668
6.75	0.5603739619255066,0.4451622664928436,-0.3801134824752807,-0.5859396457672119	0.5718962550163269,-0.523271918296814,0.483391135931015,-0.4067606329917907
6.76	0.5749264359474182,0.4526254832744598,-0.3707744181156158,-0.5719406604766846	0.5761917233467102,-0.5316474437713623,0.4771811366081238,-0.3970544338226318
6.771	0.5894582271575928,0.4601728320121765,-0.3610018789768219,-0.5571872591972351	0.5808360576629639,-0.5402600169181824,0.4699594676494598,-0.3871520161628723
6.779	0.6038440465927124,0.4677131474018097,-0.3507837951183319,-0.5418186783790588	0.5861653685569763,-0.5491613745689392,0.461340844631195,-0.3768242299556732
6.79	0.6181880831718445,0.4752307832241058,-0.3401128053665161,-0.5256638526916504	0.5920059680938721,-0.5583264827728271,0.4516250789165497,-0.3658349514007568
6.8	0.6320055723190308,0.4824874997138977,-0.3293118774890899,-0.5092428922653198	0.597974956035614,-0.5677869319915771,0.4409765899181366,-0.3543776273727417
6.81	0.6454419493675232,0.4893932044506073,-0.3183235824108124,-0.4925129413604736	0.6043434143066406,-0.5773667097091675,0.4288951158523559,-0.3427326679229736
6.82	0.6583582162857056,0.495940089225769,-0.3072890937328338,-0.4755851328372955	0.6110259890556335,-0.5867279171943665,0.4156885743141174,-0.3310597538948059
6.829	0.670651912689209,0.5020954012870789,-0.2963314950466156,-0.4585999548435211	0.6176551580429077,-0.5956913828849792,0.4021174907684326,-0.3193045854568481
6.839	0.6824306845664978,0.507912814617157,-0.2853742837905884,-0.4414457976818084	0.6243031620979309,-0.6043420433998108,0.3880844116210937,-0.3072568774223327
6.85	0.6933500170707703,0.5133554339408875,-0.2746930122375488,-0.4245887994766235	0.6308596730232239,-0.6126824021339417,0.373806744813919,-0.2947961390018463
6.86	0.7035704255104065,0.5184229612350464,-0.2641259431838989,-0.4079997539520263	0.6370256543159485,-0.6206055283546448,0.3597192764282226,-0.2822217941284179
6.869	0.7130851149559021,0.5231379866600037,-0.253690630197525,-0.3917617499828338	0.6430532336235046,-0.62787926197052,0.3457280695438385,-0.2696705162525177
6.88	0.7218995094299316,0.5275506973266602,-0.243354246020317,-0.3759388327598572	0.6488487124443054,-0.6345189213752747,0.331991046667099,-0.2572218179702759
6.889	0.7301454544067383,0.5316655039787292,-0.2330062240362167,-0.3604545593261719	0.6541821360588074,-0.6406424641609192,0.3187312185764313,-0.2450170516967773
6.899	0.7377104759216309,0.5353575944900513,-0.2228882014751434,-0.3456824719905853	0.6589773297309875,-0.6463503241539001,0.3059462010860443,-0.2331886738538742
6.91	0.7447814345359802,0.5386340618133545,-0.2128522545099258,-0.3314630687236786	0.6631563305854797,-0.6517069935798645,0.2936363518238067,-0.2219895124435424
6.919	0.7514718770980835,0.5413788557052612,-0.2028851509094238,-0.3178624510765075	0.6666774749755859,-0.6565645933151245,0.2821283042430877,-0.2118200659751892
6.929	0.7578428387641907,0.5436068773269653,-0.193077802658081,-0.3047734498977661	0.6694602966308594,-0.6609811186790466,0.2716484665870666,-0.2028151005506515
6.939	0.7639873623847961,0.5453622341156006,-0.1833170503377914,-0.2920585870742798	0.6715633273124695,-0.6649845242500305,0.2622861266136169,-0.1949468404054641
6.949	0.7697718143463135,0.5466345548629761,-0.1739559918642044,-0.2799664735794067	0.6731237769126892,-0.6686650514602661,0.2539414465427398,-0.1878963410854339
6.958	0.77517169713974,0.5476586818695068,-0.1649587303400039,-0.2682676017284393	0.6731237769126892,-0.6686650514602661,0.2539414465427398,-0.1878963410854339
6.97	0.7802942395210266,0.5483063459396362,-0.1562743186950683,-0.2570589780807495	0.6750133633613586,-0.675148606300354,0.2399021089076995,-0.1760060787200927
6.979	0.7852192521095276,0.5486317873001099,-0.1477884352207183,-0.2461554259061813	0.6755761504173279,-0.6779124140739441,0.233991339802742,-0.1711129248142242
6.989	0.7898382544517517,0.5486841797828674,-0.1396085768938064,-0.2358190268278122	0.6759745478630066,-0.6804569959640503,0.2285455018281936,-0.1667442619800567
6.999	0.7941439747810364,0.5486034750938416,-0.1316314488649368,-0.2259265482425689	0.6759745478630066,-0.6804569959640503,0.2285455018281936,-0.1667442619800567
7.008	0.7981497049331665,0.5483824610710144,-0.1238928884267807,-0.2165277749300003	0.676278293132782,-0.6828271746635437,0.2233848422765731,-0.1627691984176635
7.018	0.8018611669540405,0.5480532646179199,-0.1164416447281837,-0.2075996249914169	0.6766639947891235,-0.6849781274795532,0.2183452248573303,-0.1589218527078628
7.028	0.8053618669509888,0.5475807189941406,-0.109216384589672,-0.1990465074777603	0.6770073175430298,-0.6870236396789551,0.2134534865617752,-0.1552325189113617
7.039	0.8085917830467224,0.5469822287559509,-0.1024134755134582,-0.191052570939064	0.6776862740516663,-0.6903864741325378,0.2046276777982711,-0.1491152346134185
7.049	0.8115997910499573,0.5462945699691772,-0.0959141105413436,-0.1834896653890609	0.6781399846076965,-0.691805362701416,0.2001547068357467,-0.1465249061584472
7.058	0.8144209980964661,0.5454875230789185,-0.0898052677512168,-0.1763430684804916	0.6781399846076965,-0.691805362701416,0.2001547068357467,-0.1465249061584472
7.068	0.8170719742774963,0.5445705056190491,-0.084045261144638,-0.1696251034736633	0.6787558794021606,-0.6930326223373413,0.1955527514219284,-0.1440673619508743
7.078	0.8195724487304688,0.5435779690742493,-0.0786133334040641,-0.1632297188043594	0.6793854832649231,-0.6942171454429626,0.1908585280179977,-0.1416720896959304
7.088	0.8219096064567566,0.5424878597259521,-0.0736410915851593,-0.1573165208101272	0.6800441145896912,-0.6953205466270447,0.1861370205879211,-0.1393640339374542
7.097	0.8241089582443237,0.5413463115692139,-0.0690755620598793,-0.151714026927948	0.6807612776756287,-0.6962540745735168,0.1815102100372314,-0.1372896283864975
7.107	0.8261721730232239,0.5401766300201416,-0.064903400838375,-0.1464110910892486	0.6814855337142944,-0.697039008140564,0.1770389974117279,-0.1355405747890472
7.118	0.8281350135803223,0.5389420986175537,-0.0611153542995452,-0.1414166837930679	0.6822176575660706,-0.6977580785751343,0.172531858086586,-0.133961021900177
7.128	0.8300588726997375,0.5375778079032898,-0.0576423220336437,-0.1367106735706329	0.6829280853271484,-0.6984716653823853,0.1679880768060684,-0.1323879659175872
7.137	0.8316507935523987,0.5365042090415955,-0.0537240989506244,-0.1327927112579345	0.6835112571716309,-0.6991173028945923,0.1638426333665847,-0.1311597824096679
7.147	0.8331122398376465,0.5354976654052734,-0.0498573966324329,-0.1291534900665283	0.683925449848175,-0.6996675729751587,0.1602988541126251,-0.1304439306259155
7.157	0.8344169855117798,0.534607470035553,-0.0460783690214157,-0.1257770210504531	0.6842668056488037,-0.7001504898071289,0.157024472951889,-0.1300445050001144
7.168	0.8355626463890076,0.5338672995567322,-0.0424202643334865,-0.122561477124691	0.6845853328704834,-0.7005184888839722,0.1539869904518127,-0.1300185173749923
7.178	0.836632490158081,0.5331692099571228,-0.0389082394540309,-0.1194268241524696	0.6849203705787659,-0.7007735967636108,0.151080921292305,-0.1302877962589264
7.187	0.837647020816803,0.5324760675430298,-0.0356912277638912,-0.1163732483983039	0.6853381991386414,-0.7008591890335083,0.1483039557933807,-0.1308200657367706
7.197	0.838623583316803,0.5317803025245667,-0.0326541028916835,-0.1133740171790123	0.6858155131340027,-0.7008572220802307,0.1456294506788253,-0.131331980228424
7.207	0.8395617008209229,0.5310942530632019,-0.029666656628251,-0.110430784523487	0.6864067912101746,-0.7006542682647705,0.1431635469198227,-0.1320361793041229
7.217	0.8403536081314087,0.5305536985397339,-0.0266840755939483,-0.10773416608572	0.6872531175613403,-0.7001396417617798,0.1408285200595855,-0.1328716278076172
7.226	0.8413659930229187,0.5296944379806519,-0.0245248489081859,-0.1045251041650772	0.6882153153419495,-0.6995031237602234,0.1385630518198013,-0.1336237788200378
7.236	0.8423005938529968,0.5288782715797424,-0.0224915351718664,-0.1015456244349479	0.6891777515411377,-0.6988688707351685,0.1363759934902191,-0.1342307478189468
7.247	0.8431511521339417,0.5281282663345337,-0.0205525308847427,-0.0987634435296058	0.6903958320617676,-0.6980051398277283,0.1342265903949737,-0.1346310675144195
7.257	0.8439013361930847,0.5274749994277954,-0.0187814105302095,-0.0961659550666809	0.6921188831329346,-0.6967796087265015,0.1319491416215896,-0.1343840956687927
7.266	0.8445568680763245,0.5269275903701782,-0.0170616693794727,-0.0937009826302528	0.6943353414535522,-0.6952099204063416,0.1293535381555557,-0.1336011290550232
7.276	0.8450926542282104,0.5265192985534668,-0.0154195707291364,-0.0914228931069374	0.6971777677536011,-0.6932525634765625,0.1260506212711334,-0.1321185231208801
7.286	0.8455129861831665,0.5262407660484314,-0.0137941958382725,-0.0893770307302475	0.7006374001502991,-0.6910060048103333,0.1216925531625747,-0.1296489834785461
7.296	0.8458104729652405,0.5261082649230957,-0.0121034896001219,-0.0875677466392517	0.704670250415802,-0.6885128617286682,0.1162337884306907,-0.1260147243738174
7.307	0.846000075340271,0.5261132717132568,-0.0103799998760223,-0.0859116092324256	0.7090647220611572,-0.6858492493629456,0.1099370047450065,-0.1214579045772552
7.316	0.8460510969161987,0.5263160467147827,-0.0085078971460461,-0.0843597203493118	0.7136842608451843,-0.683030903339386,0.102994903922081,-0.116256795823574
7.326	0.8460304737091064,0.5266085267066956,-0.0066083869896829,-0.0828993245959281	0.7184538841247559,-0.6800637245178223,0.0956326946616172,-0.1104159578680992
7.336	0.8459398746490479,0.5270017385482788,-0.0046971989795565,-0.0814426764845848	0.7231242656707764,-0.6771082878112793,0.0881620272994041,-0.1041294634342193
7.346	0.8458043932914734,0.5274513363838196,-0.0028819795697927,-0.0800100788474083	0.7276548743247986,-0.6741271018981934,0.0809798315167427,-0.0975363180041313
7.355	0.8456261157989502,0.5279589891433716,-0.0012219758937135,-0.0785766690969467	0.7318887114524841,-0.6712689995765686,0.0743288174271583,-0.090620569884777
7.365	0.845394492149353,0.5285492539405823,0.0003373461950104,-0.0770957320928573	0.735639750957489,-0.6687849760055542,0.0680859014391899,-0.0832172110676765
7.376	0.8451194167137146,0.5292011499404907,0.0017862526001408,-0.0756046772003173	0.7390303611755371,-0.6665974259376526,0.0619631819427013,-0.0751164257526397
7.386	0.8448330760002136,0.5298572182655334,0.0031527632381767,-0.074151761829853	0.7415422797203064,-0.6653763651847839,0.0552394725382328,-0.0658636167645454
7.396	0.8445032835006714,0.5305661559104919,0.004512604791671,-0.0727554783225059	0.7435169816017151,-0.6647243499755859,0.0475248284637928,-0.0553658530116081
7.405	0.844158411026001,0.5312789678573608,0.0059601543471217,-0.0714399293065071	0.7450523376464844,-0.664454460144043,0.0386410132050514,-0.0436368286609649
7.415	0.8437733054161072,0.5320446491241455,0.0075477478094398,-0.0701296329498291	0.7460033893585205,-0.6645981073379517,0.0287498850375413,-0.0310110542923212
7.425	0.8434016704559326,0.5327775478363037,0.0092122508212924,-0.0688249319791793	0.7466264963150024,-0.6647621989250183,0.0179056581109762,-0.0178716406226158
7.436	0.843119204044342,0.5331737399101257,0.0126512208953499,-0.0686707124114036	0.7469027638435364,-0.664886474609375,0.0064150630496442,-0.0045987907797098
7.444	0.8428733944892883,0.5335087776184082,0.0159585271030664,-0.0683975294232368	0.7468370795249939,-0.6649315357208252,-0.0054134824313223,0.0084344167262315
7.456	0.8426065444946289,0.5340415239334106,0.0178999435156583,-0.0670322179794311	0.7465276718139648,-0.6647960543632507,-0.0174547340720891,0.0209282096475362
7.465	0.8423455357551575,0.5345694422721863,0.0200800355523824,-0.0654702559113502	0.7459017634391785,-0.6645781397819519,-0.0296462159603834,0.0329781286418437
7.475	0.8420425057411194,0.5351434350013733,0.0220960788428783,-0.0640122443437576	0.745112419128418,-0.6641199588775635,-0.041984237730503,0.0446040146052837
7.485	0.8417864441871643,0.535632848739624,0.0239413324743509,-0.0626078620553016	0.7442864179611206,-0.6632843613624573,-0.0543689467012882,0.0559975393116474
7.494	0.8418347239494324,0.5356440544128418,0.0255789887160062,-0.0612007938325405	0.7432277202606201,-0.6623134613037109,-0.0666365548968315,0.0671789124608039
7.504	0.8420141339302063,0.5354505777359009,0.0269617084413766,-0.0598154515027999	0.741826593875885,-0.6613680124282837,-0.0785634517669677,0.078188233077526
7.515	0.8422248363494873,0.5352150797843933,0.028299318626523,-0.0583207011222839	0.7399885058403015,-0.6605589985847473,-0.0902299433946609,0.0890915691852569
7.525	0.8424074649810791,0.5350279808044434,0.0297097153961658,-0.0566745772957801	0.7376499772071838,-0.6599993109703064,-0.1016635000705719,0.0996891111135482
7.535	0.8424926400184631,0.5349918603897095,0.0311734564602375,-0.0549371019005775	0.7350794672966003,-0.6595125794410706,-0.1126065552234649,0.1096403300762176
7.544	0.8425672650337219,0.5349672436714172,0.0327544920146465,-0.0530811473727226	0.7324733734130859,-0.6591436862945557,-0.122467964887619,0.1183803901076316
7.554	0.8427034616470337,0.5348424315452576,0.0343983173370361,-0.0510992296040058	0.7299261093139648,-0.6590626239776611,-0.1307804733514785,0.1254625767469406
7.565	0.8428507447242737,0.5346866250038147,0.0360598862171173,-0.0491165742278099	0.7275617122650146,-0.6593238711357117,-0.1372758150100708,0.1307719349861145
7.575	0.8430697917938232,0.5344097018241882,0.0377189815044403,-0.0470845289528369	0.7256062030792236,-0.6598950028419495,-0.1415346562862396,0.1341720968484878
7.584	0.843317449092865,0.5340759754180908,0.0393679030239582,-0.0450392588973045	0.7242122292518616,-0.660689651966095,-0.1435761302709579,0.1356159448623657
7.594	0.8435919880867004,0.5336909294128418,0.0409950390458107,-0.0429631359875202	0.7231895923614502,-0.6618887782096863,-0.1434392184019088,0.1353707164525985
7.604	0.8439351916313171,0.5331865549087524,0.0425810478627681,-0.0408919751644134	0.7223327159881592,-0.663532018661499,-0.1416118741035461,0.1338158994913101
7.614	0.8442857265472412,0.5326581597328186,0.0440864749252796,-0.0389020852744579	0.7217010855674744,-0.6653836369514465,-0.1384532749652862,0.1313119083642959
7.623	0.8446473479270935,0.5320992469787598,0.0455339141190052,-0.0369851067662239	0.7217010855674744,-0.6653836369514465,-0.1384532749652862,0.1313119083642959
7.633	0.8450096845626831,0.5315295457839966,0.046870119869709,-0.0351875014603138	0.721306324005127,-0.6672446131706238,-0.1343981325626373,0.128214493393898
7.644	0.8453644514083862,0.5309649109840393,0.0481099672615528,-0.0334753915667533	0.7209203243255615,-0.6706683039665222,-0.1256272345781326,0.121225856244564
7.654	0.8457244634628296,0.5303845405578613,0.0492744520306587,-0.0318494066596031	0.7207255959510803,-0.6723083853721619,-0.121527649462223,0.1174185499548912
7.664	0.8460773825645447,0.5298115611076355,0.0503167584538459,-0.0303478743880987	0.7207255959510803,-0.6723083853721619,-0.121527649462223,0.1174185499548912
7.673	0.8464008569717407,0.5292837619781494,0.0512401051819324,-0.0289597939699888	0.7206756472587585,-0.6737756729125977,-0.1174118146300315,0.1134345233440399
7.683	0.8466511368751526,0.5286394953727722,0.0538003854453563,-0.0287708081305027	0.7206043601036072,-0.6752911806106567,-0.1130297631025314,0.109249509871006
7.693	0.846911609172821,0.5279759764671326,0.0562012903392314,-0.0286973230540752	0.7201532125473022,-0.6771740913391113,-0.1085366606712341,0.105044774711132
7.704	0.8471888899803162,0.5272912979125977,0.0583913400769233,-0.0287272091954946	0.7176684737205505,-0.6818236112594604,-0.1018317118287086,0.0984824001789093
7.712	0.8475313782691956,0.5267378091812134,0.0588213130831718,-0.0278925225138664	0.7176684737205505,-0.6818236112594604,-0.1018317118287086,0.0984824001789093
7.723	0.8478983044624329,0.5261430740356445,0.0591744557023048,-0.0272091012448072	0.7160886526107788,-0.6840377449989319,-0.1000819727778434,0.0964004099369049
7.733	0.8482676148414612,0.5255456566810608,0.0594479739665985,-0.0266370605677366	0.7145667672157288,-0.6858881115913391,-0.0995170846581459,0.0951220989227294
7.743	0.8486756682395935,0.5248885750770569,0.0596425719559192,-0.026160592213273	0.7130348682403564,-0.6875009536743164,-0.0999857261776924,0.0944799557328224
7.753	0.8490675091743469,0.5242568254470825,0.0597796030342578,-0.0257987473160028	0.7115839123725891,-0.6888908743858337,-0.1010719612240791,0.0941391289234161
7.762	0.8493442535400391,0.5236621499061584,0.0609023980796337,-0.0261379852890968	0.7103575468063354,-0.6900116801261902,-0.1023202985525131,0.0938435196876525
7.773	0.8495932817459106,0.5231334567070007,0.0617991313338279,-0.0265216138213872	0.7091806530952454,-0.6910423040390015,-0.1035974323749542,0.0937603637576103
7.783	0.8499139547348022,0.5226179361343384,0.0617877803742885,-0.0264391563832759	0.7079594135284424,-0.692126452922821,-0.1046478673815727,0.0938256829977035
7.793	0.8502375483512878,0.5221001505851746,0.061700876802206,-0.026465019211173	0.7065049409866333,-0.6934902667999268,-0.1054124534130096,0.093862809240818
7.802	0.8505467176437378,0.5216138362884521,0.0615165457129478,-0.0265525411814451	0.7047807574272156,-0.695144534111023,-0.1060748472809791,0.0938410833477974
7.812	0.8508456945419312,0.5211488604545593,0.0612666457891464,-0.0266814976930618	0.7029849886894226,-0.6968415975570679,-0.1066644489765167,0.0940565690398216
7.822	0.8511546850204468,0.5206683278083801,0.0609576068818569,-0.0269139241427183	0.7013952136039734,-0.6983232498168945,-0.107062317430973,0.0944832190871238
7.833	0.8514590859413147,0.5201987624168396,0.0605926103889942,-0.0271874107420444	0.699993908405304,-0.6996676325798035,-0.1070426478981971,0.0949505642056465
7.841	0.8517326712608337,0.5197806358337402,0.0601951368153095,-0.0274968091398477	0.6987107992172241,-0.7010457515716553,-0.1063247546553611,0.0950428694486618
7.852	0.8519763946533203,0.5194067358970642,0.059825412929058,-0.0278151184320449	0.6974906921386719,-0.7025213837623596,-0.1049563214182853,0.0946286544203758
7.862	0.8521779179573059,0.5190995335578918,0.0594679042696952,-0.0281416401267051	0.6963043808937073,-0.7040826678276062,-0.1031683906912803,0.0937225222587585
7.872	0.8523297905921936,0.5188625454902649,0.0591963864862918,-0.0284869894385337	0.6952100992202759,-0.7055899500846863,-0.1012568324804306,0.0925893783569336
7.882	0.8524540066719055,0.5186702013015747,0.0589233487844467,-0.028835441917181	0.6942870020866394,-0.7069206833839417,-0.0994292497634887,0.0913371443748474
7.891	0.8525656461715698,0.5184949636459351,0.0586872845888137,-0.0291644390672445	0.693415105342865,-0.7081353068351746,-0.0979505851864814,0.0901413187384605
7.901	0.8526439666748047,0.5183675289154053,0.0585169494152069,-0.0294838994741439	0.6927021741867065,-0.7091369032859802,-0.0967741310596466,0.0890130028128624
7.912	0.8527432680130005,0.5182065963745117,0.0583412423729896,-0.0297846011817455	0.6921693086624146,-0.7099084258079529,-0.0957902148365974,0.0880678594112396
7.922	0.8528834581375122,0.5179776549339294,0.0581514425575733,-0.0301210395991802	0.6916248202323914,-0.710623562335968,-0.0950309187173843,0.0873978659510612
7.931	0.8530578017234802,0.5177001953125,0.0578927174210548,-0.0304513033479452	0.6910094022750854,-0.7113441228866577,-0.0945156812667846,0.0869612246751785
7.942	0.8532432317733765,0.5174054503440857,0.0576127581298351,-0.0307953003793954	0.6903713941574097,-0.7120388150215149,-0.0941418707370758,0.0867479592561721
7.951	0.8534574508666992,0.5170590877532959,0.0573622062802314,-0.0311412867158651	0.6896966099739075,-0.7127072215080261,-0.0939458385109901,0.0868404805660247
7.962	0.8536864519119263,0.5166892409324646,0.0571086220443248,-0.0314688310027122	0.6890023946762085,-0.7133821249008179,-0.0937529504299163,0.0870178639888763
7.972	0.8539159893989563,0.5163170695304871,0.0568726100027561,-0.0317756719887256	0.6882665753364563,-0.7140958905220032,-0.0935417935252189,0.0872121751308441
7.981	0.8541406393051147,0.5159441828727722,0.0567246861755847,-0.0320570059120655	0.6875829100608826,-0.714777946472168,-0.0932522490620613,0.0873283371329307
7.991	0.8543699383735657,0.5155642628669739,0.0565774999558925,-0.0323168002068996	0.6870014667510986,-0.715364933013916,-0.0929436311125755,0.0874273106455802
8.001	0.854576826095581,0.5152209997177124,0.0564553439617157,-0.0325377434492111	0.686508059501648,-0.7158416509628296,-0.0927370339632034,0.0876198709011077
8.011	0.8547775745391846,0.5148854851722717,0.0563751719892025,-0.0327115058898925	0.657639741897583,-0.7423742413520813,-0.085061065852642,0.0956820100545883
8.022	0.8549630045890808,0.5145793557167053,0.0562740415334701,-0.0328578241169452	0.6571735739707947,-0.7427550554275513,-0.0850286185741424,0.0959575548768043
8.03	0.8551367521286011,0.5142924785614014,0.0561819858849048,-0.0329838171601295	0.656680166721344,-0.7431356906890869,-0.0851252973079681,0.0963021591305732
8.041	0.8553083539009094,0.5140106678009033,0.056095901876688,-0.0330755487084388	0.6561411619186401,-0.7435531616210938,-0.0852662846446037,0.0966286584734916
8.051	0.8554757833480835,0.513741672039032,0.0559921525418758,-0.0330971032381057	0.6555798649787903,-0.7440023422241211,-0.085357941687107,0.096899963915348
8.061	0.8556525707244873,0.5134577751159668,0.055883090943098,-0.0331198312342166	0.6550443172454834,-0.7444445490837097,-0.0854004770517349,0.0970877334475517
8.07	0.8558388948440552,0.513163685798645,0.0557465329766273,-0.0330960154533386	0.654509961605072,-0.7448840737342834,-0.0854623094201088,0.0972654521465301
8.08	0.8560047745704651,0.5129035115242004,0.055634394288063,-0.0330234579741954	0.6539649367332458,-0.7453625798225403,-0.0854002684354782,0.0973199307918548
8.09	0.8561757802963257,0.5126323699951172,0.0555739291012287,-0.0329039208590984	0.653519332408905,-0.7457908391952515,-0.0854484662413597,0.0969892665743827
8.101	0.8563277125358582,0.512396514415741,0.0554961897432804,-0.0327564366161823	0.6529794931411743,-0.7463006377220154,-0.0854140967130661,0.0967354699969291
8.111	0.8564688563346863,0.5121789574623108,0.0554153211414814,-0.032605767250061	0.6524689197540283,-0.7467585206031799,-0.085395410656929,0.0966624394059181
8.12	0.8566150069236755,0.5119579434394836,0.055307812988758,-0.0324149578809738	0.6520004272460938,-0.7471678256988525,-0.0853387489914894,0.0967113524675369
8.13	0.8567646741867065,0.5117301344871521,0.0552343353629112,-0.0321837067604064	0.651561439037323,-0.7475379705429077,-0.0852976590394973,0.0968447923660278
8.14	0.8569117784500122,0.5115101933479309,0.0551524199545383,-0.0319047234952449	0.6511293053627014,-0.7479146122932434,-0.0852443128824234,0.096890777349472
8.15	0.8570543527603149,0.5112992525100708,0.0550792478024959,-0.0315786115825176	0.6506688594818115,-0.7483007311820984,-0.0852734223008155,0.0969769358634948
8.159	0.857216477394104,0.5110557079315186,0.0550251714885234,-0.0312109962105751	0.6502029299736023,-0.7486765384674072,-0.0853738933801651,0.0971129611134529
8.17	0.8573734164237976,0.5108194947242737,0.0549916923046112,-0.0308272317051887	0.6497696042060852,-0.7490059733390808,-0.0855657756328582,0.0973035618662834
8.18	0.8575500249862671,0.5105502009391785,0.0549623481929302,-0.0304231140762567	0.649359405040741,-0.7492793798446655,-0.0859082117676734,0.0976347997784614
8.19	0.8577542304992676,0.510227382183075,0.0549794472754001,-0.0300492420792579	0.649030864238739,-0.7494689226150513,-0.0862609446048736,0.0980536714196205
8.199	0.8579617142677307,0.5098974108695984,0.0550154075026512,-0.0296576414257287	0.6487674713134766,-0.749596118927002,-0.0866407006978988,0.0984875559806823
8.209	0.8581657409667969,0.5095726251602173,0.0550322718918323,-0.0293011646717786	0.6485967636108398,-0.7496464848518372,-0.0870339497923851,0.0988817363977432
8.219	0.8583990931510925,0.5091996788978577,0.0549941770732402,-0.0290234237909317	0.6484687328338623,-0.7496719360351562,-0.0874112024903297,0.099194549024105
8.23	0.8586409091949463,0.5088093280792236,0.054983340203762,-0.0287334360182285	0.6483001708984375,-0.7497469782829285,-0.0877953916788101,0.0993904471397399
8.24	0.8588331937789917,0.5084806084632874,0.05523232370615,-0.0283262282609939	0.6481205224990845,-0.7498303055763245,-0.0881893336772918,0.0995836108922958
8.249	0.8588822484016418,0.5083845853805542,0.0555300079286098,-0.027982098981738	0.6479796767234802,-0.7498701214790344,-0.0886624529957771,0.0997808128595352
8.259	0.8589758276939392,0.5082336068153381,0.0555611513555049,-0.0277840662747621	0.6477914452552795,-0.7499474287033081,-0.0890575051307678,0.1000687927007675
8.269	0.859104573726654,0.5080272555351257,0.0555850975215435,-0.0275288689881563	0.6477914452552795,-0.7499474287033081,-0.0890575051307678,0.1000687927007675
8.279	0.859310507774353,0.5076969265937805,0.0555089674890041,-0.0273499879986047	0.647305965423584,-0.750175416469574,-0.0898785293102264,0.1007646024227142
8.29	0.8595655560493469,0.5072966814041138,0.0552774779498577,-0.0272301286458969	0.6471197605133057,-0.750277042388916,-0.0901621654629707,0.1009513810276985
8.298	0.859726071357727,0.5070476531982422,0.0551397427916526,-0.0270800311118364	0.6471197605133057,-0.750277042388916,-0.0901621654629707,0.1009513810276985
8.309	0.8597893714904785,0.5069574117660522,0.0550574734807014,-0.026928836479783	0.6467757821083069,-0.7504918575286865,-0.0905966237187385,0.1011697947978973
8.319	0.8598360419273376,0.5068881511688232,0.0550547502934932,-0.0267462115734815	0.646643877029419,-0.7505686283111572,-0.0907529443502426,0.1013030856847763
8.329	0.8598766922950745,0.5068228244781494,0.055117230862379,-0.0265472345054149	0.646643877029419,-0.7505686283111572,-0.0907529443502426,0.1013030856847763
8.338	0.8599268198013306,0.5067405700683594,0.0551908165216445,-0.0263406578451395	0.6465370655059814,-0.750606894493103,-0.0910200253129005,0.1014617979526519
8.348	0.8599902987480164,0.5066426992416382,0.0551963597536087,-0.0261376928538084	0.6464182138442993,-0.7506538033485413,-0.0913699716329574,0.1015574857592582
8.358	0.8600411415100098,0.506573498249054,0.0551121346652507,-0.0259836222976446	0.6463394165039062,-0.7506840825080872,-0.0916754826903343,0.1015594005584716
8.369	0.8600687384605408,0.5065404176712036,0.0550454221665859,-0.0258564222604036	0.6461467146873474,-0.7508039474487305,-0.0921229049563407,0.1014946177601814
8.378	0.8601290583610535,0.506455659866333,0.0549237728118896,-0.0257701370865106	0.6461467146873474,-0.7508039474487305,-0.0921229049563407,0.1014946177601814
8.388	0.8602072596549988,0.5063362121582031,0.0548229478299617,-0.0257196146994829	0.6460593342781067,-0.7508707642555237,-0.0922448188066482,0.1014469489455223
8.398	0.8602837920188904,0.5062206983566284,0.0547082833945751,-0.0256802532821893	0.6459591388702393,-0.7509444355964661,-0.0923788100481033,0.1014173254370689
8.408	0.86036217212677,0.5061022639274597,0.0546001084148883,-0.0256170779466629	0.6459189653396606,-0.7509563565254211,-0.0925444141030311,0.1014329940080642
8.419	0.8604254126548767,0.506007194519043,0.0545160323381423,-0.0255518183112144	0.6457929611206055,-0.7510387301445007,-0.0927553102374076,0.1014332696795463
8.427	0.8604671955108643,0.5059478282928467,0.0544617250561714,-0.0254350490868091	0.645688533782959,-0.7511146664619446,-0.0929316356778144,0.1013742461800575
8.438	0.860520601272583,0.5058658719062805,0.0544232279062271,-0.0253404378890991	0.6455835700035095,-0.75118488073349,-0.0931475609540939,0.1013250276446342
8.448	0.8605743646621704,0.5057838559150696,0.0543820485472679,-0.02523909881711	0.6454227566719055,-0.7512905597686768,-0.0934842005372047,0.1012553945183754
8.458	0.8606407642364502,0.5056859254837036,0.0542520880699157,-0.0252177454531192	0.6452769041061401,-0.7513889074325562,-0.0937636718153953,0.1011963933706283
8.467	0.8607281446456909,0.5055530071258545,0.0541025288403034,-0.0252242889255285	0.6451976895332336,-0.7514386177062988,-0.093971237540245,0.1011402904987335
8.477	0.8608190417289734,0.505407989025116,0.0539677441120147,-0.0253186505287885	0.6451396942138672,-0.7514795660972595,-0.0941417217254638,0.1010477617383003
8.487	0.8609042763710022,0.5052798986434937,0.0537779219448566,-0.0253756418824195	0.6450791954994202,-0.7515347599983215,-0.094255618751049,0.1009174212813377
8.498	0.8609689474105835,0.5051901340484619,0.0535651221871376,-0.0254207104444503	0.6450160145759583,-0.7515804767608643,-0.0943556949496269,0.10088662058115
8.506	0.8610278367996216,0.5051087141036987,0.0533738434314727,-0.0254489723592996	0.6449614763259888,-0.7516206502914429,-0.094434879720211,0.1008628755807876
8.518	0.8611392974853516,0.5049382448196411,0.053175251930952,-0.0254716146737337	0.6449565291404724,-0.7516276836395264,-0.0944679975509643,0.1008111163973808
8.527	0.8612133860588074,0.5048290491104126,0.0529878512024879,-0.0255201924592256	0.6449587941169739,-0.7516275644302368,-0.0945340245962143,0.1007345020771026
8.537	0.8612150549888611,0.5048432946205139,0.0528131127357482,-0.0255496688187122	0.6449635624885559,-0.751625120639801,-0.0945887193083763,0.1006711423397064
8.547	0.8612180948257446,0.5048471093177795,0.0526767298579216,-0.0256497133523225	0.6449623107910156,-0.7516282200813293,-0.0945980176329612,0.1006471514701843
8.556	0.8612231016159058,0.504846453666687,0.0525598898530006,-0.02573505602777	0.6449956893920898,-0.7515920400619507,-0.0946216508746147,0.100681185722351
8.566	0.8612297177314758,0.5048428773880005,0.0524449683725833,-0.0258182231336832	0.6449811458587646,-0.7515913844108582,-0.0946994721889495,0.1007065549492836
8.577	0.8612338304519653,0.5048415660858154,0.0523563586175441,-0.025888342410326	0.6449605226516724,-0.7515865564346313,-0.0948192924261093,0.1007618680596351
8.587	0.8612371683120728,0.5048436522483826,0.0522345975041389,-0.0259811822324991	0.6449921131134033,-0.7515482902526855,-0.0949451550841331,0.1007262021303176
8.597	0.8612378835678101,0.5048488974571228,0.052128680050373,-0.0260671433061361	0.6450400948524475,-0.7515099048614502,-0.0950316935777664,0.100624106824398
8.606	0.8612066507339478,0.504907488822937,0.0520338751375675,-0.0261526368558406	0.6450982093811035,-0.7514627575874329,-0.0951173529028892,0.10052290558815
8.616	0.8611586093902588,0.5049965381622314,0.0519073344767093,-0.026266124099493	0.645171582698822,-0.7514026761054993,-0.0951473116874694,0.1004727631807327
8.627	0.861112117767334,0.505081295967102,0.0518020838499069,-0.0263689123094081	0.645218014717102,-0.7513646483421326,-0.0952103808522224,0.1003981456160545
8.637	0.8610796332359314,0.5051456689834595,0.0516513511538505,-0.0264922715723514	0.6453059315681458,-0.7512909770011902,-0.0952581018209457,0.1003398671746254
8.646	0.86104816198349,0.5052080750465393,0.0515043325722217,-0.0266119576990604	0.6454071402549744,-0.7512065172195435,-0.0952658727765083,0.1003138720989227
8.656	0.8610197901725769,0.5052623152732849,0.0513983145356178,-0.026703717187047	0.6454704403877258,-0.7511540055274963,-0.0953218787908554,0.1002466827630996
8.666	0.8610214591026306,0.5052643418312073,0.0513080060482025,-0.0267832092940807	0.6454700231552124,-0.7511563897132874,-0.0953958705067634,0.1001608669757843
8.676	0.8609890937805176,0.5053234100341797,0.0512304976582527,-0.026858314871788	0.6455398201942444,-0.7510988712310791,-0.0954743772745132,0.1000680103898048
8.685	0.8609460592269897,0.5053990483283997,0.0511724948883056,-0.0269290562719106	0.6456417441368103,-0.7510303258895874,-0.0955000296235084,0.0999000295996666
8.695	0.8608890771865845,0.5054948329925537,0.0511550642549991,-0.0269862785935401	0.6456877589225769,-0.751003623008728,-0.0955370813608169,0.099767729640007
8.706	0.860817551612854,0.5056154131889343,0.0511338859796524,-0.0270492192357778	0.6457396745681763,-0.750961184501648,-0.0956073775887489,0.0996840149164199
8.716	0.8607538938522339,0.5057230591773987,0.0511085577309131,-0.0271097477525472	0.6458100080490112,-0.750902533531189,-0.0956663265824318,0.0996133312582969
8.726	0.8607228398323059,0.5057770609855652,0.0510599017143249,-0.0271802674978971	0.6458703279495239,-0.7508378028869629,-0.0957731157541275,0.0996074005961418
8.735	0.8606952428817749,0.5058252215385437,0.0510065071284771,-0.0272583719342947	0.6459582448005676,-0.7507637739181519,-0.0958256721496582,0.099544420838356
8.745	0.860691249370575,0.5058313608169556,0.0509708523750305,-0.0273324735462665	0.6460504531860352,-0.7506985068321228,-0.0958297699689865,0.0994341671466827
8.755	0.8606454730033875,0.5059068202972412,0.0509574897587299,-0.0274039003998041	0.6461156010627747,-0.7506594657897949,-0.0958258733153343,0.099309928715229
8.766	0.8605947494506836,0.5059921145439148,0.050924215465784,-0.0274852402508258	0.6462177634239197,-0.7505872249603271,-0.0958117246627807,0.0992045029997825
8.774	0.8605428338050842,0.5060787796974182,0.0508993528783321,-0.0275607965886592	0.6463420987129211,-0.7504812479019165,-0.0958358868956565,0.0991736203432083
8.785	0.8604901432991028,0.506168007850647,0.0508447252213954,-0.0276664830744266	0.6464483141899109,-0.7503790259361267,-0.0959023535251617,0.099190279841423
8.795	0.8604276180267334,0.5062723159790039,0.0508111827075481,-0.0277642589062452	0.6465964913368225,-0.7502340078353882,-0.0959945544600486,0.0992325991392135
8.805	0.8603781461715698,0.5063552260398865,0.0507637038826942,-0.0278702992945909	0.6467531323432922,-0.7500796914100647,-0.096103124320507,0.099272184073925
8.816	0.8603323101997375,0.5064343214035034,0.0506889335811138,-0.0279855467379093	0.6469325423240662,-0.7499040365219116,-0.0962244495749473,0.0993130505084991
8.824	0.860297679901123,0.506493091583252,0.0506279729306697,-0.0280963368713855	0.647137463092804,-0.7497291564941406,-0.0962235555052757,0.0992995202541351
8.835	0.8602378368377686,0.5065954923629761,0.0505551286041736,-0.0282144453376531	0.6473666429519653,-0.7495324015617371,-0.0962487310171127,0.0992662608623504
8.845	0.8601857423782349,0.5066850185394287,0.0504729636013507,-0.0283426288515329	0.6475669145584106,-0.749346911907196,-0.096321702003479,0.0992897450923919
8.855	0.8601383566856384,0.5067660212516785,0.0503910258412361,-0.0284777618944644	0.64776211977005,-0.7491567730903625,-0.0964181423187255,0.0993577465415
8.864	0.8600946068763733,0.5068427920341492,0.0502882041037082,-0.0286146849393844	0.6479165554046631,-0.7489977478981018,-0.0965292900800705,0.0994416698813438
8.874	0.8600549101829529,0.5069136619567871,0.0501776970922946,-0.0287468638271093	0.6480915546417236,-0.7488241791725159,-0.0966443866491317,0.0994970947504043
8.884	0.8600224852561951,0.5069725513458252,0.050064068287611,-0.02887674421072	0.648244321346283,-0.7486934065818787,-0.0966929197311401,0.0994385406374931
8.895	0.8599997162818909,0.5070101618766785,0.0499734096229076,-0.0290483422577381	0.6483215093612671,-0.7486283183097839,-0.0967565923929214,0.0993636697530746
8.905	0.8600042462348938,0.5070022940635681,0.0498670190572738,-0.0292343217879533	0.648384153842926,-0.7485759258270264,-0.0968265384435653,0.099281258881092
8.914	0.8600105047225952,0.5069973468780518,0.0497311130166053,-0.0293674804270267	0.6484448909759521,-0.7485252022743225,-0.0968937426805496,0.0992014333605766
8.924	0.8600162267684937,0.5069889426231384,0.0496054366230964,-0.0295575652271509	0.6484997272491455,-0.7484791874885559,-0.0969475731253624,0.0991370901465416
8.934	0.8600243330001831,0.5069819092750549,0.0494504757225513,-0.0297009442001581	0.6485442519187927,-0.748422384262085,-0.0970601290464401,0.0991647914052009
8.944	0.8600295186042786,0.5069793462753296,0.0492929518222808,-0.0298560131341218	0.6485812067985535,-0.7483633160591125,-0.0972028374671936,0.0992295742034912
8.953	0.8600298166275024,0.5069765448570251,0.0491901114583015,-0.0300625637173652	0.6485812067985535,-0.7483633160591125,-0.0972028374671936,0.0992295742034912
8.963	0.8600361943244934,0.5069715976715088,0.0490429997444152,-0.0302050653845071	0.6485889554023743,-0.7483248114585876,-0.0973789021372795,0.099296249449253
8.974	0.860042929649353,0.5069646239280701,0.0489229522645473,-0.0303264148533344	0.6486626863479614,-0.7481755614280701,-0.0978813469409942,0.0994452610611915
8.984	0.8600490093231201,0.5069568753242493,0.0488294884562492,-0.0304315406829118	0.648717999458313,-0.7480790019035339,-0.098219946026802,0.0994778722524643
8.994	0.860057532787323,0.5069440007209778,0.0487516559660434,-0.0305320136249065	0.648717999458313,-0.7480790019035339,-0.098219946026802,0.0994778722524643
9.003	0.8600628972053528,0.5069350600242615,0.0487014204263687,-0.030609467998147	0.6488049626350403,-0.7479702830314636,-0.0984784662723541,0.0994705483317375
9.013	0.8601090908050537,0.5068588256835938,0.0486214198172092,-0.030702032148838	0.6489157676696777,-0.7478582859039307,-0.0986188799142837,0.0994510427117347
9.024	0.8601529598236084,0.5067816972732544,0.0486089400947093,-0.0307659152895212	0.649070680141449,-0.7477275133132935,-0.0987724512815475,0.0992720201611518
9.034	0.8601415157318115,0.5067815780639648,0.04884510114789,-0.030713252723217	0.6491633653640747,-0.7476361989974976,-0.0989048853516578,0.0992216095328331
9.043	0.8600274920463562,0.5069572925567627,0.0489760935306549,-0.0307949483394622	0.6491633653640747,-0.7476361989974976,-0.0989048853516578,0.0992216095328331
9.053	0.8599370121955872,0.5071073770523071,0.0489014834165573,-0.0309693180024623	0.6492663025856018,-0.7475489377975464,-0.0990019366145134,0.099108874797821
9.063	0.8599588871002197,0.5070728063583374,0.048809889703989,-0.0310723315924406	0.6493943929672241,-0.7474496364593506,-0.0990714058279991,0.0989483818411827
9.073	0.8600565791130066,0.5069214105606079,0.0485228300094604,-0.0312897413969039	0.6495214104652405,-0.7473628520965576,-0.0990880280733108,0.0987533777952194
9.084	0.8601495027542114,0.5067819952964783,0.0481540746986866,-0.031558770686388	0.6496466994285583,-0.7472661137580872,-0.0991112440824508,0.098637618124485
9.092	0.8600541949272156,0.5069467425346375,0.0480144396424293,-0.0317249968647956	0.6497270464897156,-0.747197151184082,-0.0991498976945877,0.0985919460654258
9.103	0.8598959445953369,0.5072035193443298,0.0480322912335395,-0.03188157081604	0.6497734785079956,-0.7471466064453125,-0.0992146059870719,0.0986040756106376
9.113	0.8597314953804016,0.5074667930603027,0.0481355004012584,-0.0319709554314613	0.6498040556907654,-0.7471039295196533,-0.0993006527423858,0.0986394882202148
9.123	0.8596087694168091,0.5076559782028198,0.0482412800192832,-0.0321072861552238	0.6497918367385864,-0.7471013069152832,-0.0993757024407386,0.0986646264791488
9.132	0.8595235347747803,0.50779789686203,0.048222366720438,-0.0321736447513103	0.6497758030891418,-0.7470930814743042,-0.0994849875569343,0.0987220481038093
9.142	0.8594447374343872,0.5079238414764404,0.0482084676623344,-0.0323116518557071	0.6497517824172974,-0.7470734119415283,-0.0997187122702598,0.098792977631092
9.152	0.8593828082084656,0.508025050163269,0.0481638982892036,-0.0324349515140056	0.6497125029563904,-0.7470641136169434,-0.0999874249100685,0.0988506451249122
9.163	0.8593149185180664,0.50812828540802,0.0481344647705554,-0.0326595678925514	0.649600088596344,-0.7471126914024353,-0.1002917066216468,0.0989144146442413
9.173	0.8592738509178162,0.5081847310066223,0.0480934306979179,-0.0329192318022251	0.6495127081871033,-0.7471327185630798,-0.1006342843174934,0.0989887937903404
9.182	0.859220564365387,0.5082635283470154,0.0480348877608776,-0.0331780686974525	0.6492921113967896,-0.7472656965255737,-0.1010344102978706,0.0990241765975952
9.192	0.8591576218605042,0.508354663848877,0.0480231940746307,-0.0334309004247188	0.6489830017089844,-0.7474603652954102,-0.1015544831752777,0.0990492105484008
9.202	0.8590641617774963,0.5084972977638245,0.0480153188109397,-0.0336716324090957	0.6485923528671265,-0.7476864457130432,-0.1022705286741256,0.0991643667221069
9.212	0.8589356541633606,0.5087009072303772,0.0480451472103595,-0.0338323079049587	0.6481909155845642,-0.7478740215301514,-0.1031575873494148,0.0994550436735153
9.221	0.8587720990180969,0.5089636445045471,0.0480994209647178,-0.033955130726099	0.6477950215339661,-0.7479896545410156,-0.104239821434021,0.1000357344746589
9.232	0.858576238155365,0.5092829465866089,0.0481994561851024,-0.0339763313531875	0.6473503708839417,-0.7480714917182922,-0.1055427640676498,0.1009324342012405
9.242	0.8583694100379944,0.5096210241317749,0.0483030788600444,-0.0339885726571083	0.6470506191253662,-0.7479375600814819,-0.1071192100644111,0.1021779924631118
9.252	0.8581646680831909,0.5099549889564514,0.0484183952212333,-0.0339843444526195	0.6468392014503479,-0.7476571798324585,-0.10890843719244,0.1036665365099906
9.261	0.857973039150238,0.510265052318573,0.0485526584088802,-0.0339773371815681	0.6465856432914734,-0.7473446130752563,-0.110864944756031,0.1054129526019096
9.271	0.8577932119369507,0.510552704334259,0.0487080439925193,-0.0339740738272666	0.6463168263435364,-0.7470166087150574,-0.1128826513886451,0.1072302758693695
9.281	0.8574272990226746,0.511166512966156,0.0488096810877323,-0.033834584057331	0.6460896134376526,-0.7466571927070618,-0.1148410886526107,0.1090079620480537
9.292	0.8571029305458069,0.5117085576057434,0.0489116422832012,-0.0337120480835437	0.6458882093429565,-0.7462962865829468,-0.116716019809246,0.1106690391898155
9.302	0.8568533062934875,0.5121262669563293,0.049027644097805,-0.0335462689399719	0.6455555558204651,-0.746097207069397,-0.1184248104691505,0.1121276542544364
9.311	0.8566370010375977,0.512483537197113,0.0491693019866943,-0.0334060005843639	0.6451559662818909,-0.7460393309593201,-0.1198486685752868,0.1132936775684356
9.321	0.8564735651016235,0.5127519965171814,0.0493316315114498,-0.033238049596548	0.6446225047111511,-0.7461553812026978,-0.1211159154772758,0.1142145246267318
9.331	0.8563516736030579,0.5129430294036865,0.0495435260236263,-0.0331174619495868	0.6439740657806396,-0.7464512586593628,-0.1221349909901619,0.1148517876863479
9.341	0.8564627766609192,0.5127397179603577,0.0498157776892185,-0.0329839140176773	0.643279492855072,-0.7468469142913818,-0.1229842901229858,0.1152651160955429
9.35	0.8565868139266968,0.5125192403793335,0.0500824451446533,-0.0327833406627178	0.6425437927246094,-0.7473468780517578,-0.1236401125788688,0.1154265031218528
9.36	0.8567137122154236,0.5123002529144287,0.050311230123043,-0.0325415581464767	0.6418021321296692,-0.7478745579719543,-0.1242138743400573,0.1155191883444786
9.371	0.8568617701530457,0.5120497941970825,0.0505212172865867,-0.0322579219937324	0.6410583853721619,-0.7483853697776794,-0.1248797252774238,0.1156224980950355
9.381	0.8570330142974854,0.511764407157898,0.0507061295211315,-0.0319473445415496	0.6403067708015442,-0.7489078640937805,-0.1255136430263519,0.1157180666923523
9.391	0.8572210669517517,0.5114538073539734,0.0508832149207592,-0.0315877385437488	0.6396182179450989,-0.749396800994873,-0.1260323077440261,0.1157966330647468
9.4	0.8574416637420654,0.5110883116722107,0.0510692335665226,-0.0312178637832403	0.6390052437782288,-0.749828040599823,-0.1264947354793548,0.1158843412995338
9.41	0.8576729893684387,0.5107097625732422,0.0512201339006423,-0.0308068580925464	0.6385340690612793,-0.7501435279846191,-0.1268933266401291,0.1160040870308876
9.42	0.8579410314559937,0.510272204875946,0.0513379722833633,-0.0303949192166328	0.6382084488868713,-0.7503504157066345,-0.1271888464689254,0.116134189069271
9.431	0.8582679033279419,0.509734570980072,0.0514780022203922,-0.029949577525258	0.6380119919776917,-0.750460147857666,-0.12737737596035,0.1162982508540153
9.44	0.85861736536026,0.5091589689254761,0.0516116954386234,-0.0294860024005174	0.63801509141922,-0.7503979802131653,-0.1275039166212082,0.1165435537695884
9.45	0.8590137958526611,0.5085015296936035,0.0517625622451305,-0.0290212016552686	0.6381142735481262,-0.7502567768096924,-0.1275377124547958,0.1168717369437217
9.46	0.859454870223999,0.507765531539917,0.0519149601459503,-0.028570657595992	0.6381964087486267,-0.7502038478851318,-0.1273569166660308,0.1169602423906326
9.47	0.8599711060523987,0.5069037079811096,0.0520206950604915,-0.0281448233872652	0.638463020324707,-0.7501481771469116,-0.1266675889492035,0.1166105195879936
9.481	0.8605725765228271,0.5058988332748413,0.0520583800971508,-0.027769349515438	0.6389351487159729,-0.7500539422035217,-0.1254835426807403,0.1159082278609275
9.491	0.8612459897994995,0.5047671794891357,0.0520759373903274,-0.0274493005126714	0.6395375728607178,-0.7499730587005615,-0.1238593235611915,0.114851988852024
9.5	0.8619709610939026,0.5035470128059387,0.0520508028566837,-0.0271505564451217	0.6403077244758606,-0.7499457001686096,-0.1215494945645332,0.1131947338581085
9.51	0.8627268075942993,0.5022668838500977,0.052055399864912,-0.0268440134823322	0.6411606669425964,-0.7500371932983398,-0.1185044199228286,0.1109678745269775
9.52	0.8635262846946716,0.5009042620658875,0.052077978849411,-0.0265574362128973	0.6420604586601257,-0.7501804232597351,-0.1150129958987236,0.1084416955709457
9.529	0.8643301725387573,0.4995249807834625,0.0521382167935371,-0.0262628830969333	0.6428165435791016,-0.7503848671913147,-0.1115890443325042,0.1061001718044281
9.539	0.8650649189949036,0.498257577419281,0.0522190444171428,-0.0259854383766651	0.6433781385421753,-0.7506901025772095,-0.1082805320620536,0.103943221271038
9.549	0.8657197952270508,0.4971168935298919,0.0523754172027111,-0.0257062409073114	0.6440859436988831,-0.7507804036140442,-0.1051397621631622,0.1021163091063499
9.56	0.866344690322876,0.4960232675075531,0.0525276809930801,-0.0254678390920162	0.6446227431297302,-0.7508977055549622,-0.1023458093404769,0.1006952300667762
9.57	0.8669986724853516,0.4948686361312866,0.0527001209557056,-0.0253183282911777	0.6453304886817932,-0.7507771849632263,-0.0999210476875305,0.099487729370594
9.58	0.8676632642745972,0.4936939775943756,0.0528439842164516,-0.0251842215657234	0.6462557315826416,-0.7503573894500732,-0.098017893731594,0.0985377207398414
9.589	0.8683993220329285,0.4923842847347259,0.0529518648982048,-0.0252282302826643	0.6473449468612671,-0.7496709823608398,-0.096635416150093,0.0979774966835975
9.599	0.8691925406455994,0.4909662306308746,0.0530308671295642,-0.0253806468099355	0.6483557820320129,-0.7489694356918335,-0.0956020802259445,0.0976721048355102
9.609	0.8699365258216858,0.4896287620067596,0.0530787296593189,-0.0256267990916967	0.649177074432373,-0.7483991384506226,-0.0948332920670509,0.0973368808627128
9.618	0.870606005191803,0.4884187579154968,0.0530925765633583,-0.0259506423026323	0.649177074432373,-0.7483991384506226,-0.0948332920670509,0.0973368808627128
9.628	0.8712184429168701,0.4873125553131103,0.0530387163162231,-0.0263004601001739	0.6501603126525879,-0.7476974725723267,-0.0941253304481506,0.0968526899814605
9.639	0.8717837929725647,0.4862993955612182,0.0528864786028862,-0.0266249626874923	0.6526868939399719,-0.7458425760269165,-0.0926325470209121,0.0955924689769744
9.649	0.8722919225692749,0.4854015707969665,0.0525959059596061,-0.0269413124769926	0.6526868939399719,-0.7458425760269165,-0.0926325470209121,0.0955924689769744
9.659	0.8727622628211975,0.4845787286758423,0.0521895885467529,-0.0273073203861713	0.6539624929428101,-0.7449066042900085,-0.0918717980384826,0.0949040651321411
9.668	0.8731831312179565,0.4838481545448303,0.0517297126352787,-0.0276786107569932	0.6553862690925598,-0.7437973022460938,-0.0912318006157875,0.0943990424275398
9.678	0.8735442757606506,0.4832239747047424,0.051280353218317,-0.0280226431787014	0.6568653583526611,-0.7425927519798279,-0.0907671675086021,0.0940492525696754
9.689	0.873844563961029,0.4827036559581756,0.0509007945656776,-0.0283201560378074	0.6600056886672974,-0.7399714589118958,-0.0898995250463485,0.0935560464859008
9.699	0.8741187453269958,0.4822217226028442,0.0506104305386543,-0.0285878609865903	0.6616577506065369,-0.7386177778244019,-0.0893313884735107,0.0931278020143508
9.708	0.8743619918823242,0.4817892014980316,0.0503637567162513,-0.0288754608482122	0.6616577506065369,-0.7386177778244019,-0.0893313884735107,0.0931278020143508
9.718	0.8746323585510254,0.4813011288642883,0.0501793958246707,-0.0291467104107141	0.6632564067840576,-0.7373749613761902,-0.0885097756981849,0.0923860669136047
9.728	0.8749162554740906,0.4807853698730469,0.0500083975493907,-0.0294313114136457	0.6646628379821777,-0.7363921403884888,-0.0873415246605873,0.0912215933203697
9.738	0.8751987814903259,0.4802720248699188,0.049854427576065,-0.0296705532819032	0.6657468676567078,-0.7357606887817383,-0.085947073996067,0.0897240936756134
9.747	0.875484049320221,0.4797530472278595,0.0497383400797843,-0.0298466794192791	0.6665229201316833,-0.735447108745575,-0.0844121500849723,0.0879727974534034
9.757	0.8758224248886108,0.4791370630264282,0.0496413297951221,-0.0299737267196178	0.6671066284179688,-0.7353383898735046,-0.0827696248888969,0.0859955176711082
9.768	0.876181423664093,0.4784839153289795,0.0495528429746627,-0.0300635080784559	0.6676076054573059,-0.7353509664535522,-0.0808964818716049,0.083754263818264
9.778	0.8765441179275513,0.4778287410736084,0.0494367815554142,-0.0301022790372371	0.6679434776306152,-0.7355155348777771,-0.0790966227650642,0.0813152492046356
9.788	0.877004861831665,0.4769989848136902,0.0492250397801399,-0.0301867295056581	0.6683252453804016,-0.7355377674102783,-0.0777441337704658,0.0792557522654533
9.797	0.8775300979614258,0.4760517179965973,0.0489710569381713,-0.0302897803485393	0.6684888601303101,-0.7356369495391846,-0.0769325494766235,0.0777328088879585
9.807	0.8780532479286194,0.4751001596450805,0.0487979538738727,-0.0303486417979002	0.66846764087677,-0.7358224391937256,-0.0764800086617469,0.0765974596142768
9.817	0.8785272836685181,0.4742292761802673,0.0488006211817264,-0.0302492436021566	0.6684004068374634,-0.7359914183616638,-0.0762211233377456,0.0758153274655342
9.828	0.8789793252944946,0.473410040140152,0.0485463812947273,-0.0303565431386232	0.6683064699172974,-0.736142098903656,-0.0761509388685226,0.075248010456562
9.837	0.8794881105422974,0.4724898040294647,0.0481982864439487,-0.0305107701569795	0.6682511568069458,-0.7362278699874878,-0.0762421637773513,0.0748064592480659
9.847	0.8799927830696106,0.4715709686279297,0.047905683517456,-0.030635118484497	0.6682042479515076,-0.7362827658653259,-0.0763781815767288,0.0745462626218795
9.857	0.880585789680481,0.470501571893692,0.0474225655198097,-0.0307898595929145	0.668100893497467,-0.7363743782043457,-0.0765708982944488,0.0743699222803115
9.867	0.8811864852905273,0.469420313835144,0.046773474663496,-0.0310994442552328	0.6680216789245605,-0.7364234328269958,-0.0767843723297119,0.0743755102157592
9.878	0.8815764784812927,0.4687258303165436,0.0462941527366638,-0.0312361102551221	0.6678850650787354,-0.7364884614944458,-0.0771090388298034,0.0746230259537696
9.886	0.8818643093109131,0.4682228863239288,0.0458714254200458,-0.0312774777412414	0.6677232384681702,-0.7365524768829346,-0.0775016024708747,0.0750304386019706
9.897	0.8820870518684387,0.4678387939929962,0.0455092713236808,-0.0312786176800727	0.6675602793693542,-0.7365712523460388,-0.0781015679240226,0.075671762228012
9.907	0.8823150992393494,0.4674434661865234,0.0451823212206363,-0.0312283653765916	0.6674056053161621,-0.7365381121635437,-0.0788298398256301,0.0765973106026649
9.917	0.8825394511222839,0.46705362200737,0.0448753386735916,-0.0311642177402973	0.6672101616859436,-0.7365027666091919,-0.0796552971005439,0.0777773261070251
9.926	0.8827677965164185,0.4666560292243957,0.0445296987891197,-0.0311500933021307	0.6670075058937073,-0.7364636063575745,-0.0804647058248519,0.0790430232882499
9.936	0.882988691329956,0.4662720561027527,0.044178906828165,-0.0311391148716211	0.6667773723602295,-0.7364304661750793,-0.0812952369451522,0.0804318785667419
9.946	0.883156418800354,0.4659842848777771,0.043903574347496,-0.0310793071985244	0.6665646433830261,-0.7364083528518677,-0.0820216238498687,0.0816505327820777
9.957	0.8832862973213196,0.4657627940177917,0.04372363910079,-0.030962748453021	0.6664044857025146,-0.7363783717155457,-0.0825990587472915,0.0826401188969612
9.967	0.883368194103241,0.4656190276145935,0.0436749160289764,-0.0308530945330858	0.6663134694099426,-0.7363163232803345,-0.0830836668610572,0.0834357738494873
9.976	0.8833678960800171,0.4656254351139068,0.0436958968639373,-0.0307350866496562	0.6663872003555298,-0.7360967397689819,-0.0836489796638488,0.0842170044779777
9.986	0.8833021521568298,0.465749979019165,0.0437945798039436,-0.0305975638329982	0.666625440120697,-0.7357218265533447,-0.0842723548412323,0.0849827602505683
9.996	0.8831815719604492,0.4659747779369354,0.04395717009902,-0.0304234586656093	0.6669200658798218,-0.7353405952453613,-0.0846519991755485,0.0855913832783699
10.006	0.8829902410507202,0.4663316607475281,0.0441616140305995,-0.0302121732383966	0.6671813130378723,-0.7350527048110962,-0.0847164541482925,0.0859641209244728
10.015	0.8827490210533142,0.4667803347110748,0.0443632714450359,-0.0300364028662443	0.6672715544700623,-0.7349442839622498,-0.0845793336629867,0.0863254442811012
10.025	0.8824637532234192,0.4673137664794922,0.0445544272661209,-0.0298391319811344	0.6671998500823975,-0.7350342869758606,-0.0841831639409065,0.0864990130066871
10.036	0.8821102380752563,0.4679736793041229,0.0447713732719421,-0.029626315459609	0.6669790744781494,-0.7353433966636658,-0.0834609195590019,0.0862743705511093
10.046	0.8816937804222107,0.4687471389770508,0.0450481958687305,-0.0293718855828046	0.6668055653572083,-0.735605776309967,-0.0827951356768608,0.0860201269388198
10.056	0.8812224864959717,0.469618558883667,0.0453602150082588,-0.0291154254227876	0.6668799519538879,-0.7355295419692993,-0.0826020538806915,0.0862815007567405
10.066	0.8807569742202759,0.4704766273498535,0.0456862524151802,-0.0288390535861253	0.667081892490387,-0.7351856827735901,-0.0829583331942558,0.0873022750020027
10.075	0.8802874684333801,0.471343457698822,0.0459742099046707,-0.0285594407469034	0.6673164963722229,-0.7346904277801514,-0.0835710316896438,0.089075893163681
10.086	0.8798695206642151,0.4721211194992065,0.046166356652975,-0.0282803103327751	0.6673203110694885,-0.7343664169311523,-0.0841494649648666,0.0911506414413452
10.096	0.8794794678688049,0.4728573560714721,0.0462569184601306,-0.0279672313481569	0.6667311787605286,-0.7346994280815125,-0.084262415766716,0.0926610752940177
10.105	0.8790630102157593,0.4736478626728058,0.0463049709796905,-0.0275986604392528	0.6661397218704224,-0.7352355718612671,-0.0837684050202369,0.0931091681122779
10.115	0.8785893321037292,0.4745431244373321,0.0463314950466156,-0.0272573884576559	0.6653953194618225,-0.7361531853675842,-0.0825987830758094,0.0922224894165992
10.125	0.8780528903007507,0.4755503237247467,0.0463373586535453,-0.0269791614264249	0.6645808815956116,-0.7373433113098145,-0.0808926671743393,0.090074323117733
10.135	0.8774078488349915,0.4767352938652038,0.0465128421783447,-0.0267469957470893	0.6635069847106934,-0.7389114499092102,-0.0789146870374679,0.0868380740284919
10.146	0.876706600189209,0.4779954254627228,0.0468953661620616,-0.0265845786780118	0.6620052456855774,-0.7409247756004333,-0.0768266469240188,0.0829287692904472
10.154	0.875956654548645,0.4793149530887604,0.0474452190101146,-0.0265727844089269	0.6594382524490356,-0.7437842488288879,-0.0751299113035202,0.0792579725384712
10.165	0.8751170039176941,0.4807662665843963,0.0481989160180091,-0.0266641806811094	0.6549983620643616,-0.7480425834655762,-0.0745313987135887,0.0765140950679779
10.175	0.8741703629493713,0.4823596477508545,0.0496231354773044,-0.0263195969164371	nan,nan,nan,nan
