epoch_ms,q0_w,q1_x,q2_y,q3_z
1785956089578,0.9998987913131714,-0.0021452971268445253,-0.014063614420592785,0.0
1785956089588,0.9998972415924072,-0.0021453348454087973,-0.014175429940223694,2.4056438974184857e-07
1785956089597,0.9998955726623535,-0.0021454349625855684,-0.014290875755250454,4.911606197310903e-07
1785956089607,0.9998941421508789,-0.0021454649977385998,-0.014391949400305748,7.089723794706515e-07
1785956089617,0.99989253282547,-0.002145486418157816,-0.014502461068332195,9.464641834711074e-07
1785956089627,0.9998914003372192,-0.0021454282104969025,-0.014581343159079552,1.1151472563142306e-06
1785956089636,0.9998900890350342,-0.002145153470337391,-0.01467037107795477,1.3040445310252835e-06
1785956089647,0.9998887181282043,-0.002144379075616598,-0.014764394611120224,1.4973836641729577e-06
1785956089657,0.9998872876167297,-0.002143532270565629,-0.014859434217214584,1.6921731003094465e-06
1785956089667,0.9998860955238342,-0.002142632845789194,-0.014937805943191051,1.8492121398594463e-06
1785956089677,0.9998844265937805,-0.00214218907058239,-0.015047943219542503,2.08020583158941e-06
1785956089686,0.9998831748962402,-0.0021419089753180742,-0.015131771564483643,2.2571962290385272e-06
1785956089696,0.9998816251754761,-0.0021417811512947083,-0.015232652425765991,2.472688947818824e-06
1785956089707,0.9998801946640015,-0.002141806297004223,-0.015332277864217758,2.688071845113882e-06
1785956089717,0.9998785257339478,-0.0021420700941234827,-0.01544189266860485,2.930843947979156e-06
1785956089726,0.9998771548271179,-0.002142123645171523,-0.015530471689999104,3.125266175629804e-06
1785956089736,0.9998753070831299,-0.0021415420342236757,-0.01564934104681015,3.380174121048185e-06
1785956089746,0.9998735189437866,-0.0021415851078927517,-0.01575915329158306,3.624756573117338e-06
1785956089756,0.9998720288276672,-0.002141599776223302,-0.015852641314268112,3.830567493423587e-06
1785956089767,0.9998708367347717,-0.0021416875533759594,-0.015925167128443718,3.992266101704445e-06
1785956089775,0.9998693466186523,-0.002141935285180807,-0.016023706644773483,4.213553438603412e-06
1785956089786,0.999867856502533,-0.002141873352229595,-0.016116982325911522,4.418628577695927e-06
1785956089796,0.9998664855957031,-0.0021421241108328104,-0.01620078831911087,4.608250492310617e-06
1785956089806,0.9998648166656494,-0.0021425785962492228,-0.016303298994898796,4.847062427870696e-06
1785956089815,0.9998629093170166,-0.002142832148820162,-0.016421031206846237,5.117732598591829e-06
1785956089825,0.9998614192008972,-0.0021428214386105537,-0.016512975096702576,5.326561677065911e-06
1785956089836,0.9998599886894226,-0.002142680576071143,-0.01659964583814144,5.521977072930895e-06
1785956089846,0.999858558177948,-0.00214273389428854,-0.016686350107192993,5.725109531340422e-06
1785956089856,0.9998567700386047,-0.002142914803698659,-0.016792654991149902,5.974041414447129e-06
1785956089865,0.9998550415039062,-0.002142661716789007,-0.016892684623599052,6.2065710153547116e-06
1785956089875,0.9998534321784973,-0.0021421522833406925,-0.01698756031692028,6.4231826399918646e-06
1785956089885,0.9998517632484436,-0.0021418752148747444,-0.017082693055272102,6.643108008574927e-06
1785956089896,0.9998498558998108,-0.002141291042789817,-0.01719352789223194,6.89762418915052e-06
1785956089904,0.9998482465744019,-0.0021409792825579643,-0.017287718132138252,7.1188228503160644e-06
1785956089915,0.9998466372489929,-0.002140150172635913,-0.017380792647600174,7.3333512773388065e-06
1785956089925,0.9998455047607422,-0.002139017451554537,-0.017447253689169884,7.486745289497776e-06
1785956089935,0.9998438954353333,-0.0021388507448136806,-0.017541328445076942,7.710417776252143e-06
1785956089945,0.9998420476913452,-0.0021391077898442745,-0.01764790154993534,7.965479198901448e-06
1785956089954,0.9998401403427124,-0.0021390700712800026,-0.017753973603248596,8.210789019358344e-06
1785956089964,0.9998385906219482,-0.0021390432957559824,-0.0178386103361845,8.412070201302413e-06
1785956089975,0.9998371005058289,-0.0021386323496699333,-0.017921844497323036,8.609455107944086e-06
1785956089985,0.9998348355293274,-0.002138387179002166,-0.018047945573925972,8.904887181415688e-06
1785956089994,0.999833345413208,-0.0021390512119978666,-0.018130982294678688,9.1220417743898e-06
1785956090004,0.9998317360877991,-0.0021396460942924023,-0.018218152225017548,9.351741027785465e-06
1785956090014,0.9998303055763245,-0.002139973919838667,-0.01829901523888111,9.567631423124112e-06
1785956090024,0.999828577041626,-0.002140614902600646,-0.018395356833934784,9.82380242930958e-06
1785956090035,0.9998267889022827,-0.002140977419912815,-0.01849169284105301,1.008035360428039e-05
1785956090044,0.9998248219490051,-0.002140685683116317,-0.018592441454529762,1.0332521014788654e-05
1785956090054,0.9998235106468201,-0.0021402626298367977,-0.018661094829440117,1.0515678695810493e-05
1785956090064,0.9998221397399902,-0.002138951327651739,-0.01873438060283661,1.069473637471674e-05
1785956090074,0.9998207688331604,-0.0021377531811594963,-0.018808618187904358,1.0873663086385932e-05
1785956090083,0.9998193383216858,-0.0021365813445299864,-0.01888374052941799,1.1055290087824687e-05
1785956090093,0.9998183250427246,-0.0021351620089262724,-0.01894213818013668,1.1196002560609486e-05
1785956090104,0.9998161196708679,-0.00213418691419065,-0.019059419631958008,1.1466431715234648e-05
1785956090114,0.9998142123222351,-0.0021330793388187885,-0.01915920153260231,1.1704040844051633e-05
1785956090123,0.9998123049736023,-0.0021318637300282717,-0.019257256761193275,1.1943014214921277e-05
1785956090133,0.9998106360435486,-0.0021298956125974655,-0.019343730062246323,1.2152051567682065e-05
1785956090143,0.9998089075088501,-0.0021297468338161707,-0.019433580338954926,1.2406218957039528e-05
1785956090153,0.9998076558113098,-0.0021306301932781935,-0.019500205293297768,1.2640291970456019e-05
1785956090164,0.99980628490448,-0.002130770357325673,-0.019570106640458107,1.2852980944444425e-05
1785956090172,0.9998044371604919,-0.0021305489353835583,-0.019664989784359932,1.3117498383508064e-05
1785956090183,0.999802827835083,-0.0021313298493623734,-0.019745592027902603,1.3369741282076575e-05
1785956090193,0.9998010396957397,-0.0021317596547305584,-0.019835012033581734,1.3636431503982749e-05
1785956090203,0.9997997283935547,-0.0021320139057934284,-0.01990114338696003,1.3859584214515053e-05
1785956090212,0.9997978210449219,-0.0021324544213712215,-0.0199954342097044,1.4138699953036848e-05
1785956090222,0.9997959733009338,-0.002133339876309037,-0.020088912919163704,1.4428592294279952e-05
1785956090232,0.9997941851615906,-0.002134866314008832,-0.020176757127046585,1.472655185352778e-05
1785956090243,0.9997922778129578,-0.0021357417572289705,-0.020270880311727524,1.5037809134810232e-05
1785956090253,0.9997907280921936,-0.002136603929102421,-0.020347774028778076,1.5318344594561495e-05
1785956090262,0.9997895956039429,-0.0021374537609517574,-0.020402660593390465,1.555583548906725e-05
1785956090272,0.9997881054878235,-0.002137920819222927,-0.020476562902331352,1.583499033586122e-05
1785956090282,0.999786913394928,-0.0021389543544501066,-0.020535137504339218,1.6095436876639724e-05
1785956090293,0.9997850060462952,-0.002140207216143608,-0.020622964948415756,1.6406318536610343e-05
1785956090301,0.9997833371162415,-0.0021401531994342804,-0.020703377202153206,1.666118623688817e-05
1785956090312,0.9997818470001221,-0.002140113851055503,-0.020774763077497482,1.689060627541039e-05
1785956090322,0.9997822642326355,-0.0021410929039120674,-0.02075561136007309,1.695194805506617e-05
1785956090332,0.9997825622558594,-0.0021412563510239124,-0.020740298554301262,1.698813503026031e-05
1785956090342,0.999782919883728,-0.002139709424227476,-0.02072302997112274,1.6993031749734655e-05
1785956090351,0.9997833371162415,-0.0021377205848693848,-0.020703084766864777,1.6994497855193913e-05
1785956090361,0.9997837543487549,-0.002135871909558773,-0.020681992173194885,1.7001326341414824e-05
1785956090372,0.9997841715812683,-0.002134570386260748,-0.02066279947757721,1.7015408957377076e-05
1785956090382,0.9997845888137817,-0.0021338516380637884,-0.020642952993512154,1.7042930267052725e-05
1785956090391,0.9997850060462952,-0.0021331217139959335,-0.020623769611120224,1.7068809029296972e-05
1785956090401,0.9997854232788086,-0.002132710535079241,-0.020603368058800697,1.7103859136113897e-05
1785956090411,0.999785840511322,-0.0021317810751497746,-0.020582977682352066,1.7128206309280358e-05
1785956090421,0.9997862577438354,-0.002131963148713112,-0.020561594516038895,1.7177559129777364e-05
1785956090432,0.9997867345809937,-0.0021335510537028313,-0.02053867280483246,1.725910624372773e-05
1785956090440,0.9997872114181519,-0.0021347878500819206,-0.02051534131169319,1.733431054162793e-05
1785956090451,0.9997876882553101,-0.002135432092472911,-0.020492898300290108,1.7395463146385737e-05
1785956090461,0.9997881650924683,-0.0021357829682528973,-0.020468859001994133,1.7454010958317667e-05
1785956090471,0.9997886419296265,-0.0021363329142332077,-0.020445115864276886,1.7516000298201106e-05
1785956090480,0.9997890591621399,-0.0021366109140217304,-0.020423447713255882,1.7567999748280272e-05
1785956090490,0.9997894763946533,-0.00213675107806921,-0.020402230322360992,1.7616215700400062e-05
1785956090501,0.9997900128364563,-0.002136467956006527,-0.02038108929991722,1.7655629562796094e-05
1785956090511,0.9997904300689697,-0.002135285409167409,-0.020361918956041336,1.767249523254577e-05
1785956090521,0.9997908473014832,-0.002133534522727132,-0.02034132182598114,1.7680833479971625e-05
1785956090530,0.9997912049293518,-0.00213331519626081,-0.020324213430285454,1.771288771124091e-05
1785956090540,0.9997915625572205,-0.0021328756120055914,-0.020307349041104317,1.7739941540639848e-05
1785956090550,0.9997919201850891,-0.0021320106461644173,-0.020291050896048546,1.775714918039739e-05
1785956090561,0.9997921586036682,-0.0021318441722542048,-0.020274091511964798,1.7789936464396305e-05
1785956090569,0.9997925162315369,-0.0021311058662831783,-0.020256569609045982,1.781233004294336e-05
1785956090580,0.9997925162315369,-0.0021311058662831783,-0.020256569609045982,1.781233004294336e-05
1785956090590,0.9997925162315369,-0.0021311058662831783,-0.020256569609045982,1.781233004294336e-05
1785956090600,0.9997925162315369,-0.0021311058662831783,-0.020256569609045982,1.781233004294336e-05
1785956090610,0.9997925162315369,-0.0021311058662831783,-0.020256569609045982,1.781233004294336e-05
1785956090619,0.9997925162315369,-0.0021311058662831783,-0.020256569609045982,1.781233004294336e-05
1785956090629,0.9997925162315369,-0.0021311058662831783,-0.020256569609045982,1.781233004294336e-05
1785956090640,0.9997925162315369,-0.0021311058662831783,-0.020256569609045982,1.781233004294336e-05
1785956090650,0.9997925162315369,-0.0021311058662831783,-0.020256569609045982,1.781233004294336e-05
1785956090659,0.9997925162315369,-0.0021311058662831783,-0.020256569609045982,1.781233004294336e-05
1785956090669,0.9997925162315369,-0.0021311058662831783,-0.020256569609045982,1.781233004294336e-05
1785956090679,0.9997925162315369,-0.0021311058662831783,-0.020256569609045982,1.781233004294336e-05
1785956090690,0.9997925162315369,-0.0021311058662831783,-0.020256569609045982,1.781233004294336e-05
1785956090698,0.9997925162315369,-0.0021311058662831783,-0.020256569609045982,1.781233004294336e-05
1785956090709,0.9997925162315369,-0.0021311058662831783,-0.020256569609045982,1.781233004294336e-05
1785956090719,0.9997925162315369,-0.0021311058662831783,-0.020256569609045982,1.781233004294336e-05
1785956090729,0.9997925162315369,-0.0021311058662831783,-0.020256569609045982,1.781233004294336e-05
1785956090739,0.9997925162315369,-0.0021311058662831783,-0.020256569609045982,1.781233004294336e-05
1785956090748,0.9997946619987488,-0.002129508415237069,-0.020151546224951744,-6.13533629802987e-05
1785956090758,0.9997888207435608,-0.0014891300816088915,-0.02049737237393856,0.00014940845721866935
1785956090769,0.9997934699058533,0.0007804517517797649,-0.020242225378751755,0.0016644180286675692
1785956090779,0.9998185038566589,0.0017919448437169194,-0.018673518672585487,0.0033234867732971907
1785956090788,0.9998812675476074,0.00046510176616720855,-0.013312057591974735,0.007741202134639025
1785956090798,0.9999131560325623,-0.0011583230225369334,-0.005746742244809866,0.011803003959357738
1785956090808,0.9999368786811829,-0.007460806518793106,-0.0028694907668977976,0.007896475493907928
1785956090818,0.9999089241027832,-0.010375420562922955,-0.00582533422857523,0.006372875068336725
1785956090829,0.9998574256896973,-0.014439946040511131,-0.007042341865599155,0.005198132246732712
1785956090837,0.9997875690460205,-0.0191121157258749,-0.0069289798848330975,0.003399670822545886
1785956090848,0.9996904730796814,-0.023761266842484474,-0.00720003480091691,0.0015823014546185732
1785956090858,0.99958336353302,-0.028120124712586403,-0.006494502536952496,0.0003671138547360897
1785956090868,0.9994822144508362,-0.03186028078198433,-0.0044298130087554455,-0.0007105443510226905
1785956090877,0.9993749856948853,-0.035278793424367905,-0.0014086865121498704,-0.0016803356120362878
1785956090889,0.999259352684021,-0.03833823278546333,0.002040924271568656,-0.002580462023615837
1785956090898,0.9991258382797241,-0.04124617576599121,0.005846038460731506,-0.003482415108010173
1785956090908,0.9989946484565735,-0.04373876005411148,0.008753122761845589,-0.004461910575628281
1785956090918,0.9988426566123962,-0.04635430499911308,0.011508273892104626,-0.005670683458447456
1785956090927,0.998669445514679,-0.048936598002910614,0.01448693685233593,-0.007390710990875959
1785956090937,0.9984824061393738,-0.05127624049782753,0.017801448702812195,-0.009315083734691143
1785956090947,0.9982832670211792,-0.05342145636677742,0.021266063675284386,-0.01114395447075367
1785956090958,0.9980725646018982,-0.055513639003038406,0.024472681805491447,-0.013056062161922455
1785956090968,0.9978225827217102,-0.05767776817083359,0.02813444472849369,-0.015223247930407524
1785956090977,0.9975676536560059,-0.059418804943561554,0.03259650990366936,-0.016298582777380943
1785956090987,0.9973767995834351,-0.060540974140167236,0.03606022521853447,-0.01654953323304653
1785956090997,0.9972476363182068,-0.06044586002826691,0.03988561034202576,-0.015891175717115402
1785956091007,0.9972197413444519,-0.058174680918455124,0.04515090957283974,-0.011392148211598396
1785956091016,0.9974563121795654,-0.05205573886632919,0.0484359972178936,-0.005002032965421677
1785956091026,0.9980767369270325,-0.042575404047966,0.045051366090774536,-0.0007666919846087694
1785956091037,0.9990776181221008,-0.029986893758177757,0.03050786815583706,-0.0037260588724166155
1785956091047,0.9998155832290649,-0.01124715805053711,0.00286525534465909,-0.015299716033041477
1785956091056,0.9989631175994873,0.019602779299020767,-0.029153447598218918,-0.02895629219710827
1785956091066,0.9988166093826294,0.024596864357590675,-0.03758895769715309,-0.01864015683531761
1785956091076,0.9988746047019958,0.020229903981089592,-0.03870410844683647,-0.018501048907637596
1785956091086,0.9989597797393799,0.01978529989719391,-0.036666933447122574,-0.01853192411363125
1785956091097,0.9989393949508667,0.01991848088800907,-0.03714285418391228,-0.01853608340024948
1785956091106,0.9989413022994995,0.01928679272532463,-0.037475794553756714,-0.018434517085552216
1785956091116,0.9989671111106873,0.01899932511150837,-0.03701651096343994,-0.018257761374115944
1785956091126,0.998935878276825,0.020125307142734528,-0.03728434816002846,-0.018220562487840652
1785956091136,0.9989166259765625,0.02105596847832203,-0.037301305681467056,-0.018185816705226898
1785956091145,0.9989060163497925,0.021943265572190285,-0.037093959748744965,-0.018148120492696762
1785956091155,0.9988934993743896,0.02281424030661583,-0.03692048043012619,-0.018111737444996834
1785956091166,0.9988799095153809,0.023475414142012596,-0.036852020770311356,-0.018153997138142586
1785956091176,0.9988732933998108,0.023863274604082108,-0.03676293417811394,-0.018200712278485298
1785956091185,0.9988638758659363,0.02441321313381195,-0.03666656091809273,-0.018177999183535576
1785956091195,0.9989015460014343,0.023829041048884392,-0.0360230952501297,-0.01816931925714016
1785956091205,0.9989367127418518,0.023179516196250916,-0.035468149930238724,-0.018168697133660316
1785956091215,0.9989725351333618,0.022434383630752563,-0.034933846443891525,-0.018175065517425537
1785956091226,0.9990056753158569,0.02161780744791031,-0.034490104764699936,-0.018187273293733597
1785956091234,0.9990350008010864,0.020817941054701805,-0.034122806042432785,-0.018200749531388283
1785956091245,0.9990593791007996,0.02018449641764164,-0.033784542232751846,-0.018207527697086334
1785956091255,0.9990788102149963,0.019654003903269768,-0.03352036699652672,-0.01821143925189972
1785956091265,0.9990984797477722,0.019191443920135498,-0.033199988305568695,-0.018210919573903084
1785956091274,0.9991151094436646,0.018852058798074722,-0.03289622440934181,-0.018205778673291206
1785956091284,0.9997028708457947,-0.00041277988930232823,-0.016550373286008835,-0.01789061352610588
1785956091294,0.9996952414512634,-0.001341622555628419,-0.01697332225739956,-0.01787315495312214
1785956091305,0.9996964335441589,-0.0012421882711350918,-0.016917087137699127,-0.017871512100100517
1785956091315,0.9996979832649231,-0.001099041779525578,-0.01683872751891613,-0.017869019880890846
1785956091324,0.9996991157531738,-0.0009661290096119046,-0.01677807979285717,-0.01786651276051998
1785956091334,0.9996993541717529,-0.0008698445744812489,-0.016772039234638214,-0.017864549532532692
1785956091344,0.9996995329856873,-0.000802869675680995,-0.016767002642154694,-0.01786319725215435
1785956091355,0.999699592590332,-0.0008060387917794287,-0.016762500628829002,-0.017863141372799873
1785956091365,0.999699592590332,-0.0008953956421464682,-0.016758300364017487,-0.017864640802145004
1785956091375,0.9996995329856873,-0.0010085568064823747,-0.016753578558564186,-0.017866622656583786
1785956091384,0.9996994137763977,-0.0011623584432527423,-0.01674799993634224,-0.01786939613521099
1785956091394,0.9996992945671082,-0.0012869371566921473,-0.016742223873734474,-0.017871713265776634
1785956091404,0.9996992349624634,-0.0013862623600289226,-0.01673641987144947,-0.017873570322990417
1785956091415,0.9996991157531738,-0.001497540040872991,-0.016730453819036484,-0.017875580117106438
1785956091423,0.9996989965438843,-0.001595621695742011,-0.016725728288292885,-0.017877280712127686
1785956091434,0.9996989369392395,-0.0016700717387720942,-0.016721077263355255,-0.017878524959087372
1785956091444,0.9996988773345947,-0.0017392850713804364,-0.01671610400080681,-0.017879649996757507
1785956091454,0.9996989965438843,-0.0017436284106224775,-0.01671070046722889,-0.01787956990301609
1785956091463,0.999699056148529,-0.0017488020239397883,-0.016705917194485664,-0.01787947677075863
1785956091473,0.9996991157531738,-0.0017537974053993821,-0.016701579093933105,-0.017879387363791466
1785956091483,0.9996991157531738,-0.001756604528054595,-0.01670006476342678,-0.017879338935017586
1785956091494,0.9996992349624634,-0.001705568633042276,-0.0167000163346529,-0.01787843182682991
1785956091502,0.9996992349624634,-0.0017056236974895,-0.01669965125620365,-0.01787842996418476
1785956091513,0.9996992349624634,-0.0017047205474227667,-0.016698911786079407,-0.017878444865345955
1785956091523,0.9996993541717529,-0.001644238829612732,-0.016698837280273438,-0.017877496778964996
1785956091533,0.9996994733810425,-0.001574134104885161,-0.016699498519301414,-0.017876382917165756
1785956091542,0.9996994733810425,-0.0015719914808869362,-0.01669836789369583,-0.017876416444778442
1785956091552,0.999699592590332,-0.0015022074803709984,-0.016697952523827553,-0.017875295132398605
1785956091563,0.9996996521949768,-0.0015015541575849056,-0.016695702448487282,-0.017875302582979202
1785956091573,0.9996997117996216,-0.0015015252865850925,-0.01669113151729107,-0.017875296995043755
1785956091583,0.9996998310089111,-0.0015032008523121476,-0.01668395847082138,-0.01787525974214077
1785956091592,0.9996998906135559,-0.0015626191161572933,-0.016676511615514755,-0.017876192927360535
1785956091602,0.9996999502182007,-0.0015640731435269117,-0.01667121797800064,-0.017876161262392998
1785956091612,0.9997000098228455,-0.0015661694342270494,-0.01666632853448391,-0.017876120284199715
1785956091623,0.9997000694274902,-0.0015672229928895831,-0.01666376367211342,-0.017876099795103073
1785956091631,0.9997000694274902,-0.0015674835303798318,-0.016662266105413437,-0.017876094207167625
1785956091642,0.9997001886367798,-0.0015674852766096592,-0.016661591827869415,-0.017876096069812775
1785956091652,0.9997001886367798,-0.001567054190672934,-0.016661211848258972,-0.01787610352039337
1785956091662,0.9997001886367798,-0.0015655593015253544,-0.01666090078651905,-0.01787612773478031
1785956091672,0.9997001886367798,-0.0015640670899301767,-0.01666102558374405,-0.01787615194916725
1785956091681,0.9997002482414246,-0.001509479247033596,-0.01666199043393135,-0.01787530817091465
1785956091691,0.9997002482414246,-0.0015077776042744517,-0.016661733388900757,-0.01787533611059189
1785956091702,0.9997003078460693,-0.001454733544960618,-0.016662362962961197,-0.017874466255307198
1785956091712,0.9997003078460693,-0.0014545065350830555,-0.01666134223341942,-0.017874468117952347
1785956091721,0.9997003674507141,-0.0014545510057359934,-0.01665826514363289,-0.01787446439266205
1785956091731,0.9997004866600037,-0.001455979305319488,-0.01665228046476841,-0.01787443272769451
1785956091741,0.9997006058692932,-0.0014584680320695043,-0.01664683036506176,-0.01787438429892063
1785956091752,0.9997006058692932,-0.0015306876739487052,-0.0166372861713171,-0.01787544973194599
1785956091760,0.9997007250785828,-0.0015354049392044544,-0.016629217192530632,-0.01787536032497883
1785956091771,0.9997007846832275,-0.0015393438516184688,-0.016623960807919502,-0.01787528768181801
1785956091781,0.9997008442878723,-0.0015418679686263204,-0.01661987602710724,-0.017875241115689278
1785956091791,0.9997009038925171,-0.0015426418976858258,-0.016617486253380775,-0.017875224351882935
1785956091801,0.9997009038925171,-0.0015426342142745852,-0.016616636887192726,-0.017875224351882935
1785956091810,0.9997009038925171,-0.0015420246636494994,-0.01661628670990467,-0.01787523366510868
1785956091820,0.9997009038925171,-0.001541449804790318,-0.016616104170680046,-0.017875242978334427
1785956091831,0.9997009038925171,-0.0015401230193674564,-0.016615623608231544,-0.017875265330076218
1785956091841,0.9997009038925171,-0.001538543147034943,-0.01661509834229946,-0.017875291407108307
1785956091850,0.9997009038925171,-0.0015372851630672812,-0.01661449484527111,-0.01787531189620495
1785956091860,0.9997009038925171,-0.0015365652507171035,-0.016613420099020004,-0.017875323072075844
1785956091870,0.9997010231018066,-0.001536420313641429,-0.016612818464636803,-0.017875326797366142
1785956091880,0.9997010231018066,-0.0015365293947979808,-0.01661185547709465,-0.017875323072075844
1785956091891,0.9997010231018066,-0.0015368653694167733,-0.016610456630587578,-0.017875315621495247
1785956091899,0.9997010231018066,-0.0015371119370684028,-0.016608968377113342,-0.0178753100335598
1785956091910,0.9997011423110962,-0.0015371133340522647,-0.016607586294412613,-0.0178753100335598
1785956091920,0.9997011423110962,-0.0015367459272965789,-0.016605868935585022,-0.017875313758850098
1785956091930,0.999701201915741,-0.00153598643373698,-0.016603020951151848,-0.017875323072075844
1785956091939,0.999701201915741,-0.0015355221694335341,-0.016601359471678734,-0.01787532866001129
1785956091949,0.999701201915741,-0.0015354594215750694,-0.016599910333752632,-0.01787532866001129
1785956091960,0.999701201915741,-0.001535283518023789,-0.016598308458924294,-0.01787533052265644
1785956091970,0.9997012615203857,-0.0015353505732491612,-0.016596442088484764,-0.017875326797366142
1785956091980,0.9997012615203857,-0.0015354510396718979,-0.016594717279076576,-0.017875323072075844
1785956091989,0.9997012615203857,-0.0015354692004621029,-0.016593661159276962,-0.017875321209430695
1785956091999,0.9997013211250305,-0.001536017283797264,-0.01659182645380497,-0.0178753100335598
1785956092009,0.9997013807296753,-0.0015370385954156518,-0.016589270904660225,-0.017875289544463158
1785956092020,0.9997014403343201,-0.0015384180005639791,-0.01658598892390728,-0.01787526346743107
1785956092028,0.9997014403343201,-0.0015920718433335423,-0.016583029180765152,-0.017876116558909416
1785956092039,0.9997014403343201,-0.0015934598632156849,-0.01658199355006218,-0.017876092344522476
1785956092049,0.9997014403343201,-0.0015941224992275238,-0.016581041738390923,-0.01787607930600643
1785956092059,0.9997014403343201,-0.0015941353049129248,-0.01658070832490921,-0.01787607930600643
1785956092069,0.9997014403343201,-0.0015938678989186883,-0.01657991111278534,-0.01787608303129673
1785956092078,0.9997014403343201,-0.0015931471716612577,-0.016578977927565575,-0.017876094207167625
1785956092088,0.9997014403343201,-0.0015920511214062572,-0.01657780259847641,-0.01787611097097397
1785956092099,0.9997015595436096,-0.0015914923278614879,-0.016576770693063736,-0.017876120284199715
1785956092109,0.9997015595436096,-0.0015909373760223389,-0.016575710847973824,-0.01787612773478031
1785956092118,0.9997015595436096,-0.0015907458728179336,-0.016574012115597725,-0.01787612959742546
1785956092128,0.9997016191482544,-0.0015906643820926547,-0.01657159812748432,-0.01787612773478031
1785956092138,0.9997016787528992,-0.0015909371431916952,-0.01656833291053772,-0.017876118421554565
1785956092148,0.9997016787528992,-0.0016450276598334312,-0.016562888398766518,-0.01787698082625866
1785956092159,0.9997015595436096,-0.001741182990372181,-0.016556747257709503,-0.017878521233797073
1785956092168,0.9997013211250305,-0.00192865333519876,-0.01654856652021408,-0.01788150891661644
1785956092178,0.9997233152389526,-0.0020222782623022795,-0.016538411378860474,-0.01660369336605072
1785956092188,0.999729573726654,-0.002030998235568404,-0.01653485931456089,-0.016230033710598946
1785956092198,0.9997360110282898,-0.001900200149975717,-0.016535034403204918,-0.015833668410778046
1785956092207,0.9997442960739136,-0.0017654779367148876,-0.016467547044157982,-0.015399924479424953
1785956092217,0.999751091003418,-0.0016998409992083907,-0.016467610374093056,-0.014951404184103012
1785956092228,0.9997570514678955,-0.0017066430300474167,-0.0164665374904871,-0.014551466330885887
1785956092238,0.9997636675834656,-0.0017826800467446446,-0.016464127227663994,-0.014089507050812244
1785956092248,0.9997695684432983,-0.0019652065820991993,-0.016459785401821136,-0.01363444048911333
1785956092257,0.9997724890708923,-0.0023274868726730347,-0.01652998849749565,-0.013282369822263718
1785956092267,0.9997748136520386,-0.0031668900046497583,-0.01650691218674183,-0.012948722578585148
1785956092277,0.9997764825820923,-0.003862005425617099,-0.01649124175310135,-0.012649590149521828
1785956092288,0.9997828006744385,-0.0038654166273772717,-0.016347995027899742,-0.012334393337368965
1785956092296,0.9997854828834534,-0.0037994123995304108,-0.016348088160157204,-0.012136227451264858
1785956092307,0.9997895359992981,-0.0038048336282372475,-0.016346829012036324,-0.011804692447185516
1785956092317,0.9997929930686951,-0.003809823654592037,-0.016345664858818054,-0.011499467305839062
1785956092327,0.99979567527771,-0.0037448550574481487,-0.01634564809501171,-0.011287849396467209
1785956092336,0.9998002052307129,-0.004022856708616018,-0.01623082160949707,-0.010950672440230846
1785956092346,0.9998027086257935,-0.004026574082672596,-0.0162298996001482,-0.010721681639552116
1785956092356,0.999805748462677,-0.004031187389045954,-0.016228755936026573,-0.010437504388391972
1785956092367,0.9998079538345337,-0.003983866889029741,-0.016286084428429604,-0.010146974585950375
1785956092377,0.9998112916946411,-0.004190792795270681,-0.016282351687550545,-0.009723960421979427
1785956092386,0.9998128414154053,-0.004196478985249996,-0.016366371884942055,-0.009425378404557705
1785956092396,0.9998140335083008,-0.00426672026515007,-0.01648535393178463,-0.009062783792614937
1785956092406,0.999815046787262,-0.004337259102612734,-0.016598979011178017,-0.008679157122969627
1785956092417,0.9998152852058411,-0.004433507565408945,-0.016733631491661072,-0.00834324024617672
1785956092425,0.9998149275779724,-0.004527334123849869,-0.016832003369927406,-0.008133790455758572
1785956092437,0.9998146891593933,-0.004584111738950014,-0.016910742968320847,-0.00796391163021326
1785956092446,0.9998155236244202,-0.004644229542464018,-0.016909677535295486,-0.007833327166736126
1785956092456,0.9998165369033813,-0.004704969935119152,-0.016908440738916397,-0.007665903773158789
1785956092466,0.9998180866241455,-0.004708440974354744,-0.016907474026083946,-0.007460662629455328
1785956092475,0.9998206496238708,-0.004645191133022308,-0.01690654642879963,-0.007154273334890604
1785956092485,0.9998236894607544,-0.004496246576309204,-0.016906142234802246,-0.006826807279139757
1785956092496,0.9998267292976379,-0.004354855976998806,-0.016905562952160835,-0.006471716798841953
1785956092506,0.9998317956924438,-0.004281405359506607,-0.01676238887012005,-0.006092086434364319
1785956092516,0.9998371601104736,-0.004229438491165638,-0.01660316064953804,-0.005681299604475498
1785956092525,0.9998409748077393,-0.00423577381297946,-0.016501465812325478,-0.0052659641951322556
1785956092535,0.999844491481781,-0.004240167327225208,-0.016383077949285507,-0.004962901119142771
1785956092545,0.9998471140861511,-0.004339916631579399,-0.016297057271003723,-0.004633254837244749
1785956092556,0.9998499155044556,-0.004482956137508154,-0.016189441084861755,-0.004225443117320538
1785956092565,0.9998521208763123,-0.0046906061470508575,-0.01612330786883831,-0.0037395216058939695
1785956092575,0.9998530745506287,-0.0048355055041611195,-0.01612044684588909,-0.0032417583279311657
1785956092585,0.9998545050621033,-0.004909119103103876,-0.01611732505261898,-0.0026409856509417295
1785956092595,0.9998562335968018,-0.004811160732060671,-0.016115380451083183,-0.00218668463639915
1785956092606,0.9998570680618286,-0.004818963818252087,-0.016113046556711197,-0.0017025017878040671
1785956092614,0.9998570680618286,-0.004956984892487526,-0.016110895201563835,-0.0013046455569565296
1785956092625,0.9998568296432495,-0.005116141401231289,-0.016108686104416847,-0.0009018653072416782
1785956092635,0.9998564124107361,-0.0052498821169137955,-0.01610668934881687,-0.0005364521057344973
1785956092645,0.9998553395271301,-0.0054613337852060795,-0.016106272116303444,-0.0004819547466468066
1785956092654,0.999855101108551,-0.005651962012052536,-0.016053209081292152,-0.00041161669651046395
1785956092664,0.9998548626899719,-0.0057067908346652985,-0.01605241373181343,-0.00027562998002395034
1785956092674,0.9998552203178406,-0.005649835802614689,-0.016051853075623512,-0.00017350396956317127
1785956092685,0.9998552203178406,-0.005651694722473621,-0.016051199287176132,-5.772373697254807e-05
1785956092693,0.9998552203178406,-0.005653806962072849,-0.01605045609176159,7.38451344659552e-05
1785956092704,0.9998558163642883,-0.005777903366833925,-0.01596524752676487,0.00026088670711033046
1785956092714,0.9998531341552734,-0.006123750936239958,-0.015960153192281723,0.0011502791894599795
1785956092724,0.9998534321784973,-0.0052797505632042885,-0.016117028892040253,0.002352691488340497
1785956092734,0.9998480081558228,-0.004474871791899204,-0.016272904351353645,0.0043722111731767654
1785956092743,0.9997671842575073,-0.005336472764611244,-0.019376952201128006,0.00785060040652752
1785956092753,0.9997231960296631,-0.006563904695212841,-0.01849501207470894,0.01297598984092474
1785956092764,0.9996627569198608,-0.006592903286218643,-0.018096627667546272,0.01741575263440609
1785956092774,0.9996416568756104,-0.006381230428814888,-0.01666390523314476,0.0199513491243124
1785956092783,0.9996411800384521,-0.006287399213761091,-0.01666167937219143,0.020005542784929276
1785956092793,0.9996411800384521,-0.006287399213761091,-0.01666167937219143,0.020005542784929276
1785956092803,0.999641478061676,-0.006276644766330719,-0.01665298454463482,0.020005423575639725
1785956092814,0.9996416568756104,-0.006267777644097805,-0.01664593815803528,0.020005322992801666
1785956092824,0.9996417760848999,-0.0062611703760921955,-0.01664113812148571,0.0200052447617054
1785956092833,0.9996418952941895,-0.006254938431084156,-0.01663723960518837,0.02000516839325428
1785956092843,0.999642014503479,-0.006250013131648302,-0.01663406565785408,0.020005108788609505
1785956092853,0.9996399283409119,-0.006002903450280428,-0.016625411808490753,0.020188087597489357
1785956092863,0.9995949268341064,-0.006120114121586084,-0.016509227454662323,0.02235918678343296
1785956092872,0.9995964765548706,-0.005883493460714817,-0.016497129574418068,0.022362712770700455
1785956092882,0.9995966553688049,-0.0058681960217654705,-0.016489481553435326,0.02236250974237919
1785956092893,0.9995967745780945,-0.0058586569502949715,-0.016485627740621567,0.022362377494573593
1785956092903,0.999596893787384,-0.005851475056260824,-0.016482146456837654,0.022362282499670982
1785956092913,0.9995970129966736,-0.005844269413501024,-0.016478633508086205,0.022362185642123222
1785956092922,0.9995971322059631,-0.005837778560817242,-0.016475822776556015,0.02236209623515606
1785956092932,0.9995971918106079,-0.0058321175165474415,-0.016474174335598946,0.022362014278769493
1785956092942,0.9995973110198975,-0.005826120264828205,-0.01647232286632061,0.02236192859709263
1785956092953,0.9995973110198975,-0.0058211879804730415,-0.016470782458782196,0.022361857816576958
1785956092961,0.9995973110198975,-0.005817127414047718,-0.016469458118081093,0.02236180007457733
1785956092972,0.999597430229187,-0.005813793744891882,-0.016468284651637077,0.02236175537109375
1785956092982,0.999597430229187,-0.005811318289488554,-0.016467249020934105,0.022361721843481064
1785956092992,0.9995974898338318,-0.005807405803352594,-0.016465390101075172,0.022361669689416885
1785956093001,0.9995975494384766,-0.005803517531603575,-0.016463156789541245,0.022361619397997856
1785956093011,0.9995975494384766,-0.005799195263534784,-0.016461538150906563,0.02236155793070793
1785956093022,0.9995976686477661,-0.00579338101670146,-0.016459116712212563,0.022361477836966515
1785956093032,0.9995977282524109,-0.00578824058175087,-0.016457248479127884,0.022361405193805695
1785956093042,0.9995977878570557,-0.0057840850204229355,-0.016454434022307396,0.022361354902386665
1785956093051,0.9995978474617004,-0.005780249368399382,-0.01645127683877945,0.022361312061548233
1785956093061,0.9995979070663452,-0.005775817204266787,-0.016448181122541428,0.022361258044838905
1785956093071,0.99959796667099,-0.0057722460478544235,-0.016445936635136604,0.022361213341355324
1785956093082,0.9995980262756348,-0.005769223906099796,-0.01644374430179596,0.02236117795109749
1785956093092,0.9995980262756348,-0.00576526764780283,-0.01644231379032135,0.02236112207174301
1785956093101,0.9995981454849243,-0.005760972388088703,-0.016441136598587036,0.022361060604453087
1785956093111,0.9995982050895691,-0.00575608666986227,-0.01643940433859825,0.022360991686582565
1785956093121,0.9995982646942139,-0.005752233322709799,-0.01643764227628708,0.022360939532518387
1785956093131,0.9995983839035034,-0.005746604409068823,-0.016435407102108,0.02236086130142212
1785956093140,0.9995983839035034,-0.005741422530263662,-0.016433846205472946,0.02236078679561615
1785956093150,0.9995983839035034,-0.005736570805311203,-0.01643221825361252,0.02236071787774563
1785956093161,0.999598503112793,-0.0057298713363707066,-0.016429198905825615,0.022360626608133316
1785956093171,0.9995986223220825,-0.005723483394831419,-0.01642666570842266,0.022360537201166153
1785956093180,0.9995987415313721,-0.005717671010643244,-0.016424473375082016,0.022360455244779587
1785956093190,0.9995988607406616,-0.005711494944989681,-0.01642104797065258,0.02236037515103817
1785956093200,0.9995989203453064,-0.005707133561372757,-0.016419172286987305,0.022360315546393394
1785956093211,0.9995989203453064,-0.005703222472220659,-0.016417691484093666,0.022360261529684067
1785956093221,0.9995989203453064,-0.005699839908629656,-0.016416452825069427,0.022360213100910187
1785956093230,0.9995989203453064,-0.0056959111243486404,-0.016414785757660866,0.02236015908420086
1785956093240,0.9995990991592407,-0.00569166848435998,-0.016412854194641113,0.022360103204846382
1785956093250,0.9995990991592407,-0.005689036101102829,-0.016411734744906425,0.022360067814588547
1785956093260,0.9995990991592407,-0.005685881711542606,-0.016410233452916145,0.022360024973750114
1785956093269,0.9995991587638855,-0.005682505201548338,-0.016407405957579613,0.02235998772084713
1785956093279,0.9995992183685303,-0.005678936839103699,-0.01640423759818077,0.022359948605298996
1785956093290,0.999599277973175,-0.005675649270415306,-0.016401955857872963,0.022359909489750862
1785956093300,0.9995993375778198,-0.005672512110322714,-0.016399450600147247,0.022359874099493027
1785956093310,0.9995993971824646,-0.0056682550348341465,-0.016396470367908478,0.02235982194542885
1785956093319,0.9995994567871094,-0.005663322284817696,-0.01639322191476822,0.022359760478138924
1785956093329,0.9995995163917542,-0.0056589385494589806,-0.016391253098845482,0.022359700873494148
1785956093339,0.9995996356010437,-0.005655287299305201,-0.01639014482498169,0.02235965058207512
1785956093350,0.9995996356010437,-0.005651535931974649,-0.01638904958963394,0.02235959656536579
1785956093358,0.9995996356010437,-0.005647621583193541,-0.016387764364480972,0.022359540686011314
1785956093369,0.999599814414978,-0.005643350072205067,-0.016385208815336227,0.022359488531947136
1785956093379,0.9995998740196228,-0.00563856540247798,-0.016382504254579544,0.02235942706465721
1785956093389,0.9995999336242676,-0.005634009838104248,-0.016380781307816505,0.022359363734722137
1785956093399,0.9995999336242676,-0.005630680825561285,-0.016379501670598984,0.022359317168593407
1785956093408,0.9995999932289124,-0.005626869387924671,-0.01637720875442028,0.022359268739819527
1785956093419,0.9996000528335571,-0.005623540375381708,-0.016375400125980377,0.022359225898981094
1785956093429,0.9996001124382019,-0.0056197745725512505,-0.016373470425605774,0.022359175607562065
1785956093439,0.9996001720428467,-0.005615238565951586,-0.01637158915400505,0.02235911227762699
1785956093448,0.9996002316474915,-0.0056105731055140495,-0.016369115561246872,0.022359050810337067
1785956093458,0.9996002912521362,-0.005605887621641159,-0.016367044299840927,0.022358987480401993
1785956093468,0.999600350856781,-0.005600871052592993,-0.01636514440178871,0.022358916699886322
1785956093479,0.9996004700660706,-0.005596477072685957,-0.016363676637411118,0.022358855232596397
1785956093487,0.9996004700660706,-0.005593251436948776,-0.016361970454454422,0.022358812391757965
1785956093498,0.9996004700660706,-0.005590629763901234,-0.01636073738336563,0.02235877700150013
1785956093508,0.9996004700660706,-0.005587826482951641,-0.01636042445898056,0.022358734160661697
1785956093518,0.9996004700660706,-0.0055857873521745205,-0.016360530629754066,0.02235870063304901
1785956093528,0.9996004700660706,-0.005584124941378832,-0.016360409557819366,0.022358674556016922
1785956093537,0.9996005892753601,-0.005581923760473728,-0.01635970175266266,0.022358644753694534
1785956093547,0.9996005892753601,-0.005579883698374033,-0.016358667984604836,0.022358618676662445
1785956093558,0.9996005892753601,-0.005578235257416964,-0.016357697546482086,0.022358598187565804
1785956093568,0.9996005892753601,-0.005576685070991516,-0.016357261687517166,0.022358575835824013
1785956093578,0.9996007084846497,-0.005574434529989958,-0.016356458887457848,0.022358546033501625
1785956093587,0.9996007084846497,-0.005571747664362192,-0.01635541021823883,0.02235850878059864
1785956093597,0.9996007084846497,-0.005568840075284243,-0.016354253515601158,0.022358467802405357
1785956093607,0.9996007084846497,-0.005565309897065163,-0.016352541744709015,0.022358421236276627
1785956093618,0.9996007680892944,-0.00556170241907239,-0.016350528225302696,0.022358374670147896
1785956093627,0.9996008276939392,-0.005557432770729065,-0.01634746976196766,0.022358324378728867
1785956093637,0.9996010065078735,-0.005552080925554037,-0.016343558207154274,0.022358262911438942
1785956093647,0.9996011257171631,-0.005545954219996929,-0.016339676454663277,0.022358186542987823
1785956093657,0.9996012449264526,-0.005540469661355019,-0.016336683183908463,0.022358115762472153
1785956093666,0.9996013045310974,-0.005535424686968327,-0.016332823783159256,0.022358056157827377
1785956093676,0.9996013641357422,-0.00553131615743041,-0.016328705474734306,0.022358013316988945
1785956093687,0.999601423740387,-0.00552809564396739,-0.016324909403920174,0.022357983514666557
1785956093697,0.9996014833450317,-0.005524421110749245,-0.016321735456585884,0.022357942536473274
1785956093707,0.9996015429496765,-0.00552183436229825,-0.016319740563631058,0.022357912734150887
1785956093716,0.9996015429496765,-0.005519628990441561,-0.01631843112409115,0.022357884794473648
1785956093726,0.9996016621589661,-0.005517852026969194,-0.01631789654493332,0.022357860580086708
1785956093736,0.9996016621589661,-0.0055155144073069096,-0.016317041590809822,0.022357827052474022
1785956093747,0.9996016621589661,-0.00551282474771142,-0.01631634309887886,0.022357787936925888
1785956093755,0.9996016621589661,-0.00551078375428915,-0.016315674409270287,0.0223577581346035
1785956093766,0.9996017217636108,-0.005507387686520815,-0.016313839703798294,0.02235771343111992
1785956093776,0.9996018409729004,-0.005504541099071503,-0.016312560066580772,0.022357676178216934
1785956093786,0.9996018409729004,-0.0055020335130393505,-0.016311200335621834,0.022357642650604248
1785956093796,0.9996018409729004,-0.0055020335130393505,-0.016311200335621834,0.022357642650604248
1785956093805,0.9996018409729004,-0.0055020335130393505,-0.016311200335621834,0.022357642650604248
1785956093815,0.9996018409729004,-0.0055020335130393505,-0.016311200335621834,0.022357642650604248
1785956093826,0.9996018409729004,-0.0055020335130393505,-0.016311200335621834,0.022357642650604248
1785956093836,0.9996018409729004,-0.0055020335130393505,-0.016311200335621834,0.022357642650604248
1785956093845,0.9996018409729004,-0.0055020335130393505,-0.016311200335621834,0.022357642650604248
1785956093855,0.9996018409729004,-0.0055020335130393505,-0.016311200335621834,0.022357642650604248
1785956093865,0.9996018409729004,-0.0055020335130393505,-0.016311200335621834,0.022357642650604248
1785956093876,0.9996018409729004,-0.0055020335130393505,-0.016311200335621834,0.022357642650604248
1785956093886,0.9996018409729004,-0.0055020335130393505,-0.016311200335621834,0.022357642650604248
1785956093895,0.9996018409729004,-0.0055020335130393505,-0.016311200335621834,0.022357642650604248
1785956093905,0.9996018409729004,-0.0055020335130393505,-0.016311200335621834,0.022357642650604248
1785956093915,0.9996018409729004,-0.0055020335130393505,-0.016311200335621834,0.022357642650604248
1785956093925,0.9996018409729004,-0.0055020335130393505,-0.016311200335621834,0.022357642650604248
1785956093934,0.9996018409729004,-0.0055020335130393505,-0.016311200335621834,0.022357642650604248
1785956093944,0.9996018409729004,-0.0055020335130393505,-0.016311200335621834,0.022357642650604248
1785956093955,0.9996018409729004,-0.0055020335130393505,-0.016311200335621834,0.022357642650604248
1785956093965,0.9996018409729004,-0.0055020335130393505,-0.016311200335621834,0.022357642650604248
1785956093975,0.9996018409729004,-0.0055020335130393505,-0.016311200335621834,0.022357642650604248
1785956093984,0.9996018409729004,-0.0055020335130393505,-0.016311200335621834,0.022357642650604248
1785956093994,0.9996018409729004,-0.0055020335130393505,-0.016311200335621834,0.022357642650604248
1785956094004,0.9996018409729004,-0.0055020335130393505,-0.016311200335621834,0.022357642650604248
1785956094015,0.9996018409729004,-0.0055020335130393505,-0.016311200335621834,0.022357642650604248
1785956094025,0.9996018409729004,-0.0055020335130393505,-0.016311200335621834,0.022357642650604248
1785956094034,0.9996018409729004,-0.0055020335130393505,-0.016311200335621834,0.022357642650604248
1785956094044,0.9996018409729004,-0.0055020335130393505,-0.016311200335621834,0.022357642650604248
1785956094054,0.9996018409729004,-0.0055020335130393505,-0.016311200335621834,0.022357642650604248
1785956094065,0.9996018409729004,-0.0055020335130393505,-0.016311200335621834,0.022357642650604248
1785956094073,0.9996018409729004,-0.0055020335130393505,-0.016311200335621834,0.022357642650604248
1785956094084,0.9996018409729004,-0.0055020335130393505,-0.016311200335621834,0.022357642650604248
1785956094094,0.9996018409729004,-0.0055020335130393505,-0.016311200335621834,0.022357642650604248
1785956094104,0.9996018409729004,-0.0055020335130393505,-0.016311200335621834,0.022357642650604248
1785956094113,0.9996018409729004,-0.0055020335130393505,-0.016311200335621834,0.022357642650604248
1785956094123,0.9996018409729004,-0.0055020335130393505,-0.016311200335621834,0.022357642650604248
1785956094133,0.9996018409729004,-0.0055020335130393505,-0.016311200335621834,0.022357642650604248
1785956094144,0.9996018409729004,-0.0055020335130393505,-0.016311200335621834,0.022357642650604248
1785956094154,0.9996018409729004,-0.0055020335130393505,-0.016311200335621834,0.022357642650604248
1785956094163,0.9996018409729004,-0.0055020335130393505,-0.016311200335621834,0.022357642650604248
1785956094173,0.9996018409729004,-0.0055020335130393505,-0.016311200335621834,0.022357642650604248
1785956094183,0.9996018409729004,-0.0055020335130393505,-0.016311200335621834,0.022357642650604248
1785956094193,0.9996018409729004,-0.0055020335130393505,-0.016311200335621834,0.022357642650604248
1785956094202,0.9996018409729004,-0.0055020335130393505,-0.016311200335621834,0.022357642650604248
1785956094212,0.9996018409729004,-0.0055020335130393505,-0.016311200335621834,0.022357642650604248
1785956094223,0.9996018409729004,-0.0055020335130393505,-0.016311200335621834,0.022357642650604248
1785956094233,0.9996018409729004,-0.0055020335130393505,-0.016311200335621834,0.022357642650604248
1785956094242,0.9996018409729004,-0.0055020335130393505,-0.016311200335621834,0.022357642650604248
1785956094252,0.9996018409729004,-0.0055020335130393505,-0.016311200335621834,0.022357642650604248
1785956094262,0.9996018409729004,-0.0055020335130393505,-0.016311200335621834,0.022357642650604248
1785956094273,0.9996018409729004,-0.0055020335130393505,-0.016311200335621834,0.022357642650604248
1785956094283,0.9996018409729004,-0.0055020335130393505,-0.016311200335621834,0.022357642650604248
1785956094292,0.9996018409729004,-0.0055020335130393505,-0.016311200335621834,0.022357642650604248
1785956094302,0.9996018409729004,-0.0055020335130393505,-0.016311200335621834,0.022357642650604248
1785956094312,0.9996018409729004,-0.0055020335130393505,-0.016311200335621834,0.022357642650604248
1785956094322,0.9996018409729004,-0.0055020335130393505,-0.016311200335621834,0.022357642650604248
1785956094331,0.9996018409729004,-0.0055020335130393505,-0.016311200335621834,0.022357642650604248
1785956094341,0.9996018409729004,-0.0055020335130393505,-0.016311200335621834,0.022357642650604248
1785956094352,0.9996018409729004,-0.0055020335130393505,-0.016311200335621834,0.022357642650604248
1785956094362,0.9996018409729004,-0.0055020335130393505,-0.016311200335621834,0.022357642650604248
1785956094372,0.9996018409729004,-0.0055020335130393505,-0.016311200335621834,0.022357642650604248
1785956094381,0.9996018409729004,-0.0055020335130393505,-0.016311200335621834,0.022357642650604248
1785956094391,0.9996018409729004,-0.0055020335130393505,-0.016311200335621834,0.022357642650604248
1785956094401,0.9996018409729004,-0.0055020335130393505,-0.016311200335621834,0.022357642650604248
1785956094412,0.9996018409729004,-0.0055020335130393505,-0.016311200335621834,0.022357642650604248
1785956094420,0.9996018409729004,-0.0055020335130393505,-0.016311200335621834,0.022357642650604248
1785956094431,0.9996018409729004,-0.0055020335130393505,-0.016311200335621834,0.022357642650604248
1785956094441,0.9996018409729004,-0.0055020335130393505,-0.016311200335621834,0.022357642650604248
1785956094451,0.9996018409729004,-0.0055020335130393505,-0.016311200335621834,0.022357642650604248
1785956094461,0.9996018409729004,-0.0055020335130393505,-0.016311200335621834,0.022357642650604248
1785956094470,0.9996018409729004,-0.0055020335130393505,-0.016311200335621834,0.022357642650604248
1785956094481,0.9996018409729004,-0.0055020335130393505,-0.016311200335621834,0.022357642650604248
1785956094491,0.9996018409729004,-0.0055020335130393505,-0.016311200335621834,0.022357642650604248
1785956094501,0.9996018409729004,-0.0055020335130393505,-0.016311200335621834,0.022357642650604248
1785956094510,0.9996018409729004,-0.0055020335130393505,-0.016311200335621834,0.022357642650604248
1785956094520,0.9996018409729004,-0.0055020335130393505,-0.016311200335621834,0.022357642650604248
1785956094530,0.9996018409729004,-0.0055020335130393505,-0.016311200335621834,0.022357642650604248
1785956094541,0.9996018409729004,-0.0055020335130393505,-0.016311200335621834,0.022357642650604248
1785956094551,0.9996018409729004,-0.0055020335130393505,-0.016311200335621834,0.022357642650604248
1785956094560,0.9996018409729004,-0.0055020335130393505,-0.016311200335621834,0.022357642650604248
1785956094570,0.9996018409729004,-0.0055020335130393505,-0.016311200335621834,0.022357642650604248
1785956094580,0.9996018409729004,-0.0055020335130393505,-0.016311200335621834,0.022357642650604248
1785956094590,0.9996018409729004,-0.0055020335130393505,-0.016311200335621834,0.022357642650604248
1785956094599,0.9996018409729004,-0.0055020335130393505,-0.016311200335621834,0.022357642650604248
1785956094609,0.9996018409729004,-0.0055020335130393505,-0.016311200335621834,0.022357642650604248
1785956094620,0.9996018409729004,-0.0055020335130393505,-0.016311200335621834,0.022357642650604248
1785956094630,0.9996018409729004,-0.0055020335130393505,-0.016311200335621834,0.022357642650604248
1785956094640,0.9996018409729004,-0.0055020335130393505,-0.016311200335621834,0.022357642650604248
1785956094649,0.9996018409729004,-0.0055020335130393505,-0.016311200335621834,0.022357642650604248
1785956094659,0.9996018409729004,-0.0055020335130393505,-0.016311200335621834,0.022357642650604248
1785956094669,0.9996018409729004,-0.0055020335130393505,-0.016311200335621834,0.022357642650604248
1785956094680,0.9996018409729004,-0.0055020335130393505,-0.016311200335621834,0.022357642650604248
1785956094689,0.9996018409729004,-0.0055020335130393505,-0.016311200335621834,0.022357642650604248
1785956094699,0.9996018409729004,-0.0055020335130393505,-0.016311200335621834,0.022357642650604248
1785956094709,0.9996018409729004,-0.0055020335130393505,-0.016311200335621834,0.022357642650604248
1785956094719,0.9996018409729004,-0.0055020335130393505,-0.016311200335621834,0.022357642650604248
1785956094728,0.9996018409729004,-0.0055020335130393505,-0.016311200335621834,0.022357642650604248
1785956094738,0.9996018409729004,-0.0055020335130393505,-0.016311200335621834,0.022357642650604248
1785956094749,0.9996018409729004,-0.0055020335130393505,-0.016311200335621834,0.022357642650604248
1785956094759,0.9996018409729004,-0.0055020335130393505,-0.016311200335621834,0.022357642650604248
1785956094769,0.9996018409729004,-0.0055020335130393505,-0.016311200335621834,0.022357642650604248
1785956094778,0.9996018409729004,-0.0055020335130393505,-0.016311200335621834,0.022357642650604248
1785956094788,0.9996018409729004,-0.0055020335130393505,-0.016311200335621834,0.022357642650604248
1785956094798,0.9996018409729004,-0.0055020335130393505,-0.016311200335621834,0.022357642650604248
1785956094809,0.9996018409729004,-0.0055020335130393505,-0.016311200335621834,0.022357642650604248
1785956094817,0.9996018409729004,-0.0055020335130393505,-0.016311200335621834,0.022357642650604248
1785956094828,0.9996018409729004,-0.0055020335130393505,-0.016311200335621834,0.022357642650604248
1785956094838,0.9996018409729004,-0.0055020335130393505,-0.016311200335621834,0.022357642650604248
1785956094848,0.9996018409729004,-0.0055020335130393505,-0.016311200335621834,0.022357642650604248
1785956094858,0.9996018409729004,-0.0055020335130393505,-0.016311200335621834,0.022357642650604248
1785956094867,0.9996018409729004,-0.0055020335130393505,-0.016311200335621834,0.022357642650604248
1785956094877,0.9996018409729004,-0.0055020335130393505,-0.016311200335621834,0.022357642650604248
1785956094888,0.9996018409729004,-0.0055020335130393505,-0.016311200335621834,0.022357642650604248
1785956094898,0.9996018409729004,-0.0055020335130393505,-0.016311200335621834,0.022357642650604248
1785956094907,0.9996018409729004,-0.0055020335130393505,-0.016311200335621834,0.022357642650604248
1785956094917,0.9996018409729004,-0.0055020335130393505,-0.016311200335621834,0.022357642650604248
1785956094927,0.9996018409729004,-0.0055020335130393505,-0.016311200335621834,0.022357642650604248
1785956094938,0.9996018409729004,-0.0055020335130393505,-0.016311200335621834,0.022357642650604248
1785956094948,0.9996018409729004,-0.0055020335130393505,-0.016311200335621834,0.022357642650604248
1785956094957,0.9996018409729004,-0.0055020335130393505,-0.016311200335621834,0.022357642650604248
1785956094967,0.9996018409729004,-0.0055020335130393505,-0.016311200335621834,0.022357642650604248
1785956094977,0.9996018409729004,-0.0055020335130393505,-0.016311200335621834,0.022357642650604248
1785956094987,0.9996018409729004,-0.0055020335130393505,-0.016311200335621834,0.022357642650604248
1785956094996,0.9996018409729004,-0.0055020335130393505,-0.016311200335621834,0.022357642650604248
1785956095006,0.9996018409729004,-0.0055020335130393505,-0.016311200335621834,0.022357642650604248
1785956095017,0.9996018409729004,-0.0055020335130393505,-0.016311200335621834,0.022357642650604248
1785956095027,0.9996018409729004,-0.0055020335130393505,-0.016311200335621834,0.022357642650604248
1785956095037,0.9996018409729004,-0.0055020335130393505,-0.016311200335621834,0.022357642650604248
1785956095046,0.9996018409729004,-0.0055020335130393505,-0.016311200335621834,0.022357642650604248
1785956095056,0.9996018409729004,-0.0055020335130393505,-0.016311200335621834,0.022357642650604248
1785956095066,0.9996018409729004,-0.0055020335130393505,-0.016311200335621834,0.022357642650604248
1785956095077,0.9996018409729004,-0.0055020335130393505,-0.016311200335621834,0.022357642650604248
1785956095086,0.9996018409729004,-0.0055020335130393505,-0.016311200335621834,0.022357642650604248
1785956095096,0.9996018409729004,-0.0055020335130393505,-0.016311200335621834,0.022357642650604248
1785956095106,0.9996018409729004,-0.0055020335130393505,-0.016311200335621834,0.022357642650604248
1785956095116,0.9996018409729004,-0.0055020335130393505,-0.016311200335621834,0.022357642650604248
1785956095127,0.9996018409729004,-0.0055020335130393505,-0.016311200335621834,0.022357642650604248
1785956095135,0.9996018409729004,-0.0055020335130393505,-0.016311200335621834,0.022357642650604248
1785956095146,0.9996018409729004,-0.0055020335130393505,-0.016311200335621834,0.022357642650604248
1785956095156,0.9996018409729004,-0.0055020335130393505,-0.016311200335621834,0.022357642650604248
1785956095166,0.9996018409729004,-0.0055020335130393505,-0.016311200335621834,0.022357642650604248
1785956095175,0.9996018409729004,-0.0055020335130393505,-0.016311200335621834,0.022357642650604248
1785956095185,0.9996018409729004,-0.0055020335130393505,-0.016311200335621834,0.022357642650604248
1785956095195,0.9996018409729004,-0.0055020335130393505,-0.016311200335621834,0.022357642650604248
1785956095206,0.9996018409729004,-0.0055020335130393505,-0.016311200335621834,0.022357642650604248
1785956095216,0.9996018409729004,-0.0055020335130393505,-0.016311200335621834,0.022357642650604248
1785956095225,0.9996018409729004,-0.0055020335130393505,-0.016311200335621834,0.022357642650604248
1785956095235,0.9996018409729004,-0.0055020335130393505,-0.016311200335621834,0.022357642650604248
1785956095245,0.9996018409729004,-0.0055020335130393505,-0.016311200335621834,0.022357642650604248
1785956095255,0.9996018409729004,-0.0055020335130393505,-0.016311200335621834,0.022357642650604248
1785956095264,0.9996018409729004,-0.0055020335130393505,-0.016311200335621834,0.022357642650604248
1785956095274,0.9996018409729004,-0.0055020335130393505,-0.016311200335621834,0.022357642650604248
1785956095285,0.9996018409729004,-0.0055020335130393505,-0.016311200335621834,0.022357642650604248
1785956095295,0.9996018409729004,-0.0055020335130393505,-0.016311200335621834,0.022357642650604248
1785956095304,0.9996018409729004,-0.0055020335130393505,-0.016311200335621834,0.022357642650604248
1785956095314,0.9996018409729004,-0.0055020335130393505,-0.016311200335621834,0.022357642650604248
1785956095324,0.9996018409729004,-0.0055020335130393505,-0.016311200335621834,0.022357642650604248
1785956095335,0.9996018409729004,-0.0055020335130393505,-0.016311200335621834,0.022357642650604248
1785956095345,0.9996018409729004,-0.0055020335130393505,-0.016311200335621834,0.022357642650604248
1785956095354,0.9996018409729004,-0.0055020335130393505,-0.016311200335621834,0.022357642650604248
1785956095364,0.9996018409729004,-0.0055020335130393505,-0.016311200335621834,0.022357642650604248
1785956095374,0.9996018409729004,-0.0055020335130393505,-0.016311200335621834,0.022357642650604248
1785956095384,0.9996018409729004,-0.0055020335130393505,-0.016311200335621834,0.022357642650604248
1785956095393,0.9996018409729004,-0.0055020335130393505,-0.016311200335621834,0.022357642650604248
1785956095403,0.9996018409729004,-0.0055020335130393505,-0.016311200335621834,0.022357642650604248
1785956095414,0.9996018409729004,-0.0055020335130393505,-0.016311200335621834,0.022357642650604248
1785956095424,0.9996018409729004,-0.0055020335130393505,-0.016311200335621834,0.022357642650604248
1785956095434,0.9996018409729004,-0.0055020335130393505,-0.016311200335621834,0.022357642650604248
1785956095443,0.9996018409729004,-0.0055020335130393505,-0.016311200335621834,0.022357642650604248
1785956095453,0.9996018409729004,-0.0055020335130393505,-0.016311200335621834,0.022357642650604248
1785956095463,0.9996018409729004,-0.0055020335130393505,-0.016311200335621834,0.022357642650604248
1785956095474,0.9996018409729004,-0.0055020335130393505,-0.016311200335621834,0.022357642650604248
1785956095482,0.9996018409729004,-0.0055020335130393505,-0.016311200335621834,0.022357642650604248
1785956095493,0.9996018409729004,-0.0055020335130393505,-0.016311200335621834,0.022357642650604248
1785956095503,0.9996018409729004,-0.0055020335130393505,-0.016311200335621834,0.022357642650604248
1785956095513,0.9996018409729004,-0.0055020335130393505,-0.016311200335621834,0.022357642650604248
1785956095523,0.9996018409729004,-0.0055020335130393505,-0.016311200335621834,0.022357642650604248
1785956095532,0.9996018409729004,-0.0055020335130393505,-0.016311200335621834,0.022357642650604248
1785956095543,0.9996018409729004,-0.0055020335130393505,-0.016311200335621834,0.022357642650604248
1785956095553,0.9996018409729004,-0.0055020335130393505,-0.016311200335621834,0.022357642650604248
1785956095563,0.9996018409729004,-0.0055020335130393505,-0.016311200335621834,0.022357642650604248
1785956095572,0.9996018409729004,-0.0055020335130393505,-0.016311200335621834,0.022357642650604248
1785956095582,0.9996018409729004,-0.0055020335130393505,-0.016311200335621834,0.022357642650604248
1785956095592,0.9996018409729004,-0.0055020335130393505,-0.016311200335621834,0.022357642650604248
1785956095603,0.9996018409729004,-0.0055020335130393505,-0.016311200335621834,0.022357642650604248
1785956095613,0.9996018409729004,-0.0055020335130393505,-0.016311200335621834,0.022357642650604248
1785956095622,0.9996018409729004,-0.0055020335130393505,-0.016311200335621834,0.022357642650604248
1785956095632,0.9996018409729004,-0.0055020335130393505,-0.016311200335621834,0.022357642650604248
1785956095642,0.9996018409729004,-0.0055020335130393505,-0.016311200335621834,0.022357642650604248
1785956095652,0.9996018409729004,-0.0055020335130393505,-0.016311200335621834,0.022357642650604248
1785956095661,0.9996018409729004,-0.0055020335130393505,-0.016311200335621834,0.022357642650604248
1785956095671,0.9996018409729004,-0.0055020335130393505,-0.016311200335621834,0.022357642650604248
1785956095682,0.9996018409729004,-0.0055020335130393505,-0.016311200335621834,0.022357642650604248
1785956095692,0.9996018409729004,-0.0055020335130393505,-0.016311200335621834,0.022357642650604248
1785956095702,0.9996018409729004,-0.0055020335130393505,-0.016311200335621834,0.022357642650604248
1785956095711,0.9996018409729004,-0.0055020335130393505,-0.016311200335621834,0.022357642650604248
1785956095721,0.9996018409729004,-0.0055020335130393505,-0.016311200335621834,0.022357642650604248
1785956095731,0.9996018409729004,-0.0055020335130393505,-0.016311200335621834,0.022357642650604248
1785956095742,0.9996018409729004,-0.0055020335130393505,-0.016311200335621834,0.022357642650604248
1785956095751,0.9996018409729004,-0.0055020335130393505,-0.016311200335621834,0.022357642650604248
1785956095761,0.9996018409729004,-0.0055020335130393505,-0.016311200335621834,0.022357642650604248
1785956095771,0.9996018409729004,-0.0055020335130393505,-0.016311200335621834,0.022357642650604248
1785956095781,0.9996018409729004,-0.0055020335130393505,-0.016311200335621834,0.022357642650604248
1785956095790,0.9996018409729004,-0.0055020335130393505,-0.016311200335621834,0.022357642650604248
1785956095800,0.9996018409729004,-0.0055020335130393505,-0.016311200335621834,0.022357642650604248
1785956095811,0.9996018409729004,-0.0055020335130393505,-0.016311200335621834,0.022357642650604248
1785956095821,0.9996018409729004,-0.0055020335130393505,-0.016311200335621834,0.022357642650604248
1785956095831,0.9996018409729004,-0.0055020335130393505,-0.016311200335621834,0.022357642650604248
1785956095840,0.9996018409729004,-0.0055020335130393505,-0.016311200335621834,0.022357642650604248
1785956095850,0.9996018409729004,-0.0055020335130393505,-0.016311200335621834,0.022357642650604248
1785956095860,0.9996018409729004,-0.0055020335130393505,-0.016311200335621834,0.022357642650604248
1785956095871,0.9996018409729004,-0.0055020335130393505,-0.016311200335621834,0.022357642650604248
1785956095879,0.9996018409729004,-0.0055020335130393505,-0.016311200335621834,0.022357642650604248
1785956095890,0.9996018409729004,-0.0055020335130393505,-0.016311200335621834,0.022357642650604248
1785956095900,0.9996018409729004,-0.0055020335130393505,-0.016311200335621834,0.022357642650604248
1785956095910,0.9996018409729004,-0.0055020335130393505,-0.016311200335621834,0.022357642650604248
1785956095920,0.9996018409729004,-0.0055020335130393505,-0.016311200335621834,0.022357642650604248
1785956095929,0.9996018409729004,-0.0055020335130393505,-0.016311200335621834,0.022357642650604248
1785956095940,0.9996018409729004,-0.0055020335130393505,-0.016311200335621834,0.022357642650604248
1785956095950,0.9996018409729004,-0.0055020335130393505,-0.016311200335621834,0.022357642650604248
1785956095960,0.9996018409729004,-0.0055020335130393505,-0.016311200335621834,0.022357642650604248
1785956095969,0.9996018409729004,-0.0055020335130393505,-0.016311200335621834,0.022357642650604248
1785956095979,0.9996018409729004,-0.0055020335130393505,-0.016311200335621834,0.022357642650604248
1785956095989,0.9996018409729004,-0.0055020335130393505,-0.016311200335621834,0.022357642650604248
1785956096000,0.9996018409729004,-0.0055020335130393505,-0.016311200335621834,0.022357642650604248
1785956096010,0.9996018409729004,-0.0055020335130393505,-0.016311200335621834,0.022357642650604248
1785956096019,0.9996018409729004,-0.0055020335130393505,-0.016311200335621834,0.022357642650604248
1785956096029,0.9996018409729004,-0.0055020335130393505,-0.016311200335621834,0.022357642650604248
1785956096039,0.9996018409729004,-0.0055020335130393505,-0.016311200335621834,0.022357642650604248
1785956096049,0.9996018409729004,-0.0055020335130393505,-0.016311200335621834,0.022357642650604248
1785956096058,0.9996018409729004,-0.0055020335130393505,-0.016311200335621834,0.022357642650604248
1785956096068,0.9996018409729004,-0.0055020335130393505,-0.016311200335621834,0.022357642650604248
1785956096079,0.9996018409729004,-0.0055020335130393505,-0.016311200335621834,0.022357642650604248
1785956096089,0.9996018409729004,-0.0055020335130393505,-0.016311200335621834,0.022357642650604248
1785956096099,0.9996018409729004,-0.0055020335130393505,-0.016311200335621834,0.022357642650604248
1785956096108,0.9996018409729004,-0.0055020335130393505,-0.016311200335621834,0.022357642650604248
1785956096118,0.9996018409729004,-0.0055020335130393505,-0.016311200335621834,0.022357642650604248
1785956096128,0.9996018409729004,-0.0055020335130393505,-0.016311200335621834,0.022357642650604248
1785956096139,0.9996018409729004,-0.0055020335130393505,-0.016311200335621834,0.022357642650604248
1785956096148,0.9996018409729004,-0.0055020335130393505,-0.016311200335621834,0.022357642650604248
1785956096158,0.9996018409729004,-0.0055020335130393505,-0.016311200335621834,0.022357642650604248
1785956096168,0.9996018409729004,-0.0055020335130393505,-0.016311200335621834,0.022357642650604248
1785956096178,0.9996018409729004,-0.0055020335130393505,-0.016311200335621834,0.022357642650604248
1785956096189,0.9996018409729004,-0.0055020335130393505,-0.016311200335621834,0.022357642650604248
1785956096197,0.9996018409729004,-0.0055020335130393505,-0.016311200335621834,0.022357642650604248
1785956096208,0.9996018409729004,-0.0055020335130393505,-0.016311200335621834,0.022357642650604248
1785956096218,0.9996018409729004,-0.0055020335130393505,-0.016311200335621834,0.022357642650604248
1785956096228,0.9996018409729004,-0.0055020335130393505,-0.016311200335621834,0.022357642650604248
1785956096237,0.9996018409729004,-0.0055020335130393505,-0.016311200335621834,0.022357642650604248
1785956096247,0.9996018409729004,-0.0055020335130393505,-0.016311200335621834,0.022357642650604248
1785956096257,0.9996018409729004,-0.0055020335130393505,-0.016311200335621834,0.022357642650604248
1785956096268,0.9996018409729004,-0.0055020335130393505,-0.016311200335621834,0.022357642650604248
1785956096278,0.9996018409729004,-0.0055020335130393505,-0.016311200335621834,0.022357642650604248
1785956096287,0.9996018409729004,-0.0055020335130393505,-0.016311200335621834,0.022357642650604248
1785956096297,0.9996018409729004,-0.0055020335130393505,-0.016311200335621834,0.022357642650604248
1785956096307,0.9996018409729004,-0.0055020335130393505,-0.016311200335621834,0.022357642650604248
1785956096317,0.9996018409729004,-0.0055020335130393505,-0.016311200335621834,0.022357642650604248
1785956096326,0.9996018409729004,-0.0055020335130393505,-0.016311200335621834,0.022357642650604248
1785956096336,0.9996018409729004,-0.0055020335130393505,-0.016311200335621834,0.022357642650604248
1785956096347,0.9996018409729004,-0.0055020335130393505,-0.016311200335621834,0.022357642650604248
1785956096357,0.9996018409729004,-0.0055020335130393505,-0.016311200335621834,0.022357642650604248
1785956096366,0.9996018409729004,-0.0055020335130393505,-0.016311200335621834,0.022357642650604248
1785956096376,0.9996018409729004,-0.0055020335130393505,-0.016311200335621834,0.022357642650604248
1785956096386,0.9996018409729004,-0.0055020335130393505,-0.016311200335621834,0.022357642650604248
1785956096397,0.9996018409729004,-0.0055020335130393505,-0.016311200335621834,0.022357642650604248
1785956096407,0.9996018409729004,-0.0055020335130393505,-0.016311200335621834,0.022357642650604248
1785956096416,0.9996018409729004,-0.0055020335130393505,-0.016311200335621834,0.022357642650604248
1785956096426,0.9996018409729004,-0.0055020335130393505,-0.016311200335621834,0.022357642650604248
1785956096436,0.9996018409729004,-0.0055020335130393505,-0.016311200335621834,0.022357642650604248
1785956096446,0.9996018409729004,-0.0055020335130393505,-0.016311200335621834,0.022357642650604248
1785956096455,0.9996018409729004,-0.0055020335130393505,-0.016311200335621834,0.022357642650604248
1785956096465,0.9996018409729004,-0.0055020335130393505,-0.016311200335621834,0.022357642650604248
1785956096476,0.9996018409729004,-0.0055020335130393505,-0.016311200335621834,0.022357642650604248
1785956096486,0.9996018409729004,-0.0055020335130393505,-0.016311200335621834,0.022357642650604248
1785956096496,0.9996018409729004,-0.0055020335130393505,-0.016311200335621834,0.022357642650604248
1785956096505,0.9996018409729004,-0.0055020335130393505,-0.016311200335621834,0.022357642650604248
1785956096515,0.9996018409729004,-0.0055020335130393505,-0.016311200335621834,0.022357642650604248
1785956096525,0.9996018409729004,-0.0055020335130393505,-0.016311200335621834,0.022357642650604248
1785956096536,0.9996018409729004,-0.0055020335130393505,-0.016311200335621834,0.022357642650604248
1785956096544,0.9996018409729004,-0.0055020335130393505,-0.016311200335621834,0.022357642650604248
1785956096555,0.9996018409729004,-0.0055020335130393505,-0.016311200335621834,0.022357642650604248
1785956096565,0.9996018409729004,-0.0055020335130393505,-0.016311200335621834,0.022357642650604248
1785956096575,0.9996018409729004,-0.0055020335130393505,-0.016311200335621834,0.022357642650604248
1785956096586,0.9996018409729004,-0.0055020335130393505,-0.016311200335621834,0.022357642650604248
1785956096594,0.9996018409729004,-0.0055020335130393505,-0.016311200335621834,0.022357642650604248
1785956096605,0.9996018409729004,-0.0055020335130393505,-0.016311200335621834,0.022357642650604248
1785956096615,0.9996018409729004,-0.0055020335130393505,-0.016311200335621834,0.022357642650604248
1785956096625,0.9996018409729004,-0.0055020335130393505,-0.016311200335621834,0.022357642650604248
1785956096635,0.9996018409729004,-0.0055020335130393505,-0.016311200335621834,0.022357642650604248
1785956096644,0.9996018409729004,-0.0055020335130393505,-0.016311200335621834,0.022357642650604248
1785956096654,0.9996018409729004,-0.0055020335130393505,-0.016311200335621834,0.022357642650604248
1785956096665,0.9996018409729004,-0.0055020335130393505,-0.016311200335621834,0.022357642650604248
1785956096675,0.9996018409729004,-0.0055020335130393505,-0.016311200335621834,0.022357642650604248
1785956096684,0.9996018409729004,-0.0055020335130393505,-0.016311200335621834,0.022357642650604248
1785956096694,0.9996018409729004,-0.0055020335130393505,-0.016311200335621834,0.022357642650604248
1785956096704,0.9996018409729004,-0.0055020335130393505,-0.016311200335621834,0.022357642650604248
1785956096714,0.9996018409729004,-0.0055020335130393505,-0.016311200335621834,0.022357642650604248
1785956096725,0.999687135219574,-0.0053295958787202835,-0.017141638323664665,0.017417196184396744
1785956096733,0.9997397661209106,-0.005396523978561163,-0.016632020473480225,0.014644712209701538
1785956096744,0.9997539520263672,-0.005274890456348658,-0.016799988225102425,0.01348954439163208
1785956096754,0.9997619986534119,-0.005343191791325808,-0.017121095210313797,0.012419307604432106
1785956096764,0.9997575879096985,-0.005871021654456854,-0.017286162823438644,0.012311059050261974
1785956096773,0.9997557401657104,-0.006206206511706114,-0.01746569760143757,0.012032515369355679
1785956096783,0.9997589588165283,-0.006680968217551708,-0.01747485250234604,0.011487290263175964
1785956096794,0.9997832179069519,-0.005426657851785421,-0.016694212332367897,0.011193644255399704
1785956096804,0.9998001456260681,-0.004733053967356682,-0.01601129211485386,0.010988600552082062
1785956096813,0.9998137950897217,-0.004739874042570591,-0.01522250846028328,0.010869081132113934
1785956096823,0.9998332262039185,-0.005512176547199488,-0.013890540227293968,0.010498487390577793
1785956096833,0.9998685717582703,-0.006659934297204018,-0.011795584112405777,0.008907804265618324
1785956096843,0.9999125003814697,-0.007084289565682411,-0.009951320476830006,0.00508482102304697
1785956096854,0.9999273419380188,-0.009306741878390312,-0.007450717967003584,0.0017690127715468407
1785956096862,0.999927282333374,-0.011409874074161053,-0.00367979658767581,0.0012497471179813147
1785956096873,0.9999337196350098,-0.009477158077061176,0.0025567689444869757,0.006023183465003967
1785956096883,0.9996530413627625,-0.02466212399303913,0.004719818476587534,0.007960944436490536
1785956096893,0.9992213845252991,-0.038317080587148666,0.0030160844326019287,0.00891166739165783
1785956096902,0.9985896348953247,-0.05208614468574524,-0.00022223268751986325,0.010281705297529697
1785956096912,0.9973942041397095,-0.07095599919557571,-0.0036565770860761404,0.012520745396614075
1785956096922,0.9953613877296448,-0.09473206847906113,-0.008786161430180073,0.014292417094111443
1785956096933,0.9922836422920227,-0.12207231670618057,-0.015438945963978767,0.01526909600943327
1785956096941,0.9882749915122986,-0.15013793110847473,-0.022832093760371208,0.015802206471562386
1785956096952,0.9828212261199951,-0.18142084777355194,-0.029400896281003952,0.01686825603246689
1785956096962,0.9763283133506775,-0.2127404361963272,-0.03439967706799507,0.018471596762537956
1785956096972,0.9695274233818054,-0.24101941287517548,-0.03894447162747383,0.020239144563674927
1785956096982,0.9633257389068604,-0.26369181275367737,-0.04493322595953941,0.021241337060928345
1785956096991,0.957829475402832,-0.2815623879432678,-0.05377636104822159,0.019832616671919823
1785956097002,0.9530837535858154,-0.2953090965747833,-0.06471982598304749,0.015338925644755363
1785956097012,0.9484704732894897,-0.30744242668151855,-0.07597319781780243,0.010539298877120018
1785956097022,0.9425381422042847,-0.3223107159137726,-0.0878402516245842,0.004656636621803045
1785956097031,0.9351611733436584,-0.33999574184417725,-0.09937290102243423,-0.0011741097550839186
1785956097041,0.9274269938468933,-0.3570437729358673,-0.11114909499883652,-0.006689349189400673
1785956097051,0.9195681214332581,-0.3732845187187195,-0.12218158692121506,-0.011169160716235638
1785956097062,0.9114001393318176,-0.38944441080093384,-0.1321323961019516,-0.01495771761983633
1785956097072,0.9022426009178162,-0.4070919156074524,-0.1410536915063858,-0.018392374739050865
1785956097081,0.890565812587738,-0.4283473491668701,-0.15123936533927917,-0.02318582870066166
1785956097091,0.875932514667511,-0.4535676836967468,-0.16187657415866852,-0.028541434556245804
1785956097101,0.8590161204338074,-0.4808090925216675,-0.17269255220890045,-0.033033259212970734
1785956097111,0.8418334722518921,-0.5062910318374634,-0.1832747906446457,-0.03736570104956627
1785956097120,0.8259079456329346,-0.5283970832824707,-0.19251011312007904,-0.040154747664928436
1785956097130,0.8114083409309387,-0.547743558883667,-0.19966205954551697,-0.04157527908682823
1785956097141,0.7962098717689514,-0.5671234726905823,-0.2064925879240036,-0.04220777750015259
1785956097151,0.7800724506378174,-0.5871202349662781,-0.21217943727970123,-0.04191281273961067
1785956097161,0.7644520401954651,-0.6057807803153992,-0.21678012609481812,-0.040608882904052734
1785956097171,0.7493302822113037,-0.6224112510681152,-0.22271448373794556,-0.03881397098302841
1785956097180,0.7329702973365784,-0.6398053765296936,-0.22800350189208984,-0.037654779851436615
1785956097190,0.712781548500061,-0.661069393157959,-0.23146148025989532,-0.03681425750255585
1785956097201,0.6906611919403076,-0.6832626461982727,-0.23400762677192688,-0.03714403882622719
1785956097210,0.6685396432876587,-0.7045516967773438,-0.23512397706508636,-0.03712686523795128
1785956097220,0.6480923891067505,-0.7232969403266907,-0.23558636009693146,-0.03628841042518616
1785956097230,0.629347562789917,-0.7392220497131348,-0.23701298236846924,-0.03601735830307007
1785956097240,0.6090160608291626,-0.7559735774993896,-0.2374909371137619,-0.03466172143816948
1785956097251,0.5883384346961975,-0.7727426290512085,-0.23580729961395264,-0.03349151089787483
1785956097259,0.5683488249778748,-0.7881638407707214,-0.23402249813079834,-0.0317918099462986
1785956097270,0.5494630336761475,-0.8020105957984924,-0.23239167034626007,-0.029384249821305275
1785956097280,0.5326840281486511,-0.8135333061218262,-0.23180711269378662,-0.02601422369480133
1785956097290,0.5173617601394653,-0.8237788677215576,-0.2307363748550415,-0.02204328402876854
1785956097299,0.5032128691673279,-0.8334126472473145,-0.22783130407333374,-0.017118217423558235
1785956097309,0.49165332317352295,-0.841291606426239,-0.2244391292333603,-0.011508462019264698
1785956097319,0.4830658435821533,-0.84706711769104,-0.2215760052204132,-0.005354665219783783
1785956097330,0.4732237458229065,-0.8532840013504028,-0.21901065111160278,0.0002160444128094241
1785956097340,0.46291887760162354,-0.8594907522201538,-0.2166980654001236,0.004869245924055576
1785956097349,0.45280006527900696,-0.8653926849365234,-0.2143794596195221,0.010440425015985966
1785956097359,0.44346168637275696,-0.8707411289215088,-0.21191293001174927,0.01563713699579239
1785956097369,0.43403440713882446,-0.876110851764679,-0.2089030146598816,0.02008594013750553
1785956097379,0.4246821999549866,-0.8813029527664185,-0.2059151530265808,0.02343115024268627
1785956097388,0.4166742265224457,-0.8855973482131958,-0.20341020822525024,0.026912705972790718
1785956097398,0.4098518192768097,-0.8892613053321838,-0.20066575706005096,0.031128622591495514
1785956097409,0.4041576087474823,-0.8925806879997253,-0.19652870297431946,0.03650707006454468
1785956097419,0.3996771275997162,-0.8952412009239197,-0.19253626465797424,0.04160630702972412
1785956097429,0.3972349762916565,-0.896821141242981,-0.1890534609556198,0.04663623496890068
1785956097438,0.3949495255947113,-0.8982720375061035,-0.18576793372631073,0.05111279711127281
1785956097448,0.3921859562397003,-0.8998105525970459,-0.1831376552581787,0.054697610437870026
1785956097459,0.3890862762928009,-0.9013519883155823,-0.18125835061073303,0.057635348290205
1785956097469,0.3858940601348877,-0.902937114238739,-0.17934465408325195,0.060215890407562256
1785956097478,0.38304397463798523,-0.9043408036231995,-0.17734600603580475,0.06319321691989899
1785956097488,0.38056862354278564,-0.9055163264274597,-0.1753707379102707,0.06672889739274979
1785956097498,0.3787987530231476,-0.9063370227813721,-0.17365488409996033,0.07006258517503738
1785956097508,0.37763628363609314,-0.9068631529808044,-0.17204700410366058,0.07341571897268295
1785956097519,0.377136766910553,-0.9071128368377686,-0.17026500403881073,0.07696796953678131
1785956097527,0.37735673785209656,-0.9070549607276917,-0.16841569542884827,0.08055654168128967
1785956097538,0.3775550425052643,-0.9069531559944153,-0.16734550893306732,0.08296781778335571
1785956097548,0.37736353278160095,-0.9069808125495911,-0.16657105088233948,0.08506821095943451
1785956097558,0.37707459926605225,-0.9070663452148438,-0.16555459797382355,0.08739031106233597
1785956097567,0.37671715021133423,-0.9072254300117493,-0.16435086727142334,0.08952618390321732
1785956097577,0.3763357996940613,-0.9073980450630188,-0.1634066104888916,0.09109630435705185
1785956097587,0.37603959441185,-0.9074901938438416,-0.16304519772529602,0.09204329550266266
1785956097598,0.3756035268306732,-0.9076948761940002,-0.16232061386108398,0.09308066964149475
1785956097606,0.3751106560230255,-0.9080004692077637,-0.16066314280033112,0.09494496136903763
1785956097617,0.37492233514785767,-0.9081794619560242,-0.15908396244049072,0.09662111848592758
1785956097627,0.37480098009109497,-0.908296525478363,-0.1576138585805893,0.09838424623012543
1785956097637,0.37483730912208557,-0.9083172678947449,-0.15663208067417145,0.09961508214473724
1785956097648,0.3751664161682129,-0.9081889390945435,-0.15624843537807465,0.10014645755290985
1785956097658,0.38327136635780334,-0.9042995572090149,-0.15070226788520813,0.11240195482969284
1785956097667,0.38383379578590393,-0.9041484594345093,-0.14919571578502655,0.11370046436786652
1785956097677,0.3843851387500763,-0.903989851474762,-0.14822793006896973,0.11436278373003006
1785956097687,0.38484281301498413,-0.9038520455360413,-0.14764301478862762,0.11466910690069199
1785956097696,0.38472405076026917,-0.9039062261581421,-0.14682474732398987,0.11568642407655716
1785956097706,0.3844180703163147,-0.9040356278419495,-0.14674095809459686,0.11579965054988861
1785956097716,0.38415902853012085,-0.9041043519973755,-0.14705786108970642,0.11572010815143585
1785956097727,0.3838951885700226,-0.9042123556137085,-0.1468958556652069,0.11595787107944489
1785956097737,0.3834339380264282,-0.9044238924980164,-0.14699792861938477,0.11570379883050919
1785956097746,0.38293784856796265,-0.9046269655227661,-0.1471291333436966,0.11559352278709412
1785956097756,0.3827283978462219,-0.9047191143035889,-0.14692886173725128,0.11581899970769882
1785956097766,0.38287633657455444,-0.9046730399131775,-0.14653901755809784,0.11618462204933167
1785956097776,0.38367074728012085,-0.904401421546936,-0.14618298411369324,0.11612613499164581
1785956097785,0.3849920332431793,-0.9038988947868347,-0.1460435837507248,0.11584126204252243
1785956097795,0.38678643107414246,-0.9031866788864136,-0.1459968537092209,0.11547733098268509
1785956097806,0.3892551362514496,-0.9021816253662109,-0.1456039845943451,0.11553400754928589
1785956097816,0.3924005925655365,-0.9009352326393127,-0.14515598118305206,0.11518390476703644
1785956097826,0.3955923616886139,-0.8996018171310425,-0.14519096910953522,0.11464200168848038
1785956097835,0.39874300360679626,-0.8982730507850647,-0.14528992772102356,0.11401910334825516
1785956097845,0.40117284655570984,-0.8972581624984741,-0.14563652873039246,0.11303959041833878
1785956097856,0.4043945372104645,-0.8959662318229675,-0.1452159583568573,0.11234716325998306
1785956097866,0.40795597434043884,-0.8945523500442505,-0.1439574807882309,0.11235760897397995
1785956097875,0.4123811423778534,-0.8927866220474243,-0.1425200253725052,0.11207963526248932
1785956097885,0.41514164209365845,-0.8919094204902649,-0.14265751838684082,0.10864425450563431
1785956097895,0.41582968831062317,-0.8923818469047546,-0.1465812772512436,0.09619849175214767
1785956097905,0.4176681339740753,-0.8919985890388489,-0.14615513384342194,0.09236025810241699
1785956097916,0.4212382137775421,-0.8914057612419128,-0.14192193746566772,0.08838696032762527
1785956097924,0.4240724742412567,-0.8910303711891174,-0.13867099583148956,0.08365311473608017
1785956097935,0.4261409640312195,-0.8909838199615479,-0.13517943024635315,0.07923492789268494
1785956097945,0.4278360605239868,-0.8911395072937012,-0.13175342977046967,0.07394329458475113
1785956097955,0.4285261332988739,-0.8915812969207764,-0.12832970917224884,0.0705675259232521
1785956097964,0.42902353405952454,-0.8921297788619995,-0.12290564924478531,0.07026693969964981
1785956097974,0.42937663197517395,-0.8929687738418579,-0.11488746106624603,0.071016326546669
1785956097984,0.42918914556503296,-0.8939796686172485,-0.107176773250103,0.07148533314466476
1785956097995,0.4288560450077057,-0.895129919052124,-0.09826485812664032,0.07189477980136871
1785956098005,0.42838820815086365,-0.8964514136314392,-0.08650339394807816,0.07331831008195877
1785956098014,0.42786309123039246,-0.8977620601654053,-0.0726952999830246,0.07531175762414932
1785956098024,0.42621633410453796,-0.8994271159172058,-0.05829477310180664,0.07728028297424316
1785956098034,0.42269647121429443,-0.9018064737319946,-0.044639118015766144,0.07797559350728989
1785956098044,0.4176081120967865,-0.9047452807426453,-0.03177269548177719,0.07765304297208786
1785956098053,0.4122096598148346,-0.9076222777366638,-0.018141834065318108,0.07730314135551453
1785956098064,0.4070463478565216,-0.9101296067237854,-0.003029017010703683,0.07725512981414795
1785956098074,0.40265947580337524,-0.9117815494537354,0.014902295544743538,0.0793578252196312
1785956098084,0.398720383644104,-0.9126046299934387,0.035107288509607315,0.08332044631242752
1785956098093,0.3959499001502991,-0.9123967885971069,0.05562181770801544,0.08753295242786407
1785956098103,0.39180678129196167,-0.9124129414558411,0.07409895211458206,0.0921926274895668
1785956098113,0.3874961733818054,-0.9120447039604187,0.08952714502811432,0.10003051161766052
1785956098124,0.3839460611343384,-0.9108477234840393,0.10430211573839188,0.10983153432607651
1785956098134,0.38162046670913696,-0.9086599946022034,0.1189844012260437,0.12060491740703583
1785956098143,0.3854946494102478,-0.9036968350410461,0.13263803720474243,0.1308934986591339
1785956098153,0.38817089796066284,-0.8992723226547241,0.14480596780776978,0.140227809548378
1785956098163,0.39508771896362305,-0.8928507566452026,0.15597720444202423,0.14964744448661804
1785956098173,0.4036375880241394,-0.8855995535850525,0.16718953847885132,0.15759989619255066
1785956098182,0.41358673572540283,-0.8774504065513611,0.17747628688812256,0.1659187525510788
1785956098192,0.4254947602748871,-0.868004560470581,0.18544283509254456,0.17644621431827545
1785956098203,0.43835198879241943,-0.8582017421722412,0.18969732522964478,0.188021719455719
1785956098213,0.450758159160614,-0.8487442135810852,0.1908511072397232,0.20006538927555084
1785956098223,0.462073415517807,-0.8402368426322937,0.1886971890926361,0.21185754239559174
1785956098233,0.4753294289112091,-0.8305858373641968,0.18553364276885986,0.2230837196111679
1785956098242,0.49249133467674255,-0.8175579905509949,0.1843518614768982,0.23466046154499054
1785956098252,0.509994626045227,-0.8033395409584045,0.18277351558208466,0.2472749501466751
1785956098263,0.528679609298706,-0.7878924608230591,0.1805185079574585,0.25910684466362
1785956098272,0.5440648794174194,-0.7753550410270691,0.17638465762138367,0.2677804231643677
1785956098282,0.5662031173706055,-0.7579624056816101,0.1729975789785385,0.27382251620292664
1785956098292,0.5879561901092529,-0.7388985753059387,0.17138628661632538,0.2810038924217224
1785956098302,0.6093504428863525,-0.7180723547935486,0.1720859706401825,0.2888782322406769
1785956098313,0.6300224661827087,-0.6951495409011841,0.175123393535614,0.29861438274383545
1785956098321,0.6492058038711548,-0.670437216758728,0.179301455616951,0.3112824559211731
1785956098332,0.6681967377662659,-0.6427508592605591,0.18539069592952728,0.32559898495674133
1785956098342,0.6857216954231262,-0.6126872897148132,0.19211560487747192,0.34277042746543884
1785956098352,0.7013044953346252,-0.5829034447669983,0.19710879027843475,0.35992178320884705
1785956098361,0.7158315777778625,-0.5512691736221313,0.2019507735967636,0.3780255913734436
1785956098371,0.729207456111908,-0.5186588168144226,0.2079322189092636,0.3949856758117676
1785956098381,0.7416901588439941,-0.486564964056015,0.21350568532943726,0.40934762358665466
1785956098392,0.7535815238952637,-0.45705902576446533,0.21812133491039276,0.4190885126590729
1785956098402,0.7631757259368896,-0.43428242206573486,0.22202545404434204,0.42387065291404724
1785956098411,0.772645115852356,-0.41479063034057617,0.22521176934242249,0.42455607652664185
1785956098421,0.7808189988136292,-0.40039268136024475,0.22676244378089905,0.42259466648101807
1785956098431,0.7868815660476685,-0.39218562841415405,0.22786876559257507,0.4184298813343048
1785956098441,0.792112410068512,-0.38888829946517944,0.2296142876148224,0.41061073541641235
1785956098450,0.7966850399971008,-0.3899870812892914,0.2314637452363968,0.39953431487083435
1785956098461,0.800681471824646,-0.39401718974113464,0.23305268585681915,0.38645315170288086
1785956098471,0.8040123581886292,-0.3988119065761566,0.23578721284866333,0.37271633744239807
1785956098481,0.8061865568161011,-0.4048152267932892,0.24042463302612305,0.35830703377723694
1785956098491,0.807848334312439,-0.4101036489009857,0.246584951877594,0.34408140182495117
1785956098500,0.809084415435791,-0.4145083725452423,0.2549833059310913,0.3294674754142761
1785956098510,0.8105154037475586,-0.41753244400024414,0.264920711517334,0.31392422318458557
1785956098521,0.812400758266449,-0.4202152490615845,0.2748459279537201,0.2964523434638977
1785956098531,0.8147555589675903,-0.4234844744205475,0.2827465832233429,0.27728793025016785
1785956098540,0.8174039125442505,-0.42678940296173096,0.28844884037971497,0.25787368416786194
1785956098550,0.8200255036354065,-0.4291367828845978,0.2936946749687195,0.23904640972614288
1785956098560,0.8226053714752197,-0.4308193624019623,0.29857906699180603,0.2203761339187622
1785956098570,0.8249906301498413,-0.43151015043258667,0.303794264793396,0.20223350822925568
1785956098581,0.8273089528083801,-0.43009528517723083,0.3100089430809021,0.18566755950450897
1785956098589,0.8302673697471619,-0.42709606885910034,0.3154466152191162,0.16952437162399292
1785956098600,0.8345001935958862,-0.42169004678726196,0.3194665312767029,0.1540393829345703
1785956098610,0.840279221534729,-0.41291388869285583,0.32242751121520996,0.13954798877239227
1785956098620,0.8474257588386536,-0.4014628827571869,0.3242233395576477,0.12480524182319641
1785956098629,0.8554104566574097,-0.3874848484992981,0.325954794883728,0.1090046614408493
1785956098639,0.8631889820098877,-0.3723606467247009,0.32789283990859985,0.09348137676715851
1785956098649,0.8701971769332886,-0.35848215222358704,0.3287116587162018,0.07871448248624802
1785956098660,0.8752722144126892,-0.349800169467926,0.3273269832134247,0.06629768759012222
1785956098669,0.8795206546783447,-0.344155877828598,0.3236939609050751,0.05676630884408951
1785956098679,0.8842289447784424,-0.33778050541877747,0.31842297315597534,0.05148150771856308
1785956098689,0.8894462585449219,-0.3314875066280365,0.31120261549949646,0.046414196491241455
1785956098699,0.8950241804122925,-0.32583853602409363,0.301803320646286,0.040935713797807693
1785956098710,0.9008045196533203,-0.32015568017959595,0.2912220358848572,0.03523274138569832
1785956098720,0.9065919518470764,-0.31459394097328186,0.27977028489112854,0.029158195480704308
1785956098729,0.9125741720199585,-0.3075356185436249,0.2685697078704834,0.022374499589204788
1785956098739,0.9190204739570618,-0.2980598509311676,0.2575584352016449,0.015005922876298428
1785956098749,0.9258260130882263,-0.2866743505001068,0.24618855118751526,0.007430691737681627
1785956098759,0.9323433041572571,-0.2743411362171173,0.23552654683589935,6.975738506298512e-05
1785956098768,0.938555896282196,-0.2623773515224457,0.22410596907138824,-0.0068857548758387566
1785956098778,0.9443295001983643,-0.25228196382522583,0.21081164479255676,-0.012412594631314278
1785956098789,0.9489540457725525,-0.245280921459198,0.1975754052400589,-0.01695394515991211
1785956098799,0.9527708292007446,-0.2403019368648529,0.18460287153720856,-0.020113231614232063
1785956098808,0.9560040831565857,-0.23634444177150726,0.17236103117465973,-0.022114243358373642
1785956098818,0.9587967991828918,-0.23262669146060944,0.16146738827228546,-0.022841332480311394
1785956098828,0.9614588618278503,-0.22873955965042114,0.15076321363449097,-0.023355696350336075
1785956098838,0.9642903208732605,-0.22377176582813263,0.13958939909934998,-0.024189157411456108
1785956098847,0.9673291444778442,-0.21719996631145477,0.12821535766124725,-0.025677451863884926
1785956098857,0.970637857913971,-0.20917059481143951,0.11582624167203903,-0.02634376287460327
1785956098868,0.9737609028816223,-0.2004888355731964,0.10447287559509277,-0.026065919548273087
1785956098878,0.9764645099639893,-0.19226551055908203,0.09442444890737534,-0.02520030550658703
1785956098888,0.9783462882041931,-0.1875329464673996,0.08407598733901978,-0.02451516129076481
1785956098897,0.9793139696121216,-0.186930850148201,0.07376077026128769,-0.023673728108406067
1785956098907,0.9798619747161865,-0.18784280121326447,0.06434629112482071,-0.021095694974064827
1785956098918,0.9806237816810608,-0.18732979893684387,0.05515319108963013,-0.015578482300043106
1785956098928,0.9814642667770386,-0.18585018813610077,0.04596761241555214,-0.008633546531200409
1785956098937,0.9822085499763489,-0.18404316902160645,0.0373285673558712,-0.001029005041345954
1785956098947,0.9828503131866455,-0.18190951645374298,0.029440561309456825,0.0068887267261743546
1785956098957,0.9833319783210754,-0.17984545230865479,0.022095073014497757,0.01501762680709362
1785956098967,0.9836546778678894,-0.1781083643436432,0.01562652178108692,0.021371884271502495
1785956098978,0.9841142892837524,-0.17517487704753876,0.011146936565637589,0.02661977708339691
1785956098986,0.9846011996269226,-0.17163394391536713,0.008984747342765331,0.031962502747774124
1785956098997,0.985334038734436,-0.16643542051315308,0.00874944869428873,0.03659866750240326
1785956099007,0.9861112236976624,-0.16059091687202454,0.008264557458460331,0.04155502840876579
1785956099017,0.9866164326667786,-0.15573300421237946,0.007770746946334839,0.04769556224346161
1785956099026,0.9867419004440308,-0.15249590575695038,0.006938035134226084,0.055111005902290344
1785956099036,0.9863766431808472,-0.15142810344696045,0.005709468387067318,0.06401563435792923
1785956099046,0.9856967329978943,-0.1517696976661682,0.0038593292701989412,0.0731634795665741
1785956099057,0.9849570989608765,-0.1521816849708557,0.002009898889809847,0.08182992786169052
1785956099067,0.984333872795105,-0.15207740664482117,0.00022963476658333093,0.0892137959599495
1785956099076,0.9837597608566284,-0.15192115306854248,-0.0004993691691197455,0.09558417648077011
1785956099086,0.9831923842430115,-0.15182135999202728,0.0008316272287629545,0.1014016643166542
1785956099096,0.9826853275299072,-0.1514112502336502,0.0037830527871847153,0.10672327131032944
1785956099106,0.9823348522186279,-0.15011903643608093,0.007821290753781796,0.1114511713385582
1785956099115,0.9820465445518494,-0.14866121113300323,0.012922766618430614,0.11540139466524124
1785956099126,0.981578528881073,-0.14813895523548126,0.019033314660191536,0.1191471591591835
1785956099136,0.9807807803153992,-0.14908000826835632,0.025903912261128426,0.12317943572998047
1785956099146,0.9797871708869934,-0.150720477104187,0.03337080031633377,0.12722761929035187
1785956099156,0.9786995649337769,-0.1523343324661255,0.04097755253314972,0.13138563930988312
1785956099165,0.9776289463043213,-0.15360012650489807,0.04809537157416344,0.13540905714035034
1785956099175,0.9766342043876648,-0.15458787977695465,0.05580931901931763,0.13846886157989502
1785956099186,0.9757465124130249,-0.1554308384656906,0.06427785009145737,0.1401011049747467
1785956099196,0.9749478697776794,-0.15622302889823914,0.07364329695701599,0.1401704102754593
1785956099206,0.9743421077728271,-0.15641865134239197,0.08421734720468521,0.13819614052772522
1785956099215,0.9740173816680908,-0.15597239136695862,0.09512452781200409,0.13384321331977844
1785956099225,0.9738223552703857,-0.15478333830833435,0.10629850625991821,0.12811221182346344
1785956099235,0.9734253883361816,-0.15287278592586517,0.11672945320606232,0.12428560107946396
1785956099246,0.9728869795799255,-0.1501498967409134,0.12615378201007843,0.12260177731513977
1785956099254,0.9725946187973022,-0.14589379727840424,0.13422201573848724,0.12148738652467728
1785956099265,0.9729649424552917,-0.13992561399936676,0.13950960338115692,0.11957048624753952
1785956099275,0.9741671085357666,-0.1325315535068512,0.14159606397151947,0.11569096893072128
1785956099285,0.9761340618133545,-0.1236606314778328,0.14087684452533722,0.1096542701125145
1785956099295,0.97850501537323,-0.1139187291264534,0.13806261122226715,0.10241638123989105
1785956099304,0.9808861017227173,-0.10482820123434067,0.13371747732162476,0.09483180195093155
1785956099315,0.9830397367477417,-0.09776341915130615,0.12847526371479034,0.08700157701969147
1785956099325,0.9849525094032288,-0.09169019013643265,0.12297115474939346,0.07962150871753693
1785956099335,0.986827552318573,-0.08533859997987747,0.11621151864528656,0.0733732283115387
1785956099344,0.9885367155075073,-0.07901445031166077,0.10859628766775131,0.06898295879364014
1785956099354,0.9900240302085876,-0.07212390750646591,0.1023336797952652,0.06464006006717682
1785956099364,0.991104781627655,-0.06575620174407959,0.098592109978199,0.060555607080459595
1785956099375,0.9920888543128967,-0.058392055332660675,0.09572862088680267,0.05644595995545387
1785956099383,0.9931188821792603,-0.050089031457901,0.0928604006767273,0.05082153156399727
1785956099394,0.9940986037254333,-0.04135381057858467,0.08997052907943726,0.044306639581918716
1785956099404,0.9950463771820068,-0.0319199338555336,0.08684729039669037,0.03635040298104286
1785956099414,0.9959057569503784,-0.02215460129082203,0.08329523354768753,0.027254529297351837
1785956099423,0.9964227676391602,-0.014012433588504791,0.0813012346625328,0.018313631415367126
1785956099433,0.9966273903846741,-0.007957263849675655,0.08101597428321838,0.010342355817556381
1785956099443,0.9966114163398743,-0.003141250694170594,0.08215615898370743,0.00247561396099627
1785956099454,0.996475100517273,0.0013993596658110619,0.08368855714797974,-0.005635698791593313
1785956099464,0.9962508678436279,0.006123008672147989,0.08511809259653091,-0.014200404286384583
1785956099473,0.9957946538925171,0.011225258931517601,0.08816222101449966,-0.02223476581275463
1785956099483,0.9950942993164062,0.016312625259160995,0.09290838986635208,-0.02982029877603054
1785956099493,0.9942048192024231,0.0214978214353323,0.09828291833400726,-0.03788110613822937
1785956099503,0.9931771159172058,0.02611612156033516,0.10357148945331573,-0.04679745063185692
1785956099512,0.991982102394104,0.02961115911602974,0.10927294194698334,-0.05616084486246109
1785956099523,0.9905517101287842,0.032361555844545364,0.11628826707601547,-0.06509251892566681
1785956099533,0.9889283180236816,0.03466476872563362,0.12446165084838867,-0.07299663126468658
1785956099543,0.9873007535934448,0.03678712248802185,0.13251014053821564,-0.07952913641929626
1785956099553,0.9858736991882324,0.03855317831039429,0.13975897431373596,-0.08386995643377304
1785956099562,0.9844681024551392,0.0396883487701416,0.1472010314464569,-0.08705852180719376
1785956099572,0.9828149080276489,0.03978198766708374,0.15561991930007935,-0.09096568077802658
1785956099583,0.9808658957481384,0.03907477483153343,0.16526488959789276,-0.09519823640584946
1785956099593,0.9788472652435303,0.03903207182884216,0.17496967315673828,-0.09859011322259903
1785956099602,0.9767407178878784,0.0401526503264904,0.18428434431552887,-0.1020030677318573
1785956099612,0.974473774433136,0.040944330394268036,0.1931401640176773,-0.10687028616666794
1785956099622,0.9717236757278442,0.04089036583900452,0.2027883678674698,-0.11383301019668579
1785956099632,0.9684744477272034,0.04021446406841278,0.21301621198654175,-0.12273569405078888
1785956099643,0.9649698734283447,0.03925001248717308,0.22174090147018433,-0.13462375104427338
1785956099651,0.96097332239151,0.03771856427192688,0.2303018420934677,-0.14855530858039856
1785956099662,0.9569901823997498,0.035324010998010635,0.2397584170103073,-0.15949253737926483
1785956099672,0.953218936920166,0.034336503595113754,0.25004899501800537,-0.16634339094161987
1785956099682,0.9501724243164062,0.03442854434251785,0.25931164622306824,-0.1695420742034912
1785956099691,0.9479288458824158,0.03467969968914986,0.26667603850364685,-0.17062194645404816
1785956099701,0.9462791681289673,0.034965209662914276,0.27323222160339355,-0.16934368014335632
1785956099711,0.9448584318161011,0.0358453206717968,0.2799215614795685,-0.16613724827766418
1785956099722,0.9435265064239502,0.03681870549917221,0.286249041557312,-0.16267581284046173
1785956099732,0.9422158598899841,0.03674167022109032,0.2920896112918854,-0.1598840355873108
1785956099741,0.9409908652305603,0.035628464072942734,0.29713401198387146,-0.15804502367973328
1785956099751,0.9399014711380005,0.03429989889264107,0.3012482225894928,-0.15702944993972778
1785956099761,0.9386590123176575,0.03251313418149948,0.30556443333625793,-0.15650048851966858
1785956099772,0.9376557469367981,0.030155431479215622,0.309527724981308,-0.15519291162490845
1785956099782,0.9372752904891968,0.02775314822793007,0.3122990131378174,-0.15236185491085052
1785956099791,0.9375021457672119,0.025639886036515236,0.313786119222641,-0.14822490513324738
1785956099801,0.9382488131523132,0.02345390059053898,0.31400060653686523,-0.14332722127437592
1785956099811,0.9394853115081787,0.02060185745358467,0.312749981880188,-0.13831248879432678
1785956099821,0.9413309693336487,0.01710665412247181,0.3098604381084442,-0.13262665271759033
1785956099830,0.9438338279724121,0.014055615290999413,0.3052021563053131,-0.12582425773143768
1785956099840,0.9468117356300354,0.011968412436544895,0.29893410205841064,-0.11850164830684662
1785956099851,0.9503211975097656,0.011173778213560581,0.2905209958553314,-0.11118615418672562
1785956099861,0.9541757702827454,0.012562555260956287,0.280432790517807,-0.10367345064878464
1785956099870,0.9581694006919861,0.017909221351146698,0.2697509527206421,-0.09394176304340363
1785956099880,0.9619379043579102,0.029171278700232506,0.25949424505233765,-0.0805431455373764
1785956099890,0.9644524455070496,0.046531178057193756,0.25159549713134766,-0.06607607007026672
1785956099900,0.9654512405395508,0.06743133813142776,0.245928093791008,-0.05363091081380844
1785956099909,0.965889573097229,0.08841894567012787,0.2391962707042694,-0.04499512538313866
1785956099919,0.9666897654533386,0.10618501901626587,0.22942538559436798,-0.03999439254403114
1785956099930,0.9682490825653076,0.11938324570655823,0.21642188727855682,-0.037455230951309204
1785956099940,0.9700323343276978,0.13388268649578094,0.19915950298309326,-0.03805650770664215
1785956099950,0.9728631973266602,0.13932716846466064,0.18089748919010162,-0.037433136254549026
1785956099959,0.9761112928390503,0.14211533963680267,0.1604195237159729,-0.03571360558271408
1785956099969,0.9789164066314697,0.14675746858119965,0.1378844678401947,-0.03424651548266411
1785956099980,0.9810618162155151,0.15036943554878235,0.11895109713077545,-0.02751913294196129
1785956099990,0.9829536080360413,0.15138468146324158,0.10319271683692932,-0.01536985207349062
1785956099999,0.9842783808708191,0.15229548513889313,0.08942131698131561,-0.0024553979746997356
1785956100009,0.985238254070282,0.15249411761760712,0.07719256728887558,0.009614242240786552
1785956100019,0.9861946702003479,0.1507708877325058,0.06514707207679749,0.02107291668653488
1785956100029,0.9870381951332092,0.1479981541633606,0.053458236157894135,0.031531911343336105
1785956100040,0.9878858923912048,0.14301584661006927,0.041946131736040115,0.04322468861937523
1785956100048,0.9889346957206726,0.13481499254703522,0.02881738729774952,0.05479640141129494
1785956100059,0.9900065660476685,0.12403015047311783,0.01569366082549095,0.06524788588285446
1785956100069,0.9910362362861633,0.1105027124285698,0.0042966497130692005,0.07495211064815521
1785956100079,0.991987943649292,0.09489022940397263,-0.005122070666402578,0.08324411511421204
1785956100088,0.9924944639205933,0.077461838722229,-0.014696030877530575,0.09347930550575256
1785956100098,0.9921551942825317,0.05903364345431328,-0.025040216743946075,0.10731278359889984
1785956100108,0.9910534620285034,0.03999515622854233,-0.03381924703717232,0.12275877594947815
1785956100119,0.9891414642333984,0.018882447853684425,-0.040503691881895065,0.14000757038593292
1785956100129,0.9864178895950317,-0.0033690850250422955,-0.0459321066737175,0.1576659083366394
1785956100138,0.9827672839164734,-0.027126800268888474,-0.049149833619594574,0.17611630260944366
1785956100148,0.9782014489173889,-0.05546417087316513,-0.05203385651111603,0.1932310312986374
1785956100158,0.9728322625160217,-0.09086018055677414,-0.054620809853076935,0.2058112472295761
1785956100169,0.966842770576477,-0.13211479783058167,-0.05834771692752838,0.21060898900032043
1785956100177,0.9586454033851624,-0.17929866909980774,-0.06273557245731354,0.2119317352771759
1785956100189,0.9469759464263916,-0.23201879858970642,-0.06634610891342163,0.21213653683662415
1785956100198,0.9326291680335999,-0.2852185368537903,-0.0688563659787178,0.21002839505672455
1785956100208,0.9158914685249329,-0.3362397849559784,-0.07137124985456467,0.20734459161758423
1785956100218,0.8975922465324402,-0.3823724389076233,-0.07324016839265823,0.20677348971366882
1785956100227,0.8765894174575806,-0.4262065589427948,-0.07498825341463089,0.21051301062107086
1785956100237,0.8521203994750977,-0.4710763692855835,-0.07572266459465027,0.21504399180412292
1785956100248,0.8252658247947693,-0.5148322582244873,-0.07586757838726044,0.21938125789165497
1785956100258,0.7979322671890259,-0.5551027655601501,-0.07761141657829285,0.22167852520942688
1785956100268,0.771351158618927,-0.5920314192771912,-0.08380992710590363,0.2179267406463623
1785956100277,0.7445945143699646,-0.6271728873252869,-0.09349841624498367,0.20854555070400238
1785956100287,0.7164507508277893,-0.6616132259368896,-0.1030176654458046,0.19584059715270996
1785956100297,0.6879561543464661,-0.6943367719650269,-0.11069310456514359,0.1798885017633438
1785956100308,0.6600785851478577,-0.7238736748695374,-0.11663389950990677,0.16340024769306183
1785956100316,0.6333855986595154,-0.7497429847717285,-0.12143441289663315,0.1481955200433731
1785956100327,0.6059189438819885,-0.7728999257087708,-0.12763752043247223,0.13855162262916565
1785956100337,0.5776816606521606,-0.7939117550849915,-0.13426747918128967,0.13401611149311066
1785956100347,0.5502146482467651,-0.8125142455101013,-0.14099253714084625,0.13116934895515442
1785956100356,0.5235482454299927,-0.8290265202522278,-0.14780619740486145,0.12948165833950043
1785956100366,0.4985877573490143,-0.8425391912460327,-0.15787436068058014,0.1288943588733673
1785956100377,0.4760473072528839,-0.8534262180328369,-0.16856274008750916,0.1289542019367218
1785956100387,0.4554790258407593,-0.8630475401878357,-0.17523041367530823,0.13031522929668427
1785956100397,0.4371717870235443,-0.8716669082641602,-0.1778610795736313,0.13207238912582397
1785956100406,0.4213491976261139,-0.878645122051239,-0.18003150820732117,0.13429924845695496
1785956100416,0.4069538116455078,-0.8842918276786804,-0.18343585729599,0.13699544966220856
1785956100426,0.3942488431930542,-0.8889685273170471,-0.18617986142635345,0.1401425153017044
1785956100437,0.3828140199184418,-0.8931249976158142,-0.18791034817695618,0.1430765837430954
1785956100445,0.3730904459953308,-0.8964501023292542,-0.18969856202602386,0.14558576047420502
1785956100456,0.3648828864097595,-0.8989823460578918,-0.1916721612215042,0.14816537499427795
1785956100466,0.3575074374675751,-0.901170551776886,-0.19358880817890167,0.1503443419933319
1785956100476,0.3509795069694519,-0.9030083417892456,-0.19565394520759583,0.15201562643051147
1785956100485,0.3452492952346802,-0.9047229290008545,-0.1968534141778946,0.1533886194229126
1785956100495,0.3397578001022339,-0.9062864184379578,-0.19760605692863464,0.15543916821479797
1785956100505,0.3345068395137787,-0.9077616333961487,-0.19764713943004608,0.15814439952373505
1785956100516,0.32938632369041443,-0.909511148929596,-0.19628241658210754,0.16052190959453583
1785956100526,0.32488784193992615,-0.9112110733985901,-0.19420209527015686,0.16256648302078247
1785956100535,0.32016438245773315,-0.9130348563194275,-0.1912693977355957,0.16516058146953583
1785956100545,0.31553706526756287,-0.9148427844047546,-0.1879168301820755,0.16788741946220398
1785956100555,0.3117753863334656,-0.9162904024124146,-0.18519192934036255,0.17003485560417175
1785956100565,0.308840811252594,-0.9174105525016785,-0.1827526092529297,0.17197896540164948
1785956100574,0.30665022134780884,-0.9181925058364868,-0.18089659512043,0.17367959022521973
1785956100585,0.3048984706401825,-0.9187405109405518,-0.1792140156030655,0.17559953033924103
1785956100595,0.30281102657318115,-0.9192195534706116,-0.17820614576339722,0.1777171790599823
1785956100605,0.30074694752693176,-0.9197845458984375,-0.17689526081085205,0.17959889769554138
1785956100615,0.29931414127349854,-0.9202097654342651,-0.17491333186626434,0.18174266815185547
1785956100624,0.29825347661972046,-0.9205209612846375,-0.1732429713010788,0.18350154161453247
1785956100634,0.2970794439315796,-0.9210174679756165,-0.17137444019317627,0.1846655011177063
1785956100645,0.2962166965007782,-0.921461284160614,-0.16948433220386505,0.1855795979499817
1785956100655,0.2962198853492737,-0.921688437461853,-0.1673322170972824,0.18639779090881348
1785956100664,0.29682639241218567,-0.92173832654953,-0.16499193012714386,0.1872701346874237
1785956100675,0.2982158362865448,-0.9214268922805786,-0.1631462574005127,0.1882098764181137
1785956100684,0.3003308176994324,-0.920956015586853,-0.1604541838169098,0.1894623190164566
1785956100694,0.3028978407382965,-0.9204075336456299,-0.15727852284908295,0.19069938361644745
1785956100705,0.3053613305091858,-0.9196110963821411,-0.15525001287460327,0.19226917624473572
1785956100713,0.3081841766834259,-0.9182935357093811,-0.1547548770904541,0.19444915652275085
1785956100724,0.3118138909339905,-0.9164162874221802,-0.15514974296092987,0.197184756398201
1785956100734,0.3160650432109833,-0.9141149520874023,-0.15575456619262695,0.20059211552143097
1785956100744,0.3210088014602661,-0.9116912484169006,-0.15620674192905426,0.20340080559253693
1785956100753,0.326086163520813,-0.9094669222831726,-0.15690284967422485,0.20474188029766083
1785956100763,0.33116111159324646,-0.9075067639350891,-0.15719039738178253,0.2050730586051941
1785956100773,0.3370189368724823,-0.9054673314094543,-0.15716584026813507,0.20456285774707794
1785956100784,0.3442680239677429,-0.9031280279159546,-0.15680791437625885,0.20310233533382416
1785956100794,0.3525400459766388,-0.9002398252487183,-0.15699224174022675,0.2015867382287979
1785956100803,0.36188793182373047,-0.8969117999076843,-0.15773528814315796,0.1992633193731308
1785956100813,0.37112924456596375,-0.8939350843429565,-0.1571045219898224,0.19611574709415436
1785956100823,0.37976500391960144,-0.8915725946426392,-0.15450890362262726,0.19236381351947784
1785956100834,0.3883616626262665,-0.8892235159873962,-0.1514657884836197,0.1884540319442749
1785956100844,0.39601004123687744,-0.8870311975479126,-0.14927120506763458,0.18458020687103271
1785956100853,0.4035731256008148,-0.8846981525421143,-0.1470441073179245,0.18115195631980896
1785956100863,0.41224679350852966,-0.8819494247436523,-0.14353525638580322,0.17780707776546478
1785956100873,0.4219823181629181,-0.8789098858833313,-0.1374872475862503,0.1747727245092392
1785956100883,0.4322997033596039,-0.8753859400749207,-0.13003423810005188,0.17293788492679596
1785956100892,0.4413703382015228,-0.8718225955963135,-0.12497920542955399,0.17174869775772095
1785956100902,0.44914576411247253,-0.8684790134429932,-0.12260207533836365,0.17023856937885284
1785956100913,0.45683056116104126,-0.8650385737419128,-0.12133757770061493,0.1682000458240509
1785956100923,0.4645543396472931,-0.8617121577262878,-0.11920271068811417,0.1656266152858734
1785956100932,0.4722613990306854,-0.8583825826644897,-0.11705232411623001,0.16262583434581757
1785956100942,0.4798591136932373,-0.8551042079925537,-0.11471922695636749,0.15928414463996887
1785956100952,0.4875677525997162,-0.8519586324691772,-0.11065565049648285,0.15556208789348602
1785956100962,0.49523183703422546,-0.8488517999649048,-0.10477863997220993,0.15237261354923248
1785956100971,0.5024986863136292,-0.8455524444580078,-0.09904632717370987,0.1507510244846344
1785956100981,0.5086999535560608,-0.8425055742263794,-0.09246214479207993,0.15119318664073944
1785956100992,0.5141668319702148,-0.83957439661026,-0.08549214154481888,0.15309543907642365
1785956101002,0.5193712115287781,-0.8363600969314575,-0.08021574467420578,0.15595094859600067
1785956101012,0.5243541598320007,-0.8330705165863037,-0.0759255513548851,0.15900203585624695
1785956101021,0.5290829539299011,-0.8299322128295898,-0.0711464062333107,0.16193170845508575
1785956101031,0.533673882484436,-0.8269340395927429,-0.0657648965716362,0.16446074843406677
1785956101042,0.5379673838615417,-0.8239749073982239,-0.06083022058010101,0.16720111668109894
1785956101052,0.5421525835990906,-0.8208180069923401,-0.05750327557325363,0.1703576147556305
1785956101061,0.545802891254425,-0.8178415894508362,-0.0550430528819561,0.17379449307918549
1785956101071,0.5482341647148132,-0.8155137300491333,-0.05259630084037781,0.17779268324375153
1785956101081,0.5497878789901733,-0.8136240243911743,-0.05029349401593208,0.18226264417171478
1785956101091,0.550888180732727,-0.8119378089904785,-0.047596707940101624,0.18711990118026733
1785956101102,0.5517343282699585,-0.8103182911872864,-0.043843306601047516,0.19248707592487335
1785956101110,0.5529313087463379,-0.8084256052970886,-0.03919651359319687,0.19793592393398285
1785956101121,0.5543460249900818,-0.8062578439712524,-0.034970350563526154,0.20353345572948456
1785956101131,0.5547662377357483,-0.8046249747276306,-0.03102271258831024,0.20940516889095306
1785956101141,0.5544301867485046,-0.8034043312072754,-0.026653403416275978,0.2154952883720398
1785956101150,0.5536473989486694,-0.8025071024894714,-0.022263700142502785,0.22127176821231842
1785956101160,0.5526955723762512,-0.8017356991767883,-0.018011871725320816,0.2267666757106781
1785956101170,0.5511091351509094,-0.80135178565979,-0.013771560043096542,0.23221638798713684
1785956101181,0.5484594702720642,-0.8016956448554993,-0.009901750832796097,0.2374410480260849
1785956101191,0.544846773147583,-0.8026268482208252,-0.006699323188513517,0.24266663193702698
1785956101200,0.5408558249473572,-0.8038704991340637,-0.00441799545660615,0.24748285114765167
1785956101210,0.5364656448364258,-0.8053285479545593,-0.0020723387133330107,0.2522817552089691
1785956101220,0.5317999124526978,-0.8068519830703735,0.0004599465464707464,0.25725144147872925
1785956101231,0.5272847414016724,-0.8083547353744507,0.002595168072730303,0.26177605986595154
1785956101239,0.5228723883628845,-0.8097559809684753,0.005273199174553156,0.26621782779693604
1785956101251,0.5188193917274475,-0.8109862804412842,0.007781032472848892,0.2703091502189636
1785956101260,0.5154837369918823,-0.8119103312492371,0.00918103102594614,0.2738501727581024
1785956101270,0.5125675201416016,-0.8127673268318176,0.009811856783926487,0.2767446041107178
1785956101280,0.5096033215522766,-0.8138630986213684,0.010127274319529533,0.27897804975509644
1785956101289,0.5066290497779846,-0.815008819103241,0.01033023465424776,0.2810353934764862
1785956101299,0.5035218596458435,-0.8162598013877869,0.010972661897540092,0.2829582989215851
1785956101310,0.5005674362182617,-0.817504346370697,0.011288286186754704,0.2845899760723114
1785956101320,0.49767571687698364,-0.8187656998634338,0.011125091463327408,0.28603798151016235
1785956101330,0.49488365650177,-0.8200217485427856,0.01066009234637022,0.28729933500289917
1785956101339,0.492326557636261,-0.8212709426879883,0.010138307698071003,0.28814223408699036
1785956101349,0.49012836813926697,-0.8224670886993408,0.009435808286070824,0.28850123286247253
1785956101359,0.4886733889579773,-0.8234613537788391,0.00859655812382698,0.28815940022468567
1785956101370,0.48798638582229614,-0.8243133425712585,0.007875493727624416,0.286905437707901
1785956101378,0.4877634644508362,-0.8252097368240356,0.007393550127744675,0.28471219539642334
1785956101389,0.4877915680408478,-0.8262101411819458,0.006472338456660509,0.28176990151405334
1785956101399,0.4874158501625061,-0.8274807929992676,0.005854696501046419,0.2786880135536194
1785956101409,0.48608726263046265,-0.8290838003158569,0.006205928511917591,0.276225745677948
1785956101418,0.48483067750930786,-0.8305296301841736,0.005747242830693722,0.2740926444530487
1785956101428,0.48399314284324646,-0.831839919090271,0.0037721097469329834,0.2716224193572998
1785956101439,0.4835434854030609,-0.8330913186073303,0.0010388821829110384,0.26859521865844727
1785956101449,0.48362216353416443,-0.8339911103248596,-0.0013787418138235807,0.26564347743988037
1785956101459,0.4837946891784668,-0.8344840407371521,-0.0017151396023109555,0.26377275586128235
1785956101468,0.4837340712547302,-0.8349314332008362,0.001380894798785448,0.2624669373035431
1785956101478,0.48456206917762756,-0.8352542519569397,0.005665246397256851,0.25984206795692444
1785956101488,0.48595210909843445,-0.8353462219238281,0.00968887284398079,0.2568138837814331
1785956101499,0.4875222146511078,-0.8353232741355896,0.013930565677583218,0.2536986768245697
1785956101507,0.489093154668808,-0.8353209495544434,0.018313350155949593,0.25038257241249084
1785956101518,0.4902617037296295,-0.8355007171630859,0.022370576858520508,0.247146874666214
1785956101528,0.4911196529865265,-0.8359395265579224,0.025559406727552414,0.24362513422966003
1785956101538,0.49225562810897827,-0.8363259434700012,0.027010437101125717,0.23982049524784088
1785956101547,0.4930155575275421,-0.8368057012557983,0.02853371389210224,0.23638470470905304
1785956101557,0.49320176243782043,-0.8373785614967346,0.031009331345558167,0.23363976180553436
1785956101567,0.4931342303752899,-0.8379882574081421,0.033769261091947556,0.23120136559009552
1785956101578,0.4930773675441742,-0.8386604189872742,0.036087341606616974,0.2285197377204895
1785956101588,0.49355149269104004,-0.8391273617744446,0.03811495378613472,0.22543169558048248
1785956101597,0.4938581585884094,-0.839596152305603,0.04127424582839012,0.22243817150592804
1785956101607,0.4940166175365448,-0.8398872017860413,0.046332065016031265,0.21997830271720886
1785956101617,0.49439430236816406,-0.8399091362953186,0.05269359424710274,0.21760110557079315
1785956101627,0.49507054686546326,-0.8396317958831787,0.05943882465362549,0.2153848558664322
1785956101636,0.4955340027809143,-0.839347243309021,0.06576653569936752,0.21358127892017365
1785956101647,0.4959568977355957,-0.838998019695282,0.07107006758451462,0.2122688889503479
1785956101657,0.4963971674442291,-0.8386524319648743,0.07462380826473236,0.21138416230678558
1785956101667,0.4965560734272003,-0.8384695649147034,0.07675525546073914,0.2109725922346115
1785956101677,0.4964672327041626,-0.8384055495262146,0.07811709493398666,0.2109362781047821
1785956101686,0.4961971342563629,-0.8384615778923035,0.07931041717529297,0.21090374886989594
1785956101696,0.49589088559150696,-0.8385330438613892,0.08117413520812988,0.21063069999217987
1785956101707,0.49571216106414795,-0.8385266661643982,0.0840989500284195,0.20992806553840637
1785956101717,0.49566563963890076,-0.8384394645690918,0.08729889988899231,0.2090783715248108
1785956101726,0.49587482213974,-0.8382290601730347,0.09045431762933731,0.20808222889900208
1785956101737,0.4961751401424408,-0.8380431532859802,0.09366095811128616,0.2066919207572937
1785956101746,0.49640750885009766,-0.8379643559455872,0.09645048528909683,0.20516473054885864
1785956101756,0.496614009141922,-0.8379067778587341,0.09871003776788712,0.20382100343704224
1785956101767,0.4969857335090637,-0.8378170728683472,0.10065552592277527,0.2023266851902008
1785956101775,0.4973382353782654,-0.8377522230148315,0.10249217599630356,0.20080123841762543
1785956101786,0.5087016224861145,-0.8205581307411194,0.11903689801692963,0.23181270062923431
1785956101796,0.5081813335418701,-0.821168065071106,0.12111753225326538,0.22970689833164215
1785956101806,0.5077812075614929,-0.8218860030174255,0.12248824536800385,0.22728432714939117
1785956101816,0.5075597763061523,-0.8228757977485657,0.1230914369225502,0.22384582459926605
1785956101825,0.5071597099304199,-0.8241094350814819,0.12373623996973038,0.21982243657112122
1785956101836,0.5063507556915283,-0.8256816267967224,0.12454596161842346,0.2152838259935379
1785956101846,0.5051009058952332,-0.82762610912323,0.12525153160095215,0.21028593182563782
1785956101856,0.5037127733230591,-0.8295640349388123,0.12630954384803772,0.20528705418109894
1785956101865,0.5027143359184265,-0.8311346769332886,0.12756606936454773,0.2005503922700882
1785956101875,0.5021362900733948,-0.8323133587837219,0.12884148955345154,0.19624865055084229
1785956101885,0.5021513104438782,-0.8329938054084778,0.1296994537115097,0.19272634387016296
1785956101896,0.5029050707817078,-0.833047091960907,0.12993118166923523,0.19035989046096802
1785956101906,0.5043237209320068,-0.8325722217559814,0.12962201237678528,0.18888945877552032
1785956101915,0.5061251521110535,-0.8315997123718262,0.12935106456279755,0.18854039907455444
1785956101925,0.508158266544342,-0.8302062153816223,0.12954658269882202,0.1890779733657837
1785956101935,0.5108195543289185,-0.8283194899559021,0.12979549169540405,0.19000864028930664
1785956101945,0.5141589045524597,-0.8260458111763,0.12975333631038666,0.19092684984207153
1785956101954,0.5180163979530334,-0.8234098553657532,0.13014453649520874,0.19161835312843323
1785956101964,0.5221774578094482,-0.8204030394554138,0.13141605257987976,0.19235222041606903
1785956101975,0.526528537273407,-0.8170440793037415,0.13376685976982117,0.19316601753234863
1785956101985,0.5311354994773865,-0.8133822083473206,0.13665740191936493,0.19398252665996552
1785956101994,0.5358554124832153,-0.809658408164978,0.13924695551395416,0.19473667442798615
1785956102004,0.540477991104126,-0.8059107661247253,0.14164789021015167,0.19577354192733765
1785956102014,0.5447243452072144,-0.802392840385437,0.14354296028614044,0.19706986844539642
1785956102024,0.5486009120941162,-0.799277126789093,0.14419668912887573,0.1984952688217163
1785956102035,0.5522115230560303,-0.7965098023414612,0.1434776782989502,0.20012184977531433
1785956102044,0.5554686784744263,-0.7940471172332764,0.1422530859708786,0.20176151394844055
1785956102054,0.5582495331764221,-0.7918356657028198,0.14131808280944824,0.20342811942100525
1785956102064,0.5608384609222412,-0.7897863984107971,0.1405627578496933,0.20479212701320648
1785956102074,0.5633992552757263,-0.7878202199935913,0.14013883471488953,0.20562493801116943
1785956102083,0.5657673478126526,-0.7859587669372559,0.14069032669067383,0.20586955547332764
1785956102093,0.5680903792381287,-0.7841358780860901,0.1419955939054489,0.20552748441696167
1785956102104,0.5704135298728943,-0.7823213338851929,0.1439325511455536,0.20465844869613647
1785956102114,0.5726572275161743,-0.7805871367454529,0.14577439427375793,0.20370861887931824
1785956102124,0.5744056105613708,-0.7792841196060181,0.14706674218177795,0.20284393429756165
1785956102133,0.575858473777771,-0.7783362865447998,0.14826726913452148,0.2014855593442917
1785956102143,0.5772444605827332,-0.7775574326515198,0.1491418331861496,0.19987495243549347
1785956102153,0.5786653757095337,-0.7768601775169373,0.14932559430599213,0.19833439588546753
1785956102164,0.5797491073608398,-0.7762995362281799,0.14993086457252502,0.19690263271331787
1785956102172,0.5806348323822021,-0.7757551670074463,0.15118665993213654,0.19547300040721893
1785956102183,0.58155357837677,-0.7752890586853027,0.15202276408672333,0.19393645226955414
1785956102193,0.5824706554412842,-0.7749667167663574,0.15190333127975464,0.1925613284111023
1785956102203,0.5830164551734924,-0.7747831344604492,0.15190213918685913,0.19164720177650452
1785956102212,0.5833446383476257,-0.7746151089668274,0.1526235193014145,0.19075264036655426
1785956102222,0.5836734771728516,-0.7745431065559387,0.15309566259384155,0.18965736031532288
1785956102232,0.5839783549308777,-0.7745342254638672,0.15300904214382172,0.18882295489311218
1785956102243,0.5839829444885254,-0.7745850086212158,0.1534712165594101,0.18822476267814636
1785956102253,0.5837331414222717,-0.7747586965560913,0.1544399857521057,0.1874907910823822
1785956102262,0.5835702419281006,-0.7749556303024292,0.15505437552928925,0.18667511641979218
1785956102272,0.5834985375404358,-0.7751452922821045,0.1550508588552475,0.18611398339271545
1785956102282,0.5833014845848083,-0.7753545045852661,0.15531331300735474,0.18564073741436005
1785956102293,0.5831946730613708,-0.7755075097084045,0.1557084321975708,0.18500494956970215
1785956102301,0.5832005739212036,-0.7756504416465759,0.15565292537212372,0.18443283438682556
1785956102313,0.5832861661911011,-0.7757195234298706,0.1555270552635193,0.1839778572320938
1785956102322,0.5831272602081299,-0.7758662700653076,0.15574367344379425,0.1836787611246109
1785956102332,0.5830262303352356,-0.7759742140769958,0.15577459335327148,0.18351726233959198
1785956102342,0.5830244421958923,-0.7760291695594788,0.15576861798763275,0.1832955777645111
1785956102351,0.582954466342926,-0.7760744094848633,0.1560395210981369,0.18309658765792847
1785956102361,0.5830097198486328,-0.7760175466537476,0.15651345252990723,0.1827566772699356
1785956102372,0.5832098126411438,-0.7759006023406982,0.15688078105449677,0.18229904770851135
1785956102382,0.5832866430282593,-0.7758573293685913,0.15732896327972412,0.18185052275657654
1785956102392,0.5833120346069336,-0.7758121490478516,0.15781845152378082,0.18153800070285797
1785956102401,0.5832513570785522,-0.7761193513870239,0.15781483054161072,0.18041914701461792
1785956102411,0.5832653641700745,-0.7763102054595947,0.1579752415418625,0.17940972745418549
1785956102421,0.5834953188896179,-0.7763994932174683,0.15796969830989838,0.17827706038951874
1785956102432,0.5840249061584473,-0.7762994766235352,0.15755175054073334,0.17734593152999878
1785956102440,0.5843595862388611,-0.7762244343757629,0.15751323103904724,0.17660413682460785
1785956102451,0.5842897891998291,-0.776203453540802,0.15797165036201477,0.17651793360710144
1785956102461,0.5843660235404968,-0.7761862277984619,0.1580010950565338,0.17631487548351288
1785956102471,0.5844824314117432,-0.776115357875824,0.157980278134346,0.17625941336154938
1785956102480,0.5845628976821899,-0.7760626077651978,0.15808342397212982,0.1761324554681778
1785956102490,0.584690272808075,-0.776282548904419,0.15769904851913452,0.17508237063884735
1785956102501,0.58509361743927,-0.7761625647544861,0.15749940276145935,0.17444482445716858
1785956102511,0.5855075716972351,-0.7759168744087219,0.15788888931274414,0.17379581928253174
1785956102521,0.5858763456344604,-0.7758336067199707,0.158055379986763,0.17277014255523682
1785956102530,0.5861442685127258,-0.7755863070487976,0.1584043651819229,0.1726527214050293
1785956102540,0.5863006114959717,-0.7754215598106384,0.15866760909557343,0.1726202517747879
1785956102550,0.5864042639732361,-0.7752849459648132,0.1591859757900238,0.17240402102470398
1785956102561,0.5870053172111511,-0.7751201391220093,0.158854678273201,0.1714019477367401
1785956102569,0.5875639319419861,-0.7749268412590027,0.15868332982063293,0.17051838338375092
1785956102580,0.588148295879364,-0.7747238278388977,0.1587609350681305,0.16934983432292938
1785956102590,0.5887221097946167,-0.7745146155357361,0.1589922457933426,0.16809134185314178
1785956102600,0.5890774130821228,-0.7743743062019348,0.15939120948314667,0.16711288690567017
1785956102610,0.5893033742904663,-0.7741193175315857,0.16019870340824127,0.16672463715076447
1785956102619,0.5895624160766602,-0.7738932967185974,0.1607179045677185,0.1663581281900406
1785956102629,0.5897026658058167,-0.773773729801178,0.16118867695331573,0.16596145927906036
1785956102640,0.5897670984268188,-0.7736924290657043,0.16154809296131134,0.16576243937015533
1785956102650,0.5899152755737305,-0.7735683917999268,0.1617906093597412,0.16557691991329193
1785956102659,0.5902787446975708,-0.773177981376648,0.16249744594097137,0.16541247069835663
1785956102669,0.5910877585411072,-0.7724034786224365,0.1635618507862091,0.16509291529655457
1785956102679,0.5922839045524597,-0.7711970210075378,0.16534335911273956,0.16467082500457764
1785956102690,0.593754231929779,-0.7695632576942444,0.16831377148628235,0.1640084683895111
1785956102698,0.5953842401504517,-0.7676035761833191,0.17264094948768616,0.16278012096881866
1785956102709,0.59703528881073,-0.7654120922088623,0.1780477613210678,0.16122134029865265
1785956102719,0.5989412069320679,-0.7628704905509949,0.18395982682704926,0.15955227613449097
1785956102729,0.600909948348999,-0.7603863477706909,0.1895235776901245,0.15748246014118195
1785956102739,0.6029075980186462,-0.7579454779624939,0.19478914141654968,0.15517178177833557
1785956102748,0.6050288081169128,-0.7554869651794434,0.1997944861650467,0.1525181233882904
1785956102758,0.6073006391525269,-0.7529445290565491,0.20447735488414764,0.14983153343200684
1785956102769,0.6094555854797363,-0.7500981092453003,0.21004176139831543,0.147645503282547
1785956102779,0.6116272807121277,-0.7469310760498047,0.21622547507286072,0.14578258991241455
1785956102788,0.6141642332077026,-0.7435064911842346,0.22209934890270233,0.1437777578830719
1785956102799,0.6171696782112122,-0.7395607233047485,0.2282295674085617,0.1416431963443756
1785956102808,0.6204269528388977,-0.7352206110954285,0.23442663252353668,0.13987545669078827
1785956102818,0.6238934993743896,-0.7307364344596863,0.23997770249843597,0.13853512704372406
1785956102829,0.6275467276573181,-0.7262431979179382,0.24446703493595123,0.1378099024295807
1785956102837,0.631408154964447,-0.7216697335243225,0.2480635792016983,0.13777168095111847
1785956102848,0.6354567408561707,-0.7169530987739563,0.2512224614620209,0.13805896043777466
1785956102858,0.6396076679229736,-0.7121949195861816,0.25376462936401367,0.13886651396751404
1785956102868,0.6439141631126404,-0.707366943359375,0.2554928660392761,0.14046305418014526
1785956102878,0.648188054561615,-0.7026865482330322,0.25646981596946716,0.14250312745571136
1785956102887,0.6523512601852417,-0.6979576945304871,0.257351815700531,0.14513042569160461
1785956102898,0.6562946438789368,-0.6932608485221863,0.258048415184021,0.14858606457710266
1785956102908,0.6599594354629517,-0.6886723041534424,0.25872665643692017,0.15246105194091797
1785956102918,0.6633083820343018,-0.683834433555603,0.26036161184310913,0.15685777366161346
1785956102927,0.6663531064987183,-0.678839385509491,0.26239654421806335,0.16216857731342316
1785956102937,0.6688895225524902,-0.6741947531700134,0.2641391158103943,0.16816271841526031
1785956102947,0.6709437966346741,-0.6700449585914612,0.26516062021255493,0.1748257726430893
1785956102958,0.6725487112998962,-0.666811466217041,0.2643575966358185,0.1820872724056244
1785956102968,0.6741883754730225,-0.6644708514213562,0.26103562116622925,0.18923261761665344
1785956102977,0.6756898760795593,-0.6626688241958618,0.2563270330429077,0.1964934915304184
1785956102987,0.6767939329147339,-0.6611954569816589,0.2514534294605255,0.20381787419319153
1785956102997,0.6778141856193542,-0.6593645811080933,0.24760432541370392,0.21094606816768646
1785956103007,0.6789729595184326,-0.6568384766578674,0.24486874043941498,0.2181701511144638
1785956103016,0.6802001595497131,-0.653927206993103,0.24278099834918976,0.2253095507621765
1785956103026,0.6811374425888062,-0.6509922742843628,0.24135766923427582,0.23239441215991974
1785956103037,0.6815123558044434,-0.648171067237854,0.24075913429260254,0.23968763649463654
1785956103047,0.6815553903579712,-0.6454456448554993,0.24088984727859497,0.2466863989830017
1785956103056,0.6813821196556091,-0.6429356336593628,0.24104098975658417,0.25347837805747986
1785956103066,0.6810708045959473,-0.6409279108047485,0.2406681627035141,0.25967836380004883
1785956103076,0.6803961396217346,-0.6396167874336243,0.2399304211139679,0.26530149579048157
1785956103086,0.6794624924659729,-0.638868510723114,0.23876097798347473,0.2705013155937195
1785956103097,0.678534746170044,-0.6386155486106873,0.23706389963626862,0.2748846113681793
1785956103106,0.6774439215660095,-0.6389873027801514,0.23510076105594635,0.2783750593662262
1785956103116,0.6763705611228943,-0.6395053863525391,0.23379604518413544,0.2808828353881836
1785956103126,0.6754321455955505,-0.6401846408843994,0.23292864859104156,0.28231072425842285
1785956103136,0.6744275093078613,-0.6409519910812378,0.23290519416332245,0.2829899191856384
1785956103145,0.6731964945793152,-0.641995906829834,0.23394261300563812,0.2826986610889435
1785956103155,0.6717851161956787,-0.6434292793273926,0.23570473492145538,0.2813302278518677
1785956103166,0.67031329870224,-0.6451287269592285,0.23802314698696136,0.27898767590522766
1785956103176,0.6686707139015198,-0.6471893191337585,0.24102017283439636,0.27556243538856506
1785956103186,0.6671081185340881,-0.6496127843856812,0.24390152096748352,0.27107560634613037
1785956103195,0.6655633449554443,-0.652493953704834,0.24616940319538116,0.26585277915000916
1785956103205,0.6638355851173401,-0.6559444665908813,0.24803152680397034,0.25988370180130005
1785956103215,0.662096381187439,-0.6594832539558411,0.24980659782886505,0.25358814001083374
1785956103226,0.660409688949585,-0.663058876991272,0.25165659189224243,0.24674062430858612
1785956103234,0.6587088704109192,-0.6668081283569336,0.2538834810256958,0.238773375749588
1785956103245,0.6570101976394653,-0.6705659031867981,0.25655242800712585,0.22991253435611725
1785956103255,0.6554932594299316,-0.6741942167282104,0.25989341735839844,0.21964989602565765
1785956103265,0.6537564396858215,-0.6774248480796814,0.2657375931739807,0.20756115019321442
1785956103274,0.6515199542045593,-0.6797730326652527,0.27542683482170105,0.19383084774017334
1785956103286,0.6488434076309204,-0.6813331246376038,0.28714504837989807,0.17981988191604614
1785956103294,0.6460251212120056,-0.6822725534439087,0.29936403036117554,0.16594238579273224
1785956103305,0.6432200074195862,-0.6826234459877014,0.3110472559928894,0.15343675017356873
1785956103315,0.6408565640449524,-0.6824305057525635,0.32128986716270447,0.14270327985286713
1785956103324,0.6392070055007935,-0.6820578575134277,0.329178124666214,0.13361620903015137
1785956103334,0.6381064057350159,-0.6819322109222412,0.3342774212360382,0.12667806446552277
1785956103344,0.6372289657592773,-0.6824499368667603,0.33655524253845215,0.12219616025686264
1785956103355,0.6365470290184021,-0.6837362051010132,0.3358612060546875,0.1204565241932869
1785956103363,0.6362399458885193,-0.6852181553840637,0.33309775590896606,0.1213289126753807
1785956103375,0.6364234685897827,-0.6861512064933777,0.32940399646759033,0.1251189410686493
1785956103384,0.6372667551040649,-0.6859966516494751,0.32600265741348267,0.13046804070472717
1785956103394,0.6388611793518066,-0.6847438216209412,0.323263943195343,0.1359512358903885
1785956103404,0.6406756639480591,-0.6831104755401611,0.3204198479652405,0.14221735298633575
1785956103413,0.6424185037612915,-0.6809043288230896,0.3182196617126465,0.1496797502040863
1785956103423,0.6437211632728577,-0.6779850125312805,0.31726527214050293,0.15906672179698944
1785956103434,0.6444036960601807,-0.674746036529541,0.31677427887916565,0.1706331968307495
1785956103444,0.6447649002075195,-0.6722106337547302,0.3141258955001831,0.1836737096309662
1785956103454,0.6453771591186523,-0.6701581478118896,0.30895090103149414,0.19729597866535187
1785956103463,0.6465023159980774,-0.6684246063232422,0.3011859357357025,0.2110220044851303
1785956103473,0.64814293384552,-0.666283130645752,0.2922452688217163,0.22487817704677582
1785956103483,0.6499611735343933,-0.6636947989463806,0.2838985025882721,0.23761574923992157
1785956103494,0.6523012518882751,-0.6602405309677124,0.2770683765411377,0.2486335188150406
1785956103502,0.6549341082572937,-0.6557859182357788,0.272212415933609,0.2586631178855896
1785956103513,0.6573677659034729,-0.6507880687713623,0.26865145564079285,0.2686426341533661
1785956103523,0.6593713164329529,-0.6455122232437134,0.26610496640205383,0.27880361676216125
1785956103533,0.6611753106117249,-0.640458881855011,0.26348474621772766,0.288505494594574
1785956103542,0.6632481217384338,-0.636107325553894,0.2586372494697571,0.29761743545532227
1785956103552,0.6661253571510315,-0.6325080990791321,0.2510845363140106,0.3052327036857605
1785956103563,0.6694954633712769,-0.6285221576690674,0.24348360300064087,0.3121720552444458
1785956103573,0.6724337339401245,-0.6244155764579773,0.23778674006462097,0.3184266984462738
1785956103583,0.6751518249511719,-0.6199338436126709,0.2338305115699768,0.32430750131607056
1785956103592,0.6785271763801575,-0.6148856282234192,0.23074141144752502,0.3290517032146454
1785956103602,0.6824841499328613,-0.6094370484352112,0.22858461737632751,0.3324918746948242
1785956103612,0.6870883703231812,-0.603557288646698,0.2268938273191452,0.3348841667175293
1785956103623,0.6917607188224792,-0.5978873372077942,0.22455857694149017,0.3370034098625183
1785956103631,0.6965364813804626,-0.5926123261451721,0.22084803879261017,0.33893007040023804
1785956103642,0.701799213886261,-0.5879518389701843,0.2150665521621704,0.3399069905281067
1785956103652,0.7074791193008423,-0.5838755965232849,0.20814558863639832,0.33946722745895386
1785956103662,0.7136437892913818,-0.5800356864929199,0.20062759518623352,0.33766788244247437
1785956103672,0.7194665670394897,-0.5775679349899292,0.192837655544281,0.3340611159801483
1785956103681,0.7247331142425537,-0.5760510563850403,0.18563513457775116,0.3293428421020508
1785956103691,0.7298912405967712,-0.5740493535995483,0.18003731966018677,0.3245190680027008
1785956103702,0.7349704504013062,-0.5713542103767395,0.1761425882577896,0.31991642713546753
1785956103712,0.7398567199707031,-0.5683695077896118,0.17289596796035767,0.315713495016098
1785956103721,0.7444934844970703,-0.5651782155036926,0.17034098505973816,0.31190869212150574
1785956103731,0.7496423125267029,-0.5613158345222473,0.16758869588375092,0.308017760515213
1785956103741,0.7549074292182922,-0.5575582385063171,0.16368061304092407,0.3040594458580017
1785956103752,0.7608369588851929,-0.5541808605194092,0.15770143270492554,0.2985646724700928
1785956103762,0.767087459564209,-0.5512034893035889,0.150701642036438,0.291617214679718
1785956103771,0.7727929949760437,-0.5497260689735413,0.14339882135391235,0.28289398550987244
1785956103781,0.7772296667098999,-0.5496846437454224,0.1367468237876892,0.2739727199077606
1785956103791,0.7808169722557068,-0.5496952533721924,0.1318597048521042,0.2660318911075592
1785956103801,0.7833316326141357,-0.5493922829627991,0.12881246209144592,0.26070472598075867
1785956103810,0.784684419631958,-0.5488607287406921,0.12862545251846313,0.257832795381546
1785956103820,0.7859295010566711,-0.5474435091018677,0.13009078800678253,0.25631383061408997
1785956103831,0.7875589728355408,-0.5455893278121948,0.13134096562862396,0.2546227276325226
1785956103841,0.7892647981643677,-0.5441904664039612,0.13187088072299957,0.25204747915267944
1785956103850,0.7917313575744629,-0.5423015356063843,0.13221290707588196,0.24817387759685516
1785956103861,0.7947745323181152,-0.5400949120521545,0.13244040310382843,0.24308550357818604
1785956103870,0.7978054881095886,-0.538388192653656,0.1324191689491272,0.23687487840652466
1785956103880,0.800490140914917,-0.5374159812927246,0.13228723406791687,0.2299993336200714
1785956103891,0.8027779459953308,-0.5369477868080139,0.13260500133037567,0.22282405197620392
1785956103899,0.8048338890075684,-0.53655606508255,0.13438938558101654,0.21515001356601715
1785956103910,0.8068718314170837,-0.5359248518943787,0.13792665302753448,0.2066849172115326
1785956103920,0.8088468313217163,-0.5350283980369568,0.14345088601112366,0.19731493294239044
1785956103930,0.8108985424041748,-0.5336448550224304,0.15080055594444275,0.18688468635082245
1785956103940,0.8129559755325317,-0.5318289399147034,0.15995657444000244,0.1751413196325302
1785956103949,0.8150916695594788,-0.5290716290473938,0.17128930985927582,0.16238467395305634
1785956103960,0.8170343041419983,-0.5252637267112732,0.18480418622493744,0.14966729283332825
1785956103970,0.8190027475357056,-0.5201916098594666,0.19986043870449066,0.1367148756980896
1785956103980,0.8210135698318481,-0.513818085193634,0.21594694256782532,0.12367148697376251
1785956103989,0.8229976296424866,-0.506500780582428,0.2323731780052185,0.1101568192243576
1785956103999,0.8247755765914917,-0.49837395548820496,0.24945193529129028,0.0956159234046936
1785956104009,0.8260186910629272,-0.48978063464164734,0.26707589626312256,0.08048921823501587
1785956104020,0.8265848159790039,-0.48090389370918274,0.2850954830646515,0.06488117575645447
1785956104028,0.8264461755752563,-0.47265109419822693,0.3018103539943695,0.04998190328478813
1785956104039,0.8260428309440613,-0.46544158458709717,0.31576430797576904,0.0361986942589283
1785956104049,0.8254251480102539,-0.4591824412345886,0.3274926245212555,0.023946963250637054
1785956104059,0.8244524598121643,-0.45379316806793213,0.3378501236438751,0.014392728917300701
1785956104069,0.8236067295074463,-0.44906750321388245,0.34637531638145447,0.005865771789103746
1785956104078,0.8232530951499939,-0.44406750798225403,0.35362690687179565,-0.0025323601439595222
1785956104088,0.8234099745750427,-0.4375011920928955,0.3612162470817566,-0.010559548623859882
1785956104099,0.8235145807266235,-0.42894554138183594,0.3708135783672333,-0.01807456463575363
1785956104109,0.8237707614898682,-0.41916951537132263,0.3808861970901489,-0.024987010285258293
1785956104118,0.8244674801826477,-0.4084509313106537,0.390501469373703,-0.03049311973154545
1785956104128,0.8256520628929138,-0.3974902629852295,0.3988020718097687,-0.03545503690838814
1785956104138,0.8270825743675232,-0.387584924697876,0.4049621522426605,-0.041447415947914124
1785956104148,0.8284537196159363,-0.3788682818412781,0.409618079662323,-0.04833496734499931
1785956104159,0.8301651477813721,-0.3705039322376251,0.4128120541572571,-0.05602601170539856
1785956104168,0.8320789933204651,-0.362228125333786,0.41519466042518616,-0.0636289119720459
1785956104178,0.8339835405349731,-0.35329028964042664,0.41799280047416687,-0.07028114050626755
1785956104188,0.8359144330024719,-0.34369492530822754,0.4211546778678894,-0.07582613825798035
1785956104198,0.8379544019699097,-0.33405303955078125,0.4240889847278595,-0.07993467897176743
1785956104207,0.8400342464447021,-0.3248317837715149,0.42659232020378113,-0.0827389657497406
1785956104217,0.8421345353126526,-0.3162879943847656,0.4285396933555603,-0.08440977334976196
1785956104228,0.8443583846092224,-0.3085337281227112,0.42957350611686707,-0.08562932163476944
1785956104238,0.846436619758606,-0.302110880613327,0.429732084274292,-0.08720385283231735
1785956104248,0.8484179377555847,-0.2970063388347626,0.4288700520992279,-0.08969186246395111
1785956104257,0.8504486083984375,-0.29253605008125305,0.4272865951061249,-0.09266041219234467
1785956104267,0.852753221988678,-0.28853490948677063,0.42473968863487244,-0.09568583965301514
1785956104277,0.8551410436630249,-0.2847132682800293,0.4219096899032593,-0.09830702096223831
1785956104288,0.8574425578117371,-0.2812391221523285,0.41895753145217896,-0.10085372626781464
1785956104296,0.8596828579902649,-0.2782641351222992,0.4159516394138336,-0.1024627611041069
1785956104307,0.862054705619812,-0.27541831135749817,0.4128609597682953,-0.10272401571273804
1785956104317,0.8644790053367615,-0.2727961838245392,0.4094906747341156,-0.10283779352903366
1785956104327,0.866610586643219,-0.2707969844341278,0.4062543213367462,-0.10301709175109863
1785956104337,0.8686866164207458,-0.2688080370426178,0.40289413928985596,-0.10393302887678146
1785956104348,0.8705765604972839,-0.26640835404396057,0.3999774158000946,-0.1055511087179184
1785956104356,0.8724837899208069,-0.26304891705513,0.39753708243370056,-0.10743152350187302
1785956104367,0.8743676543235779,-0.25881609320640564,0.3955813944339752,-0.10959372669458389
1785956104377,0.8761826753616333,-0.25359585881233215,0.39444637298583984,-0.11137793958187103
1785956104386,0.878005862236023,-0.24801748991012573,0.3935883343219757,-0.11261112242937088
1785956104396,0.8799126148223877,-0.24325533211231232,0.39191392064094543,-0.11394794285297394
1785956104406,0.8819438815116882,-0.2394917607307434,0.38923272490501404,-0.11539731919765472
1785956104417,0.8838405609130859,-0.2366584986448288,0.3859981894493103,-0.1175752654671669
1785956104427,0.8855652809143066,-0.2342023253440857,0.38275954127311707,-0.12007726728916168
1785956104436,0.8873236775398254,-0.2315492480993271,0.3797396719455719,-0.12181686609983444
1785956104446,0.889083981513977,-0.2283942997455597,0.3772234618663788,-0.1227521225810051
1785956104456,0.890733003616333,-0.22522631287574768,0.3749476671218872,-0.1236208900809288
1785956104466,0.8924098014831543,-0.22225476801395416,0.37244361639022827,-0.12447130680084229
1785956104475,0.8941261172294617,-0.21937263011932373,0.3697851002216339,-0.12519174814224243
1785956104485,0.8957939743995667,-0.21660444140434265,0.36712467670440674,-0.12591738998889923
1785956104496,0.8974019885063171,-0.21391944587230682,0.36452290415763855,-0.12661470472812653
1785956104506,0.8989565968513489,-0.21179446578025818,0.36166176199913025,-0.1273612529039383
1785956104516,0.9005667567253113,-0.21006901562213898,0.3586375415325165,-0.1273953914642334
1785956104525,0.9022541642189026,-0.20869076251983643,0.3555334806442261,-0.12641794979572296
1785956104535,0.9039672017097473,-0.20839472115039825,0.3518594801425934,-0.12493890523910522
1785956104545,0.9055833220481873,-0.20961803197860718,0.3477410078048706,-0.12270021438598633
1785956104556,0.9072005748748779,-0.21195130050182343,0.3436279892921448,-0.11825235188007355
1785956104565,0.9087218642234802,-0.21463412046432495,0.34061986207962036,-0.11015819758176804
1785956104575,0.9099282622337341,-0.2184654325246811,0.33843883872032166,-0.0988054871559143
1785956104585,0.9109342098236084,-0.22436395287513733,0.33554577827453613,-0.08525637537240982
1785956104595,0.9114646315574646,-0.23302234709262848,0.33170992136001587,-0.07001003623008728
1785956104604,0.9117131233215332,-0.24343067407608032,0.32676932215690613,-0.05236847326159477
1785956104614,0.9117375016212463,-0.25431954860687256,0.3210570514202118,-0.03128351271152496
1785956104625,0.9113826751708984,-0.2655900716781616,0.3142894506454468,-0.008099023252725601
1785956104635,0.9104138612747192,-0.27813050150871277,0.30591532588005066,0.014349098317325115
1785956104645,0.9091206789016724,-0.29175621271133423,0.2950868308544159,0.03607995808124542
1785956104654,0.9077909588813782,-0.3047184348106384,0.28236696124076843,0.057714659720659256
1785956104664,0.9065923690795898,-0.31703540682792664,0.26729562878608704,0.07830590009689331
1785956104674,0.9057225584983826,-0.3280726373195648,0.25043949484825134,0.0965147465467453
1785956104685,0.9052320122718811,-0.3373457193374634,0.23260387778282166,0.11246436089277267
1785956104693,0.9050197005271912,-0.34484532475471497,0.21463045477867126,0.1263122260570526
1785956104704,0.9047911763191223,-0.35093215107917786,0.19717937707901,0.138995960354805
1785956104714,0.9043454527854919,-0.3556067645549774,0.18076761066913605,0.15174414217472076
1785956104724,0.9037250876426697,-0.359160453081131,0.1656361073255539,0.16385778784751892
1785956104734,0.9031057953834534,-0.3617110848426819,0.1516193449497223,0.1748616099357605
1785956104743,0.9028542041778564,-0.36274364590644836,0.13844263553619385,0.18467526137828827
1785956104753,0.9029682874679565,-0.3618023693561554,0.1269284188747406,0.19400127232074738
1785956104764,0.9036014676094055,-0.3586544096469879,0.11669733375310898,0.203108549118042
1785956104774,0.9049676060676575,-0.3536416292190552,0.10705124586820602,0.21097706258296967
1785956104783,0.9069278240203857,-0.34766915440559387,0.09728335589170456,0.21712686121463776
1785956104793,0.9092490673065186,-0.34108948707580566,0.0875183641910553,0.22195632755756378
1785956104803,0.911663830280304,-0.3344825208187103,0.07763528823852539,0.22575044631958008
1785956104814,0.9140360355377197,-0.3276202082633972,0.06781931221485138,0.22935490310192108
1785956104824,0.9160658717155457,-0.32063454389572144,0.05832907557487488,0.23369762301445007
1785956104833,0.9176586866378784,-0.31385254859924316,0.048479147255420685,0.23884910345077515
1785956104843,0.9191029071807861,-0.30737432837486267,0.037645742297172546,0.24362604320049286
1785956104853,0.9207077026367188,-0.3010566830635071,0.025678828358650208,0.24698732793331146
1785956104863,0.9223809838294983,-0.2952077090740204,0.012420019134879112,0.24882027506828308
1785956104872,0.9239039421081543,-0.29003027081489563,-0.0016681627603247762,0.24956202507019043
1785956104882,0.9254855513572693,-0.28478723764419556,-0.016355639323592186,0.24920912086963654
1785956104893,0.9272573590278625,-0.2792346775531769,-0.03145190328359604,0.24745216965675354
1785956104903,0.9294021725654602,-0.27321815490722656,-0.046521056443452835,0.24371935427188873
1785956104913,0.9320726990699768,-0.26659345626831055,-0.06118610128760338,0.2375388741493225
1785956104923,0.9351834654808044,-0.25958430767059326,-0.07440130412578583,0.2291557788848877
1785956104932,0.9385079145431519,-0.25204405188560486,-0.08478692919015884,0.22019974887371063
1785956104942,0.941940188407898,-0.2439063936471939,-0.0921410620212555,0.21158525347709656
1785956104953,0.9455350637435913,-0.23556944727897644,-0.097442127764225,0.20242427289485931
1785956104961,0.949068009853363,-0.22766509652137756,-0.10113047808408737,0.19290193915367126
1785956104972,0.9525981545448303,-0.22033366560935974,-0.10336419194936752,0.18255311250686646
1785956104982,0.9562785625457764,-0.21350887417793274,-0.10412763804197311,0.17059509456157684
1785956104992,0.9602555632591248,-0.2067837417125702,-0.10381433367729187,0.15611664950847626
1785956105002,0.9647204279899597,-0.19913001358509064,-0.10203484445810318,0.13874685764312744
1785956105011,0.9695129990577698,-0.19044265151023865,-0.09939703345298767,0.11788273602724075
1785956105022,0.974137008190155,-0.1808985024690628,-0.09315337240695953,0.0982610359787941
1785956105032,0.9782390594482422,-0.17161087691783905,-0.08207643032073975,0.08283373713493347
1785956105042,0.9822208881378174,-0.16044144332408905,-0.06757882237434387,0.07024118304252625
1785956105051,0.9861547350883484,-0.14620481431484222,-0.05124947801232338,0.059130627661943436
1785956105061,0.989551305770874,-0.1309089958667755,-0.03491000458598137,0.04931868240237236
1785956105071,0.9922298789024353,-0.11577557772397995,-0.01972850412130356,0.04106985777616501
1785956105082,0.9940989017486572,-0.10193760693073273,-0.00701069924980402,0.03642725944519043
1785956105090,0.9951760172843933,-0.09153155237436295,0.001978282118216157,0.035253044217824936
1785956105101,0.9955981969833374,-0.08589951694011688,0.0057739694602787495,0.03704321011900902
1785956105111,0.9954449534416199,-0.08576253056526184,0.0031459834426641464,0.041524652391672134
1785956105121,0.9945894479751587,-0.0913335382938385,-0.0058326879516243935,0.049153588712215424
1785956105131,0.992965042591095,-0.10080601274967194,-0.021227799355983734,0.05837884917855263
1785956105140,0.9902970194816589,-0.11232008039951324,-0.04217489808797836,0.07012287527322769
1785956105150,0.9861512780189514,-0.12626712024211884,-0.06811877340078354,0.08319838345050812
1785956105161,0.9805494546890259,-0.14157669246196747,-0.09797847270965576,0.0942288413643837
1785956105171,0.9735239148139954,-0.1575271040201187,-0.12989464402198792,0.10277999192476273
1785956105181,0.9656779766082764,-0.1722506284713745,-0.1607721447944641,0.10930614173412323
1785956105190,0.9582538604736328,-0.18289715051651,-0.18722349405288696,0.11508908122777939
1785956105200,0.9520375728607178,-0.18982917070388794,-0.20788805186748505,0.11988303810358047
1785956105211,0.947584331035614,-0.19379884004592896,-0.2215944230556488,0.12418465316295624
1785956105221,0.9446879029273987,-0.19563184678554535,-0.2305835634469986,0.12698118388652802
1785956105230,0.9424739480018616,-0.19824746251106262,-0.23701775074005127,0.12752802670001984
1785956105240,0.9409198760986328,-0.20229890942573547,-0.23954638838768005,0.12791584432125092
1785956105250,0.9403514862060547,-0.20595654845237732,-0.23824530839920044,0.12868627905845642
1785956105260,0.9407346844673157,-0.20867900550365448,-0.23487477004528046,0.127691388130188
1785956105269,0.9420238733291626,-0.21051447093486786,-0.22947798669338226,0.12495765835046768
1785956105279,0.9444736838340759,-0.2111174315214157,-0.22028964757919312,0.12194819748401642
1785956105290,0.9484690427780151,-0.20906975865364075,-0.2073027342557907,0.1171402558684349
1785956105300,0.953565776348114,-0.20449644327163696,-0.19231049716472626,0.1091335117816925
1785956105310,0.9592985510826111,-0.1980825960636139,-0.1757364124059677,0.09811390191316605
1785956105319,0.9655112028121948,-0.1899271458387375,-0.15638867020606995,0.08519560098648071
1785956105329,0.9721383452415466,-0.17951953411102295,-0.1317683309316635,0.07319047302007675
1785956105339,0.9781317114830017,-0.16917960345745087,-0.1029258593916893,0.06358365714550018
1785956105350,0.9824329614639282,-0.16178345680236816,-0.07288778573274612,0.05778410658240318
1785956105358,0.9853833317756653,-0.15530332922935486,-0.04523598402738571,0.053424231708049774
1785956105369,0.9870558381080627,-0.15089021623134613,-0.02366391383111477,0.04891841486096382
1785956105379,0.9877475500106812,-0.14928577840328217,-0.009345250204205513,0.04450949281454086
1785956105389,0.9879040718078613,-0.14974474906921387,-0.0022522376384586096,0.040210139006376266
1785956105399,0.9877828359603882,-0.151407852768898,-0.00028714886866509914,0.03688787296414375
1785956105410,0.9874622821807861,-0.15421074628829956,-0.0006590562989003956,0.033718883991241455
1785956105419,0.9872453808784485,-0.15644891560077667,-0.001786508597433567,0.029445821419358253
1785956105429,0.987295389175415,-0.15701572597026825,-0.0020405889954417944,0.02428293041884899
1785956105439,0.987342894077301,-0.15718448162078857,-0.0002676608564797789,0.02114243619143963
1785956105448,0.987449586391449,-0.1564667522907257,0.004011588636785746,0.021103385835886
1785956105458,0.9876757264137268,-0.15450771152973175,0.00956430658698082,0.02307751588523388
1785956105468,0.9879710078239441,-0.15161633491516113,0.01520434021949768,0.02635219693183899
1785956105479,0.9884676337242126,-0.14691588282585144,0.02017088606953621,0.030666688457131386
1785956105489,0.9891357421875,-0.14066191017627716,0.0239496361464262,0.03537042438983917
1785956105498,0.9898268580436707,-0.13411632180213928,0.02647029608488083,0.039433207362890244
1785956105508,0.990445613861084,-0.128186896443367,0.027802789583802223,0.04257519543170929
1785956105518,0.9910211563110352,-0.12296399474143982,0.027852565050125122,0.04450884088873863
1785956105528,0.9916159510612488,-0.1183345690369606,0.0266383346170187,0.04455610364675522
1785956105537,0.9922662377357483,-0.11385146528482437,0.024662397801876068,0.042863644659519196
1785956105547,0.9942855834960938,-0.09438826888799667,0.025837061926722527,0.042655862867832184
1785956105558,0.9962545037269592,-0.07029155641794205,0.028705686330795288,0.04137611761689186
1785956105568,0.9972624182701111,-0.05366327241063118,0.031995851546525955,0.0395498089492321
1785956105578,0.997856080532074,-0.04020071029663086,0.03572259843349457,0.037295982241630554
1785956105587,0.9981335997581482,-0.029628122225403786,0.03980419039726257,0.03559773787856102
1785956105597,0.9981628060340881,-0.022044777870178223,0.04396635666489601,0.03538374975323677
1785956105607,0.9981476664543152,-0.014703351072967052,0.046617258340120316,0.03621939942240715
1785956105618,0.9981322884559631,-0.006746142171323299,0.047674331814050674,0.03759817034006119
1785956105627,0.9980980753898621,0.0009018855053000152,0.04761893302202225,0.039137016981840134
1785956105637,0.9980697631835938,0.007105645723640919,0.04687374085187912,0.04011545330286026
1785956105647,0.9980691075325012,0.01120784878730774,0.04580755531787872,0.04042145609855652
1785956105657,0.9981176257133484,0.013258813880383968,0.04468080773949623,0.039863087236881256
1785956105666,0.9981977939605713,0.01476887334138155,0.043276067823171616,0.0388624332845211
1785956105676,0.9982511401176453,0.01697343774139881,0.04207100719213486,0.03790266066789627
1785956105687,0.998261570930481,0.020511042326688766,0.04099699482321739,0.037044961005449295
1785956105697,0.9981947541236877,0.027218876406550407,0.039759561419487,0.03585575893521309
1785956105707,0.9979602098464966,0.03680843114852905,0.03874387964606285,0.03492092713713646
1785956105716,0.9974327087402344,0.04839964583516121,0.039373815059661865,0.03514549881219864
1785956105726,0.9965791702270508,0.06185971200466156,0.04138373211026192,0.035925764590501785
1785956105736,0.9953214526176453,0.07725786417722702,0.04465270787477493,0.037049345672130585
1785956105747,0.9936330318450928,0.09474247694015503,0.04780464619398117,0.037842653691768646
1785956105755,0.9918047189712524,0.11060529947280884,0.05089564621448517,0.03872407600283623
1785956105766,0.9899592399597168,0.12489684671163559,0.05336976796388626,0.039155032485723495
1785956105776,0.9900620579719543,0.12426558136940002,0.052399568259716034,0.039867039769887924
1785956105786,0.9901843667030334,0.12412874400615692,0.05130166560411453,0.038667477667331696
1785956105796,0.9903314113616943,0.12349254637956619,0.051724277436733246,0.03630324825644493
1785956105805,0.9903072714805603,0.12406963109970093,0.05276204273104668,0.03338270261883736
1785956105815,0.9902582168579102,0.12431718409061432,0.05393946170806885,0.03200586512684822
1785956105826,0.990324079990387,0.12379152327775955,0.054505474865436554,0.031031906604766846
1785956105836,0.9904582500457764,0.12261379510164261,0.05535620450973511,0.02989976480603218
1785956105845,0.9906512498855591,0.12065150588750839,0.056932542473077774,0.02849387191236019
1785956105855,0.9907636642456055,0.11915382742881775,0.058760035783052444,0.027147995308041573
1785956105865,0.9908554553985596,0.11811889708042145,0.05995931848883629,0.025657258927822113
1785956105876,0.9909488558769226,0.1175118014216423,0.06028908118605614,0.024009253829717636
1785956105886,0.9909533858299255,0.11684831976890564,0.06196752190589905,0.022756172344088554
1785956105896,0.9907280206680298,0.11712297797203064,0.06516879051923752,0.022208312526345253
1785956105905,0.9904587864875793,0.11754627525806427,0.06821790337562561,0.022816475480794907
1785956105915,0.9903620481491089,0.11702784150838852,0.07016327232122421,0.023758428171277046
1785956105925,0.9903082251548767,0.11662118136882782,0.07140320539474487,0.024304503574967384
1785956105934,0.9902316927909851,0.1162070482969284,0.07260360568761826,0.02580263465642929
1785956105944,0.9902257919311523,0.11500637233257294,0.07373133301734924,0.02810654789209366
1785956105955,0.991569995880127,0.10461008548736572,0.07118430733680725,0.027900101616978645
1785956105965,0.9935676455497742,0.08965205401182175,0.06521736830472946,0.023077955469489098
1785956105975,0.996048629283905,0.06805600225925446,0.053582869470119476,0.01960541121661663
1785956105985,0.9975103139877319,0.05078287050127983,0.045290470123291016,0.018522698432207108
1785956105994,0.9981153011322021,0.04263203591108322,0.04015301540493965,0.018331144005060196
1785956106004,0.9982402324676514,0.03978981450200081,0.03979486972093582,0.01869615539908409
1785956106015,0.9981619119644165,0.03898691385984421,0.04224338009953499,0.019192462787032127
1785956106023,0.9980139136314392,0.03870850428938866,0.04586736857891083,0.019132010638713837
1785956106034,0.9978247284889221,0.037918806076049805,0.05002370849251747,0.02013808861374855
1785956106044,0.9976337552070618,0.03685029223561287,0.0537031851708889,0.022020922973752022
1785956106054,0.9975231885910034,0.03519492223858833,0.05563242360949516,0.024774687364697456
1785956106065,0.9976020455360413,0.03327338024973869,0.05433463677763939,0.027032634243369102
1785956106073,0.9978999495506287,0.030312910676002502,0.04991079866886139,0.02803049609065056
1785956106084,0.9982898235321045,0.026510966941714287,0.044065289199352264,0.027800850570201874
1785956106094,0.9987098574638367,0.021764000877738,0.037480924278497696,0.0264605563133955
1785956106104,0.9990553259849548,0.016860948875546455,0.031163053587079048,0.02516140043735504
1785956106113,0.9992567896842957,0.012576572597026825,0.026699993759393692,0.02479277364909649
1785956106123,0.9993009567260742,0.013343333266675472,0.023595033213496208,0.025745661929249763
1785956106133,0.9992926120758057,0.013789718970656395,0.02241675555706024,0.02686217799782753
1785956106144,0.9992796778678894,0.014269295148551464,0.021701810881495476,0.02766817808151245
1785956106152,0.9993135929107666,0.014211032539606094,0.02015003375709057,0.02764822356402874
1785956106163,0.9993794560432434,0.014090686105191708,0.017622966319322586,0.027047669515013695
1785956106173,0.9994302988052368,0.013309517875313759,0.015323229134082794,0.026967190206050873
1785956106183,0.9994373917579651,0.013291449286043644,0.013782610185444355,0.02753700502216816
1785956106193,0.9994531869888306,0.013193170540034771,0.012287190183997154,0.027719035744667053
1785956106202,0.9994649887084961,0.013230117037892342,0.011002658866345882,0.0278138667345047
1785956106212,0.9995184540748596,0.012773354537785053,0.009722121991217136,0.02655527926981449
1785956106223,0.29875242710113525,0.011730575934052467,-0.009476685896515846,-0.954211413860321
1785956106233,0.29632019996643066,0.010853666812181473,-0.00910566933453083,-0.9549835920333862
1785956106242,0.2947618365287781,0.010789762251079082,-0.009029718115925789,-0.955467164516449
1785956106252,0.2936064600944519,0.010714041069149971,-0.008970930241048336,-0.9558242559432983
1785956106262,0.292672723531723,0.010614367201924324,-0.00889470987021923,-0.9561123847961426
1785956106273,0.292618066072464,0.01059485413134098,-0.008828667923808098,-0.9561299085617065
1785956106283,0.29261890053749084,0.01057174988090992,-0.008753173984587193,-0.9561306238174438
1785956106292,0.29262274503707886,0.010465472005307674,-0.008405912667512894,-0.9561337828636169
1785956106302,0.2926282286643982,0.010311163030564785,-0.007901716977357864,-0.9561380743980408
1785956106312,0.29252055287361145,-0.013096415437757969,-0.0015876690158620477,-0.9561682343482971
1785956106322,0.2926076054573059,-0.012955689802765846,-0.0020517033990472555,-0.9561426639556885
1785956106331,0.29321157932281494,-0.013341167010366917,-0.0018128989031538367,-0.9559527635574341
1785956106341,0.29497671127319336,-0.01297884900122881,-0.0015722494572401047,-0.9554149508476257
1785956106352,0.2942027747631073,-0.012971432879567146,-0.0015883062733337283,-0.9556536674499512
1785956106362,0.2945900857448578,-0.01297418400645256,-0.0015825160080567002,-0.9555343985557556
1785956106372,0.29459139704704285,-0.012949091382324696,-0.0016769259236752987,-0.9555341601371765
1785956106381,0.29459139704704285,-0.012954603880643845,-0.0016759372083470225,-0.9555341005325317
1785956106391,0.2927064001560211,-0.012964962050318718,-0.0016497750766575336,-0.9561130404472351
1785956106401,0.2927054762840271,-0.012992949225008488,-0.0015841610729694366,-0.9561130404472351
1785956106412,0.292704701423645,-0.013017842546105385,-0.0015293089672923088,-0.9561130404472351
1785956106420,0.2927035391330719,-0.013050740584731102,-0.0014506548177450895,-0.9561130404472351
1785956106431,0.2896389365196228,-0.01304661761969328,-0.0014657363062724471,-0.9570459723472595
1785956106441,0.28964078426361084,-0.013011973351240158,-0.0016044550575315952,-0.9570456743240356
1785956106451,0.28964245319366455,-0.012977774254977703,-0.0017323277425020933,-0.9570453763008118
1785956106461,0.2896435856819153,-0.012953932397067547,-0.0018196774180978537,-0.9570451974868774
1785956106470,0.28723374009132385,-0.012941164895892143,-0.0018482644809409976,-0.957771360874176
1785956106481,0.2872353196144104,-0.012906920164823532,-0.001964114373549819,-0.9577711224555969
1785956106491,0.28723907470703125,-0.012739613652229309,-0.002208504592999816,-0.9577715396881104
1785956106501,0.2873486578464508,-0.012585020624101162,-0.002451052889227867,-0.9577401876449585
1785956106510,0.28740280866622925,-0.012463973835110664,-0.00248496001586318,-0.9577255249023438
1785956106520,0.28963667154312134,-0.012350308708846569,-0.002524455077946186,-0.9570536017417908
1785956106530,0.29172173142433167,-0.01228531263768673,-0.002476210007444024,-0.9564211368560791
1785956106541,0.2932750880718231,-0.012291465885937214,-0.0024574582930654287,-0.9559459090232849
1785956106551,0.2927728295326233,-0.012164141982793808,-0.002450834959745407,-0.9561014771461487
1785956106560,0.2927728295326233,-0.012164141982793808,-0.002450834959745407,-0.9561014771461487
1785956106570,0.29287993907928467,-0.012036081403493881,-0.0025092705618590117,-0.9560701251029968
1785956106580,0.2933722138404846,-0.01205895934253931,-0.00243260501883924,-0.9559192061424255
1785956106590,0.295238196849823,-0.012146785855293274,-0.0023344357032328844,-0.9553436636924744
1785956106599,0.29686346650123596,-0.012005611322820187,-0.002373595954850316,-0.9548414945602417
1785956106609,0.29828548431396484,-0.012009133584797382,-0.002355709671974182,-0.9543982744216919
1785956106620,0.29857155680656433,-0.012008562684059143,-0.0023706716019660234,-0.9543087482452393
1785956106630,0.2960589826107025,-0.012014759704470634,-0.0023390587884932756,-0.9550912380218506
1785956106640,0.29605960845947266,-0.01199899148195982,-0.0023899285588413477,-0.955091118812561
1785956106649,0.2960609495639801,-0.011966266669332981,-0.0024954979307949543,-0.9550908803939819
1785956106659,0.29619282484054565,-0.011878411285579205,-0.0025553775485605,-0.9550509452819824
1785956106669,0.29785189032554626,-0.011817668564617634,-0.0024754067417234182,-0.954535722732544
1785956106680,0.30064210295677185,-0.011778587475419044,-0.002402992220595479,-0.9536612629890442
1785956106689,0.3021511733531952,-0.011551126837730408,-0.0025929368566721678,-0.9531865119934082
1785956106699,0.3036174178123474,-0.011461797170341015,-0.0026781142223626375,-0.9527212977409363
1785956106709,0.30551233887672424,-0.011495855636894703,-0.0026574230287224054,-0.952114999294281
1785956106719,0.3032567799091339,-0.011819379404187202,-0.0024867195170372725,-0.9528323411941528
1785956106730,0.30268675088882446,-0.011961913667619228,-0.0024278168566524982,-0.9530118703842163
1785956106738,0.3026185929775238,-0.012191074900329113,-0.002280574757605791,-0.953031063079834
1785956106749,0.3026176989078522,-0.012213376350700855,-0.0022103418596088886,-0.9530312418937683
1785956106759,0.3023190200328827,-0.012238220311701298,-0.0021303710527718067,-0.9531258344650269
1785956106769,0.3023190200328827,-0.012238220311701298,-0.0021303710527718067,-0.9531258344650269
1785956106778,0.3023183047771454,-0.012255934998393059,-0.0020745228976011276,-0.9531259536743164
1785956106788,0.3023183047771454,-0.012255934998393059,-0.0020745228976011276,-0.9531259536743164
1785956106798,0.3002282381057739,-0.012260452844202518,-0.0020476514473557472,-0.9537863731384277
1785956106809,0.3002282381057739,-0.012262286618351936,-0.002047913148999214,-0.9537863731384277
1785956106817,0.3002290725708008,-0.012243821285665035,-0.0021133446134626865,-0.9537862539291382
1785956106828,0.3002290725708008,-0.012245782651007175,-0.002113575814291835,-0.9537862539291382
1785956106838,0.299460768699646,-0.012249544262886047,-0.002104693790897727,-0.9540276527404785
1785956106848,0.2994607388973236,-0.012250752188265324,-0.0021056898403912783,-0.9540276527404785
1785956106858,0.2994607388973236,-0.01225220039486885,-0.0021064996253699064,-0.9540276527404785
1785956106867,0.2994607388973236,-0.012252974323928356,-0.0021073941607028246,-0.9540276527404785
1785956106877,0.2970680594444275,-0.012259363196790218,-0.002077799988910556,-0.954775333404541
1785956106888,0.2970680296421051,-0.012260977178812027,-0.002079053781926632,-0.954775333404541
1785956106898,0.2970679998397827,-0.012263348326086998,-0.0020805965177714825,-0.954775333404541
1785956106907,0.2970679700374603,-0.01226622611284256,-0.0020823164377361536,-0.9547752737998962
1785956106917,0.296548992395401,-0.012270037084817886,-0.0020785932429134846,-0.9549366235733032
1785956106927,0.2965489327907562,-0.012273416854441166,-0.002083362080156803,-0.9549365639686584
1785956106938,0.29654887318611145,-0.01227679755538702,-0.0020871791057288647,-0.9549365043640137
1785956106948,0.29647910594940186,-0.012264369055628777,-0.0021419795230031013,-0.9549582004547119
1785956106958,0.2944931983947754,-0.012229830026626587,-0.0022884272038936615,-0.9555726051330566
1785956106967,0.2915792763233185,-0.012138844467699528,-0.002758805872872472,-0.9564656615257263
1785956106977,0.29034456610679626,-0.012043336406350136,-0.003089161589741707,-0.9568414092063904
1785956106987,0.290347695350647,-0.01198351290076971,-0.003243957180529833,-0.9568406939506531
1785956106998,0.28825846314430237,-0.011964632198214531,-0.0033048754557967186,-0.9574721455574036
1785956107006,0.2882596254348755,-0.011939062736928463,-0.0033922477159649134,-0.9574718475341797
1785956107017,0.2882596254348755,-0.011940310709178448,-0.003390660509467125,-0.9574718475341797
1785956107027,0.2882588803768158,-0.011959144845604897,-0.003330114297568798,-0.9574720859527588
1785956107037,0.2882574796676636,-0.011994070373475552,-0.0032200878486037254,-0.9574724435806274
1785956107047,0.287082701921463,-0.012036397121846676,-0.0030876179225742817,-0.957825243473053
1785956107056,0.2870826721191406,-0.012039562687277794,-0.0030889478512108326,-0.9578251838684082
1785956107066,0.28708380460739136,-0.012014690786600113,-0.003181335050612688,-0.9578248262405396
1785956107077,0.2870045006275177,-0.011983848176896572,-0.003294172463938594,-0.9578486084938049
1785956107086,0.2863379716873169,-0.01194811426103115,-0.003435128601267934,-0.9580479860305786
1785956107096,0.2861536145210266,-0.01189748290926218,-0.003621062496677041,-0.9581030607223511
1785956107106,0.2861546277999878,-0.011876062490046024,-0.003701970912516117,-0.9581027030944824
1785956107116,0.2861545979976654,-0.011879232712090015,-0.0037040456663817167,-0.9581026434898376
1785956107127,0.2843647003173828,-0.011905447579920292,-0.0036284851375967264,-0.9586354494094849
1785956107135,0.2843635678291321,-0.012003126554191113,-0.003587281098589301,-0.9586346745491028
1785956107146,0.28436264395713806,-0.01202683337032795,-0.003517867997288704,-0.9586348533630371
1785956107156,0.284361869096756,-0.01204708218574524,-0.003458317369222641,-0.9586350917816162
1785956107166,0.28401970863342285,-0.012081150896847248,-0.003353247418999672,-0.9587364792823792
1785956107175,0.28401967883110046,-0.012083122506737709,-0.003354095621034503,-0.9587364792823792
1785956107185,0.28401967883110046,-0.012084368616342545,-0.003354681422933936,-0.9587364792823792
1785956107195,0.2840196490287781,-0.012086540460586548,-0.003355611115694046,-0.9587364792823792
1785956107206,0.28232020139694214,-0.012109996750950813,-0.0032847169786691666,-0.9592381715774536
1785956107216,0.28231894969940186,-0.012139912694692612,-0.003189812181517482,-0.9592385292053223
1785956107225,0.28231894969940186,-0.01214123796671629,-0.0031902906484901905,-0.9592385292053223
1785956107235,0.28231894969940186,-0.012142762541770935,-0.003190738847479224,-0.9592385292053223
1785956107245,0.281186580657959,-0.012148389592766762,-0.0031771580688655376,-0.9595710039138794
1785956107255,0.2811858355998993,-0.012167388573288918,-0.003122638212516904,-0.959571123123169
1785956107264,0.2811858057975769,-0.012170389294624329,-0.0031240377575159073,-0.9595710635185242
1785956107274,0.2811857759952545,-0.012173093855381012,-0.0031249045860022306,-0.9595710039138794
1785956107285,0.2808349132537842,-0.012177028693258762,-0.0031211257446557283,-0.9596737623214722
1785956107295,0.2808348834514618,-0.012179282493889332,-0.0031222710385918617,-0.9596737623214722
1785956107305,0.2808348834514618,-0.012181108817458153,-0.003122881054878235,-0.9596737623214722
1785956107314,0.2808348536491394,-0.012182852253317833,-0.0031239392701536417,-0.9596737623214722
1785956107324,0.2799694538116455,-0.012187612242996693,-0.003114240476861596,-0.9599264860153198
1785956107335,0.2799694240093231,-0.012189717032015324,-0.0031155217438936234,-0.9599264860153198
1785956107345,0.27996939420700073,-0.012192076072096825,-0.003117744345217943,-0.9599264860153198
1785956107354,0.27996933460235596,-0.012196540832519531,-0.003120983252301812,-0.959926426410675
1785956107364,0.2791158854961395,-0.012204155325889587,-0.0031123310327529907,-0.9601747989654541
1785956107374,0.27911585569381714,-0.01220731157809496,-0.0031142833177000284,-0.9601747393608093
1785956107384,0.2791149914264679,-0.012230701744556427,-0.0030509764328598976,-0.9601749181747437
1785956107393,0.2791141867637634,-0.012251948937773705,-0.00299206655472517,-0.9601750373840332
1785956107403,0.2791141867637634,-0.012253843247890472,-0.002992287976667285,-0.9601750373840332
1785956107414,0.27878299355506897,-0.012256448157131672,-0.0029880646616220474,-0.9602711796760559
1785956107424,0.27878299355506897,-0.012258817441761494,-0.0029883417300879955,-0.9602711796760559
1785956107434,0.27878299355506897,-0.012261404655873775,-0.0029882187955081463,-0.9602711200714111
1785956107443,0.27878299355506897,-0.012262954376637936,-0.002987590851262212,-0.9602711200714111
1785956107453,0.2782241106033325,-0.012290558777749538,-0.002898543607443571,-0.9604331851005554
1785956107463,0.2782241106033325,-0.012293302454054356,-0.0028989887796342373,-0.9604331254959106
1785956107474,0.27822473645210266,-0.012281425297260284,-0.0029501751996576786,-0.9604328870773315
1785956107482,0.27822473645210266,-0.012284485623240471,-0.0029513768386095762,-0.9604329466819763
1785956107493,0.276333749294281,-0.012292877770960331,-0.002928665606305003,-0.9609786868095398
1785956107503,0.2763337194919586,-0.012295263819396496,-0.0029301189351826906,-0.9609786868095398
1785956107513,0.27633368968963623,-0.012298021465539932,-0.0029325278010219336,-0.960978627204895
1785956107523,0.27633365988731384,-0.01229983102530241,-0.0029353697318583727,-0.960978627204895
1785956107532,0.2753234803676605,-0.012304628267884254,-0.0029244583565741777,-0.9612684845924377
1785956107543,0.27532273530960083,-0.012323165312409401,-0.0028700726106762886,-0.9612686634063721
1785956107553,0.2753213942050934,-0.012355547398328781,-0.002771559404209256,-0.9612689018249512
1785956107563,0.2753202021121979,-0.012384437024593353,-0.0026821026112884283,-0.9612690806388855
1785956107573,0.2751220464706421,-0.012402438558638096,-0.002624417655169964,-0.9613256454467773
1785956107582,0.2751220464706421,-0.012403787113726139,-0.0026245119515806437,-0.9613256454467773
1785956107592,0.2751213312149048,-0.01242137886583805,-0.002568062860518694,-0.9613258242607117
1785956107603,0.2751213312149048,-0.012422326020896435,-0.002567798364907503,-0.9613258242607117
1785956107613,0.27526628971099854,-0.012423567473888397,-0.0025698235258460045,-0.961284339427948
1785956107622,0.27526625990867615,-0.012426129542291164,-0.0025707867462188005,-0.9612842798233032
1785956107632,0.27526623010635376,-0.0124287074431777,-0.0025719688273966312,-0.9612842202186584
1785956107642,0.27526620030403137,-0.012431902810931206,-0.0025735090021044016,-0.9612841606140137
1785956107652,0.27462127804756165,-0.01243746280670166,-0.0025674367789179087,-0.9614685773849487
1785956107661,0.27462124824523926,-0.012440696358680725,-0.002569505013525486,-0.961468517780304
1785956107671,0.27462121844291687,-0.012443102896213531,-0.002570881275460124,-0.961468517780304
1785956107682,0.2746211886405945,-0.012445853091776371,-0.002572399564087391,-0.9614684581756592
1785956107692,0.27476218342781067,-0.012447645887732506,-0.0025751935318112373,-0.9614282250404358
1785956107702,0.27476292848587036,-0.012432140298187733,-0.0026369518600404263,-0.9614280462265015
1785956107711,0.2747636139392853,-0.01241837628185749,-0.0026940058451145887,-0.9614278674125671
1785956107721,0.2747635841369629,-0.012420997954905033,-0.002695806324481964,-0.9614278078079224
1785956107731,0.2736387848854065,-0.01242766808718443,-0.0026836080942302942,-0.961748480796814
1785956107742,0.2736387252807617,-0.012430325150489807,-0.002686798805370927,-0.9617484211921692
1785956107751,0.27363866567611694,-0.012433752417564392,-0.002690588589757681,-0.9617483615875244
1785956107761,0.27363863587379456,-0.01243763417005539,-0.0026949720922857523,-0.9617484211921692
1785956107771,0.2736385762691498,-0.012441149912774563,-0.002698558382689953,-0.9617483615875244
1785956107781,0.2736049294471741,-0.012422731146216393,-0.002777333604171872,-0.9617578983306885
1785956107792,0.2736057639122009,-0.012407966889441013,-0.002845172770321369,-0.9617576599121094
1785956107800,0.273607075214386,-0.012381071224808693,-0.0029470017179846764,-0.9617573618888855
1785956107811,0.2736094892024994,-0.012329951860010624,-0.0031337086111307144,-0.9617567658424377
1785956107821,0.2732952833175659,-0.012245294637978077,-0.003442327491939068,-0.961846113204956
1785956107831,0.2732985317707062,-0.012175091542303562,-0.0036977867130190134,-0.9618451595306396
1785956107841,0.2733013331890106,-0.012113827280700207,-0.0039200554601848125,-0.9618442058563232
1785956107850,0.2733038067817688,-0.01205949205905199,-0.00411723367869854,-0.9618433713912964
1785956107860,0.27305206656455994,-0.012035110965371132,-0.00421071145683527,-0.9619147181510925
1785956107871,0.2730529308319092,-0.012016880325973034,-0.004282364156097174,-0.9619144201278687
1785956107881,0.2730559706687927,-0.011950366199016571,-0.0045289043337106705,-0.9619132876396179
1785956107890,0.2730580270290375,-0.011905289255082607,-0.004696900025010109,-0.9619124531745911
1785956107900,0.2730632722377777,-0.011869083158671856,-0.004835601430386305,-0.9619107246398926
1785956107910,0.27306321263313293,-0.0118720643222332,-0.004839400760829449,-0.9619106650352478
1785956107920,0.2730640172958374,-0.011855198070406914,-0.004913920536637306,-0.9619102478027344
1785956107929,0.2730639576911926,-0.011857973411679268,-0.004917379934340715,-0.9619101881980896
1785956107940,0.2730982005596161,-0.011877971701323986,-0.0048599340952932835,-0.9619005918502808
1785956107950,0.27309703826904297,-0.011906271800398827,-0.0047704242169857025,-0.9619010090827942
1785956107960,0.27309563755989075,-0.01193979475647211,-0.004660223610699177,-0.9619015455245972
1785956107969,0.2730950117111206,-0.011954170651733875,-0.0046095894649624825,-0.9619017839431763
1785956107979,0.2731933891773224,-0.01195369940251112,-0.00461081275716424,-0.9618738293647766
1785956107989,0.2731933891773224,-0.01195369940251112,-0.00461081275716424,-0.9618738293647766
1785956108000,0.2731933891773224,-0.01195369940251112,-0.00461081275716424,-0.9618738293647766
1785956108010,0.2731933891773224,-0.01195369940251112,-0.00461081275716424,-0.9618738293647766
1785956108019,0.2731022834777832,-0.011977131478488445,-0.0045286803506314754,-0.9618998169898987
1785956108029,0.27310121059417725,-0.012001861818134785,-0.004441577009856701,-0.9619002342224121
1785956108039,0.2731003761291504,-0.012020550668239594,-0.004375753458589315,-0.961900532245636
1785956108049,0.2731003761291504,-0.012020550668239594,-0.004375753458589315,-0.961900532245636
1785956108060,0.27336832880973816,-0.012019330635666847,-0.004379101563245058,-0.961824357509613
1785956108068,0.27336832880973816,-0.012019330635666847,-0.004379101563245058,-0.961824357509613
1785956108079,0.27336832880973816,-0.012019330635666847,-0.004379101563245058,-0.961824357509613
1785956108089,0.27336758375167847,-0.012036598287522793,-0.00431834626942873,-0.9618246555328369
1785956108099,0.272644579410553,-0.01205992978066206,-0.004238412715494633,-0.9620299339294434
1785956108108,0.272644579410553,-0.01205992978066206,-0.004238412715494633,-0.9620299339294434
1785956108118,0.272644579410553,-0.01205992978066206,-0.004238412715494633,-0.9620299339294434
1785956108128,0.272644579410553,-0.01205992978066206,-0.004238412715494633,-0.9620299339294434
1785956108139,0.2726436257362366,-0.012081457301974297,-0.00416245311498642,-0.962030291557312
1785956108149,0.2726724147796631,-0.01210859976708889,-0.0040666162967681885,-0.9620221853256226
1785956108158,0.2726724147796631,-0.01210859976708889,-0.0040666162967681885,-0.9620221853256226
1785956108168,0.2726724147796631,-0.01210859976708889,-0.0040666162967681885,-0.9620221853256226
1785956108178,0.2726724147796631,-0.01210859976708889,-0.0040666162967681885,-0.9620221853256226
1785956108189,0.2726617157459259,-0.012108644470572472,-0.004066481254994869,-0.9620251655578613
1785956108197,0.2726617157459259,-0.012108644470572472,-0.004066481254994869,-0.9620251655578613
1785956108208,0.2726617157459259,-0.012108644470572472,-0.004066481254994869,-0.9620251655578613
1785956108218,0.2726617157459259,-0.012108644470572472,-0.004066481254994869,-0.9620251655578613
1785956108228,0.2725691497325897,-0.01210903562605381,-0.004065316170454025,-0.9620513916015625
1785956108237,0.2723817825317383,-0.012108244001865387,-0.004067674279212952,-0.9621044993400574
1785956108247,0.27196648716926575,-0.012106486596167088,-0.004072899930179119,-0.9622219204902649
1785956108257,0.2716524600982666,-0.012105157598853111,-0.004076851066201925,-0.9623106718063354
1785956108268,0.27073681354522705,-0.012104865163564682,-0.0040777139365673065,-0.9625685811042786
1785956108278,0.27016931772232056,-0.01210245955735445,-0.00408484973013401,-0.9627280831336975
1785956108287,0.2696523666381836,-0.012100263498723507,-0.004091346636414528,-0.9628729224205017
1785956108297,0.26926082372665405,-0.012126992456614971,-0.003994883503764868,-0.9629826545715332
1785956108307,0.2689434289932251,-0.012143164873123169,-0.003936577122658491,-0.9630714058876038
1785956108317,0.2688496708869934,-0.012174304574728012,-0.003824882907792926,-0.9630976915359497
1785956108326,0.26884838938713074,-0.012202608399093151,-0.003723491681739688,-0.9630981087684631
1785956108336,0.26884663105010986,-0.012240815907716751,-0.0035866142716258764,-0.9630985260009766
1785956108347,0.26693204045295715,-0.012268992140889168,-0.003486206056550145,-0.9636309742927551
1785956108357,0.2669306695461273,-0.012298851273953915,-0.003378414548933506,-0.9636313915252686
1785956108367,0.2669306695461273,-0.012298851273953915,-0.003378414548933506,-0.9636313915252686
1785956108376,0.2669306695461273,-0.012298851273953915,-0.003378414548933506,-0.9636313915252686
1785956108386,0.2666715681552887,-0.012299756519496441,-0.0033751074224710464,-0.9637029767036438
1785956108397,0.2666715681552887,-0.012299756519496441,-0.0033751074224710464,-0.9637029767036438
1785956108407,0.2666715681552887,-0.012299756519496441,-0.0033751074224710464,-0.9637029767036438
1785956108416,0.2666715681552887,-0.012299756519496441,-0.0033751074224710464,-0.9637029767036438
1785956108426,0.26650360226631165,-0.012300345115363598,-0.0033729635179042816,-0.9637494683265686
1785956108436,0.26650458574295044,-0.012279304675757885,-0.0034490530379116535,-0.9637492299079895
1785956108446,0.26650458574295044,-0.012279304675757885,-0.0034490530379116535,-0.9637492299079895
1785956108457,0.26650458574295044,-0.012279304675757885,-0.0034490530379116535,-0.9637492299079895
1785956108465,0.2658964693546295,-0.012281478382647038,-0.0034413046669214964,-0.9639171957969666
1785956108476,0.2658972442150116,-0.012264683842658997,-0.003502186154946685,-0.9639169573783875
1785956108486,0.2658972442150116,-0.012264683842658997,-0.003502186154946685,-0.9639169573783875
1785956108496,0.2658972442150116,-0.012264683842658997,-0.003502186154946685,-0.9639169573783875
1785956108505,0.2658972442150116,-0.012264683842658997,-0.003502186154946685,-0.9639169573783875
1785956108515,0.2648429274559021,-0.012286627665162086,-0.0034228009171783924,-0.9642072319984436
1785956108525,0.2648429274559021,-0.012286627665162086,-0.0034228009171783924,-0.9642072319984436
1785956108536,0.2648429274559021,-0.012286627665162086,-0.0034228009171783924,-0.9642072319984436
1785956108544,0.2648429274559021,-0.012286627665162086,-0.0034228009171783924,-0.9642072319984436
1785956108555,0.264585942029953,-0.01228753849864006,-0.003419526619836688,-0.9642777442932129
1785956108565,0.2645852267742157,-0.012302858754992485,-0.0033636917360126972,-0.9642779231071472
1785956108575,0.2645852267742157,-0.012302858754992485,-0.0033636917360126972,-0.9642779231071472
1785956108586,0.2645852267742157,-0.012302858754992485,-0.0033636917360126972,-0.9642779231071472
1785956108594,0.2640015184879303,-0.01230489369481802,-0.0033562437165528536,-0.9644379615783691
1785956108605,0.2640015184879303,-0.01230489369481802,-0.0033562437165528536,-0.9644379615783691
1785956108615,0.2640015184879303,-0.01230489369481802,-0.0033562437165528536,-0.9644379615783691
1785956108625,0.2640015184879303,-0.01230489369481802,-0.0033562437165528536,-0.9644379615783691
1785956108635,0.2641562223434448,-0.012304355390369892,-0.0033582174219191074,-0.9643956422805786
1785956108644,0.2641562223434448,-0.012304355390369892,-0.0033582174219191074,-0.9643956422805786
1785956108654,0.2641562223434448,-0.012304355390369892,-0.0033582174219191074,-0.9643956422805786
1785956108665,0.2641562223434448,-0.012304355390369892,-0.0033582174219191074,-0.9643956422805786
1785956108675,0.2641562223434448,-0.012304355390369892,-0.0033582174219191074,-0.9643956422805786
1785956108684,0.2641562223434448,-0.012304355390369892,-0.0033582174219191074,-0.9643956422805786
1785956108694,0.26415643095970154,-0.012247908860445023,-0.0033427563030272722,-0.9643963575363159
1785956108704,0.26415643095970154,-0.012247908860445023,-0.0033427563030272722,-0.9643963575363159
1785956108714,0.26415643095970154,-0.012247908860445023,-0.0033427563030272722,-0.9643963575363159
1785956108723,0.26415643095970154,-0.012247908860445023,-0.0033427563030272722,-0.9643963575363159
1785956108733,0.26415643095970154,-0.012247908860445023,-0.0033427563030272722,-0.9643963575363159
1785956108744,0.26415643095970154,-0.012247908860445023,-0.0033427563030272722,-0.9643963575363159
1785956108754,0.26415643095970154,-0.012247908860445023,-0.0033427563030272722,-0.9643963575363159
1785956108764,0.26415643095970154,-0.012247908860445023,-0.0033427563030272722,-0.9643963575363159
1785956108773,0.26415643095970154,-0.012247908860445023,-0.0033427563030272722,-0.9643963575363159
1785956108783,0.26415643095970154,-0.012247908860445023,-0.0033427563030272722,-0.9643963575363159
1785956108794,0.26415643095970154,-0.012247908860445023,-0.0033427563030272722,-0.9643963575363159
1785956108804,0.26415643095970154,-0.012247908860445023,-0.0033427563030272722,-0.9643963575363159
1785956108813,0.26415643095970154,-0.012247908860445023,-0.0033427563030272722,-0.9643963575363159
1785956108823,0.26415643095970154,-0.012247908860445023,-0.0033427563030272722,-0.9643963575363159
1785956108833,0.264155775308609,-0.012261813506484032,-0.003291990840807557,-0.9643965363502502
1785956108843,0.2641551196575165,-0.012275884859263897,-0.0032406190875917673,-0.9643967151641846
1785956108854,0.2641551196575165,-0.012275884859263897,-0.0032406190875917673,-0.9643967151641846
1785956108862,0.2641551196575165,-0.012275884859263897,-0.0032406190875917673,-0.9643967151641846
1785956108873,0.2641551196575165,-0.012275884859263897,-0.0032406190875917673,-0.9643967151641846
1785956108883,0.2641562223434448,-0.01225224882364273,-0.0033269121777266264,-0.9643964171409607
1785956108893,0.26415693759918213,-0.01223677210509777,-0.003383414354175329,-0.9643962383270264
1785956108902,0.26415693759918213,-0.01223677210509777,-0.003383414354175329,-0.9643962383270264
1785956108912,0.2641562819480896,-0.012250677682459354,-0.003332648891955614,-0.9643964171409607
1785956108922,0.2641562819480896,-0.012250677682459354,-0.003332648891955614,-0.9643964171409607
1785956108933,0.2641562819480896,-0.012250677682459354,-0.003332648891955614,-0.9643964171409607
1785956108943,0.2641562819480896,-0.012250677682459354,-0.003332648891955614,-0.9643964171409607
1785956108952,0.2641562819480896,-0.012250677682459354,-0.003332648891955614,-0.9643964171409607
1785956108962,0.2641562819480896,-0.012250677682459354,-0.003332648891955614,-0.9643964171409607
1785956108972,0.2641562819480896,-0.012250677682459354,-0.003332648891955614,-0.9643964171409607
1785956108982,0.2641562819480896,-0.012250677682459354,-0.003332648891955614,-0.9643964171409607
1785956108991,0.2641562819480896,-0.012250677682459354,-0.003332648891955614,-0.9643964171409607
1785956109002,0.2641562819480896,-0.012250677682459354,-0.003332648891955614,-0.9643964171409607
1785956109012,0.2641562819480896,-0.012250677682459354,-0.003332648891955614,-0.9643964171409607
1785956109022,0.2641562819480896,-0.012250677682459354,-0.003332648891955614,-0.9643964171409607
1785956109032,0.2641562819480896,-0.012250677682459354,-0.003332648891955614,-0.9643964171409607
1785956109041,0.2641562819480896,-0.012250677682459354,-0.003332648891955614,-0.9643964171409607
1785956109051,0.2641562819480896,-0.012250677682459354,-0.003332648891955614,-0.9643964171409607
1785956109062,0.2641562819480896,-0.012250677682459354,-0.003332648891955614,-0.9643964171409607
1785956109072,0.2641562819480896,-0.012250677682459354,-0.003332648891955614,-0.9643964171409607
1785956109081,0.2641552984714508,-0.012271784245967865,-0.003255592891946435,-0.9643966555595398
1785956109091,0.26415446400642395,-0.012289860285818577,-0.003189598675817251,-0.9643968939781189
1785956109101,0.26415348052978516,-0.01231071725487709,-0.0031134518794715405,-0.964397132396698
1785956109111,0.2641525864601135,-0.012330183759331703,-0.003042381489649415,-0.9643973708152771
1785956109122,0.2641525864601135,-0.012330183759331703,-0.003042381489649415,-0.9643973708152771
1785956109130,0.2641525864601135,-0.012330183759331703,-0.003042381489649415,-0.9643973708152771
1785956109141,0.2641525864601135,-0.012330183759331703,-0.003042381489649415,-0.9643973708152771
1785956109151,0.2641525864601135,-0.012330183759331703,-0.003042381489649415,-0.9643973708152771
1785956109161,0.2641525864601135,-0.012330183759331703,-0.003042381489649415,-0.9643973708152771
1785956109170,0.2641525864601135,-0.012330183759331703,-0.003042381489649415,-0.9643973708152771
1785956109180,0.2641525864601135,-0.012330183759331703,-0.003042381489649415,-0.9643973708152771
1785956109190,0.2641525864601135,-0.012330183759331703,-0.003042381489649415,-0.9643973708152771
1785956109201,0.2641525864601135,-0.012330183759331703,-0.003042381489649415,-0.9643973708152771
1785956109210,0.2641525864601135,-0.012330183759331703,-0.003042381489649415,-0.9643973708152771
1785956109220,0.26415330171585083,-0.012314707972109318,-0.0030988838989287615,-0.9643971920013428
1785956109230,0.26415330171585083,-0.012314707972109318,-0.0030988838989287615,-0.9643971920013428
1785956109240,0.26415330171585083,-0.012314707972109318,-0.0030988838989287615,-0.9643971920013428
1785956109251,0.26415330171585083,-0.012314707972109318,-0.0030988838989287615,-0.9643971920013428
1785956109259,0.26415330171585083,-0.012314707972109318,-0.0030988838989287615,-0.9643971920013428
1785956109270,0.26415330171585083,-0.012314707972109318,-0.0030988838989287615,-0.9643971920013428
1785956109280,0.26415330171585083,-0.012314707972109318,-0.0030988838989287615,-0.9643971920013428
1785956109290,0.26415330171585083,-0.012314707972109318,-0.0030988838989287615,-0.9643971920013428
1785956109299,0.26415330171585083,-0.012314707972109318,-0.0030988838989287615,-0.9643971920013428
1785956109309,0.26415330171585083,-0.012314707972109318,-0.0030988838989287615,-0.9643971920013428
1785956109319,0.2641525864601135,-0.012330185621976852,-0.00304237543605268,-0.9643973708152771
1785956109330,0.2641525864601135,-0.012330185621976852,-0.00304237543605268,-0.9643973708152771
1785956109340,0.26415157318115234,-0.012351040728390217,-0.002966228174045682,-0.9643974900245667
1785956109349,0.26415085792541504,-0.012366335839033127,-0.0029103863053023815,-0.964397668838501
1785956109359,0.26415085792541504,-0.012366335839033127,-0.0029103863053023815,-0.964397668838501
1785956109369,0.26415085792541504,-0.012366335839033127,-0.0029103863053023815,-0.964397668838501
1785956109379,0.26415085792541504,-0.012366335839033127,-0.0029103863053023815,-0.964397668838501
1785956109388,0.26415085792541504,-0.012366335839033127,-0.0029103863053023815,-0.964397668838501
1785956109398,0.26415085792541504,-0.012366335839033127,-0.0029103863053023815,-0.964397668838501
1785956109409,0.26415184140205383,-0.012345480732619762,-0.0029865268152207136,-0.9643974304199219
1785956109419,0.2641528248786926,-0.012324376963078976,-0.003063576528802514,-0.9643971920013428
1785956109429,0.2641536593437195,-0.012306302785873413,-0.003129564691334963,-0.9643969535827637
1785956109438,0.2641536593437195,-0.012306302785873413,-0.003129564691334963,-0.9643969535827637
1785956109448,0.2641536593437195,-0.012306302785873413,-0.003129564691334963,-0.9643969535827637
1785956109459,0.2641536593437195,-0.012306302785873413,-0.003129564691334963,-0.9643969535827637
1785956109469,0.2641536593437195,-0.012306302785873413,-0.003129564691334963,-0.9643969535827637
1785956109478,0.2641536593437195,-0.012306302785873413,-0.003129564691334963,-0.9643969535827637
1785956109488,0.2641536593437195,-0.012306302785873413,-0.003129564691334963,-0.9643969535827637
1785956109498,0.2641536593437195,-0.012306302785873413,-0.003129564691334963,-0.9643969535827637
1785956109508,0.2641536593437195,-0.012306302785873413,-0.003129564691334963,-0.9643969535827637
1785956109519,0.2641536593437195,-0.012306302785873413,-0.003129564691334963,-0.9643969535827637
1785956109527,0.2641536593437195,-0.012306302785873413,-0.003129564691334963,-0.9643969535827637
1785956109538,0.2641529440879822,-0.012321597896516323,-0.003073723055422306,-0.964397132396698
1785956109548,0.2641529440879822,-0.012321597896516323,-0.003073723055422306,-0.964397132396698
1785956109558,0.2641529440879822,-0.012321597896516323,-0.003073723055422306,-0.964397132396698
1785956109567,0.2641529440879822,-0.012321597896516323,-0.003073723055422306,-0.964397132396698
1785956109577,0.2641529440879822,-0.012321597896516323,-0.003073723055422306,-0.964397132396698
1785956109587,0.2641529440879822,-0.012321597896516323,-0.003073723055422306,-0.964397132396698
1785956109598,0.2641529440879822,-0.012321597896516323,-0.003073723055422306,-0.964397132396698
1785956109608,0.2641529440879822,-0.012321597896516323,-0.003073723055422306,-0.964397132396698
1785956109617,0.2641529440879822,-0.012321597896516323,-0.003073723055422306,-0.964397132396698
1785956109627,0.2641529440879822,-0.012321597896516323,-0.003073723055422306,-0.964397132396698
1785956109637,0.26415228843688965,-0.012335502542555332,-0.003022957593202591,-0.9643973112106323
1785956109648,0.26415228843688965,-0.012335502542555332,-0.003022957593202591,-0.9643973112106323
1785956109656,0.26415228843688965,-0.012335502542555332,-0.003022957593202591,-0.9643973112106323
1785956109667,0.26415228843688965,-0.012335502542555332,-0.003022957593202591,-0.9643973112106323
1785956109677,0.26415228843688965,-0.012335502542555332,-0.003022957593202591,-0.9643973112106323
1785956109687,0.26415228843688965,-0.012335502542555332,-0.003022957593202591,-0.9643973112106323
1785956109697,0.26415228843688965,-0.012335502542555332,-0.003022957593202591,-0.9643973112106323
1785956109706,0.26415228843688965,-0.012335502542555332,-0.003022957593202591,-0.9643973112106323
1785956109716,0.26415228843688965,-0.012335502542555332,-0.003022957593202591,-0.9643973112106323
1785956109727,0.26415228843688965,-0.012335502542555332,-0.003022957593202591,-0.9643973112106323
1785956109737,0.26415228843688965,-0.012335502542555332,-0.003022957593202591,-0.9643973112106323
1785956109746,0.26415228843688965,-0.012335502542555332,-0.003022957593202591,-0.9643973112106323
1785956109756,0.26415228843688965,-0.012335502542555332,-0.003022957593202591,-0.9643973112106323
1785956109766,0.26415228843688965,-0.012335502542555332,-0.003022957593202591,-0.9643973112106323
1785956109776,0.26415228843688965,-0.012335502542555332,-0.003022957593202591,-0.9643973112106323
1785956109785,0.26415228843688965,-0.012335502542555332,-0.003022957593202591,-0.9643973112106323
1785956109795,0.26415228843688965,-0.012335502542555332,-0.003022957593202591,-0.9643973112106323
1785956109806,0.26415228843688965,-0.012335502542555332,-0.003022957593202591,-0.9643973112106323
1785956109816,0.26415228843688965,-0.012335502542555332,-0.003022957593202591,-0.9643973112106323
1785956109826,0.26415228843688965,-0.012335502542555332,-0.003022957593202591,-0.9643973112106323
1785956109835,0.26415228843688965,-0.012335502542555332,-0.003022957593202591,-0.9643973112106323
1785956109845,0.26415228843688965,-0.012335502542555332,-0.003022957593202591,-0.9643973112106323
1785956109856,0.26415228843688965,-0.012335502542555332,-0.003022957593202591,-0.9643973112106323
1785956109866,0.26415228843688965,-0.012335502542555332,-0.003022957593202591,-0.9643973112106323
1785956109875,0.26415228843688965,-0.012335502542555332,-0.003022957593202591,-0.9643973112106323
1785956109885,0.26415228843688965,-0.012335502542555332,-0.003022957593202591,-0.9643973112106323
1785956109895,0.26415228843688965,-0.012335502542555332,-0.003022957593202591,-0.9643973112106323
1785956109905,0.26415228843688965,-0.012335502542555332,-0.003022957593202591,-0.9643973112106323
1785956109916,0.26415228843688965,-0.012335502542555332,-0.003022957593202591,-0.9643973112106323
1785956109924,0.26415228843688965,-0.012335502542555332,-0.003022957593202591,-0.9643973112106323
1785956109935,0.26415228843688965,-0.012335502542555332,-0.003022957593202591,-0.9643973112106323
1785956109945,0.26415228843688965,-0.012335502542555332,-0.003022957593202591,-0.9643973112106323
1785956109955,0.26415228843688965,-0.012335502542555332,-0.003022957593202591,-0.9643973112106323
1785956109964,0.26415228843688965,-0.012335502542555332,-0.003022957593202591,-0.9643973112106323
1785956109974,0.26415228843688965,-0.012335502542555332,-0.003022957593202591,-0.9643973112106323
1785956109984,0.26415228843688965,-0.012335502542555332,-0.003022957593202591,-0.9643973112106323
1785956109995,0.26415228843688965,-0.012335502542555332,-0.003022957593202591,-0.9643973112106323
1785956110005,0.26415228843688965,-0.012335502542555332,-0.003022957593202591,-0.9643973112106323
1785956110014,0.26415228843688965,-0.012335502542555332,-0.003022957593202591,-0.9643973112106323
1785956110024,0.26415228843688965,-0.012335502542555332,-0.003022957593202591,-0.9643973112106323
1785956110034,0.26415228843688965,-0.012335502542555332,-0.003022957593202591,-0.9643973112106323
1785956110044,0.26415228843688965,-0.012335502542555332,-0.003022957593202591,-0.9643973112106323
1785956110053,0.26415228843688965,-0.012335502542555332,-0.003022957593202591,-0.9643973112106323
1785956110064,0.26415228843688965,-0.012335502542555332,-0.003022957593202591,-0.9643973112106323
1785956110074,0.26415228843688965,-0.012335502542555332,-0.003022957593202591,-0.9643973112106323
1785956110084,0.26415228843688965,-0.012335502542555332,-0.003022957593202591,-0.9643973112106323
1785956110094,0.26415228843688965,-0.012335502542555332,-0.003022957593202591,-0.9643973112106323
1785956110103,0.26415228843688965,-0.012335502542555332,-0.003022957593202591,-0.9643973112106323
1785956110113,0.26415228843688965,-0.012335502542555332,-0.003022957593202591,-0.9643973112106323
1785956110124,0.26415228843688965,-0.012335502542555332,-0.003022957593202591,-0.9643973112106323
1785956110134,0.26415228843688965,-0.012335502542555332,-0.003022957593202591,-0.9643973112106323
1785956110143,0.26415228843688965,-0.012335502542555332,-0.003022957593202591,-0.9643973112106323
1785956110153,0.26415228843688965,-0.012335502542555332,-0.003022957593202591,-0.9643973112106323
1785956110163,0.26415228843688965,-0.012335502542555332,-0.003022957593202591,-0.9643973112106323
1785956110173,0.26415228843688965,-0.012335502542555332,-0.003022957593202591,-0.9643973112106323
1785956110184,0.26415228843688965,-0.012335502542555332,-0.003022957593202591,-0.9643973112106323
1785956110192,0.26415228843688965,-0.012335502542555332,-0.003022957593202591,-0.9643973112106323
1785956110203,0.26415228843688965,-0.012335502542555332,-0.003022957593202591,-0.9643973112106323
1785956110213,0.26415228843688965,-0.012335502542555332,-0.003022957593202591,-0.9643973112106323
1785956110223,0.26415228843688965,-0.012335502542555332,-0.003022957593202591,-0.9643973112106323
1785956110232,0.26415228843688965,-0.012335502542555332,-0.003022957593202591,-0.9643973112106323
1785956110242,0.26415228843688965,-0.012335502542555332,-0.003022957593202591,-0.9643973112106323
1785956110252,0.26415228843688965,-0.012335502542555332,-0.003022957593202591,-0.9643973112106323
1785956110263,0.26415228843688965,-0.012335502542555332,-0.003022957593202591,-0.9643973112106323
1785956110272,0.26415228843688965,-0.012335502542555332,-0.003022957593202591,-0.9643973112106323
1785956110282,0.26415228843688965,-0.012335502542555332,-0.003022957593202591,-0.9643973112106323
1785956110292,0.26415228843688965,-0.012335502542555332,-0.003022957593202591,-0.9643973112106323
1785956110302,0.26415228843688965,-0.012335502542555332,-0.003022957593202591,-0.9643973112106323
1785956110313,0.26415228843688965,-0.012335502542555332,-0.003022957593202591,-0.9643973112106323
1785956110321,0.26415228843688965,-0.012335502542555332,-0.003022957593202591,-0.9643973112106323
1785956110332,0.26415228843688965,-0.012335502542555332,-0.003022957593202591,-0.9643973112106323
1785956110342,0.26415228843688965,-0.012335502542555332,-0.003022957593202591,-0.9643973112106323
1785956110352,0.26415228843688965,-0.012335502542555332,-0.003022957593202591,-0.9643973112106323
1785956110361,0.2641514539718628,-0.012353578582406044,-0.002956963377073407,-0.9643974900245667
1785956110371,0.26415079832077026,-0.012367649003863335,-0.0029055916238576174,-0.964397668838501
1785956110381,0.26415079832077026,-0.012367649003863335,-0.0029055916238576174,-0.964397668838501
1785956110392,0.26415079832077026,-0.012367649003863335,-0.0029055916238576174,-0.964397668838501
1785956110402,0.26415079832077026,-0.012367649003863335,-0.0029055916238576174,-0.964397668838501
1785956110411,0.26415079832077026,-0.012367649003863335,-0.0029055916238576174,-0.964397668838501
1785956110421,0.26415079832077026,-0.012367649003863335,-0.0029055916238576174,-0.964397668838501
1785956110431,0.26415178179740906,-0.01234679389744997,-0.0029817321337759495,-0.9643974304199219
1785956110441,0.26415178179740906,-0.01234679389744997,-0.0029817321337759495,-0.9643974304199219
1785956110452,0.26415178179740906,-0.01234679389744997,-0.0029817321337759495,-0.9643974304199219
1785956110461,0.26415178179740906,-0.01234679389744997,-0.0029817321337759495,-0.9643974304199219
1785956110471,0.26415178179740906,-0.01234679389744997,-0.0029817321337759495,-0.9643974304199219
1785956110481,0.26415178179740906,-0.01234679389744997,-0.0029817321337759495,-0.9643974304199219
1785956110491,0.26415178179740906,-0.01234679389744997,-0.0029817321337759495,-0.9643974304199219
1785956110500,0.26415178179740906,-0.01234679389744997,-0.0029817321337759495,-0.9643974304199219
1785956110510,0.26415178179740906,-0.01234679389744997,-0.0029817321337759495,-0.9643974304199219
1785956110521,0.26415178179740906,-0.01234679389744997,-0.0029817321337759495,-0.9643974304199219
1785956110531,0.26415178179740906,-0.01234679389744997,-0.0029817321337759495,-0.9643974304199219
1785956110541,0.26415178179740906,-0.01234679389744997,-0.0029817321337759495,-0.9643974304199219
1785956110550,0.26415178179740906,-0.01234679389744997,-0.0029817321337759495,-0.9643974304199219
1785956110560,0.2641524374485016,-0.01233289111405611,-0.0030324915423989296,-0.9643972516059875
1785956110570,0.2641524374485016,-0.01233289111405611,-0.0030324915423989296,-0.9643972516059875
1785956110581,0.2641524374485016,-0.01233289111405611,-0.0030324915423989296,-0.9643972516059875
1785956110589,0.2641524374485016,-0.01233289111405611,-0.0030324915423989296,-0.9643972516059875
1785956110600,0.2641524374485016,-0.01233289111405611,-0.0030324915423989296,-0.9643972516059875
1785956110610,0.2641524374485016,-0.01233289111405611,-0.0030324915423989296,-0.9643972516059875
1785956110620,0.2641524374485016,-0.01233289111405611,-0.0030324915423989296,-0.9643972516059875
1785956110629,0.2641524374485016,-0.01233289111405611,-0.0030324915423989296,-0.9643972516059875
1785956110639,0.2641524374485016,-0.01233289111405611,-0.0030324915423989296,-0.9643972516059875
1785956110649,0.2641524374485016,-0.01233289111405611,-0.0030324915423989296,-0.9643972516059875
1785956110660,0.2641524374485016,-0.01233289111405611,-0.0030324915423989296,-0.9643972516059875
1785956110670,0.2641524374485016,-0.01233289111405611,-0.0030324915423989296,-0.9643972516059875
1785956110679,0.2641524374485016,-0.01233289111405611,-0.0030324915423989296,-0.9643972516059875
1785956110689,0.2641524374485016,-0.01233289111405611,-0.0030324915423989296,-0.9643972516059875
1785956110699,0.2641524374485016,-0.01233289111405611,-0.0030324915423989296,-0.9643972516059875
1785956110710,0.2641524374485016,-0.01233289111405611,-0.0030324915423989296,-0.9643972516059875
1785956110718,0.2641524374485016,-0.01233289111405611,-0.0030324915423989296,-0.9643972516059875
1785956110729,0.2641524374485016,-0.01233289111405611,-0.0030324915423989296,-0.9643972516059875
1785956110739,0.2641524374485016,-0.01233289111405611,-0.0030324915423989296,-0.9643972516059875
1785956110749,0.2641524374485016,-0.01233289111405611,-0.0030324915423989296,-0.9643972516059875
1785956110759,0.2641524374485016,-0.01233289111405611,-0.0030324915423989296,-0.9643972516059875
1785956110768,0.2641524374485016,-0.01233289111405611,-0.0030324915423989296,-0.9643972516059875
1785956110778,0.2641524374485016,-0.01233289111405611,-0.0030324915423989296,-0.9643972516059875
1785956110789,0.2641524374485016,-0.01233289111405611,-0.0030324915423989296,-0.9643972516059875
1785956110799,0.2641524374485016,-0.01233289111405611,-0.0030324915423989296,-0.9643972516059875
1785956110808,0.2641524374485016,-0.01233289111405611,-0.0030324915423989296,-0.9643972516059875
1785956110818,0.2641524374485016,-0.01233289111405611,-0.0030324915423989296,-0.9643972516059875
1785956110828,0.2641524374485016,-0.01233289111405611,-0.0030324915423989296,-0.9643972516059875
1785956110838,0.2641524374485016,-0.01233289111405611,-0.0030324915423989296,-0.9643972516059875
1785956110847,0.2641524374485016,-0.01233289111405611,-0.0030324915423989296,-0.9643972516059875
1785956110857,0.2641524374485016,-0.01233289111405611,-0.0030324915423989296,-0.9643972516059875
1785956110868,0.2641524374485016,-0.01233289111405611,-0.0030324915423989296,-0.9643972516059875
1785956110878,0.2641524374485016,-0.01233289111405611,-0.0030324915423989296,-0.9643972516059875
1785956110888,0.2641524374485016,-0.01233289111405611,-0.0030324915423989296,-0.9643972516059875
1785956110897,0.2641524374485016,-0.01233289111405611,-0.0030324915423989296,-0.9643972516059875
1785956110907,0.2641524374485016,-0.01233289111405611,-0.0030324915423989296,-0.9643972516059875
1785956110918,0.2641524374485016,-0.01233289111405611,-0.0030324915423989296,-0.9643972516059875
1785956110928,0.2641524374485016,-0.01233289111405611,-0.0030324915423989296,-0.9643972516059875
1785956110937,0.2641524374485016,-0.01233289111405611,-0.0030324915423989296,-0.9643972516059875
1785956110947,0.2641524374485016,-0.01233289111405611,-0.0030324915423989296,-0.9643972516059875
1785956110957,0.2641524374485016,-0.01233289111405611,-0.0030324915423989296,-0.9643972516059875
1785956110967,0.2641524374485016,-0.01233289111405611,-0.0030324915423989296,-0.9643972516059875
1785956110978,0.2641524374485016,-0.01233289111405611,-0.0030324915423989296,-0.9643972516059875
1785956110986,0.2641524374485016,-0.01233289111405611,-0.0030324915423989296,-0.9643972516059875
1785956110997,0.2641524374485016,-0.01233289111405611,-0.0030324915423989296,-0.9643972516059875
1785956111007,0.2641524374485016,-0.01233289111405611,-0.0030324915423989296,-0.9643972516059875
1785956111017,0.2641524374485016,-0.01233289111405611,-0.0030324915423989296,-0.9643972516059875
1785956111026,0.2641524374485016,-0.01233289111405611,-0.0030324915423989296,-0.9643972516059875
1785956111036,0.2641524374485016,-0.01233289111405611,-0.0030324915423989296,-0.9643972516059875
1785956111046,0.2641524374485016,-0.01233289111405611,-0.0030324915423989296,-0.9643972516059875
1785956111057,0.2641524374485016,-0.01233289111405611,-0.0030324915423989296,-0.9643972516059875
1785956111067,0.2641524374485016,-0.01233289111405611,-0.0030324915423989296,-0.9643972516059875
1785956111076,0.2641524374485016,-0.01233289111405611,-0.0030324915423989296,-0.9643972516059875
1785956111086,0.2641524374485016,-0.01233289111405611,-0.0030324915423989296,-0.9643972516059875
1785956111096,0.2641524374485016,-0.01233289111405611,-0.0030324915423989296,-0.9643972516059875
1785956111106,0.2641524374485016,-0.01233289111405611,-0.0030324915423989296,-0.9643972516059875
1785956111115,0.2641524374485016,-0.01233289111405611,-0.0030324915423989296,-0.9643972516059875
1785956111126,0.2641524374485016,-0.01233289111405611,-0.0030324915423989296,-0.9643972516059875
1785956111136,0.2641524374485016,-0.01233289111405611,-0.0030324915423989296,-0.9643972516059875
1785956111146,0.2641524374485016,-0.01233289111405611,-0.0030324915423989296,-0.9643972516059875
1785956111156,0.2641524374485016,-0.01233289111405611,-0.0030324915423989296,-0.9643972516059875
1785956111165,0.2641524374485016,-0.01233289111405611,-0.0030324915423989296,-0.9643972516059875
1785956111175,0.2641524374485016,-0.01233289111405611,-0.0030324915423989296,-0.9643972516059875
1785956111186,0.2641524374485016,-0.01233289111405611,-0.0030324915423989296,-0.9643972516059875
1785956111196,0.2641524374485016,-0.01233289111405611,-0.0030324915423989296,-0.9643972516059875
1785956111205,0.2641524374485016,-0.01233289111405611,-0.0030324915423989296,-0.9643972516059875
1785956111215,0.2641524374485016,-0.01233289111405611,-0.0030324915423989296,-0.9643972516059875
1785956111225,0.2641524374485016,-0.01233289111405611,-0.0030324915423989296,-0.9643972516059875
1785956111235,0.2641524374485016,-0.01233289111405611,-0.0030324915423989296,-0.9643972516059875
1785956111246,0.2641524374485016,-0.01233289111405611,-0.0030324915423989296,-0.9643972516059875
1785956111254,0.2641524374485016,-0.01233289111405611,-0.0030324915423989296,-0.9643972516059875
1785956111265,0.2641524374485016,-0.01233289111405611,-0.0030324915423989296,-0.9643972516059875
1785956111275,0.2641524374485016,-0.01233289111405611,-0.0030324915423989296,-0.9643972516059875
1785956111285,0.2641524374485016,-0.01233289111405611,-0.0030324915423989296,-0.9643972516059875
1785956111294,0.2641524374485016,-0.01233289111405611,-0.0030324915423989296,-0.9643972516059875
1785956111304,0.2641524374485016,-0.01233289111405611,-0.0030324915423989296,-0.9643972516059875
1785956111315,0.2641524374485016,-0.01233289111405611,-0.0030324915423989296,-0.9643972516059875
1785956111325,0.2641524374485016,-0.01233289111405611,-0.0030324915423989296,-0.9643972516059875
1785956111335,0.2641524374485016,-0.01233289111405611,-0.0030324915423989296,-0.9643972516059875
1785956111344,0.2641524374485016,-0.01233289111405611,-0.0030324915423989296,-0.9643972516059875
1785956111354,0.2641524374485016,-0.01233289111405611,-0.0030324915423989296,-0.9643972516059875
1785956111364,0.2641524374485016,-0.01233289111405611,-0.0030324915423989296,-0.9643972516059875
1785956111375,0.2641524374485016,-0.01233289111405611,-0.0030324915423989296,-0.9643972516059875
1785956111383,0.2641524374485016,-0.01233289111405611,-0.0030324915423989296,-0.9643972516059875
1785956111394,0.2641524374485016,-0.01233289111405611,-0.0030324915423989296,-0.9643972516059875
1785956111404,0.2641524374485016,-0.01233289111405611,-0.0030324915423989296,-0.9643972516059875
1785956111414,0.2641524374485016,-0.01233289111405611,-0.0030324915423989296,-0.9643972516059875
1785956111423,0.2641524374485016,-0.01233289111405611,-0.0030324915423989296,-0.9643972516059875
1785956111433,0.2641524374485016,-0.01233289111405611,-0.0030324915423989296,-0.9643972516059875
1785956111443,0.2641524374485016,-0.01233289111405611,-0.0030324915423989296,-0.9643972516059875
1785956111454,0.2641524374485016,-0.01233289111405611,-0.0030324915423989296,-0.9643972516059875
1785956111464,0.2641524374485016,-0.01233289111405611,-0.0030324915423989296,-0.9643972516059875
1785956111473,0.2641524374485016,-0.01233289111405611,-0.0030324915423989296,-0.9643972516059875
1785956111483,0.2641524374485016,-0.01233289111405611,-0.0030324915423989296,-0.9643972516059875
1785956111493,0.2641524374485016,-0.01233289111405611,-0.0030324915423989296,-0.9643972516059875
1785956111503,0.2641524374485016,-0.01233289111405611,-0.0030324915423989296,-0.9643972516059875
1785956111512,0.2641524374485016,-0.01233289111405611,-0.0030324915423989296,-0.9643972516059875
1785956111523,0.2641524374485016,-0.01233289111405611,-0.0030324915423989296,-0.9643972516059875
1785956111533,0.2641524374485016,-0.01233289111405611,-0.0030324915423989296,-0.9643972516059875
1785956111543,0.2641524374485016,-0.01233289111405611,-0.0030324915423989296,-0.9643972516059875
1785956111553,0.2641524374485016,-0.01233289111405611,-0.0030324915423989296,-0.9643972516059875
1785956111562,0.2641524374485016,-0.01233289111405611,-0.0030324915423989296,-0.9643972516059875
1785956111572,0.2641524374485016,-0.01233289111405611,-0.0030324915423989296,-0.9643972516059875
1785956111583,0.2641524374485016,-0.01233289111405611,-0.0030324915423989296,-0.9643972516059875
1785956111593,0.2641524374485016,-0.01233289111405611,-0.0030324915423989296,-0.9643972516059875
1785956111602,0.2641524374485016,-0.01233289111405611,-0.0030324915423989296,-0.9643972516059875
1785956111612,0.2641524374485016,-0.01233289111405611,-0.0030324915423989296,-0.9643972516059875
1785956111622,0.2641524374485016,-0.01233289111405611,-0.0030324915423989296,-0.9643972516059875
1785956111632,0.2641517221927643,-0.01234818622469902,-0.002976649673655629,-0.9643974304199219
1785956111643,0.2641517221927643,-0.01234818622469902,-0.002976649673655629,-0.9643974304199219
1785956111651,0.2641517221927643,-0.01234818622469902,-0.002976649673655629,-0.9643974304199219
1785956111662,0.2641517221927643,-0.01234818622469902,-0.002976649673655629,-0.9643974304199219
1785956111672,0.2641517221927643,-0.01234818622469902,-0.002976649673655629,-0.9643974304199219
1785956111682,0.2641517221927643,-0.01234818622469902,-0.002976649673655629,-0.9643974304199219
1785956111692,0.2641517221927643,-0.01234818622469902,-0.002976649673655629,-0.9643974304199219
1785956111701,0.2641517221927643,-0.01234818622469902,-0.002976649673655629,-0.9643974304199219
1785956111711,0.2641517221927643,-0.01234818622469902,-0.002976649673655629,-0.9643974304199219
1785956111722,0.2641517221927643,-0.01234818622469902,-0.002976649673655629,-0.9643974304199219
1785956111732,0.2641517221927643,-0.01234818622469902,-0.002976649673655629,-0.9643974304199219
1785956111741,0.2641517221927643,-0.01234818622469902,-0.002976649673655629,-0.9643974304199219
1785956111751,0.2641517221927643,-0.01234818622469902,-0.002976649673655629,-0.9643974304199219
1785956111761,0.2641517221927643,-0.01234818622469902,-0.002976649673655629,-0.9643974304199219
1785956111772,0.2641517221927643,-0.01234818622469902,-0.002976649673655629,-0.9643974304199219
1785956111780,0.2641517221927643,-0.01234818622469902,-0.002976649673655629,-0.9643974304199219
1785956111791,0.2641517221927643,-0.01234818622469902,-0.002976649673655629,-0.9643974304199219
1785956111801,0.2641517221927643,-0.01234818622469902,-0.002976649673655629,-0.9643974304199219
1785956111811,0.2641517221927643,-0.01234818622469902,-0.002976649673655629,-0.9643974304199219
1785956111821,0.2641517221927643,-0.01234818622469902,-0.002976649673655629,-0.9643974304199219
1785956111830,0.2641517221927643,-0.01234818622469902,-0.002976649673655629,-0.9643974304199219
1785956111840,0.2641517221927643,-0.01234818622469902,-0.002976649673655629,-0.9643974304199219
1785956111851,0.2641517221927643,-0.01234818622469902,-0.002976649673655629,-0.9643974304199219
1785956111861,0.2641517221927643,-0.01234818622469902,-0.002976649673655629,-0.9643974304199219
1785956111870,0.2641517221927643,-0.01234818622469902,-0.002976649673655629,-0.9643974304199219
1785956111880,0.2641517221927643,-0.01234818622469902,-0.002976649673655629,-0.9643974304199219
1785956111890,0.2641517221927643,-0.01234818622469902,-0.002976649673655629,-0.9643974304199219
1785956111900,0.2641517221927643,-0.01234818622469902,-0.002976649673655629,-0.9643974304199219
1785956111911,0.2641517221927643,-0.01234818622469902,-0.002976649673655629,-0.9643974304199219
1785956111919,0.2641517221927643,-0.01234818622469902,-0.002976649673655629,-0.9643974304199219
1785956111930,0.2641517221927643,-0.01234818622469902,-0.002976649673655629,-0.9643974304199219
1785956111940,0.2641517221927643,-0.01234818622469902,-0.002976649673655629,-0.9643974304199219
1785956111950,0.2641517221927643,-0.01234818622469902,-0.002976649673655629,-0.9643974304199219
1785956111959,0.2641517221927643,-0.01234818622469902,-0.002976649673655629,-0.9643974304199219
1785956111969,0.2641517221927643,-0.01234818622469902,-0.002976649673655629,-0.9643974304199219
1785956111980,0.2641517221927643,-0.01234818622469902,-0.002976649673655629,-0.9643974304199219
1785956111990,0.2641517221927643,-0.01234818622469902,-0.002976649673655629,-0.9643974304199219
1785956111999,0.2641517221927643,-0.01234818622469902,-0.002976649673655629,-0.9643974304199219
1785956112009,0.2641517221927643,-0.01234818622469902,-0.002976649673655629,-0.9643974304199219
1785956112019,0.2641517221927643,-0.01234818622469902,-0.002976649673655629,-0.9643974304199219
1785956112029,0.2641517221927643,-0.01234818622469902,-0.002976649673655629,-0.9643974304199219
1785956112040,0.2641517221927643,-0.01234818622469902,-0.002976649673655629,-0.9643974304199219
1785956112048,0.2641517221927643,-0.01234818622469902,-0.002976649673655629,-0.9643974304199219
1785956112059,0.2641517221927643,-0.01234818622469902,-0.002976649673655629,-0.9643974304199219
1785956112069,0.2641517221927643,-0.01234818622469902,-0.002976649673655629,-0.9643974304199219
1785956112079,0.2641517221927643,-0.01234818622469902,-0.002976649673655629,-0.9643974304199219
1785956112088,0.2641517221927643,-0.01234818622469902,-0.002976649673655629,-0.9643974304199219
1785956112098,0.2641517221927643,-0.01234818622469902,-0.002976649673655629,-0.9643974304199219
1785956112108,0.2641517221927643,-0.01234818622469902,-0.002976649673655629,-0.9643974304199219
1785956112119,0.2641517221927643,-0.01234818622469902,-0.002976649673655629,-0.9643974304199219
1785956112129,0.2641517221927643,-0.01234818622469902,-0.002976649673655629,-0.9643974304199219
1785956112138,0.2641517221927643,-0.01234818622469902,-0.002976649673655629,-0.9643974304199219
1785956112148,0.2641517221927643,-0.01234818622469902,-0.002976649673655629,-0.9643974304199219
1785956112158,0.2641517221927643,-0.01234818622469902,-0.002976649673655629,-0.9643974304199219
1785956112169,0.2641517221927643,-0.01234818622469902,-0.002976649673655629,-0.9643974304199219
1785956112179,0.2641517221927643,-0.01234818622469902,-0.002976649673655629,-0.9643974304199219
1785956112188,0.2641517221927643,-0.01234818622469902,-0.002976649673655629,-0.9643974304199219
1785956112198,0.2641517221927643,-0.01234818622469902,-0.002976649673655629,-0.9643974304199219
1785956112208,0.2641517221927643,-0.01234818622469902,-0.002976649673655629,-0.9643974304199219
1785956112218,0.2641517221927643,-0.01234818622469902,-0.002976649673655629,-0.9643974304199219
1785956112227,0.2641517221927643,-0.01234818622469902,-0.002976649673655629,-0.9643974304199219
1785956112237,0.2641517221927643,-0.01234818622469902,-0.002976649673655629,-0.9643974304199219
1785956112248,0.2641517221927643,-0.01234818622469902,-0.002976649673655629,-0.9643974304199219
1785956112258,0.2641517221927643,-0.01234818622469902,-0.002976649673655629,-0.9643974304199219
1785956112268,0.2641517221927643,-0.01234818622469902,-0.002976649673655629,-0.9643974304199219
1785956112277,0.2641517221927643,-0.01234818622469902,-0.002976649673655629,-0.9643974304199219
1785956112287,0.2641517221927643,-0.01234818622469902,-0.002976649673655629,-0.9643974304199219
1785956112297,0.2641517221927643,-0.01234818622469902,-0.002976649673655629,-0.9643974304199219
1785956112308,0.2641517221927643,-0.01234818622469902,-0.002976649673655629,-0.9643974304199219
1785956112316,0.2641517221927643,-0.01234818622469902,-0.002976649673655629,-0.9643974304199219
1785956112327,0.2641517221927643,-0.01234818622469902,-0.002976649673655629,-0.9643974304199219
1785956112337,0.2641517221927643,-0.01234818622469902,-0.002976649673655629,-0.9643974304199219
1785956112347,0.2641517221927643,-0.01234818622469902,-0.002976649673655629,-0.9643974304199219
1785956112356,0.2641517221927643,-0.01234818622469902,-0.002976649673655629,-0.9643974304199219
1785956112366,0.2641517221927643,-0.01234818622469902,-0.002976649673655629,-0.9643974304199219
1785956112377,0.2641517221927643,-0.01234818622469902,-0.002976649673655629,-0.9643974304199219
1785956112387,0.2641517221927643,-0.01234818622469902,-0.002976649673655629,-0.9643974304199219
1785956112397,0.2641517221927643,-0.01234818622469902,-0.002976649673655629,-0.9643974304199219
1785956112406,0.2641517221927643,-0.01234818622469902,-0.002976649673655629,-0.9643974304199219
1785956112416,0.2641517221927643,-0.01234818622469902,-0.002976649673655629,-0.9643974304199219
1785956112426,0.2641517221927643,-0.01234818622469902,-0.002976649673655629,-0.9643974304199219
1785956112437,0.2641517221927643,-0.01234818622469902,-0.002976649673655629,-0.9643974304199219
1785956112445,0.2641517221927643,-0.01234818622469902,-0.002976649673655629,-0.9643974304199219
1785956112456,0.2641517221927643,-0.01234818622469902,-0.002976649673655629,-0.9643974304199219
1785956112466,0.2641517221927643,-0.01234818622469902,-0.002976649673655629,-0.9643974304199219
1785956112476,0.2641517221927643,-0.01234818622469902,-0.002976649673655629,-0.9643974304199219
1785956112486,0.2641517221927643,-0.01234818622469902,-0.002976649673655629,-0.9643974304199219
1785956112495,0.2641517221927643,-0.01234818622469902,-0.002976649673655629,-0.9643974304199219
1785956112505,0.2641517221927643,-0.01234818622469902,-0.002976649673655629,-0.9643974304199219
1785956112516,0.2641517221927643,-0.01234818622469902,-0.002976649673655629,-0.9643974304199219
1785956112526,0.2641517221927643,-0.01234818622469902,-0.002976649673655629,-0.9643974304199219
1785956112535,0.2641517221927643,-0.01234818622469902,-0.002976649673655629,-0.9643974304199219
1785956112545,0.2641517221927643,-0.01234818622469902,-0.002976649673655629,-0.9643974304199219
1785956112555,0.2641517221927643,-0.01234818622469902,-0.002976649673655629,-0.9643974304199219
1785956112565,0.2641517221927643,-0.01234818622469902,-0.002976649673655629,-0.9643974304199219
1785956112574,0.2641517221927643,-0.01234818622469902,-0.002976649673655629,-0.9643974304199219
1785956112585,0.2641517221927643,-0.01234818622469902,-0.002976649673655629,-0.9643974304199219
1785956112595,0.2641517221927643,-0.01234818622469902,-0.002976649673655629,-0.9643974304199219
1785956112605,0.2641517221927643,-0.01234818622469902,-0.002976649673655629,-0.9643974304199219
1785956112615,0.2641517221927643,-0.01234818622469902,-0.002976649673655629,-0.9643974304199219
1785956112624,0.2641517221927643,-0.01234818622469902,-0.002976649673655629,-0.9643974304199219
1785956112634,0.2641517221927643,-0.01234818622469902,-0.002976649673655629,-0.9643974304199219
1785956112645,0.2641517221927643,-0.01234818622469902,-0.002976649673655629,-0.9643974304199219
1785956112655,0.2641517221927643,-0.01234818622469902,-0.002976649673655629,-0.9643974304199219
1785956112664,0.2641517221927643,-0.01234818622469902,-0.002976649673655629,-0.9643974304199219
1785956112674,0.2641517221927643,-0.01234818622469902,-0.002976649673655629,-0.9643974304199219
1785956112684,0.2641517221927643,-0.01234818622469902,-0.002976649673655629,-0.9643974304199219
1785956112694,0.2641517221927643,-0.01234818622469902,-0.002976649673655629,-0.9643974304199219
1785956112705,0.2641517221927643,-0.01234818622469902,-0.002976649673655629,-0.9643974304199219
1785956112713,0.2641517221927643,-0.01234818622469902,-0.002976649673655629,-0.9643974304199219
1785956112724,0.2641517221927643,-0.01234818622469902,-0.002976649673655629,-0.9643974304199219
1785956112734,0.2641517221927643,-0.01234818622469902,-0.002976649673655629,-0.9643974304199219
1785956112744,0.2641517221927643,-0.01234818622469902,-0.002976649673655629,-0.9643974304199219
1785956112754,0.2641517221927643,-0.01234818622469902,-0.002976649673655629,-0.9643974304199219
1785956112763,0.2641517221927643,-0.01234818622469902,-0.002976649673655629,-0.9643974304199219
1785956112773,0.2641517221927643,-0.01234818622469902,-0.002976649673655629,-0.9643974304199219
1785956112784,0.2641517221927643,-0.01234818622469902,-0.002976649673655629,-0.9643974304199219
1785956112794,0.2641517221927643,-0.01234818622469902,-0.002976649673655629,-0.9643974304199219
1785956112803,0.2641517221927643,-0.01234818622469902,-0.002976649673655629,-0.9643974304199219
1785956112813,0.2641517221927643,-0.01234818622469902,-0.002976649673655629,-0.9643974304199219
1785956112823,0.2641517221927643,-0.01234818622469902,-0.002976649673655629,-0.9643974304199219
1785956112834,0.2641517221927643,-0.01234818622469902,-0.002976649673655629,-0.9643974304199219
1785956112842,0.2641517221927643,-0.01234818622469902,-0.002976649673655629,-0.9643974304199219
1785956112853,0.2641517221927643,-0.01234818622469902,-0.002976649673655629,-0.9643974304199219
1785956112863,0.2641517221927643,-0.01234818622469902,-0.002976649673655629,-0.9643974304199219
1785956112873,0.2641517221927643,-0.01234818622469902,-0.002976649673655629,-0.9643974304199219
1785956112883,0.2641517221927643,-0.01234818622469902,-0.002976649673655629,-0.9643974304199219
1785956112892,0.2641517221927643,-0.01234818622469902,-0.002976649673655629,-0.9643974304199219
1785956112902,0.2641517221927643,-0.01234818622469902,-0.002976649673655629,-0.9643974304199219
1785956112913,0.2641517221927643,-0.01234818622469902,-0.002976649673655629,-0.9643974304199219
1785956112923,0.2641517221927643,-0.01234818622469902,-0.002976649673655629,-0.9643974304199219
1785956112932,0.2641517221927643,-0.01234818622469902,-0.002976649673655629,-0.9643974304199219
1785956112942,0.2641517221927643,-0.01234818622469902,-0.002976649673655629,-0.9643974304199219
1785956112952,0.2641517221927643,-0.01234818622469902,-0.002976649673655629,-0.9643974304199219
1785956112962,0.2641517221927643,-0.01234818622469902,-0.002976649673655629,-0.9643974304199219
1785956112973,0.2641517221927643,-0.01234818622469902,-0.002976649673655629,-0.9643974304199219
1785956112981,0.2641517221927643,-0.01234818622469902,-0.002976649673655629,-0.9643974304199219
1785956112992,0.2641517221927643,-0.01234818622469902,-0.002976649673655629,-0.9643974304199219
1785956113002,0.2641517221927643,-0.01234818622469902,-0.002976649673655629,-0.9643974304199219
1785956113012,0.2641517221927643,-0.01234818622469902,-0.002976649673655629,-0.9643974304199219
1785956113021,0.2641517221927643,-0.01234818622469902,-0.002976649673655629,-0.9643974304199219
1785956113031,0.2641517221927643,-0.01234818622469902,-0.002976649673655629,-0.9643974304199219
1785956113042,0.2641517221927643,-0.01234818622469902,-0.002976649673655629,-0.9643974304199219
1785956113052,0.2641517221927643,-0.01234818622469902,-0.002976649673655629,-0.9643974304199219
1785956113061,0.2641517221927643,-0.01234818622469902,-0.002976649673655629,-0.9643974304199219
1785956113071,0.2641517221927643,-0.01234818622469902,-0.002976649673655629,-0.9643974304199219
1785956113081,0.2641517221927643,-0.01234818622469902,-0.002976649673655629,-0.9643974304199219
1785956113091,0.2641517221927643,-0.01234818622469902,-0.002976649673655629,-0.9643974304199219
1785956113102,0.2641517221927643,-0.01234818622469902,-0.002976649673655629,-0.9643974304199219
1785956113110,0.2641517221927643,-0.01234818622469902,-0.002976649673655629,-0.9643974304199219
1785956113121,0.2641517221927643,-0.01234818622469902,-0.002976649673655629,-0.9643974304199219
1785956113131,0.2641517221927643,-0.01234818622469902,-0.002976649673655629,-0.9643974304199219
1785956113141,0.2641517221927643,-0.01234818622469902,-0.002976649673655629,-0.9643974304199219
1785956113151,0.2641517221927643,-0.01234818622469902,-0.002976649673655629,-0.9643974304199219
1785956113160,0.2641517221927643,-0.01234818622469902,-0.002976649673655629,-0.9643974304199219
1785956113170,0.2641517221927643,-0.01234818622469902,-0.002976649673655629,-0.9643974304199219
1785956113181,0.2641517221927643,-0.01234818622469902,-0.002976649673655629,-0.9643974304199219
1785956113191,0.2641517221927643,-0.01234818622469902,-0.002976649673655629,-0.9643974304199219
1785956113200,0.2641517221927643,-0.01234818622469902,-0.002976649673655629,-0.9643974304199219
1785956113210,0.2641517221927643,-0.01234818622469902,-0.002976649673655629,-0.9643974304199219
1785956113220,0.2641517221927643,-0.01234818622469902,-0.002976649673655629,-0.9643974304199219
1785956113231,0.2641517221927643,-0.01234818622469902,-0.002976649673655629,-0.9643974304199219
1785956113241,0.2641517221927643,-0.01234818622469902,-0.002976649673655629,-0.9643974304199219
1785956113250,0.2641517221927643,-0.01234818622469902,-0.002976649673655629,-0.9643974304199219
1785956113260,0.2641517221927643,-0.01234818622469902,-0.002976649673655629,-0.9643974304199219
1785956113270,0.2641517221927643,-0.01234818622469902,-0.002976649673655629,-0.9643974304199219
1785956113280,0.2641517221927643,-0.01234818622469902,-0.002976649673655629,-0.9643974304199219
1785956113289,0.2641517221927643,-0.01234818622469902,-0.002976649673655629,-0.9643974304199219
1785956113299,0.2641517221927643,-0.01234818622469902,-0.002976649673655629,-0.9643974304199219
1785956113310,0.2641517221927643,-0.01234818622469902,-0.002976649673655629,-0.9643974304199219
1785956113320,0.2641517221927643,-0.01234818622469902,-0.002976649673655629,-0.9643974304199219
1785956113329,0.2641517221927643,-0.01234818622469902,-0.002976649673655629,-0.9643974304199219
1785956113339,0.2641517221927643,-0.01234818622469902,-0.002976649673655629,-0.9643974304199219
1785956113349,0.2641517221927643,-0.01234818622469902,-0.002976649673655629,-0.9643974304199219
1785956113359,0.2641517221927643,-0.01234818622469902,-0.002976649673655629,-0.9643974304199219
1785956113370,0.2641517221927643,-0.01234818622469902,-0.002976649673655629,-0.9643974304199219
1785956113378,0.2641517221927643,-0.01234818622469902,-0.002976649673655629,-0.9643974304199219
1785956113389,0.2641517221927643,-0.01234818622469902,-0.002976649673655629,-0.9643974304199219
1785956113399,0.2641517221927643,-0.01234818622469902,-0.002976649673655629,-0.9643974304199219
1785956113409,0.2641517221927643,-0.01234818622469902,-0.002976649673655629,-0.9643974304199219
1785956113418,0.2641517221927643,-0.01234818622469902,-0.002976649673655629,-0.9643974304199219
1785956113428,0.2641517221927643,-0.01234818622469902,-0.002976649673655629,-0.9643974304199219
1785956113439,0.2641517221927643,-0.01234818622469902,-0.002976649673655629,-0.9643974304199219
1785956113449,0.2641517221927643,-0.01234818622469902,-0.002976649673655629,-0.9643974304199219
1785956113459,0.2641517221927643,-0.01234818622469902,-0.002976649673655629,-0.9643974304199219
1785956113468,0.2641517221927643,-0.01234818622469902,-0.002976649673655629,-0.9643974304199219
1785956113478,0.2641517221927643,-0.01234818622469902,-0.002976649673655629,-0.9643974304199219
1785956113488,0.26415106654167175,-0.012362256646156311,-0.0029252779204398394,-0.9643976092338562
1785956113499,0.26415106654167175,-0.012362256646156311,-0.0029252779204398394,-0.9643976092338562
1785956113507,0.26415106654167175,-0.012362256646156311,-0.0029252779204398394,-0.9643976092338562
1785956113518,0.26415106654167175,-0.012362256646156311,-0.0029252779204398394,-0.9643976092338562
1785956113528,0.26415106654167175,-0.012362256646156311,-0.0029252779204398394,-0.9643976092338562
1785956113538,0.26415106654167175,-0.012362256646156311,-0.0029252779204398394,-0.9643976092338562
1785956113548,0.26415106654167175,-0.012362256646156311,-0.0029252779204398394,-0.9643976092338562
1785956113557,0.26415106654167175,-0.012362256646156311,-0.0029252779204398394,-0.9643976092338562
1785956113567,0.26415106654167175,-0.012362256646156311,-0.0029252779204398394,-0.9643976092338562
1785956113578,0.26415106654167175,-0.012362256646156311,-0.0029252779204398394,-0.9643976092338562
1785956113588,0.26415106654167175,-0.012362256646156311,-0.0029252779204398394,-0.9643976092338562
1785956113597,0.26415106654167175,-0.012362256646156311,-0.0029252779204398394,-0.9643976092338562
1785956113607,0.26415106654167175,-0.012362256646156311,-0.0029252779204398394,-0.9643976092338562
1785956113617,0.26415106654167175,-0.012362256646156311,-0.0029252779204398394,-0.9643976092338562
1785956113627,0.26415106654167175,-0.012362256646156311,-0.0029252779204398394,-0.9643976092338562
1785956113638,0.26415106654167175,-0.012362256646156311,-0.0029252779204398394,-0.9643976092338562
1785956113647,0.26415106654167175,-0.012362256646156311,-0.0029252779204398394,-0.9643976092338562
1785956113657,0.26415106654167175,-0.012362256646156311,-0.0029252779204398394,-0.9643976092338562
1785956113667,0.26415106654167175,-0.012362256646156311,-0.0029252779204398394,-0.9643976092338562
1785956113677,0.26415106654167175,-0.012362256646156311,-0.0029252779204398394,-0.9643976092338562
1785956113686,0.26415106654167175,-0.012362256646156311,-0.0029252779204398394,-0.9643976092338562
1785956113696,0.26415106654167175,-0.012362256646156311,-0.0029252779204398394,-0.9643976092338562
1785956113707,0.26415106654167175,-0.012362256646156311,-0.0029252779204398394,-0.9643976092338562
1785956113717,0.26415106654167175,-0.012362256646156311,-0.0029252779204398394,-0.9643976092338562
1785956113726,0.26415106654167175,-0.012362256646156311,-0.0029252779204398394,-0.9643976092338562
1785956113736,0.26415106654167175,-0.012362256646156311,-0.0029252779204398394,-0.9643976092338562
1785956113746,0.26415106654167175,-0.012362256646156311,-0.0029252779204398394,-0.9643976092338562
1785956113756,0.26415106654167175,-0.012362256646156311,-0.0029252779204398394,-0.9643976092338562
1785956113767,0.26415106654167175,-0.012362256646156311,-0.0029252779204398394,-0.9643976092338562
1785956113775,0.26415106654167175,-0.012362256646156311,-0.0029252779204398394,-0.9643976092338562
1785956113786,0.26415106654167175,-0.012362256646156311,-0.0029252779204398394,-0.9643976092338562
1785956113796,0.26415106654167175,-0.012362256646156311,-0.0029252779204398394,-0.9643976092338562
1785956113806,0.26415106654167175,-0.012362256646156311,-0.0029252779204398394,-0.9643976092338562
1785956113816,0.26415106654167175,-0.012362256646156311,-0.0029252779204398394,-0.9643976092338562
1785956113825,0.26415106654167175,-0.012362256646156311,-0.0029252779204398394,-0.9643976092338562
1785956113836,0.26415106654167175,-0.012362256646156311,-0.0029252779204398394,-0.9643976092338562
1785956113846,0.26415106654167175,-0.012362256646156311,-0.0029252779204398394,-0.9643976092338562
1785956113856,0.26415106654167175,-0.012362256646156311,-0.0029252779204398394,-0.9643976092338562
1785956113865,0.26415106654167175,-0.012362256646156311,-0.0029252779204398394,-0.9643976092338562
1785956113875,0.26415106654167175,-0.012362256646156311,-0.0029252779204398394,-0.9643976092338562
1785956113885,0.26415106654167175,-0.012362256646156311,-0.0029252779204398394,-0.9643976092338562
1785956113896,0.26415106654167175,-0.012362256646156311,-0.0029252779204398394,-0.9643976092338562
1785956113904,0.26415106654167175,-0.012362256646156311,-0.0029252779204398394,-0.9643976092338562
1785956113915,0.26415106654167175,-0.012362256646156311,-0.0029252779204398394,-0.9643976092338562
1785956113925,0.26415106654167175,-0.012362256646156311,-0.0029252779204398394,-0.9643976092338562
1785956113935,0.26415106654167175,-0.012362256646156311,-0.0029252779204398394,-0.9643976092338562
1785956113945,0.26415106654167175,-0.012362256646156311,-0.0029252779204398394,-0.9643976092338562
1785956113954,0.26415106654167175,-0.012362256646156311,-0.0029252779204398394,-0.9643976092338562
1785956113964,0.26415106654167175,-0.012362256646156311,-0.0029252779204398394,-0.9643976092338562
1785956113975,0.26415106654167175,-0.012362256646156311,-0.0029252779204398394,-0.9643976092338562
1785956113985,0.26415106654167175,-0.012362256646156311,-0.0029252779204398394,-0.9643976092338562
1785956113994,0.26415106654167175,-0.012362256646156311,-0.0029252779204398394,-0.9643976092338562
1785956114004,0.26415106654167175,-0.012362256646156311,-0.0029252779204398394,-0.9643976092338562
1785956114014,0.26415106654167175,-0.012362256646156311,-0.0029252779204398394,-0.9643976092338562
1785956114024,0.26415106654167175,-0.012362256646156311,-0.0029252779204398394,-0.9643976092338562
1785956114035,0.26415106654167175,-0.012362256646156311,-0.0029252779204398394,-0.9643976092338562
1785956114044,0.26415106654167175,-0.012362256646156311,-0.0029252779204398394,-0.9643976092338562
1785956114054,0.26415106654167175,-0.012362256646156311,-0.0029252779204398394,-0.9643976092338562
1785956114064,0.26415106654167175,-0.012362256646156311,-0.0029252779204398394,-0.9643976092338562
1785956114074,0.26415106654167175,-0.012362256646156311,-0.0029252779204398394,-0.9643976092338562
1785956114083,0.26415106654167175,-0.012362256646156311,-0.0029252779204398394,-0.9643976092338562
1785956114093,0.26415106654167175,-0.012362256646156311,-0.0029252779204398394,-0.9643976092338562
1785956114104,0.26415106654167175,-0.012362256646156311,-0.0029252779204398394,-0.9643976092338562
1785956114114,0.26415106654167175,-0.012362256646156311,-0.0029252779204398394,-0.9643976092338562
1785956114124,0.26415106654167175,-0.012362256646156311,-0.0029252779204398394,-0.9643976092338562
1785956114133,0.26415106654167175,-0.012362256646156311,-0.0029252779204398394,-0.9643976092338562
1785956114143,0.26415106654167175,-0.012362256646156311,-0.0029252779204398394,-0.9643976092338562
1785956114153,0.26415106654167175,-0.012362256646156311,-0.0029252779204398394,-0.9643976092338562
1785956114164,0.26415106654167175,-0.012362256646156311,-0.0029252779204398394,-0.9643976092338562
1785956114172,0.26415106654167175,-0.012362256646156311,-0.0029252779204398394,-0.9643976092338562
1785956114183,0.26415106654167175,-0.012362256646156311,-0.0029252779204398394,-0.9643976092338562
1785956114193,0.26415106654167175,-0.012362256646156311,-0.0029252779204398394,-0.9643976092338562
1785956114203,0.26415106654167175,-0.012362256646156311,-0.0029252779204398394,-0.9643976092338562
1785956114213,0.26415106654167175,-0.012362256646156311,-0.0029252779204398394,-0.9643976092338562
1785956114222,0.26415106654167175,-0.012362256646156311,-0.0029252779204398394,-0.9643976092338562
1785956114232,0.26415106654167175,-0.012362256646156311,-0.0029252779204398394,-0.9643976092338562
1785956114243,0.26415106654167175,-0.012362256646156311,-0.0029252779204398394,-0.9643976092338562
1785956114253,0.26415106654167175,-0.012362256646156311,-0.0029252779204398394,-0.9643976092338562
1785956114262,0.26415106654167175,-0.012362256646156311,-0.0029252779204398394,-0.9643976092338562
1785956114272,0.26415106654167175,-0.012362256646156311,-0.0029252779204398394,-0.9643976092338562
1785956114282,0.26415106654167175,-0.012362256646156311,-0.0029252779204398394,-0.9643976092338562
1785956114293,0.26415106654167175,-0.012362256646156311,-0.0029252779204398394,-0.9643976092338562
1785956114303,0.26415106654167175,-0.012362256646156311,-0.0029252779204398394,-0.9643976092338562
1785956114312,0.26415106654167175,-0.012362256646156311,-0.0029252779204398394,-0.9643976092338562
1785956114322,0.26415106654167175,-0.012362256646156311,-0.0029252779204398394,-0.9643976092338562
1785956114332,0.26415106654167175,-0.012362256646156311,-0.0029252779204398394,-0.9643976092338562
1785956114342,0.26415106654167175,-0.012362256646156311,-0.0029252779204398394,-0.9643976092338562
1785956114351,0.26415106654167175,-0.012362256646156311,-0.0029252779204398394,-0.9643976092338562
1785956114361,0.26415106654167175,-0.012362256646156311,-0.0029252779204398394,-0.9643976092338562
1785956114372,0.26415106654167175,-0.012362256646156311,-0.0029252779204398394,-0.9643976092338562
1785956114382,0.26415106654167175,-0.012362256646156311,-0.0029252779204398394,-0.9643976092338562
1785956114391,0.26415106654167175,-0.012362256646156311,-0.0029252779204398394,-0.9643976092338562
1785956114401,0.26415106654167175,-0.012362256646156311,-0.0029252779204398394,-0.9643976092338562
1785956114411,0.26415106654167175,-0.012362256646156311,-0.0029252779204398394,-0.9643976092338562
1785956114421,0.26415106654167175,-0.012362256646156311,-0.0029252779204398394,-0.9643976092338562
1785956114432,0.26415106654167175,-0.012362256646156311,-0.0029252779204398394,-0.9643976092338562
1785956114440,0.26415106654167175,-0.012362256646156311,-0.0029252779204398394,-0.9643976092338562
1785956114451,0.26415106654167175,-0.012362256646156311,-0.0029252779204398394,-0.9643976092338562
1785956114461,0.26415106654167175,-0.012362256646156311,-0.0029252779204398394,-0.9643976092338562
1785956114471,0.26415106654167175,-0.012362256646156311,-0.0029252779204398394,-0.9643976092338562
1785956114480,0.26415106654167175,-0.012362256646156311,-0.0029252779204398394,-0.9643976092338562
1785956114490,0.26415106654167175,-0.012362256646156311,-0.0029252779204398394,-0.9643976092338562
1785956114501,0.26415106654167175,-0.012362256646156311,-0.0029252779204398394,-0.9643976092338562
1785956114511,0.26415106654167175,-0.012362256646156311,-0.0029252779204398394,-0.9643976092338562
1785956114521,0.26415106654167175,-0.012362256646156311,-0.0029252779204398394,-0.9643976092338562
1785956114530,0.26415106654167175,-0.012362256646156311,-0.0029252779204398394,-0.9643976092338562
1785956114540,0.26415106654167175,-0.012362256646156311,-0.0029252779204398394,-0.9643976092338562
1785956114550,0.26415106654167175,-0.012362256646156311,-0.0029252779204398394,-0.9643976092338562
1785956114561,0.26415106654167175,-0.012362256646156311,-0.0029252779204398394,-0.9643976092338562
1785956114569,0.26415106654167175,-0.012362256646156311,-0.0029252779204398394,-0.9643976092338562
1785956114580,0.26415106654167175,-0.012362256646156311,-0.0029252779204398394,-0.9643976092338562
1785956114590,0.26415106654167175,-0.012362256646156311,-0.0029252779204398394,-0.9643976092338562
1785956114600,0.26415106654167175,-0.012362256646156311,-0.0029252779204398394,-0.9643976092338562
1785956114610,0.26415106654167175,-0.012362256646156311,-0.0029252779204398394,-0.9643976092338562
1785956114619,0.26415106654167175,-0.012362256646156311,-0.0029252779204398394,-0.9643976092338562
1785956114629,0.26415106654167175,-0.012362256646156311,-0.0029252779204398394,-0.9643976092338562
1785956114640,0.26415106654167175,-0.012362256646156311,-0.0029252779204398394,-0.9643976092338562
1785956114650,0.26415106654167175,-0.012362256646156311,-0.0029252779204398394,-0.9643976092338562
1785956114659,0.26415106654167175,-0.012362256646156311,-0.0029252779204398394,-0.9643976092338562
1785956114669,0.26415106654167175,-0.012362256646156311,-0.0029252779204398394,-0.9643976092338562
1785956114679,0.26415106654167175,-0.012362256646156311,-0.0029252779204398394,-0.9643976092338562
1785956114690,0.26415106654167175,-0.012362256646156311,-0.0029252779204398394,-0.9643976092338562
1785956114700,0.26415106654167175,-0.012362256646156311,-0.0029252779204398394,-0.9643976092338562
1785956114709,0.26415106654167175,-0.012362256646156311,-0.0029252779204398394,-0.9643976092338562
1785956114719,0.26415106654167175,-0.012362256646156311,-0.0029252779204398394,-0.9643976092338562
1785956114729,0.26415106654167175,-0.012362256646156311,-0.0029252779204398394,-0.9643976092338562
1785956114739,0.26415106654167175,-0.012362256646156311,-0.0029252779204398394,-0.9643976092338562
1785956114748,0.26415106654167175,-0.012362256646156311,-0.0029252779204398394,-0.9643976092338562
1785956114758,0.26415106654167175,-0.012362256646156311,-0.0029252779204398394,-0.9643976092338562
1785956114769,0.26415106654167175,-0.012362256646156311,-0.0029252779204398394,-0.9643976092338562
1785956114779,0.26415106654167175,-0.012362256646156311,-0.0029252779204398394,-0.9643976092338562
1785956114789,0.26415106654167175,-0.012362256646156311,-0.0029252779204398394,-0.9643976092338562
1785956114798,0.26415106654167175,-0.012362256646156311,-0.0029252779204398394,-0.9643976092338562
1785956114808,0.26415106654167175,-0.012362256646156311,-0.0029252779204398394,-0.9643976092338562
1785956114818,0.26415106654167175,-0.012362256646156311,-0.0029252779204398394,-0.9643976092338562
1785956114829,0.26415106654167175,-0.012362256646156311,-0.0029252779204398394,-0.9643976092338562
1785956114837,0.26415106654167175,-0.012362256646156311,-0.0029252779204398394,-0.9643976092338562
1785956114848,0.26415106654167175,-0.012362256646156311,-0.0029252779204398394,-0.9643976092338562
1785956114858,0.26415106654167175,-0.012362256646156311,-0.0029252779204398394,-0.9643976092338562
1785956114868,0.26415106654167175,-0.012362256646156311,-0.0029252779204398394,-0.9643976092338562
1785956114878,0.26415106654167175,-0.012362256646156311,-0.0029252779204398394,-0.9643976092338562
1785956114887,0.26415106654167175,-0.012362256646156311,-0.0029252779204398394,-0.9643976092338562
1785956114898,0.26415106654167175,-0.012362256646156311,-0.0029252779204398394,-0.9643976092338562
1785956114908,0.26415106654167175,-0.012362256646156311,-0.0029252779204398394,-0.9643976092338562
1785956114918,0.26415106654167175,-0.012362256646156311,-0.0029252779204398394,-0.9643976092338562
1785956114927,0.26415106654167175,-0.012362256646156311,-0.0029252779204398394,-0.9643976092338562
1785956114937,0.26415106654167175,-0.012362256646156311,-0.0029252779204398394,-0.9643976092338562
1785956114947,0.26415106654167175,-0.012362256646156311,-0.0029252779204398394,-0.9643976092338562
1785956114958,0.26415106654167175,-0.012362256646156311,-0.0029252779204398394,-0.9643976092338562
1785956114966,0.26415106654167175,-0.012362256646156311,-0.0029252779204398394,-0.9643976092338562
1785956114977,0.26415106654167175,-0.012362256646156311,-0.0029252779204398394,-0.9643976092338562
1785956114987,0.26415106654167175,-0.012362256646156311,-0.0029252779204398394,-0.9643976092338562
1785956114997,0.26415106654167175,-0.012362256646156311,-0.0029252779204398394,-0.9643976092338562
1785956115007,0.26415106654167175,-0.012362256646156311,-0.0029252779204398394,-0.9643976092338562
1785956115016,0.26415106654167175,-0.012362256646156311,-0.0029252779204398394,-0.9643976092338562
1785956115026,0.26415106654167175,-0.012362256646156311,-0.0029252779204398394,-0.9643976092338562
1785956115037,0.26415106654167175,-0.012362256646156311,-0.0029252779204398394,-0.9643976092338562
1785956115047,0.26415106654167175,-0.012362256646156311,-0.0029252779204398394,-0.9643976092338562
1785956115056,0.26415106654167175,-0.012362256646156311,-0.0029252779204398394,-0.9643976092338562
1785956115066,0.26415106654167175,-0.012362256646156311,-0.0029252779204398394,-0.9643976092338562
1785956115076,0.26415106654167175,-0.012362256646156311,-0.0029252779204398394,-0.9643976092338562
1785956115086,0.26415106654167175,-0.012362256646156311,-0.0029252779204398394,-0.9643976092338562
1785956115097,0.26415106654167175,-0.012362256646156311,-0.0029252779204398394,-0.9643976092338562
1785956115106,0.26415106654167175,-0.012362256646156311,-0.0029252779204398394,-0.9643976092338562
1785956115116,0.26415106654167175,-0.012362256646156311,-0.0029252779204398394,-0.9643976092338562
1785956115126,0.26415106654167175,-0.012362256646156311,-0.0029252779204398394,-0.9643976092338562
1785956115136,0.26415106654167175,-0.012362256646156311,-0.0029252779204398394,-0.9643976092338562
1785956115145,0.26415106654167175,-0.012362256646156311,-0.0029252779204398394,-0.9643976092338562
1785956115155,0.26415106654167175,-0.012362256646156311,-0.0029252779204398394,-0.9643976092338562
1785956115166,0.26415106654167175,-0.012362256646156311,-0.0029252779204398394,-0.9643976092338562
1785956115176,0.26415106654167175,-0.012362256646156311,-0.0029252779204398394,-0.9643976092338562
1785956115186,0.26415106654167175,-0.012362256646156311,-0.0029252779204398394,-0.9643976092338562
1785956115195,0.26415106654167175,-0.012362256646156311,-0.0029252779204398394,-0.9643976092338562
1785956115205,0.26415106654167175,-0.012362256646156311,-0.0029252779204398394,-0.9643976092338562
1785956115215,0.26415106654167175,-0.012362256646156311,-0.0029252779204398394,-0.9643976092338562
1785956115226,0.26415106654167175,-0.012362256646156311,-0.0029252779204398394,-0.9643976092338562
1785956115234,0.26415106654167175,-0.012362256646156311,-0.0029252779204398394,-0.9643976092338562
1785956115245,0.26415106654167175,-0.012362256646156311,-0.0029252779204398394,-0.9643976092338562
1785956115255,0.26415106654167175,-0.012362256646156311,-0.0029252779204398394,-0.9643976092338562
1785956115265,0.26415106654167175,-0.012362256646156311,-0.0029252779204398394,-0.9643976092338562
1785956115275,0.26415106654167175,-0.012362256646156311,-0.0029252779204398394,-0.9643976092338562
1785956115284,0.26415106654167175,-0.012362256646156311,-0.0029252779204398394,-0.9643976092338562
1785956115294,0.26415106654167175,-0.012362256646156311,-0.0029252779204398394,-0.9643976092338562
1785956115305,0.26415106654167175,-0.012362256646156311,-0.0029252779204398394,-0.9643976092338562
1785956115315,0.26415106654167175,-0.012362256646156311,-0.0029252779204398394,-0.9643976092338562
1785956115324,0.26415106654167175,-0.012362256646156311,-0.0029252779204398394,-0.9643976092338562
1785956115334,0.26415106654167175,-0.012362256646156311,-0.0029252779204398394,-0.9643976092338562
1785956115344,0.26415106654167175,-0.012362256646156311,-0.0029252779204398394,-0.9643976092338562
1785956115355,0.26415106654167175,-0.012362256646156311,-0.0029252779204398394,-0.9643976092338562
1785956115365,0.26415106654167175,-0.012362256646156311,-0.0029252779204398394,-0.9643976092338562
1785956115374,0.26415106654167175,-0.012362256646156311,-0.0029252779204398394,-0.9643976092338562
1785956115384,0.26415106654167175,-0.012362256646156311,-0.0029252779204398394,-0.9643976092338562
1785956115394,0.26415106654167175,-0.012362256646156311,-0.0029252779204398394,-0.9643976092338562
1785956115404,0.26415106654167175,-0.012362256646156311,-0.0029252779204398394,-0.9643976092338562
1785956115413,0.26415106654167175,-0.012362256646156311,-0.0029252779204398394,-0.9643976092338562
1785956115423,0.26415106654167175,-0.012362256646156311,-0.0029252779204398394,-0.9643976092338562
1785956115434,0.26415106654167175,-0.012362256646156311,-0.0029252779204398394,-0.9643976092338562
1785956115444,0.26415106654167175,-0.012362256646156311,-0.0029252779204398394,-0.9643976092338562
1785956115454,0.26415106654167175,-0.012362256646156311,-0.0029252779204398394,-0.9643976092338562
1785956115463,0.26415106654167175,-0.012362256646156311,-0.0029252779204398394,-0.9643976092338562
1785956115473,0.26415106654167175,-0.012362256646156311,-0.0029252779204398394,-0.9643976092338562
1785956115483,0.26415106654167175,-0.012362256646156311,-0.0029252779204398394,-0.9643976092338562
1785956115494,0.26415106654167175,-0.012362256646156311,-0.0029252779204398394,-0.9643976092338562
1785956115502,0.26415106654167175,-0.012362256646156311,-0.0029252779204398394,-0.9643976092338562
1785956115513,0.26415106654167175,-0.012362256646156311,-0.0029252779204398394,-0.9643976092338562
1785956115523,0.26415106654167175,-0.012362256646156311,-0.0029252779204398394,-0.9643976092338562
1785956115533,0.26415106654167175,-0.012362256646156311,-0.0029252779204398394,-0.9643976092338562
1785956115544,0.26415106654167175,-0.012362256646156311,-0.0029252779204398394,-0.9643976092338562
1785956115552,0.26415106654167175,-0.012362256646156311,-0.0029252779204398394,-0.9643976092338562
1785956115563,0.26415106654167175,-0.012362256646156311,-0.0029252779204398394,-0.9643976092338562
1785956115573,0.26415106654167175,-0.012362256646156311,-0.0029252779204398394,-0.9643976092338562
1785956115583,0.26415106654167175,-0.012362256646156311,-0.0029252779204398394,-0.9643976092338562
1785956115592,0.26415106654167175,-0.012362256646156311,-0.0029252779204398394,-0.9643976092338562
1785956115602,0.26415106654167175,-0.012362256646156311,-0.0029252779204398394,-0.9643976092338562
1785956115612,0.26415106654167175,-0.012362256646156311,-0.0029252779204398394,-0.9643976092338562
1785956115623,0.26415106654167175,-0.012362256646156311,-0.0029252779204398394,-0.9643976092338562
1785956115631,0.26415106654167175,-0.012362256646156311,-0.0029252779204398394,-0.9643976092338562
1785956115642,0.26415106654167175,-0.012362256646156311,-0.0029252779204398394,-0.9643976092338562
1785956115652,0.26415106654167175,-0.012362256646156311,-0.0029252779204398394,-0.9643976092338562
1785956115662,0.26415106654167175,-0.012362256646156311,-0.0029252779204398394,-0.9643976092338562
1785956115672,0.26415106654167175,-0.012362256646156311,-0.0029252779204398394,-0.9643976092338562
1785956115681,0.26415106654167175,-0.012362256646156311,-0.0029252779204398394,-0.9643976092338562
1785956115691,0.26415106654167175,-0.012362256646156311,-0.0029252779204398394,-0.9643976092338562
1785956115702,0.26415106654167175,-0.012362256646156311,-0.0029252779204398394,-0.9643976092338562
1785956115712,0.26415106654167175,-0.012362256646156311,-0.0029252779204398394,-0.9643976092338562
1785956115721,0.26415106654167175,-0.012362256646156311,-0.0029252779204398394,-0.9643976092338562
1785956115731,0.26415106654167175,-0.012362256646156311,-0.0029252779204398394,-0.9643976092338562
1785956115741,0.26415106654167175,-0.012362256646156311,-0.0029252779204398394,-0.9643976092338562
1785956115752,0.26415106654167175,-0.012362256646156311,-0.0029252779204398394,-0.9643976092338562
1785956115762,0.26415106654167175,-0.012362256646156311,-0.0029252779204398394,-0.9643976092338562
1785956115771,0.26415106654167175,-0.012362256646156311,-0.0029252779204398394,-0.9643976092338562
1785956115781,0.26415106654167175,-0.012362256646156311,-0.0029252779204398394,-0.9643976092338562
1785956115791,0.26415106654167175,-0.012362256646156311,-0.0029252779204398394,-0.9643976092338562
1785956115801,0.26415106654167175,-0.012362256646156311,-0.0029252779204398394,-0.9643976092338562
1785956115810,0.26415106654167175,-0.012362256646156311,-0.0029252779204398394,-0.9643976092338562
1785956115820,0.26415106654167175,-0.012362256646156311,-0.0029252779204398394,-0.9643976092338562
1785956115831,0.26415106654167175,-0.012362256646156311,-0.0029252779204398394,-0.9643976092338562
1785956115841,0.26415106654167175,-0.012362256646156311,-0.0029252779204398394,-0.9643976092338562
1785956115851,0.26415106654167175,-0.012362256646156311,-0.0029252779204398394,-0.9643976092338562
1785956115860,0.26415106654167175,-0.012362256646156311,-0.0029252779204398394,-0.9643976092338562
1785956115870,0.26415106654167175,-0.012362256646156311,-0.0029252779204398394,-0.9643976092338562
1785956115880,0.26415106654167175,-0.012362256646156311,-0.0029252779204398394,-0.9643976092338562
1785956115891,0.26415106654167175,-0.012362256646156311,-0.0029252779204398394,-0.9643976092338562
1785956115899,0.26415106654167175,-0.012362256646156311,-0.0029252779204398394,-0.9643976092338562
1785956115910,0.26415106654167175,-0.012362256646156311,-0.0029252779204398394,-0.9643976092338562
1785956115920,0.26415106654167175,-0.012362256646156311,-0.0029252779204398394,-0.9643976092338562
1785956115930,0.26415106654167175,-0.012362256646156311,-0.0029252779204398394,-0.9643976092338562
1785956115940,0.26415106654167175,-0.012362256646156311,-0.0029252779204398394,-0.9643976092338562
1785956115949,0.26415106654167175,-0.012362256646156311,-0.0029252779204398394,-0.9643976092338562
1785956115960,0.26415106654167175,-0.012362256646156311,-0.0029252779204398394,-0.9643976092338562
1785956115970,0.26415106654167175,-0.012362256646156311,-0.0029252779204398394,-0.9643976092338562
1785956115980,0.26415106654167175,-0.012362256646156311,-0.0029252779204398394,-0.9643976092338562
1785956115989,0.26415106654167175,-0.012362256646156311,-0.0029252779204398394,-0.9643976092338562
1785956115999,0.26415106654167175,-0.012362256646156311,-0.0029252779204398394,-0.9643976092338562
1785956116009,0.26415106654167175,-0.012362256646156311,-0.0029252779204398394,-0.9643976092338562
1785956116020,0.26415106654167175,-0.012362256646156311,-0.0029252779204398394,-0.9643976092338562
1785956116030,0.26415106654167175,-0.012362256646156311,-0.0029252779204398394,-0.9643976092338562
1785956116039,0.26415106654167175,-0.012362256646156311,-0.0029252779204398394,-0.9643976092338562
1785956116049,0.26415106654167175,-0.012362256646156311,-0.0029252779204398394,-0.9643976092338562
1785956116059,0.26415106654167175,-0.012362256646156311,-0.0029252779204398394,-0.9643976092338562
1785956116069,0.26415106654167175,-0.012362256646156311,-0.0029252779204398394,-0.9643976092338562
1785956116078,0.26415106654167175,-0.012362256646156311,-0.0029252779204398394,-0.9643976092338562
1785956116088,0.26415106654167175,-0.012362256646156311,-0.0029252779204398394,-0.9643976092338562
1785956116099,0.26415106654167175,-0.012362256646156311,-0.0029252779204398394,-0.9643976092338562
1785956116109,0.26415106654167175,-0.012362256646156311,-0.0029252779204398394,-0.9643976092338562
1785956116118,0.26415106654167175,-0.012362256646156311,-0.0029252779204398394,-0.9643976092338562
1785956116128,0.26415106654167175,-0.012362256646156311,-0.0029252779204398394,-0.9643976092338562
1785956116138,0.26415106654167175,-0.012362256646156311,-0.0029252779204398394,-0.9643976092338562
1785956116148,0.26415106654167175,-0.012362256646156311,-0.0029252779204398394,-0.9643976092338562
1785956116159,0.26415106654167175,-0.012362256646156311,-0.0029252779204398394,-0.9643976092338562
1785956116168,0.26415106654167175,-0.012362256646156311,-0.0029252779204398394,-0.9643976092338562
1785956116178,0.26415106654167175,-0.012362256646156311,-0.0029252779204398394,-0.9643976092338562
1785956116188,0.26415106654167175,-0.012362256646156311,-0.0029252779204398394,-0.9643976092338562
1785956116198,0.26415106654167175,-0.012362256646156311,-0.0029252779204398394,-0.9643976092338562
1785956116207,0.26415106654167175,-0.012362256646156311,-0.0029252779204398394,-0.9643976092338562
1785956116217,0.26415106654167175,-0.012362256646156311,-0.0029252779204398394,-0.9643976092338562
1785956116228,0.26415106654167175,-0.012362256646156311,-0.0029252779204398394,-0.9643976092338562
1785956116238,0.26415106654167175,-0.012362256646156311,-0.0029252779204398394,-0.9643976092338562
1785956116248,0.26415106654167175,-0.012362256646156311,-0.0029252779204398394,-0.9643976092338562
1785956116257,0.26415106654167175,-0.012362256646156311,-0.0029252779204398394,-0.9643976092338562
1785956116267,0.2641517221927643,-0.012348187156021595,-0.0029766433872282505,-0.9643974304199219
1785956116277,0.2641517221927643,-0.012348187156021595,-0.0029766433872282505,-0.9643974304199219
1785956116288,0.2641517221927643,-0.012348187156021595,-0.0029766433872282505,-0.9643974304199219
1785956116296,0.2641517221927643,-0.012348187156021595,-0.0029766433872282505,-0.9643974304199219
1785956116307,0.2641517221927643,-0.012348187156021595,-0.0029766433872282505,-0.9643974304199219
1785956116317,0.2641517221927643,-0.012348187156021595,-0.0029766433872282505,-0.9643974304199219
1785956116327,0.2641517221927643,-0.012348187156021595,-0.0029766433872282505,-0.9643974304199219
1785956116337,0.2641517221927643,-0.012348187156021595,-0.0029766433872282505,-0.9643974304199219
1785956116346,0.2641517221927643,-0.012348187156021595,-0.0029766433872282505,-0.9643974304199219
1785956116356,0.2641517221927643,-0.012348187156021595,-0.0029766433872282505,-0.9643974304199219
1785956116367,0.2641517221927643,-0.012348187156021595,-0.0029766433872282505,-0.9643974304199219
1785956116377,0.2641517221927643,-0.012348187156021595,-0.0029766433872282505,-0.9643974304199219
1785956116387,0.2641517221927643,-0.012348187156021595,-0.0029766433872282505,-0.9643974304199219
1785956116396,0.2641517221927643,-0.012348187156021595,-0.0029766433872282505,-0.9643974304199219
1785956116406,0.2641517221927643,-0.012348187156021595,-0.0029766433872282505,-0.9643974304199219
1785956116417,0.2641517221927643,-0.012348187156021595,-0.0029766433872282505,-0.9643974304199219
1785956116427,0.2641517221927643,-0.012348187156021595,-0.0029766433872282505,-0.9643974304199219
1785956116436,0.2641517221927643,-0.012348187156021595,-0.0029766433872282505,-0.9643974304199219
1785956116446,0.2641517221927643,-0.012348187156021595,-0.0029766433872282505,-0.9643974304199219
1785956116456,0.2641517221927643,-0.012348187156021595,-0.0029766433872282505,-0.9643974304199219
1785956116466,0.2641517221927643,-0.012348187156021595,-0.0029766433872282505,-0.9643974304199219
1785956116475,0.2641517221927643,-0.012348187156021595,-0.0029766433872282505,-0.9643974304199219
1785956116485,0.2641517221927643,-0.012348187156021595,-0.0029766433872282505,-0.9643974304199219
1785956116496,0.2641517221927643,-0.012348187156021595,-0.0029766433872282505,-0.9643974304199219
1785956116506,0.2641517221927643,-0.012348187156021595,-0.0029766433872282505,-0.9643974304199219
1785956116516,0.2641517221927643,-0.012348187156021595,-0.0029766433872282505,-0.9643974304199219
1785956116525,0.2641517221927643,-0.012348187156021595,-0.0029766433872282505,-0.9643974304199219
1785956116535,0.2641517221927643,-0.012348187156021595,-0.0029766433872282505,-0.9643974304199219
1785956116545,0.2641517221927643,-0.012348187156021595,-0.0029766433872282505,-0.9643974304199219
1785956116556,0.2641517221927643,-0.012348187156021595,-0.0029766433872282505,-0.9643974304199219
1785956116565,0.2641517221927643,-0.012348187156021595,-0.0029766433872282505,-0.9643974304199219
1785956116575,0.2641517221927643,-0.012348187156021595,-0.0029766433872282505,-0.9643974304199219
1785956116585,0.2641517221927643,-0.012348187156021595,-0.0029766433872282505,-0.9643974304199219
1785956116595,0.2641517221927643,-0.012348187156021595,-0.0029766433872282505,-0.9643974304199219
1785956116606,0.2641517221927643,-0.012348187156021595,-0.0029766433872282505,-0.9643974304199219
1785956116614,0.2641517221927643,-0.012348187156021595,-0.0029766433872282505,-0.9643974304199219
1785956116625,0.2641517221927643,-0.012348187156021595,-0.0029766433872282505,-0.9643974304199219
1785956116635,0.2641517221927643,-0.012348187156021595,-0.0029766433872282505,-0.9643974304199219
1785956116645,0.2641517221927643,-0.012348187156021595,-0.0029766433872282505,-0.9643974304199219
1785956116654,0.2641517221927643,-0.012348187156021595,-0.0029766433872282505,-0.9643974304199219
1785956116664,0.2641517221927643,-0.012348187156021595,-0.0029766433872282505,-0.9643974304199219
1785956116674,0.2641517221927643,-0.012348187156021595,-0.0029766433872282505,-0.9643974304199219
1785956116685,0.2641517221927643,-0.012348187156021595,-0.0029766433872282505,-0.9643974304199219
1785956116693,0.2641517221927643,-0.012348187156021595,-0.0029766433872282505,-0.9643974304199219
1785956116704,0.2641517221927643,-0.012348187156021595,-0.0029766433872282505,-0.9643974304199219
1785956116714,0.2641517221927643,-0.012348187156021595,-0.0029766433872282505,-0.9643974304199219
1785956116724,0.2641517221927643,-0.012348187156021595,-0.0029766433872282505,-0.9643974304199219
1785956116734,0.2641517221927643,-0.012348187156021595,-0.0029766433872282505,-0.9643974304199219
1785956116743,0.2641517221927643,-0.012348187156021595,-0.0029766433872282505,-0.9643974304199219
1785956116753,0.2641517221927643,-0.012348187156021595,-0.0029766433872282505,-0.9643974304199219
1785956116764,0.2641517221927643,-0.012348187156021595,-0.0029766433872282505,-0.9643974304199219
1785956116774,0.2641517221927643,-0.012348187156021595,-0.0029766433872282505,-0.9643974304199219
1785956116783,0.2641517221927643,-0.012348187156021595,-0.0029766433872282505,-0.9643974304199219
1785956116793,0.2641517221927643,-0.012348187156021595,-0.0029766433872282505,-0.9643974304199219
1785956116803,0.2641517221927643,-0.012348187156021595,-0.0029766433872282505,-0.9643974304199219
1785956116814,0.2641517221927643,-0.012348187156021595,-0.0029766433872282505,-0.9643974304199219
1785956116824,0.2641517221927643,-0.012348187156021595,-0.0029766433872282505,-0.9643974304199219
1785956116833,0.2641517221927643,-0.012348187156021595,-0.0029766433872282505,-0.9643974304199219
1785956116843,0.2641517221927643,-0.012348187156021595,-0.0029766433872282505,-0.9643974304199219
1785956116853,0.2641517221927643,-0.012348187156021595,-0.0029766433872282505,-0.9643974304199219
1785956116863,0.2641517221927643,-0.012348187156021595,-0.0029766433872282505,-0.9643974304199219
1785956116872,0.2641517221927643,-0.012348187156021595,-0.0029766433872282505,-0.9643974304199219
1785956116882,0.2641517221927643,-0.012348187156021595,-0.0029766433872282505,-0.9643974304199219
1785956116893,0.2641517221927643,-0.012348187156021595,-0.0029766433872282505,-0.9643974304199219
1785956116903,0.2641517221927643,-0.012348187156021595,-0.0029766433872282505,-0.9643974304199219
1785956116913,0.2641517221927643,-0.012348187156021595,-0.0029766433872282505,-0.9643974304199219
1785956116922,0.2641517221927643,-0.012348187156021595,-0.0029766433872282505,-0.9643974304199219
1785956116932,0.2641517221927643,-0.012348187156021595,-0.0029766433872282505,-0.9643974304199219
1785956116942,0.2641517221927643,-0.012348187156021595,-0.0029766433872282505,-0.9643974304199219
1785956116953,0.2641517221927643,-0.012348187156021595,-0.0029766433872282505,-0.9643974304199219
1785956116961,0.2641517221927643,-0.012348187156021595,-0.0029766433872282505,-0.9643974304199219
1785956116972,0.2641517221927643,-0.012348187156021595,-0.0029766433872282505,-0.9643974304199219
1785956116982,0.2641517221927643,-0.012348187156021595,-0.0029766433872282505,-0.9643974304199219
1785956116992,0.2641517221927643,-0.012348187156021595,-0.0029766433872282505,-0.9643974304199219
1785956117002,0.2641517221927643,-0.012348187156021595,-0.0029766433872282505,-0.9643974304199219
1785956117011,0.2641517221927643,-0.012348187156021595,-0.0029766433872282505,-0.9643974304199219
1785956117022,0.2641517221927643,-0.012348187156021595,-0.0029766433872282505,-0.9643974304199219
1785956117032,0.2641517221927643,-0.012348187156021595,-0.0029766433872282505,-0.9643974304199219
1785956117042,0.2641517221927643,-0.012348187156021595,-0.0029766433872282505,-0.9643974304199219
1785956117051,0.2641517221927643,-0.012348187156021595,-0.0029766433872282505,-0.9643974304199219
1785956117061,0.2641517221927643,-0.012348187156021595,-0.0029766433872282505,-0.9643974304199219
1785956117071,0.2641517221927643,-0.012348187156021595,-0.0029766433872282505,-0.9643974304199219
1785956117082,0.2641517221927643,-0.012348187156021595,-0.0029766433872282505,-0.9643974304199219
1785956117092,0.2641517221927643,-0.012348187156021595,-0.0029766433872282505,-0.9643974304199219
1785956117101,0.2641517221927643,-0.012348187156021595,-0.0029766433872282505,-0.9643974304199219
1785956117111,0.2641517221927643,-0.012348187156021595,-0.0029766433872282505,-0.9643974304199219
1785956117121,0.2641517221927643,-0.012348187156021595,-0.0029766433872282505,-0.9643974304199219
1785956117131,0.2641517221927643,-0.012348187156021595,-0.0029766433872282505,-0.9643974304199219
1785956117140,0.2641517221927643,-0.012348187156021595,-0.0029766433872282505,-0.9643974304199219
1785956117150,0.2641517221927643,-0.012348187156021595,-0.0029766433872282505,-0.9643974304199219
1785956117161,0.2641517221927643,-0.012348187156021595,-0.0029766433872282505,-0.9643974304199219
1785956117171,0.2641517221927643,-0.012348187156021595,-0.0029766433872282505,-0.9643974304199219
1785956117181,0.2641517221927643,-0.012348187156021595,-0.0029766433872282505,-0.9643974304199219
1785956117190,0.2641517221927643,-0.012348187156021595,-0.0029766433872282505,-0.9643974304199219
1785956117200,0.2641517221927643,-0.012348187156021595,-0.0029766433872282505,-0.9643974304199219
1785956117211,0.2641517221927643,-0.012348187156021595,-0.0029766433872282505,-0.9643974304199219
1785956117221,0.2641517221927643,-0.012348187156021595,-0.0029766433872282505,-0.9643974304199219
1785956117230,0.2641517221927643,-0.012348187156021595,-0.0029766433872282505,-0.9643974304199219
1785956117240,0.2641517221927643,-0.012348187156021595,-0.0029766433872282505,-0.9643974304199219
1785956117250,0.2641517221927643,-0.012348187156021595,-0.0029766433872282505,-0.9643974304199219
1785956117260,0.2641517221927643,-0.012348187156021595,-0.0029766433872282505,-0.9643974304199219
1785956117269,0.2641517221927643,-0.012348187156021595,-0.0029766433872282505,-0.9643974304199219
1785956117279,0.2641517221927643,-0.012348187156021595,-0.0029766433872282505,-0.9643974304199219
1785956117290,0.2641517221927643,-0.012348187156021595,-0.0029766433872282505,-0.9643974304199219
1785956117300,0.2641517221927643,-0.012348187156021595,-0.0029766433872282505,-0.9643974304199219
1785956117310,0.2641517221927643,-0.012348187156021595,-0.0029766433872282505,-0.9643974304199219
1785956117319,0.2641517221927643,-0.012348187156021595,-0.0029766433872282505,-0.9643974304199219
1785956117329,0.2641517221927643,-0.012348187156021595,-0.0029766433872282505,-0.9643974304199219
1785956117339,0.2641517221927643,-0.012348187156021595,-0.0029766433872282505,-0.9643974304199219
1785956117350,0.2641517221927643,-0.012348187156021595,-0.0029766433872282505,-0.9643974304199219
1785956117360,0.2641517221927643,-0.012348187156021595,-0.0029766433872282505,-0.9643974304199219
1785956117369,0.2641517221927643,-0.012348187156021595,-0.0029766433872282505,-0.9643974304199219
1785956117379,0.2641517221927643,-0.012348187156021595,-0.0029766433872282505,-0.9643974304199219
1785956117389,0.2641517221927643,-0.012348187156021595,-0.0029766433872282505,-0.9643974304199219
1785956117399,0.2641517221927643,-0.012348187156021595,-0.0029766433872282505,-0.9643974304199219
1785956117408,0.2641517221927643,-0.012348187156021595,-0.0029766433872282505,-0.9643974304199219
1785956117419,0.2641517221927643,-0.012348187156021595,-0.0029766433872282505,-0.9643974304199219
1785956117429,0.2641517221927643,-0.012348187156021595,-0.0029766433872282505,-0.9643974304199219
1785956117439,0.2641517221927643,-0.012348187156021595,-0.0029766433872282505,-0.9643974304199219
1785956117449,0.2641517221927643,-0.012348187156021595,-0.0029766433872282505,-0.9643974304199219
1785956117458,0.2641517221927643,-0.012348187156021595,-0.0029766433872282505,-0.9643974304199219
1785956117468,0.2641517221927643,-0.012348187156021595,-0.0029766433872282505,-0.9643974304199219
1785956117479,0.2641517221927643,-0.012348187156021595,-0.0029766433872282505,-0.9643974304199219
1785956117489,0.2641517221927643,-0.012348187156021595,-0.0029766433872282505,-0.9643974304199219
1785956117498,0.2641517221927643,-0.012348187156021595,-0.0029766433872282505,-0.9643974304199219
1785956117508,0.2641517221927643,-0.012348187156021595,-0.0029766433872282505,-0.9643974304199219
1785956117518,0.2641517221927643,-0.012348187156021595,-0.0029766433872282505,-0.9643974304199219
1785956117528,0.2641517221927643,-0.012348187156021595,-0.0029766433872282505,-0.9643974304199219
1785956117537,0.2641517221927643,-0.012348187156021595,-0.0029766433872282505,-0.9643974304199219
1785956117547,0.2641517221927643,-0.012348187156021595,-0.0029766433872282505,-0.9643974304199219
1785956117558,0.2641517221927643,-0.012348187156021595,-0.0029766433872282505,-0.9643974304199219
1785956117568,0.2641517221927643,-0.012348187156021595,-0.0029766433872282505,-0.9643974304199219
1785956117578,0.2641517221927643,-0.012348187156021595,-0.0029766433872282505,-0.9643974304199219
1785956117587,0.2641517221927643,-0.012348187156021595,-0.0029766433872282505,-0.9643974304199219
1785956117597,0.2641517221927643,-0.012348187156021595,-0.0029766433872282505,-0.9643974304199219
1785956117607,0.2641517221927643,-0.012348187156021595,-0.0029766433872282505,-0.9643974304199219
1785956117618,0.2641517221927643,-0.012348187156021595,-0.0029766433872282505,-0.9643974304199219
1785956117627,0.2641517221927643,-0.012348187156021595,-0.0029766433872282505,-0.9643974304199219
1785956117637,0.2641517221927643,-0.012348187156021595,-0.0029766433872282505,-0.9643974304199219
1785956117647,0.2641517221927643,-0.012348187156021595,-0.0029766433872282505,-0.9643974304199219
1785956117657,0.2641517221927643,-0.012348187156021595,-0.0029766433872282505,-0.9643974304199219
1785956117668,0.2641517221927643,-0.012348187156021595,-0.0029766433872282505,-0.9643974304199219
1785956117676,0.2641517221927643,-0.012348187156021595,-0.0029766433872282505,-0.9643974304199219
1785956117687,0.2641517221927643,-0.012348187156021595,-0.0029766433872282505,-0.9643974304199219
1785956117697,0.2641517221927643,-0.012348187156021595,-0.0029766433872282505,-0.9643974304199219
1785956117707,0.2641517221927643,-0.012348187156021595,-0.0029766433872282505,-0.9643974304199219
1785956117716,0.2641517221927643,-0.012348187156021595,-0.0029766433872282505,-0.9643974304199219
1785956117726,0.2641517221927643,-0.012348187156021595,-0.0029766433872282505,-0.9643974304199219
1785956117736,0.2641517221927643,-0.012348187156021595,-0.0029766433872282505,-0.9643974304199219
1785956117747,0.2641517221927643,-0.012348187156021595,-0.0029766433872282505,-0.9643974304199219
1785956117757,0.2641517221927643,-0.012348187156021595,-0.0029766433872282505,-0.9643974304199219
1785956117766,0.2641517221927643,-0.012348187156021595,-0.0029766433872282505,-0.9643974304199219
1785956117776,0.2641517221927643,-0.012348187156021595,-0.0029766433872282505,-0.9643974304199219
1785956117786,0.2641517221927643,-0.012348187156021595,-0.0029766433872282505,-0.9643974304199219
1785956117796,0.2641517221927643,-0.012348187156021595,-0.0029766433872282505,-0.9643974304199219
1785956117805,0.2641517221927643,-0.012348187156021595,-0.0029766433872282505,-0.9643974304199219
1785956117815,0.2641517221927643,-0.012348187156021595,-0.0029766433872282505,-0.9643974304199219
1785956117826,0.2641517221927643,-0.012348187156021595,-0.0029766433872282505,-0.9643974304199219
1785956117836,0.2641517221927643,-0.012348187156021595,-0.0029766433872282505,-0.9643974304199219
1785956117846,0.2641517221927643,-0.012348187156021595,-0.0029766433872282505,-0.9643974304199219
1785956117855,0.2641517221927643,-0.012348187156021595,-0.0029766433872282505,-0.9643974304199219
1785956117865,0.2641517221927643,-0.012348187156021595,-0.0029766433872282505,-0.9643974304199219
1785956117876,0.2641517221927643,-0.012348187156021595,-0.0029766433872282505,-0.9643974304199219
1785956117886,0.2641517221927643,-0.012348187156021595,-0.0029766433872282505,-0.9643974304199219
1785956117895,0.2641517221927643,-0.012348187156021595,-0.0029766433872282505,-0.9643974304199219
1785956117905,0.2641517221927643,-0.012348187156021595,-0.0029766433872282505,-0.9643974304199219
1785956117915,0.2641517221927643,-0.012348187156021595,-0.0029766433872282505,-0.9643974304199219
1785956117925,0.2641517221927643,-0.012348187156021595,-0.0029766433872282505,-0.9643974304199219
1785956117936,0.2641517221927643,-0.012348187156021595,-0.0029766433872282505,-0.9643974304199219
1785956117944,0.2641517221927643,-0.012348187156021595,-0.0029766433872282505,-0.9643974304199219
1785956117955,0.2641517221927643,-0.012348187156021595,-0.0029766433872282505,-0.9643974304199219
1785956117965,0.2641517221927643,-0.012348187156021595,-0.0029766433872282505,-0.9643974304199219
1785956117975,0.2641517221927643,-0.012348187156021595,-0.0029766433872282505,-0.9643974304199219
1785956117984,0.2641517221927643,-0.012348187156021595,-0.0029766433872282505,-0.9643974304199219
1785956117994,0.2641517221927643,-0.012348187156021595,-0.0029766433872282505,-0.9643974304199219
1785956118004,0.2641517221927643,-0.012348187156021595,-0.0029766433872282505,-0.9643974304199219
1785956118015,0.2641517221927643,-0.012348187156021595,-0.0029766433872282505,-0.9643974304199219
1785956118023,0.2641517221927643,-0.012348187156021595,-0.0029766433872282505,-0.9643974304199219
1785956118034,0.2641517221927643,-0.012348187156021595,-0.0029766433872282505,-0.9643974304199219
1785956118044,0.2641517221927643,-0.012348187156021595,-0.0029766433872282505,-0.9643974304199219
1785956118054,0.2641517221927643,-0.012348187156021595,-0.0029766433872282505,-0.9643974304199219
1785956118065,0.2641517221927643,-0.012348187156021595,-0.0029766433872282505,-0.9643974304199219
1785956118073,0.2641517221927643,-0.012348187156021595,-0.0029766433872282505,-0.9643974304199219
1785956118084,0.2641517221927643,-0.012348187156021595,-0.0029766433872282505,-0.9643974304199219
1785956118094,0.2641517221927643,-0.012348187156021595,-0.0029766433872282505,-0.9643974304199219
1785956118104,0.2641524374485016,-0.012332893908023834,-0.0030324789695441723,-0.9643972516059875
1785956118113,0.2641524374485016,-0.012332893908023834,-0.0030324789695441723,-0.9643972516059875
1785956118123,0.2641524374485016,-0.012332893908023834,-0.0030324789695441723,-0.9643972516059875
1785956118133,0.2641524374485016,-0.012332893908023834,-0.0030324789695441723,-0.9643972516059875
1785956118144,0.2641524374485016,-0.012332893908023834,-0.0030324789695441723,-0.9643972516059875
1785956118154,0.2641524374485016,-0.012332893908023834,-0.0030324789695441723,-0.9643972516059875
1785956118163,0.2641524374485016,-0.012332893908023834,-0.0030324789695441723,-0.9643972516059875
1785956118173,0.2641524374485016,-0.012332893908023834,-0.0030324789695441723,-0.9643972516059875
1785956118183,0.2641524374485016,-0.012332893908023834,-0.0030324789695441723,-0.9643972516059875
1785956118193,0.2641524374485016,-0.012332893908023834,-0.0030324789695441723,-0.9643972516059875
1785956118202,0.2641524374485016,-0.012332893908023834,-0.0030324789695441723,-0.9643972516059875
1785956118212,0.2641524374485016,-0.012332893908023834,-0.0030324789695441723,-0.9643972516059875
1785956118223,0.2641524374485016,-0.012332893908023834,-0.0030324789695441723,-0.9643972516059875
1785956118233,0.2641524374485016,-0.012332893908023834,-0.0030324789695441723,-0.9643972516059875
1785956118243,0.2641524374485016,-0.012332893908023834,-0.0030324789695441723,-0.9643972516059875
1785956118252,0.2641524374485016,-0.012332893908023834,-0.0030324789695441723,-0.9643972516059875
1785956118262,0.2641524374485016,-0.012332893908023834,-0.0030324789695441723,-0.9643972516059875
1785956118273,0.2641524374485016,-0.012332893908023834,-0.0030324789695441723,-0.9643972516059875
1785956118283,0.2641524374485016,-0.012332893908023834,-0.0030324789695441723,-0.9643972516059875
1785956118292,0.2641524374485016,-0.012332893908023834,-0.0030324789695441723,-0.9643972516059875
1785956118302,0.2641524374485016,-0.012332893908023834,-0.0030324789695441723,-0.9643972516059875
1785956118312,0.2641524374485016,-0.012332893908023834,-0.0030324789695441723,-0.9643972516059875
1785956118322,0.2641524374485016,-0.012332893908023834,-0.0030324789695441723,-0.9643972516059875
1785956118333,0.2641524374485016,-0.012332893908023834,-0.0030324789695441723,-0.9643972516059875
1785956118341,0.2641524374485016,-0.012332893908023834,-0.0030324789695441723,-0.9643972516059875
1785956118352,0.2641524374485016,-0.012332893908023834,-0.0030324789695441723,-0.9643972516059875
1785956118362,0.2641524374485016,-0.012332893908023834,-0.0030324789695441723,-0.9643972516059875
1785956118372,0.2641524374485016,-0.012332893908023834,-0.0030324789695441723,-0.9643972516059875
1785956118381,0.2641524374485016,-0.012332893908023834,-0.0030324789695441723,-0.9643972516059875
1785956118391,0.2641524374485016,-0.012332893908023834,-0.0030324789695441723,-0.9643972516059875
1785956118401,0.2641524374485016,-0.012332893908023834,-0.0030324789695441723,-0.9643972516059875
1785956118412,0.2641524374485016,-0.012332893908023834,-0.0030324789695441723,-0.9643972516059875
1785956118422,0.2641524374485016,-0.012332893908023834,-0.0030324789695441723,-0.9643972516059875
1785956118431,0.2641524374485016,-0.012332893908023834,-0.0030324789695441723,-0.9643972516059875
1785956118441,0.2641524374485016,-0.012332893908023834,-0.0030324789695441723,-0.9643972516059875
1785956118451,0.2641524374485016,-0.012332893908023834,-0.0030324789695441723,-0.9643972516059875
1785956118461,0.2641524374485016,-0.012332893908023834,-0.0030324789695441723,-0.9643972516059875
1785956118470,0.2641524374485016,-0.012332893908023834,-0.0030324789695441723,-0.9643972516059875
1785956118481,0.2641524374485016,-0.012332893908023834,-0.0030324789695441723,-0.9643972516059875
1785956118491,0.2641524374485016,-0.012332893908023834,-0.0030324789695441723,-0.9643972516059875
1785956118501,0.2641524374485016,-0.012332893908023834,-0.0030324789695441723,-0.9643972516059875
1785956118510,0.2641524374485016,-0.012332893908023834,-0.0030324789695441723,-0.9643972516059875
1785956118520,0.2641524374485016,-0.012332893908023834,-0.0030324789695441723,-0.9643972516059875
1785956118530,0.2641524374485016,-0.012332893908023834,-0.0030324789695441723,-0.9643972516059875
1785956118541,0.2641524374485016,-0.012332893908023834,-0.0030324789695441723,-0.9643972516059875
1785956118551,0.2641524374485016,-0.012332893908023834,-0.0030324789695441723,-0.9643972516059875
1785956118560,0.2641524374485016,-0.012332893908023834,-0.0030324789695441723,-0.9643972516059875
1785956118570,0.2641524374485016,-0.012332893908023834,-0.0030324789695441723,-0.9643972516059875
1785956118580,0.2641524374485016,-0.012332893908023834,-0.0030324789695441723,-0.9643972516059875
1785956118590,0.2641524374485016,-0.012332893908023834,-0.0030324789695441723,-0.9643972516059875
1785956118599,0.2641524374485016,-0.012332893908023834,-0.0030324789695441723,-0.9643972516059875
1785956118609,0.2641524374485016,-0.012332893908023834,-0.0030324789695441723,-0.9643972516059875
1785956118620,0.2641524374485016,-0.012332893908023834,-0.0030324789695441723,-0.9643972516059875
1785956118630,0.2641524374485016,-0.012332893908023834,-0.0030324789695441723,-0.9643972516059875
1785956118640,0.2641524374485016,-0.012332893908023834,-0.0030324789695441723,-0.9643972516059875
1785956118649,0.2641524374485016,-0.012332893908023834,-0.0030324789695441723,-0.9643972516059875
1785956118659,0.2641524374485016,-0.012332893908023834,-0.0030324789695441723,-0.9643972516059875
1785956118669,0.2641524374485016,-0.012332893908023834,-0.0030324789695441723,-0.9643972516059875
1785956118680,0.2641524374485016,-0.012332893908023834,-0.0030324789695441723,-0.9643972516059875
1785956118689,0.2641524374485016,-0.012332893908023834,-0.0030324789695441723,-0.9643972516059875
1785956118699,0.2641524374485016,-0.012332893908023834,-0.0030324789695441723,-0.9643972516059875
1785956118709,0.2641524374485016,-0.012332893908023834,-0.0030324789695441723,-0.9643972516059875
1785956118719,0.2641524374485016,-0.012332893908023834,-0.0030324789695441723,-0.9643972516059875
1785956118730,0.2641524374485016,-0.012332893908023834,-0.0030324789695441723,-0.9643972516059875
1785956118738,0.2641524374485016,-0.012332893908023834,-0.0030324789695441723,-0.9643972516059875
1785956118749,0.2641524374485016,-0.012332893908023834,-0.0030324789695441723,-0.9643972516059875
1785956118759,0.2641524374485016,-0.012332893908023834,-0.0030324789695441723,-0.9643972516059875
1785956118769,0.2641524374485016,-0.012332893908023834,-0.0030324789695441723,-0.9643972516059875
1785956118778,0.2641524374485016,-0.012332893908023834,-0.0030324789695441723,-0.9643972516059875
1785956118788,0.2641524374485016,-0.012332893908023834,-0.0030324789695441723,-0.9643972516059875
1785956118798,0.2641524374485016,-0.012332893908023834,-0.0030324789695441723,-0.9643972516059875
1785956118809,0.2641524374485016,-0.012332893908023834,-0.0030324789695441723,-0.9643972516059875
1785956118819,0.2641524374485016,-0.012332893908023834,-0.0030324789695441723,-0.9643972516059875
1785956118828,0.2641524374485016,-0.012332893908023834,-0.0030324789695441723,-0.9643972516059875
1785956118838,0.2641524374485016,-0.012332893908023834,-0.0030324789695441723,-0.9643972516059875
1785956118848,0.2641524374485016,-0.012332893908023834,-0.0030324789695441723,-0.9643972516059875
1785956118858,0.2641524374485016,-0.012332893908023834,-0.0030324789695441723,-0.9643972516059875
1785956118867,0.2641524374485016,-0.012332893908023834,-0.0030324789695441723,-0.9643972516059875
1785956118877,0.2641524374485016,-0.012332893908023834,-0.0030324789695441723,-0.9643972516059875
1785956118888,0.2641524374485016,-0.012332893908023834,-0.0030324789695441723,-0.9643972516059875
1785956118898,0.2641524374485016,-0.012332893908023834,-0.0030324789695441723,-0.9643972516059875
1785956118908,0.2641524374485016,-0.012332893908023834,-0.0030324789695441723,-0.9643972516059875
1785956118917,0.2641524374485016,-0.012332893908023834,-0.0030324789695441723,-0.9643972516059875
1785956118927,0.2641524374485016,-0.012332893908023834,-0.0030324789695441723,-0.9643972516059875
1785956118938,0.2641524374485016,-0.012332893908023834,-0.0030324789695441723,-0.9643972516059875
1785956118948,0.2641524374485016,-0.012332893908023834,-0.0030324789695441723,-0.9643972516059875
1785956118957,0.2641524374485016,-0.012332893908023834,-0.0030324789695441723,-0.9643972516059875
1785956118967,0.2641524374485016,-0.012332893908023834,-0.0030324789695441723,-0.9643972516059875
1785956118977,0.2641524374485016,-0.012332893908023834,-0.0030324789695441723,-0.9643972516059875
1785956118987,0.2641524374485016,-0.012332893908023834,-0.0030324789695441723,-0.9643972516059875
1785956118998,0.2641524374485016,-0.012332893908023834,-0.0030324789695441723,-0.9643972516059875
1785956119006,0.2641524374485016,-0.012332893908023834,-0.0030324789695441723,-0.9643972516059875
1785956119017,0.2641524374485016,-0.012332893908023834,-0.0030324789695441723,-0.9643972516059875
1785956119027,0.2641524374485016,-0.012332893908023834,-0.0030324789695441723,-0.9643972516059875
1785956119037,0.2641524374485016,-0.012332893908023834,-0.0030324789695441723,-0.9643972516059875
1785956119046,0.2641524374485016,-0.012332893908023834,-0.0030324789695441723,-0.9643972516059875
1785956119056,0.2641524374485016,-0.012332893908023834,-0.0030324789695441723,-0.9643972516059875
1785956119066,0.2641524374485016,-0.012332893908023834,-0.0030324789695441723,-0.9643972516059875
1785956119077,0.2641524374485016,-0.012332893908023834,-0.0030324789695441723,-0.9643972516059875
1785956119086,0.2641524374485016,-0.012332893908023834,-0.0030324789695441723,-0.9643972516059875
1785956119096,0.2641524374485016,-0.012332893908023834,-0.0030324789695441723,-0.9643972516059875
1785956119106,0.2641524374485016,-0.012332893908023834,-0.0030324789695441723,-0.9643972516059875
1785956119116,0.2641524374485016,-0.012332893908023834,-0.0030324789695441723,-0.9643972516059875
1785956119127,0.2641524374485016,-0.012332893908023834,-0.0030324789695441723,-0.9643972516059875
1785956119135,0.2641524374485016,-0.012332893908023834,-0.0030324789695441723,-0.9643972516059875
1785956119146,0.2641524374485016,-0.012332893908023834,-0.0030324789695441723,-0.9643972516059875
1785956119156,0.2641524374485016,-0.012332893908023834,-0.0030324789695441723,-0.9643972516059875
1785956119166,0.2641524374485016,-0.012332893908023834,-0.0030324789695441723,-0.9643972516059875
1785956119175,0.2641524374485016,-0.012332893908023834,-0.0030324789695441723,-0.9643972516059875
1785956119185,0.2641524374485016,-0.012332893908023834,-0.0030324789695441723,-0.9643972516059875
1785956119195,0.2641524374485016,-0.012332893908023834,-0.0030324789695441723,-0.9643972516059875
1785956119206,0.2641524374485016,-0.012332893908023834,-0.0030324789695441723,-0.9643972516059875
1785956119216,0.2641524374485016,-0.012332893908023834,-0.0030324789695441723,-0.9643972516059875
1785956119225,0.2641524374485016,-0.012332893908023834,-0.0030324789695441723,-0.9643972516059875
1785956119235,0.2641524374485016,-0.012332893908023834,-0.0030324789695441723,-0.9643972516059875
1785956119245,0.2641524374485016,-0.012332893908023834,-0.0030324789695441723,-0.9643972516059875
1785956119255,0.2641524374485016,-0.012332893908023834,-0.0030324789695441723,-0.9643972516059875
1785956119264,0.2641524374485016,-0.012332893908023834,-0.0030324789695441723,-0.9643972516059875
1785956119274,0.2641524374485016,-0.012332893908023834,-0.0030324789695441723,-0.9643972516059875
1785956119285,0.2641524374485016,-0.012332893908023834,-0.0030324789695441723,-0.9643972516059875
1785956119295,0.2641524374485016,-0.012332893908023834,-0.0030324789695441723,-0.9643972516059875
1785956119305,0.2641524374485016,-0.012332893908023834,-0.0030324789695441723,-0.9643972516059875
1785956119314,0.2641524374485016,-0.012332893908023834,-0.0030324789695441723,-0.9643972516059875
1785956119324,0.2641524374485016,-0.012332893908023834,-0.0030324789695441723,-0.9643972516059875
1785956119335,0.2641524374485016,-0.012332893908023834,-0.0030324789695441723,-0.9643972516059875
1785956119345,0.2641524374485016,-0.012332893908023834,-0.0030324789695441723,-0.9643972516059875
1785956119354,0.2641524374485016,-0.012332893908023834,-0.0030324789695441723,-0.9643972516059875
1785956119364,0.2641524374485016,-0.012332893908023834,-0.0030324789695441723,-0.9643972516059875
1785956119374,0.2641524374485016,-0.012332893908023834,-0.0030324789695441723,-0.9643972516059875
1785956119384,0.2641524374485016,-0.012332893908023834,-0.0030324789695441723,-0.9643972516059875
1785956119395,0.2641524374485016,-0.012332893908023834,-0.0030324789695441723,-0.9643972516059875
1785956119403,0.2641524374485016,-0.012332893908023834,-0.0030324789695441723,-0.9643972516059875
1785956119414,0.2641524374485016,-0.012332893908023834,-0.0030324789695441723,-0.9643972516059875
1785956119424,0.2641524374485016,-0.012332893908023834,-0.0030324789695441723,-0.9643972516059875
1785956119434,0.2641524374485016,-0.012332893908023834,-0.0030324789695441723,-0.9643972516059875
1785956119443,0.2641524374485016,-0.012332893908023834,-0.0030324789695441723,-0.9643972516059875
1785956119453,0.2641524374485016,-0.012332893908023834,-0.0030324789695441723,-0.9643972516059875
1785956119463,0.2641524374485016,-0.012332893908023834,-0.0030324789695441723,-0.9643972516059875
1785956119474,0.2641524374485016,-0.012332893908023834,-0.0030324789695441723,-0.9643972516059875
1785956119484,0.2641524374485016,-0.012332893908023834,-0.0030324789695441723,-0.9643972516059875
1785956119493,0.2641524374485016,-0.012332893908023834,-0.0030324789695441723,-0.9643972516059875
1785956119503,0.2641524374485016,-0.012332893908023834,-0.0030324789695441723,-0.9643972516059875
1785956119513,0.2641524374485016,-0.012332893908023834,-0.0030324789695441723,-0.9643972516059875
1785956119523,0.2641524374485016,-0.012332893908023834,-0.0030324789695441723,-0.9643972516059875
1785956119532,0.2641524374485016,-0.012332893908023834,-0.0030324789695441723,-0.9643972516059875
1785956119543,0.2641524374485016,-0.012332893908023834,-0.0030324789695441723,-0.9643972516059875
1785956119553,0.2641524374485016,-0.012332893908023834,-0.0030324789695441723,-0.9643972516059875
1785956119563,0.2641524374485016,-0.012332893908023834,-0.0030324789695441723,-0.9643972516059875
1785956119572,0.2641524374485016,-0.012332893908023834,-0.0030324789695441723,-0.9643972516059875
1785956119582,0.2641524374485016,-0.012332893908023834,-0.0030324789695441723,-0.9643972516059875
1785956119592,0.2641524374485016,-0.012332893908023834,-0.0030324789695441723,-0.9643972516059875
1785956119603,0.2641524374485016,-0.012332893908023834,-0.0030324789695441723,-0.9643972516059875
1785956119613,0.2641524374485016,-0.012332893908023834,-0.0030324789695441723,-0.9643972516059875
1785956119622,0.2641524374485016,-0.012332893908023834,-0.0030324789695441723,-0.9643972516059875
1785956119632,0.2641524374485016,-0.012332893908023834,-0.0030324789695441723,-0.9643972516059875
1785956119642,0.2641524374485016,-0.012332893908023834,-0.0030324789695441723,-0.9643972516059875
1785956119652,0.2641524374485016,-0.012332893908023834,-0.0030324789695441723,-0.9643972516059875
1785956119661,0.2641524374485016,-0.012332893908023834,-0.0030324789695441723,-0.9643972516059875
1785956119671,0.2641524374485016,-0.012332893908023834,-0.0030324789695441723,-0.9643972516059875
1785956119682,0.2641524374485016,-0.012332893908023834,-0.0030324789695441723,-0.9643972516059875
1785956119692,0.2641524374485016,-0.012332893908023834,-0.0030324789695441723,-0.9643972516059875
1785956119702,0.2641524374485016,-0.012332893908023834,-0.0030324789695441723,-0.9643972516059875
1785956119711,0.2641524374485016,-0.012332893908023834,-0.0030324789695441723,-0.9643972516059875
1785956119721,0.2641524374485016,-0.012332893908023834,-0.0030324789695441723,-0.9643972516059875
1785956119731,0.2641524374485016,-0.012332893908023834,-0.0030324789695441723,-0.9643972516059875
1785956119742,0.2641524374485016,-0.012332893908023834,-0.0030324789695441723,-0.9643972516059875
1785956119751,0.2641524374485016,-0.012332893908023834,-0.0030324789695441723,-0.9643972516059875
1785956119761,0.2641524374485016,-0.012332893908023834,-0.0030324789695441723,-0.9643972516059875
1785956119771,0.2641524374485016,-0.012332893908023834,-0.0030324789695441723,-0.9643972516059875
1785956119781,0.2641524374485016,-0.012332893908023834,-0.0030324789695441723,-0.9643972516059875
1785956119792,0.2641524374485016,-0.012332893908023834,-0.0030324789695441723,-0.9643972516059875
1785956119800,0.2641524374485016,-0.012332893908023834,-0.0030324789695441723,-0.9643972516059875
1785956119811,0.2641524374485016,-0.012332893908023834,-0.0030324789695441723,-0.9643972516059875
1785956119821,0.2641524374485016,-0.012332893908023834,-0.0030324789695441723,-0.9643972516059875
1785956119831,0.2641524374485016,-0.012332893908023834,-0.0030324789695441723,-0.9643972516059875
1785956119840,0.2641524374485016,-0.012332893908023834,-0.0030324789695441723,-0.9643972516059875
1785956119850,0.2641524374485016,-0.012332893908023834,-0.0030324789695441723,-0.9643972516059875
1785956119860,0.2641524374485016,-0.012332893908023834,-0.0030324789695441723,-0.9643972516059875
1785956119871,0.2641524374485016,-0.012332893908023834,-0.0030324789695441723,-0.9643972516059875
1785956119881,0.2641524374485016,-0.012332893908023834,-0.0030324789695441723,-0.9643972516059875
1785956119890,0.2641524374485016,-0.012332893908023834,-0.0030324789695441723,-0.9643972516059875
1785956119900,0.2641524374485016,-0.012332893908023834,-0.0030324789695441723,-0.9643972516059875
1785956119910,0.2641524374485016,-0.012332893908023834,-0.0030324789695441723,-0.9643972516059875
1785956119920,0.2641524374485016,-0.012332893908023834,-0.0030324789695441723,-0.9643972516059875
1785956119929,0.2641524374485016,-0.012332893908023834,-0.0030324789695441723,-0.9643972516059875
1785956119940,0.2641524374485016,-0.012332893908023834,-0.0030324789695441723,-0.9643972516059875
1785956119950,0.2641524374485016,-0.012332893908023834,-0.0030324789695441723,-0.9643972516059875
1785956119960,0.2641524374485016,-0.012332893908023834,-0.0030324789695441723,-0.9643972516059875
1785956119970,0.2641524374485016,-0.012332893908023834,-0.0030324789695441723,-0.9643972516059875
1785956119979,0.2641524374485016,-0.012332893908023834,-0.0030324789695441723,-0.9643972516059875
1785956119989,0.2641524374485016,-0.012332893908023834,-0.0030324789695441723,-0.9643972516059875
1785956120000,0.2641524374485016,-0.012332893908023834,-0.0030324789695441723,-0.9643972516059875
1785956120010,0.2641524374485016,-0.012332893908023834,-0.0030324789695441723,-0.9643972516059875
1785956120019,0.2641524374485016,-0.012332893908023834,-0.0030324789695441723,-0.9643972516059875
1785956120029,0.2641524374485016,-0.012332893908023834,-0.0030324789695441723,-0.9643972516059875
1785956120039,0.2641524374485016,-0.012332893908023834,-0.0030324789695441723,-0.9643972516059875
1785956120049,0.2641524374485016,-0.012332893908023834,-0.0030324789695441723,-0.9643972516059875
1785956120060,0.2641524374485016,-0.012332893908023834,-0.0030324789695441723,-0.9643972516059875
1785956120068,0.2641524374485016,-0.012332893908023834,-0.0030324789695441723,-0.9643972516059875
1785956120079,0.2641524374485016,-0.012332893908023834,-0.0030324789695441723,-0.9643972516059875
1785956120089,0.2641524374485016,-0.012332893908023834,-0.0030324789695441723,-0.9643972516059875
1785956120099,0.2641524374485016,-0.012332893908023834,-0.0030324789695441723,-0.9643972516059875
1785956120108,0.2641524374485016,-0.012332893908023834,-0.0030324789695441723,-0.9643972516059875
1785956120118,0.2641524374485016,-0.012332893908023834,-0.0030324789695441723,-0.9643972516059875
1785956120128,0.2641524374485016,-0.012332893908023834,-0.0030324789695441723,-0.9643972516059875
1785956120139,0.2641524374485016,-0.012332893908023834,-0.0030324789695441723,-0.9643972516059875
1785956120149,0.2641524374485016,-0.012332893908023834,-0.0030324789695441723,-0.9643972516059875
1785956120158,0.2641524374485016,-0.012332893908023834,-0.0030324789695441723,-0.9643972516059875
1785956120168,0.2641524374485016,-0.012332893908023834,-0.0030324789695441723,-0.9643972516059875
1785956120178,0.2641524374485016,-0.012332893908023834,-0.0030324789695441723,-0.9643972516059875
1785956120189,0.2641524374485016,-0.012332893908023834,-0.0030324789695441723,-0.9643972516059875
1785956120197,0.2641524374485016,-0.012332893908023834,-0.0030324789695441723,-0.9643972516059875
1785956120208,0.2641524374485016,-0.012332893908023834,-0.0030324789695441723,-0.9643972516059875
1785956120218,0.2641524374485016,-0.012332893908023834,-0.0030324789695441723,-0.9643972516059875
1785956120228,0.2641524374485016,-0.012332893908023834,-0.0030324789695441723,-0.9643972516059875
1785956120237,0.2641524374485016,-0.012332893908023834,-0.0030324789695441723,-0.9643972516059875
1785956120247,0.2641524374485016,-0.012332893908023834,-0.0030324789695441723,-0.9643972516059875
1785956120257,0.2641524374485016,-0.012332893908023834,-0.0030324789695441723,-0.9643972516059875
1785956120268,0.2641524374485016,-0.012332893908023834,-0.0030324789695441723,-0.9643972516059875
1785956120278,0.2641524374485016,-0.012332893908023834,-0.0030324789695441723,-0.9643972516059875
1785956120287,0.2641524374485016,-0.012332893908023834,-0.0030324789695441723,-0.9643972516059875
1785956120297,0.2641524374485016,-0.012332893908023834,-0.0030324789695441723,-0.9643972516059875
1785956120307,0.2641524374485016,-0.012332893908023834,-0.0030324789695441723,-0.9643972516059875
1785956120317,0.2641524374485016,-0.012332893908023834,-0.0030324789695441723,-0.9643972516059875
1785956120326,0.2641524374485016,-0.012332893908023834,-0.0030324789695441723,-0.9643972516059875
1785956120336,0.2641524374485016,-0.012332893908023834,-0.0030324789695441723,-0.9643972516059875
1785956120347,0.2641524374485016,-0.012332893908023834,-0.0030324789695441723,-0.9643972516059875
1785956120357,0.2641524374485016,-0.012332893908023834,-0.0030324789695441723,-0.9643972516059875
1785956120367,0.2641524374485016,-0.012332893908023834,-0.0030324789695441723,-0.9643972516059875
1785956120376,0.2641524374485016,-0.012332893908023834,-0.0030324789695441723,-0.9643972516059875
1785956120386,0.2641524374485016,-0.012332893908023834,-0.0030324789695441723,-0.9643972516059875
1785956120397,0.2641524374485016,-0.012332893908023834,-0.0030324789695441723,-0.9643972516059875
1785956120407,0.2641524374485016,-0.012332893908023834,-0.0030324789695441723,-0.9643972516059875
1785956120416,0.2641524374485016,-0.012332893908023834,-0.0030324789695441723,-0.9643972516059875
1785956120426,0.2641524374485016,-0.012332893908023834,-0.0030324789695441723,-0.9643972516059875
1785956120436,0.2641524374485016,-0.012332893908023834,-0.0030324789695441723,-0.9643972516059875
1785956120446,0.2641538977622986,-0.012302307412028313,-0.0031441538594663143,-0.9643970131874084
1785956120457,0.2641538977622986,-0.012302307412028313,-0.0031441538594663143,-0.9643970131874084
1785956120465,0.2641545534133911,-0.012288403697311878,-0.0031949132680892944,-0.9643968343734741
1785956120476,0.2641545534133911,-0.012288403697311878,-0.0031949132680892944,-0.9643968343734741
1785956120486,0.2641545534133911,-0.012288403697311878,-0.0031949132680892944,-0.9643968343734741
1785956120496,0.2641538381576538,-0.012303698807954788,-0.0031390716321766376,-0.9643970131874084
1785956120505,0.2641538381576538,-0.012303698807954788,-0.0031390716321766376,-0.9643970131874084
1785956120515,0.2641538381576538,-0.012303698807954788,-0.0031390716321766376,-0.9643970131874084
1785956120525,0.2641538381576538,-0.012303698807954788,-0.0031390716321766376,-0.9643970131874084
1785956120536,0.2641538381576538,-0.012303698807954788,-0.0031390716321766376,-0.9643970131874084
1785956120546,0.2641538381576538,-0.012303698807954788,-0.0031390716321766376,-0.9643970131874084
1785956120555,0.2641538381576538,-0.012303698807954788,-0.0031390716321766376,-0.9643970131874084
1785956120565,0.2641538381576538,-0.012303698807954788,-0.0031390716321766376,-0.9643970131874084
1785956120575,0.2641538381576538,-0.012303698807954788,-0.0031390716321766376,-0.9643970131874084
1785956120586,0.2641538381576538,-0.012303698807954788,-0.0031390716321766376,-0.9643970131874084
1785956120594,0.2641538381576538,-0.012303698807954788,-0.0031390716321766376,-0.9643970131874084
1785956120605,0.2641538381576538,-0.012303698807954788,-0.0031390716321766376,-0.9643970131874084
1785956120615,0.2641538381576538,-0.012303698807954788,-0.0031390716321766376,-0.9643970131874084
1785956120625,0.2641538381576538,-0.012303698807954788,-0.0031390716321766376,-0.9643970131874084
1785956120635,0.2641538381576538,-0.012303698807954788,-0.0031390716321766376,-0.9643970131874084
1785956120644,0.2641538381576538,-0.012303698807954788,-0.0031390716321766376,-0.9643970131874084
1785956120654,0.2641538381576538,-0.012303698807954788,-0.0031390716321766376,-0.9643970131874084
1785956120665,0.2641538381576538,-0.012303698807954788,-0.0031390716321766376,-0.9643970131874084
1785956120675,0.2641538381576538,-0.012303698807954788,-0.0031390716321766376,-0.9643970131874084
1785956120684,0.2641538381576538,-0.012303698807954788,-0.0031390716321766376,-0.9643970131874084
1785956120694,0.2641538381576538,-0.012303698807954788,-0.0031390716321766376,-0.9643970131874084
1785956120704,0.2641538381576538,-0.012303698807954788,-0.0031390716321766376,-0.9643970131874084
1785956120714,0.2641538381576538,-0.012303698807954788,-0.0031390716321766376,-0.9643970131874084
1785956120723,0.2641538381576538,-0.012303698807954788,-0.0031390716321766376,-0.9643970131874084
1785956120733,0.2641538381576538,-0.012303698807954788,-0.0031390716321766376,-0.9643970131874084
1785956120744,0.2641538381576538,-0.012303698807954788,-0.0031390716321766376,-0.9643970131874084
1785956120754,0.2641538381576538,-0.012303698807954788,-0.0031390716321766376,-0.9643970131874084
1785956120764,0.2641538381576538,-0.012303698807954788,-0.0031390716321766376,-0.9643970131874084
1785956120773,0.2641538381576538,-0.012303698807954788,-0.0031390716321766376,-0.9643970131874084
1785956120783,0.2641538381576538,-0.012303698807954788,-0.0031390716321766376,-0.9643970131874084
1785956120794,0.2641538381576538,-0.012303698807954788,-0.0031390716321766376,-0.9643970131874084
1785956120804,0.2641538381576538,-0.012303698807954788,-0.0031390716321766376,-0.9643970131874084
1785956120813,0.2641538381576538,-0.012303698807954788,-0.0031390716321766376,-0.9643970131874084
1785956120823,0.2641538381576538,-0.012303698807954788,-0.0031390716321766376,-0.9643970131874084
1785956120833,0.2641538381576538,-0.012303698807954788,-0.0031390716321766376,-0.9643970131874084
1785956120843,0.2641538381576538,-0.012303698807954788,-0.0031390716321766376,-0.9643970131874084
1785956120854,0.2641538381576538,-0.012303698807954788,-0.0031390716321766376,-0.9643970131874084
1785956120862,0.2641538381576538,-0.012303698807954788,-0.0031390716321766376,-0.9643970131874084
1785956120873,0.2641538381576538,-0.012303698807954788,-0.0031390716321766376,-0.9643970131874084
1785956120883,0.2641538381576538,-0.012303698807954788,-0.0031390716321766376,-0.9643970131874084
1785956120893,0.2641538381576538,-0.012303698807954788,-0.0031390716321766376,-0.9643970131874084
1785956120902,0.2641538381576538,-0.012303698807954788,-0.0031390716321766376,-0.9643970131874084
1785956120912,0.2641538381576538,-0.012303698807954788,-0.0031390716321766376,-0.9643970131874084
1785956120922,0.2641538381576538,-0.012303698807954788,-0.0031390716321766376,-0.9643970131874084
1785956120933,0.2641538381576538,-0.012303698807954788,-0.0031390716321766376,-0.9643970131874084
1785956120943,0.2641538381576538,-0.012303698807954788,-0.0031390716321766376,-0.9643970131874084
1785956120952,0.2641538381576538,-0.012303698807954788,-0.0031390716321766376,-0.9643970131874084
1785956120962,0.2641538381576538,-0.012303698807954788,-0.0031390716321766376,-0.9643970131874084
1785956120972,0.2641538381576538,-0.012303698807954788,-0.0031390716321766376,-0.9643970131874084
1785956120982,0.2641538381576538,-0.012303698807954788,-0.0031390716321766376,-0.9643970131874084
1785956120993,0.2641538381576538,-0.012303698807954788,-0.0031390716321766376,-0.9643970131874084
1785956121002,0.2641538381576538,-0.012303698807954788,-0.0031390716321766376,-0.9643970131874084
1785956121012,0.2641538381576538,-0.012303698807954788,-0.0031390716321766376,-0.9643970131874084
1785956121022,0.2641538381576538,-0.012303698807954788,-0.0031390716321766376,-0.9643970131874084
1785956121032,0.2641538381576538,-0.012303698807954788,-0.0031390716321766376,-0.9643970131874084
1785956121041,0.2641538381576538,-0.012303698807954788,-0.0031390716321766376,-0.9643970131874084
1785956121051,0.2641538381576538,-0.012303698807954788,-0.0031390716321766376,-0.9643970131874084
1785956121062,0.2641538381576538,-0.012303698807954788,-0.0031390716321766376,-0.9643970131874084
1785956121072,0.2641538381576538,-0.012303698807954788,-0.0031390716321766376,-0.9643970131874084
1785956121081,0.26385432481765747,-0.012302723713219166,-0.0031428926158696413,-0.9644790291786194
1785956121091,0.26367661356925964,-0.012302142567932606,-0.0031451587565243244,-0.9645275473594666
1785956121101,0.26367661356925964,-0.012302142567932606,-0.0031451587565243244,-0.9645275473594666
1785956121111,0.26367661356925964,-0.012302142567932606,-0.0031451587565243244,-0.9645275473594666
1785956121122,0.26367661356925964,-0.012302142567932606,-0.0031451587565243244,-0.9645275473594666
1785956121130,0.2633618414402008,-0.01230111625045538,-0.003149173455312848,-0.9646136164665222
1785956121141,0.26297590136528015,-0.012299853377044201,-0.0031540936324745417,-0.964718759059906
1785956121151,0.2629092037677765,-0.012314866296947002,-0.003099075285717845,-0.964737057685852
1785956121161,0.2618046700954437,-0.012348751537501812,-0.003178579732775688,-0.9650366306304932
1785956121170,0.26071426272392273,-0.0123051842674613,-0.0033398582600057125,-0.9653317928314209
1785956121180,0.2594205439090729,-0.012254033237695694,-0.003529127687215805,-0.9656803011894226
1785956121190,0.25804486870765686,-0.012139650993049145,-0.0036698232870548964,-0.9660497307777405
1785956121201,0.2564007639884949,-0.011093629524111748,-0.004360832739621401,-0.9664970636367798
1785956121211,0.25428271293640137,-0.006068943999707699,-0.010472402907907963,-0.9670542478561401
1785956121220,0.2530028820037842,0.0018415643135085702,-0.010581323876976967,-0.9674059152603149
1785956121230,0.25136280059814453,0.009997598826885223,-0.006724960170686245,-0.9678179621696472
1785956121240,0.2489423155784607,0.011985084973275661,-0.00413225032389164,-0.9684352874755859
1785956121251,0.24579422175884247,0.014620611444115639,0.002735314192250371,-0.9692079424858093
1785956121259,0.24328570067882538,0.019666574895381927,0.011939335614442825,-0.9696817994117737
1785956121270,0.24102598428726196,0.026200689375400543,0.022040503099560738,-0.9699145555496216
1785956121280,0.2374657690525055,0.03451300039887428,0.03197642043232918,-0.9702557921409607
1785956121290,0.2345726639032364,0.04372086748480797,0.041589852422475815,-0.9702239036560059
1785956121299,0.2320733368396759,0.05331882834434509,0.05097510665655136,-0.9698972105979919
1785956121309,0.22930487990379333,0.06264124810695648,0.06027032434940338,-0.9694651961326599
1785956121319,0.22532537579536438,0.0713101476430893,0.06726033985614777,-0.9693396687507629
1785956121330,0.2202729880809784,0.07680727541446686,0.07504646480083466,-0.9695094227790833
1785956121340,0.21447323262691498,0.08127166330814362,0.08256606012582779,-0.969834566116333
1785956121349,0.2099395990371704,0.08401785790920258,0.089371457695961,-0.9699892401695251
1785956121359,0.20686903595924377,0.08461800217628479,0.09347760677337646,-0.9702097773551941
1785956121369,0.20632855594158173,0.08565419912338257,0.09501399099826813,-0.9700846076011658
1785956121379,0.2073860764503479,0.08604404330253601,0.09150595217943192,-0.9701618552207947
1785956121388,0.20707809925079346,0.08138228952884674,0.07937570661306381,-0.9716970324516296
1785956121400,0.20853231847286224,0.0754450261592865,0.05533626675605774,-0.9735297560691833
1785956121409,0.211069256067276,0.07021702826023102,0.020910292863845825,-0.9747215509414673
1785956121419,0.21512486040592194,0.06605091691017151,-0.021791191771626472,-0.9741066098213196
1785956121429,0.17423060536384583,0.05842915177345276,-0.008806878700852394,-0.9829303622245789
1785956121438,0.18299074470996857,0.05520468205213547,-0.008992298506200314,-0.981522262096405
1785956121448,0.17481346428394318,0.05472790077328682,-0.004956218879669905,-0.9830668568611145
1785956121459,0.17508536577224731,0.050490058958530426,-0.006009590346366167,-0.9832393527030945
1785956121469,0.17534931004047394,0.051518626511096954,-0.004426135681569576,-0.983147382736206
1785956121479,0.18279919028282166,0.05248991772532463,-0.004861786495894194,-0.9817360639572144
1785956121488,0.18790675699710846,0.05175500735640526,-0.005406507290899754,-0.9808074235916138
1785956121498,0.18788085877895355,0.05165693908929825,-0.005912730470299721,-0.9808145761489868
1785956121508,0.18776047229766846,0.05175738036632538,-0.006429261527955532,-0.9808292388916016
1785956121519,0.18753290176391602,0.051636893302202225,-0.0069289724342525005,-0.9808756113052368
1785956121527,0.1873176544904709,0.05174480378627777,-0.007476785220205784,-0.9809070825576782
1785956121538,0.18704941868782043,0.051783252507448196,-0.007654200308024883,-0.9809549450874329
1785956121548,0.18684811890125275,0.051756978034973145,-0.00749686174094677,-0.9809958338737488
1785956121558,0.18669971823692322,0.0517718531191349,-0.007561521138995886,-0.981022834777832
1785956121568,0.18670980632305145,0.051735490560531616,-0.0073704589158296585,-0.9810243248939514
1785956121577,0.18672309815883636,0.05179349333047867,-0.007113277446478605,-0.9810205698013306
1785956121587,0.18684908747673035,0.051852043718099594,-0.007005429361015558,-0.9809942841529846
1785956121598,0.18693874776363373,0.051863182336091995,-0.007072302047163248,-0.9809761643409729
1785956121608,0.18706344068050385,0.051952190697193146,-0.007158302236348391,-0.9809470772743225
1785956121617,0.1871481090784073,0.05007253959774971,-0.007299165241420269,-0.9810275435447693
1785956121627,0.18721917271614075,0.0501946359872818,-0.007526148110628128,-0.9810060858726501
1785956121637,0.18730230629444122,0.05031510815024376,-0.007740698289126158,-0.9809823036193848
1785956121648,0.1873427927494049,0.05039446800947189,-0.00816211849451065,-0.980967104434967
1785956121658,0.18732398748397827,0.05046430975198746,-0.008527873083949089,-0.980963945388794
1785956121667,0.18732008337974548,0.05047882720828056,-0.008603887632489204,-0.9809632897377014
1785956121677,0.18798112869262695,-0.01459367573261261,-0.006273310631513596,-0.9820441603660583
1785956121687,0.18797850608825684,-0.014626171439886093,-0.006094141863286495,-0.9820452928543091
1785956121697,0.18797408044338226,-0.014679153449833393,-0.00579130370169878,-0.9820472002029419
1785956121706,0.1879727989435196,-0.014686789363622665,-0.005690376274287701,-0.9820479154586792
1785956121716,0.18797294795513153,-0.014674188569188118,-0.00567860621958971,-0.9820481538772583
1785956121727,0.18797306716442108,-0.014659340493381023,-0.005667753983289003,-0.9820483922958374
1785956121737,0.1879740059375763,-0.014637489803135395,-0.0057184346951544285,-0.9820482134819031
1785956121746,0.18797405064105988,-0.01463099755346775,-0.005714616738259792,-0.9820483326911926
1785956121756,0.18797408044338226,-0.014628048986196518,-0.005712531972676516,-0.9820483922958374
1785956121766,0.18797509372234344,-0.014614786952733994,-0.005778763443231583,-0.982047975063324
1785956121776,0.18797510862350464,-0.014615317806601524,-0.005777277518063784,-0.982047975063324
1785956121787,0.18797606229782104,-0.014604630880057812,-0.005839398130774498,-0.9820476174354553
1785956121795,0.18797610700130463,-0.01460682600736618,-0.005838464014232159,-0.9820476770401001
1785956121806,0.1879761666059494,-0.014610380865633488,-0.0058359322138130665,-0.9820476174354553
1785956121816,0.18797484040260315,-0.014632370322942734,-0.0057398052886128426,-0.9820480942726135
1785956121826,0.18797235190868378,-0.014669554308056831,-0.005565861240029335,-0.9820490479469299
1785956121835,0.18796947598457336,-0.014708586037158966,-0.005370317492634058,-0.9820500016212463
1785956121845,0.18796515464782715,-0.014764088205993176,-0.0050801923498511314,-0.9820516109466553
1785956121856,0.18796056509017944,-0.014822335913777351,-0.00477485079318285,-0.9820531606674194
1785956121866,0.1879572868347168,-0.014863167889416218,-0.004557482898235321,-0.9820542335510254
1785956121876,0.18800686299800873,-0.014894653111696243,-0.00437855115160346,-0.9820449948310852
1785956121886,0.19018341600894928,-0.01490353886038065,-0.00429635401815176,-0.9816259741783142
1785956121895,0.19018247723579407,-0.01491143461316824,-0.004234581720083952,-0.9816263318061829
1785956121905,0.19018246233463287,-0.014907509088516235,-0.004235068801790476,-0.9816263914108276
1785956121916,0.19018244743347168,-0.014904503710567951,-0.004235303495079279,-0.9816264510154724
1785956121924,0.1901838779449463,-0.014883310534060001,-0.004328790586441755,-0.9816260933876038
1785956121935,0.19151392579078674,-0.014847485348582268,-0.004486427642405033,-0.981367290019989
1785956121945,0.1915169507265091,-0.014807435683906078,-0.004678902216255665,-0.9813664555549622
1785956121955,0.19151878356933594,-0.01478374283760786,-0.004794647451490164,-0.9813658595085144
1785956121964,0.19157566130161285,-0.014784393832087517,-0.004789456259459257,-0.9813547730445862
1785956121974,0.19369973242282867,-0.014776209369301796,-0.0048141321167349815,-0.9809377193450928
1785956121984,0.19369985163211823,-0.014779810793697834,-0.00480725709348917,-0.980937659740448
1785956121995,0.19369833171367645,-0.014805327169597149,-0.004691773559898138,-0.9809381365776062
1785956122005,0.193696528673172,-0.01483346987515688,-0.004563014954328537,-0.9809386730194092
1785956122014,0.1966998130083084,-0.014840126037597656,-0.004522434435784817,-0.9803409576416016
1785956122024,0.1966990828514099,-0.014853025786578655,-0.004468338098376989,-0.9803412556648254
1785956122034,0.1966990977525711,-0.01485403347760439,-0.004467598162591457,-0.9803412556648254
1785956122044,0.1966990977525711,-0.014854061417281628,-0.0044675543904304504,-0.9803412556648254
1785956122055,0.19893039762973785,-0.014831926673650742,-0.004558050539344549,-0.979890763759613
1785956122064,0.19893157482147217,-0.01481399405747652,-0.004635141231119633,-0.9798904657363892
1785956122074,0.1989324390888214,-0.014798536896705627,-0.004691861104220152,-0.9798902273178101
1785956122084,0.19893355667591095,-0.014775505289435387,-0.004761998541653156,-0.979889988899231
1785956122094,0.20006917417049408,-0.014758013188838959,-0.00477726012468338,-0.9796589612960815
1785956122103,0.20006920397281647,-0.014747660607099533,-0.004774492233991623,-0.9796591401100159
1785956122113,0.20006924867630005,-0.01473910827189684,-0.0047709462232887745,-0.9796592593193054
1785956122124,0.20006929337978363,-0.01473317015916109,-0.00476681487634778,-0.979659378528595
1785956122134,0.20274904370307922,-0.014727632515132427,-0.004753464832901955,-0.979108452796936
1785956122143,0.20274905860424042,-0.014726304449141026,-0.00475226528942585,-0.979108452796936
1785956122153,0.20274905860424042,-0.01472600270062685,-0.004751950968056917,-0.979108452796936
1785956122163,0.20274905860424042,-0.014726284891366959,-0.004751631058752537,-0.979108452796936
1785956122173,0.2047199159860611,-0.014717771671712399,-0.0047808145172894,-0.9786983132362366
1785956122184,0.2047199308872223,-0.014719645492732525,-0.004780437797307968,-0.9786983132362366
1785956122192,0.20471994578838348,-0.01472202967852354,-0.004779829643666744,-0.9786982536315918
1785956122203,0.20471996068954468,-0.01472435798496008,-0.004778871312737465,-0.978698194026947
1785956122213,0.20693841576576233,-0.014715563505887985,-0.004811266902834177,-0.9782314896583557
1785956122223,0.20693844556808472,-0.014716933481395245,-0.004809708334505558,-0.9782314896583557
1785956122232,0.20693755149841309,-0.014730406925082207,-0.004746227525174618,-0.9782317876815796
1785956122242,0.20693758130073547,-0.014730061404407024,-0.004744274541735649,-0.9782317876815796
1785956122252,0.20750479400157928,-0.014738399535417557,-0.004687124397605658,-0.9781116843223572
1785956122263,0.20750486850738525,-0.014733548276126385,-0.0046819765120744705,-0.978111743927002
1785956122273,0.20750492811203003,-0.014726266264915466,-0.0046769301407039165,-0.9781118631362915
1785956122282,0.20750495791435242,-0.014720430597662926,-0.0046741957776248455,-0.978111982345581
1785956122292,0.2075049877166748,-0.014715325087308884,-0.004672493785619736,-0.9781120419502258
1785956122302,0.20945176482200623,-0.014687861315906048,-0.004773409571498632,-0.97769695520401
1785956122313,0.2094530165195465,-0.01466868445277214,-0.004856562241911888,-0.9776965379714966
1785956122321,0.20945413410663605,-0.014652857556939125,-0.004928515292704105,-0.9776962995529175
1785956122332,0.20945413410663605,-0.014652849175035954,-0.004928509704768658,-0.9776962995529175
1785956122342,0.2111033797264099,-0.014644521288573742,-0.0049532027915120125,-0.9773414134979248
1785956122352,0.2111033797264099,-0.014644738286733627,-0.004952982533723116,-0.9773414134979248
1785956122362,0.2111033946275711,-0.014645691961050034,-0.004951981361955404,-0.9773414134979248
1785956122371,0.2111034393310547,-0.014647143892943859,-0.004949856083840132,-0.9773414134979248
1785956122381,0.2130032777786255,-0.014639798551797867,-0.004975083749741316,-0.9769291281700134
1785956122392,0.21300333738327026,-0.01464135106652975,-0.004971863701939583,-0.9769291281700134
1785956122402,0.21300339698791504,-0.014642767608165741,-0.004968337249010801,-0.9769291281700134
1785956122411,0.21300342679023743,-0.014643258415162563,-0.004966156091541052,-0.9769291281700134
1785956122421,0.21457912027835846,-0.014635076746344566,-0.0049882614985108376,-0.976584255695343
1785956122431,0.21457915008068085,-0.014634508639574051,-0.004986578598618507,-0.976584255695343
1785956122441,0.21457916498184204,-0.014634165912866592,-0.004985889419913292,-0.976584255695343
1785956122452,0.21457917988300323,-0.0146329989656806,-0.004985447507351637,-0.976584255695343
1785956122461,0.21649596095085144,-0.014621293172240257,-0.005013168789446354,-0.9761611223220825
1785956122471,0.21649688482284546,-0.014605792239308357,-0.005074130371212959,-0.9761608242988586
1785956122481,0.21649689972400665,-0.014602943323552608,-0.005072885658591986,-0.9761608839035034
1785956122491,0.21649691462516785,-0.014600340276956558,-0.005071745254099369,-0.9761609435081482
1785956122500,0.21845543384552002,-0.014587672427296638,-0.00509994849562645,-0.9757245779037476
1785956122510,0.2184554487466812,-0.01458620373159647,-0.005098803900182247,-0.9757245779037476
1785956122521,0.2184554636478424,-0.01458562258630991,-0.00509805278852582,-0.9757245779037476
1785956122531,0.2184554636478424,-0.014585287310183048,-0.0050976150669157505,-0.9757245779037476
1785956122541,0.21990305185317993,-0.014577564783394337,-0.005118800792843103,-0.9753994345664978
1785956122550,0.21990306675434113,-0.014578058384358883,-0.005117763765156269,-0.9753994345664978
1785956122560,0.2199030965566635,-0.014579450711607933,-0.005116648972034454,-0.9753994345664978
1785956122570,0.2199031114578247,-0.014580365270376205,-0.005115853622555733,-0.9753994345664978
1785956122581,0.22146083414554596,-0.014572802931070328,-0.005138948559761047,-0.9750468134880066
1785956122589,0.22146083414554596,-0.014573147520422935,-0.005138872656971216,-0.9750468134880066
1785956122600,0.22146083414554596,-0.014573419466614723,-0.005138725508004427,-0.9750468134880066
1785956122610,0.22146083414554596,-0.01457351166754961,-0.005138260778039694,-0.9750468134880066
1785956122620,0.22227376699447632,-0.014590166509151459,-0.005057508125901222,-0.9748620390892029
1785956122629,0.22227300703525543,-0.014601508155465126,-0.005005232524126768,-0.974862277507782
1785956122639,0.222273051738739,-0.014599878340959549,-0.0050027999095618725,-0.974862277507782
1785956122649,0.2222730964422226,-0.014597929082810879,-0.005000402219593525,-0.9748623371124268
1785956122660,0.22227314114570618,-0.014594617299735546,-0.004996929783374071,-0.9748623967170715
1785956122670,0.2225712388753891,-0.014589279890060425,-0.004997718147933483,-0.9747944474220276
1785956122679,0.2225712388753891,-0.014589279890060425,-0.004997718147933483,-0.9747944474220276
1785956122689,0.22257046401500702,-0.01460113562643528,-0.004945792723447084,-0.9747946858406067
1785956122699,0.22257046401500702,-0.01460113562643528,-0.004945792723447084,-0.9747946858406067
1785956122710,0.2226484715938568,-0.014600740745663643,-0.0049469610676169395,-0.9747768640518188
1785956122718,0.2226484715938568,-0.014600740745663643,-0.0049469610676169395,-0.9747768640518188
1785956122729,0.2226484715938568,-0.014600740745663643,-0.0049469610676169395,-0.9747768640518188
1785956122739,0.2226484715938568,-0.014600740745663643,-0.0049469610676169395,-0.9747768640518188
1785956122749,0.22295652329921722,-0.014599177055060863,-0.004951574839651585,-0.9747065305709839
1785956122759,0.22295652329921722,-0.014599177055060863,-0.004951574839651585,-0.9747065305709839
1785956122768,0.22295652329921722,-0.014599177055060863,-0.004951574839651585,-0.9747065305709839
1785956122778,0.22295652329921722,-0.014599177055060863,-0.004951574839651585,-0.9747065305709839
1785956122789,0.22325091063976288,-0.014597680419683456,-0.004955983720719814,-0.9746391177177429
1785956122799,0.22325091063976288,-0.014597680419683456,-0.004955983720719814,-0.9746391177177429
1785956122808,0.22325091063976288,-0.014597680419683456,-0.004955983720719814,-0.9746391177177429
1785956122818,0.22325091063976288,-0.014597680419683456,-0.004955983720719814,-0.9746391177177429
1785956122828,0.22349655628204346,-0.014596429653465748,-0.004959661979228258,-0.9745827317237854
1785956122838,0.22349655628204346,-0.014596429653465748,-0.004959661979228258,-0.9745827317237854
1785956122849,0.22349655628204346,-0.014596429653465748,-0.004959661979228258,-0.9745827317237854
1785956122857,0.22349655628204346,-0.014596429653465748,-0.004959661979228258,-0.9745827317237854
1785956122868,0.22349610924720764,-0.014596431516110897,-0.004959655459970236,-0.974582850933075
1785956122878,0.22349610924720764,-0.014596431516110897,-0.004959655459970236,-0.974582850933075
1785956122888,0.22349610924720764,-0.014596431516110897,-0.004959655459970236,-0.974582850933075
1785956122897,0.22349610924720764,-0.014596431516110897,-0.004959655459970236,-0.974582850933075
1785956122907,0.22420752048492432,-0.014592807739973068,-0.00497030932456255,-0.9744195342063904
1785956122918,0.22420752048492432,-0.014592807739973068,-0.00497030932456255,-0.9744195342063904
1785956122928,0.22420752048492432,-0.014592807739973068,-0.00497030932456255,-0.9744195342063904
1785956122938,0.22420752048492432,-0.014592807739973068,-0.00497030932456255,-0.9744195342063904
1785956122947,0.22337967157363892,-0.014597024768590927,-0.004957910627126694,-0.9746096134185791
1785956122957,0.22337967157363892,-0.014597024768590927,-0.004957910627126694,-0.9746096134185791
1785956122967,0.22337967157363892,-0.014597024768590927,-0.004957910627126694,-0.9746096134185791
1785956122978,0.22337967157363892,-0.014597024768590927,-0.004957910627126694,-0.9746096134185791
1785956122986,0.22409890592098236,-0.01459336094558239,-0.004968682304024696,-0.9744444489479065
1785956122997,0.22409890592098236,-0.01459336094558239,-0.004968682304024696,-0.9744444489479065
1785956123007,0.22409890592098236,-0.01459336094558239,-0.004968682304024696,-0.9744444489479065
1785956123017,0.22409890592098236,-0.01459336094558239,-0.004968682304024696,-0.9744444489479065
1785956123026,0.22409890592098236,-0.01459336094558239,-0.004968682304024696,-0.9744444489479065
1785956123036,0.22470222413539886,-0.014605652540922165,-0.004911059979349375,-0.9743056297302246
1785956123046,0.22470222413539886,-0.014605652540922165,-0.004911059979349375,-0.9743056297302246
1785956123057,0.22470222413539886,-0.014605652540922165,-0.004911059979349375,-0.9743056297302246
1785956123067,0.22470222413539886,-0.014605652540922165,-0.004911059979349375,-0.9743056297302246
1785956123076,0.22452101111412048,-0.014606566168367863,-0.004908343311399221,-0.9743474125862122
1785956123086,0.22452101111412048,-0.014606566168367863,-0.004908343311399221,-0.9743474125862122
1785956123096,0.22452101111412048,-0.014606566168367863,-0.004908343311399221,-0.9743474125862122
1785956123106,0.22452101111412048,-0.014606566168367863,-0.004908343311399221,-0.9743474125862122
1785956123117,0.22513917088508606,-0.014603449031710625,-0.004917609971016645,-0.9742047786712646
1785956123126,0.22513917088508606,-0.014603449031710625,-0.004917609971016645,-0.9742047786712646
1785956123136,0.22513917088508606,-0.014603449031710625,-0.004917609971016645,-0.9742047786712646
1785956123146,0.22513917088508606,-0.014603449031710625,-0.004917609971016645,-0.9742047786712646
1785956123156,0.22700156271457672,-0.014594019390642643,-0.004945524502545595,-0.9737724661827087
1785956123165,0.22700156271457672,-0.014594019390642643,-0.004945524502545595,-0.9737724661827087
1785956123175,0.22700156271457672,-0.014594019390642643,-0.004945524502545595,-0.9737724661827087
1785956123186,0.22700156271457672,-0.014594019390642643,-0.004945524502545595,-0.9737724661827087
1785956123196,0.22797110676765442,-0.014589088037610054,-0.0049600545316934586,-0.9735459685325623
1785956123205,0.22797110676765442,-0.014589088037610054,-0.0049600545316934586,-0.9735459685325623
1785956123215,0.22797110676765442,-0.014589088037610054,-0.0049600545316934586,-0.9735459685325623
1785956123225,0.22797110676765442,-0.014589088037610054,-0.0049600545316934586,-0.9735459685325623
1785956123235,0.228434756398201,-0.014586723409593105,-0.004967002663761377,-0.9734372496604919
1785956123246,0.228434756398201,-0.014586723409593105,-0.004967002663761377,-0.9734372496604919
1785956123254,0.228434756398201,-0.014586723409593105,-0.004967002663761377,-0.9734372496604919
1785956123265,0.228434756398201,-0.014586723409593105,-0.004967002663761377,-0.9734372496604919
1785956123275,0.22862544655799866,-0.014585750177502632,-0.004969860427081585,-0.9733924865722656
1785956123285,0.22862544655799866,-0.014585750177502632,-0.004969860427081585,-0.9733924865722656
1785956123294,0.22862544655799866,-0.014585750177502632,-0.004969860427081585,-0.9733924865722656
1785956123304,0.22862544655799866,-0.014585750177502632,-0.004969860427081585,-0.9733924865722656
1785956123315,0.22859852015972137,-0.014585888013243675,-0.004969457164406776,-0.9733988046646118
1785956123325,0.22859852015972137,-0.014585888013243675,-0.004969457164406776,-0.9733988046646118
1785956123335,0.22859852015972137,-0.014585888013243675,-0.004969457164406776,-0.9733988046646118
1785956123344,0.22859852015972137,-0.014585888013243675,-0.004969457164406776,-0.9733988046646118
1785956123354,0.22958441078662872,-0.014580847695469856,-0.00498422933742404,-0.9731667637825012
1785956123364,0.22958441078662872,-0.014580847695469856,-0.00498422933742404,-0.9731667637825012
1785956123375,0.22958441078662872,-0.014580847695469856,-0.00498422933742404,-0.9731667637825012
1785956123383,0.22958441078662872,-0.014580847695469856,-0.00498422933742404,-0.9731667637825012
1785956123394,0.22958441078662872,-0.014580847695469856,-0.00498422933742404,-0.9731667637825012
1785956123404,0.23152996599674225,-0.014570850878953934,-0.005013376008719206,-0.9727057218551636
1785956123414,0.23152996599674225,-0.014570850878953934,-0.005013376008719206,-0.9727057218551636
1785956123424,0.23152996599674225,-0.014570850878953934,-0.005013376008719206,-0.9727057218551636
1785956123433,0.23152996599674225,-0.014570850878953934,-0.005013376008719206,-0.9727057218551636
1785956123443,0.23281745612621307,-0.01456420123577118,-0.005032660439610481,-0.9723983407020569
1785956123454,0.23281745612621307,-0.01456420123577118,-0.005032660439610481,-0.9723983407020569
1785956123464,0.23281745612621307,-0.01456420123577118,-0.005032660439610481,-0.9723983407020569
1785956123473,0.23281745612621307,-0.01456420123577118,-0.005032660439610481,-0.9723983407020569
1785956123483,0.23284287750720978,-0.014564070850610733,-0.005033040884882212,-0.9723923206329346
1785956123493,0.23284287750720978,-0.014564070850610733,-0.005033040884882212,-0.9723923206329346
1785956123503,0.23284287750720978,-0.014564070850610733,-0.005033040884882212,-0.9723923206329346
1785956123514,0.23284287750720978,-0.014564070850610733,-0.005033040884882212,-0.9723923206329346
1785956123523,0.2341165989637375,-0.014557464979588985,-0.005052116699516773,-0.9720864295959473
1785956123533,0.2341165989637375,-0.014557464979588985,-0.005052116699516773,-0.9720864295959473
1785956123543,0.2341165989637375,-0.014557464979588985,-0.005052116699516773,-0.9720864295959473
1785956123553,0.2341165989637375,-0.014557464979588985,-0.005052116699516773,-0.9720864295959473
1785956123562,0.2337595373392105,-0.014559319242835045,-0.005046769045293331,-0.9721723794937134
1785956123572,0.2337595373392105,-0.014559319242835045,-0.005046769045293331,-0.9721723794937134
1785956123583,0.2337595373392105,-0.014559319242835045,-0.005046769045293331,-0.9721723794937134
1785956123593,0.2337595373392105,-0.014559319242835045,-0.005046769045293331,-0.9721723794937134
1785956123603,0.23384949564933777,-0.014558852650225163,-0.005048115737736225,-0.9721507430076599
1785956123612,0.23384949564933777,-0.014558852650225163,-0.005048115737736225,-0.9721507430076599
1785956123622,0.23384949564933777,-0.014558852650225163,-0.005048115737736225,-0.9721507430076599
1785956123632,0.23384949564933777,-0.014558852650225163,-0.005048115737736225,-0.9721507430076599
1785956123643,0.23382170498371124,-0.014558995142579079,-0.005047699436545372,-0.9721572995185852
1785956123651,0.23382170498371124,-0.014558995142579079,-0.005047699436545372,-0.9721572995185852
1785956123662,0.23382170498371124,-0.014558995142579079,-0.005047699436545372,-0.9721572995185852
1785956123672,0.23382170498371124,-0.014558995142579079,-0.005047699436545372,-0.9721572995185852
1785956123682,0.23418501019477844,-0.014557107351720333,-0.005053139757364988,-0.9720698595046997
1785956123691,0.23418501019477844,-0.014557107351720333,-0.005053139757364988,-0.9720698595046997
1785956123701,0.23418501019477844,-0.014557107351720333,-0.005053139757364988,-0.9720698595046997
1785956123711,0.23418501019477844,-0.014557107351720333,-0.005053139757364988,-0.9720698595046997
1785956123722,0.23462806642055511,-0.014554804190993309,-0.005059774965047836,-0.971963107585907
1785956123732,0.23462806642055511,-0.014554804190993309,-0.005059774965047836,-0.971963107585907
1785956123741,0.23462806642055511,-0.014554804190993309,-0.005059774965047836,-0.971963107585907
1785956123751,0.23462806642055511,-0.014554804190993309,-0.005059774965047836,-0.971963107585907
1785956123761,0.23462806642055511,-0.014554804190993309,-0.005059774965047836,-0.971963107585907
1785956123772,0.23368102312088013,-0.014559727162122726,-0.005045592784881592,-0.9721912145614624
1785956123780,0.23368102312088013,-0.014559727162122726,-0.005045592784881592,-0.9721912145614624
1785956123791,0.23368102312088013,-0.014559727162122726,-0.005045592784881592,-0.9721912145614624
1785956123801,0.23368102312088013,-0.014559727162122726,-0.005045592784881592,-0.9721912145614624
1785956123811,0.23403826355934143,-0.014557871967554092,-0.00505094276741147,-0.9721052646636963
