epoch_ms,q0_w,q1_x,q2_y,q3_z,time_s
1785956091051,0.9940108060836792,0.1068465933203697,0.0133177191019058,0.0186837092041969,0.0
1785956091061,0.9942011833190918,0.1059832945466041,0.0179952718317508,-0.0027311367448419,0.01
1785956091071,0.9940105676651,0.1081158071756362,0.0159375742077827,-0.0001008547042147,0.02
1785956091081,0.9939656853675842,0.108587808907032,0.0148272095248103,0.004582776222378,0.03
1785956091092,0.993911862373352,0.1090298146009445,0.0152020715177059,0.0045472285710275,0.041
1785956091101,0.9938687682151794,0.1094058826565742,0.0157564207911491,0.0026299427263438,0.05
1785956091111,0.993914008140564,0.1090556979179382,0.015527818351984,0.000809715478681,0.06
1785956091121,0.993960738182068,0.1085629239678382,0.0151074891909956,0.005278306081891,0.07
1785956091131,0.993987500667572,0.1082752794027328,0.0149146812036633,0.0065425341017544,0.08
1785956091142,0.994041621685028,0.1077775955200195,0.0149114038795232,0.0065500005148351,0.091
1785956091152,0.994145691394806,0.1068161129951477,0.0148335834965109,0.0066799214109778,0.101
1785956091162,0.99423086643219,0.1060289293527603,0.0147344339638948,0.0067673185840249,0.111
1785956091172,0.994258999824524,0.1055316254496574,0.0142854563891887,0.0103968027979135,0.121
1785956091181,0.9942325353622437,0.105564072728157,0.0140437092632055,0.0126740206032991,0.13
1785956091191,0.9942036867141724,0.1057121232151985,0.0139273079112172,0.0137842614203691,0.14
1785956091202,0.9941667914390564,0.1060518696904182,0.0139258131384849,0.0138377714902162,0.151
1785956091212,0.994128942489624,0.1064066737890243,0.0139307519420981,0.0138328019529581,0.161
1785956091222,0.994084894657135,0.1068099215626716,0.0139301149174571,0.0138854151591658,0.171
1785956091232,0.9943910241127014,0.1039883270859718,0.0133913941681385,0.0139106241986155,0.181
1785956091243,0.9946962594985962,0.1011138632893562,0.0129133276641368,0.013729216530919,0.192
1785956091253,0.9950310587882996,0.0981786102056503,0.012647945433855,0.0106839714571833,0.202
1785956091263,0.995354950428009,0.0951730385422706,0.0120443841442465,0.0080936159938573,0.212
1785956091272,0.9956566095352172,0.0922097191214561,0.0114356093108654,0.0058741504326462,0.221
1785956091282,0.9999000430107116,-0.0037331534549593,-0.0126150222495198,0.0051756286993622,0.231
1785956091292,0.9999513626098632,-0.0031359803397208,-0.0085787726566195,0.0037162154912948,0.241
1785956091303,0.9999677538871764,-0.0035583365242928,-0.0062627247534692,0.0035687435884028,0.252
1785956091313,0.9999679923057556,-0.0034899436868727,-0.0062630698084831,0.003569180611521,0.262
1785956091323,0.9999679327011108,-0.0034940214827656,-0.0062680025584995,0.0035691887605935,0.272
1785956091333,0.999967873096466,-0.0034974336158484,-0.0062735900282859,0.003569190390408,0.282
1785956091344,0.999964714050293,-0.0036488834302872,-0.006369387730956,0.004069291986525,0.293
1785956091352,0.9999597072601318,-0.0038684182800352,-0.0063782255165278,0.0049735750071704,0.301
1785956091363,0.9999510645866394,-0.0041902684606611,-0.0063820914365351,0.0062924539670348,0.312
1785956091373,0.9999468326568604,-0.004517126828432,-0.0063960035331547,0.0067002363502979,0.322
1785956091383,0.9999410510063172,-0.0047714505344629,-0.0064106602221727,0.0073534836992621,0.332
1785956091393,0.9999397993087769,-0.0048950714990496,-0.0064253690652549,0.0074322591535747,0.342
1785956091404,0.9999397993087769,-0.0048781963996589,-0.0064376532100141,0.0074320905841887,0.353
1785956091414,0.9999401569366456,-0.0047979606315493,-0.0064482940360903,0.0074324118904769,0.363
1785956091424,0.999940812587738,-0.0046390434727072,-0.0064564244821667,0.0074333124794065,0.373
1785956091433,0.9999393224716188,-0.0045217084698379,-0.006460927426815,0.0076950164511799,0.382
1785956091443,0.9999388456344604,-0.0045205354690551,-0.0064646834507584,0.0077589079737663,0.392
1785956091454,0.9999261498451232,-0.0045524952001869,-0.0064742271788418,0.0092236716300249,0.403
1785956091464,0.9999243021011353,-0.0046166270039975,-0.0064799902029335,0.0093937348574399,0.413
1785956091474,0.9999237060546876,-0.0047004432417452,-0.0064854128286242,0.0093930810689926,0.423
1785956091484,0.9999237656593324,-0.0046991161070764,-0.006491033360362,0.0093930466100573,0.433
1785956091495,0.9999241828918456,-0.00469691446051,-0.0064991223625838,0.0093397423624992,0.444
1785956091505,0.99992436170578,-0.004639159888029,-0.0065095135942101,0.0093400087207555,0.454
1785956091514,0.999924898147583,-0.0045058666728436,-0.0065206573344767,0.0093407500535249,0.463
1785956091524,0.9999256134033204,-0.0043447404168546,-0.0065333088859915,0.0093416534364223,0.473
1785956091534,0.9999260306358336,-0.0042204386554658,-0.0065431878902018,0.0093423249199986,0.483
1785956091544,0.9999263286590576,-0.0041490951552987,-0.0065523134544491,0.0093426536768674,0.493
1785956091555,0.9999262690544128,-0.0041429763659834,-0.0065611698664724,0.0093425763770937,0.504
1785956091565,0.999926209449768,-0.0041386689990758,-0.0065666236914694,0.0093425251543521,0.514
1785956091575,0.9999259114265442,-0.0042059710249304,-0.0065703592263162,0.0093420445919036,0.524
1785956091585,0.9999255537986756,-0.0042848656885325,-0.006572744809091,0.0093415053561329,0.534
1785956091596,0.9999255537986756,-0.0042842952534556,-0.0065746149048209,0.0093414932489395,0.545
1785956091604,0.9999255537986756,-0.004284193739295,-0.0065762149170041,0.0093414857983589,0.553
1785956091615,0.9999255537986756,-0.0042839339002966,-0.0065788011997938,0.0093414727598428,0.564
1785956091625,0.9999254941940308,-0.0042822645045816,-0.00658376282081,0.0093414401635527,0.574
1785956091635,0.999925434589386,-0.0042791636660695,-0.0065920208580791,0.0093413842841982,0.584
1785956091645,0.9999252557754515,-0.0043282555416226,-0.0066007538698613,0.0093409707769751,0.594
1785956091656,0.9999251961708068,-0.0043217265047132,-0.0066123553551733,0.0093408767133951,0.605
1785956091666,0.999925136566162,-0.0043122679926455,-0.0066283917985856,0.0093407444655895,0.615
1785956091676,0.9999250769615172,-0.0043021906167268,-0.0066442782990634,0.0093406084924936,0.625
1785956091685,0.9999250769615172,-0.0042933146469295,-0.0066576669923961,0.0093404911458492,0.634
1785956091695,0.9999249577522278,-0.0042858342640101,-0.006668462883681,0.0093403933569788,0.644
1785956091706,0.999924898147583,-0.0042803124524652,-0.006677490659058,0.0093403179198503,0.655
1785956091716,0.9999248385429382,-0.004277198575437,-0.0066844983957707,0.0093402666971087,0.665
1785956091726,0.9999247789382936,-0.004275759216398,-0.0066894576884806,0.0093402359634637,0.675
1785956091736,0.9999247789382936,-0.0042755948379635,-0.0066915191709995,0.0093402257189154,0.685
1785956091747,0.9999247789382936,-0.0042759021744132,-0.0066932360641658,0.00934022013098,0.696
1785956091757,0.9999247789382936,-0.0042764921672642,-0.0066949077881872,0.0093402164056897,0.706
1785956091767,0.9999244809150696,-0.0043405597098171,-0.0066966121084988,0.0093397852033376,0.716
1785956091776,0.9999241828918456,-0.0044090552255511,-0.0066999038681387,0.0093393046408891,0.725
1785956091786,0.9999240040779114,-0.0044611478224396,-0.0067050149664282,0.0093389200046658,0.735
1785956091796,0.9999239444732666,-0.0044593317434191,-0.0067108296789228,0.0093388818204402,0.745
1785956091807,0.9999238848686218,-0.0044559827074408,-0.0067175952717661,0.0093388287350535,0.756
1785956091817,0.999923825263977,-0.0044505982659757,-0.006726530380547,0.0093387523666024,0.766
1785956091827,0.999923825263977,-0.0044436720199882,-0.0067377355881035,0.0093386555090546,0.776
1785956091837,0.999923825263977,-0.0044365222565829,-0.0067476327531039,0.0093385633081197,0.786
1785956091848,0.999923825263977,-0.0044296979904174,-0.0067554432898759,0.0093384822830557,0.797
1785956091856,0.9999237656593324,-0.004424013197422,-0.0067625856027007,0.0093384124338626,0.805
1785956091867,0.9999237060546876,-0.0044197435490787,-0.0067686969414353,0.0093383565545082,0.816
1785956091877,0.9999236464500428,-0.0044155600480735,-0.0067755589261651,0.009338297881186,0.826
1785956091887,0.9999234676361084,-0.0044647688046097,-0.0067836595699191,0.0093378769233822,0.836
1785956091897,0.999923050403595,-0.0045412261970341,-0.0067906710319221,0.0093372827395796,0.846
1785956091908,0.9999227523803712,-0.004597027786076,-0.0067976876161992,0.0093368357047438,0.857
1785956091918,0.9999223351478576,-0.0046696267090737,-0.0068030129186809,0.0093362936750054,0.867
1785956091928,0.9999216794967652,-0.0047942115925252,-0.0068093384616076,0.009335377253592,0.877
1785956091937,0.9999210834503174,-0.0049075721763074,-0.006816760636866,0.0093345222994685,0.886
1785956091947,0.9999205470085144,-0.0050208764150738,-0.0068244035355746,0.0093336645513772,0.896
1785956091957,0.9999200105667114,-0.0051125106401741,-0.0068317172117531,0.0093329492956399,0.906
1785956091968,0.9999195337295532,-0.0051936414092779,-0.0068383989855647,0.0093323085457086,0.917
1785956091978,0.9999195337295532,-0.0051907701417803,-0.0068423207849264,0.0093322684988379,0.927
1785956091988,0.9999195337295532,-0.0051894709467887,-0.0068453447893261,0.0093322433531284,0.937
1785956091998,0.9999195337295532,-0.0051884772256016,-0.0068481117486953,0.0093322219327092,0.947
1785956092009,0.9999195337295532,-0.0051868516020476,-0.0068511413410305,0.0093321949243545,0.958
1785956092018,0.9999195337295532,-0.0051851160824298,-0.0068549569696187,0.009332163259387,0.967
1785956092028,0.9999195337295532,-0.0051845307461917,-0.0068573071621358,0.0093321464955806,0.977
1785956092038,0.9999201893806458,-0.0051312283612787,-0.0067914561368525,0.0093321278691291,0.987
1785956092048,0.9999213218688964,-0.0050123208202421,-0.006713084410876,0.0093324305489659,0.997
1785956092059,0.9999225735664368,-0.0048821829259395,-0.0066252234391868,0.0093327425420284,1.008
1785956092069,0.9999241828918456,-0.004720349330455,-0.0065001877956092,0.0093330843374133,1.018
1785956092079,0.999926209449768,-0.0044938982464373,-0.0063533843494951,0.0093337381258606,1.028
1785956092089,0.9999272227287292,-0.0044043972156941,-0.0062431562691926,0.0093336850404739,1.038
1785956092098,0.9999276399612428,-0.0043981745839118,-0.0061866044998168,0.0093333357945084,1.047
1785956092108,0.9999260306358336,-0.0047372188419103,-0.0063001685775816,0.0092623103410005,1.057
1785956092119,0.9999269247055054,-0.0046590096317231,-0.0062246941961348,0.0092623522505164,1.068
1785956092129,0.9999287128448486,-0.004552821163088,-0.0060949316248297,0.0092091178521513,1.078
1785956092139,0.9999309182167052,-0.0043472284451127,-0.0058568646200001,0.0092092752456665,1.088
1785956092149,0.9999329447746276,-0.0042309598065912,-0.0056832721456885,0.0091559281572699,1.098
1785956092160,0.9999346733093262,-0.0041046743281185,-0.0054774740710854,0.0091557605192065,1.109
1785956092170,0.9999375343322754,-0.003804876236245,-0.0050366255454719,0.009224877692759,1.119
1785956092179,0.9999451637268066,-0.0043945391662418,-0.0042774816974997,0.0084890220314264,1.128
1785956092189,0.9999518990516664,-0.0042747291736304,-0.0031975556630641,0.0082235317677259,1.138
1785956092199,0.9999566674232484,-0.0040979553014039,-0.0022209347225725,0.0080493250861763,1.148
1785956092209,0.9999579787254332,-0.0040473826229572,-0.0016977526247501,0.0080471942201256,1.158
1785956092220,0.999958872795105,-0.0039728060364723,-0.0013459539040923,0.0080458233132958,1.169
1785956092230,0.9999592900276184,-0.0039744582027196,-0.0010388288646936,0.0080445455387234,1.179
1785956092240,0.9999610185623168,-0.0038882775697857,-0.0006870760698802,0.0078993896022439,1.189
1785956092250,0.9999627470970154,-0.0037482886109501,-0.0004462375654838,0.0077706477604806,1.199
1785956092261,0.9999644160270692,-0.0036229810211807,-0.0003655390755739,0.0076211551204323,1.21
1785956092269,0.9999662041664124,-0.0034661185927689,-0.0002813639002852,0.0074610761366784,1.218
1785956092280,0.9999670386314392,-0.0034628524444997,-0.0001898687914945,0.0073488829657435,1.229
1785956092290,0.9999675750732422,-0.0034591362345963,-0.000134322384838,0.0072794337756931,1.239
1785956092300,0.999967098236084,-0.0036034025251865,-7.146946882130578e-05,0.0072791934944689,1.249
1785956092310,0.9999665021896362,-0.0037636863999068,-3.4065451472997665e-06,0.0072789322584867,1.259
1785956092321,0.9999662041664124,-0.0038382452912628,-3.949271558667533e-06,0.0072789317928254,1.27
1785956092331,0.9999659061431884,-0.0039128041826188,-4.4919979700353e-06,0.0072789313271641,1.28
1785956092341,0.9999659061431884,-0.003913695923984,0.0001179971004603,0.0072784521616995,1.29
1785956092350,0.9999664425849916,-0.0038557616062462,0.0002087463653879,0.0072248331271111,1.299
1785956092360,0.9999670386314392,-0.0038562410045415,0.000272317440249,0.0071393721736967,1.309
1785956092371,0.999967634677887,-0.0038562642876058,0.0002719888288993,0.0070541575551033,1.32
1785956092381,0.9999672770500184,-0.0039414758794009,0.000271387718385,0.0070541808381676,1.33
1785956092391,0.9999669790267944,-0.0040160347707569,0.000270861753961,0.007054200861603,1.34
1785956092401,0.9999666213989258,-0.0041006072424352,0.0001796970318537,0.0070545878261327,1.35
1785956092412,0.9999666213989258,-0.0041006072424352,0.0001796970318537,0.0070545878261327,1.361
1785956092422,0.999967098236084,-0.0041006188839674,0.0001794349518604,0.0069906786084175,1.371
1785956092431,0.9999677538871764,-0.004100636113435,0.0001790418173186,0.0068948110565543,1.38
1785956092441,0.9999678134918212,-0.0041019953787326,0.0003760997788049,0.0068940040655434,1.39
1785956092451,0.9999687075614928,-0.0040497942827641,0.0005251072579994,0.0067761987447738,1.4
1785956092461,0.99997079372406,-0.0041257757693529,0.0007041711360216,0.0064026676118373,1.41
1785956092472,0.9999719858169556,-0.0041276793926954,0.0009748313459567,0.0061671934090554,1.421
1785956092482,0.9999731779098512,-0.0041278661228716,0.0009740398963913,0.0059754513204097,1.431
1785956092492,0.9999736547470092,-0.0041289296932518,0.0011333526344969,0.0058629447594285,1.441
1785956092502,0.9999753832817078,-0.0041310940869152,0.0014318787725642,0.0055037941783666,1.451
1785956092513,0.9999775290489196,-0.0041322475299239,0.0015205182135105,0.0050453576259315,1.462
1785956092521,0.999978244304657,-0.0041324663907289,0.0015199239132925,0.0049015521071851,1.47
1785956092532,0.9999796152114868,-0.004132489208132,0.0014442817773669,0.0046462006866931,1.481
1785956092542,0.999980330467224,-0.0040776068344712,0.0010982978856191,0.0046475548297166,1.491
1785956092552,0.999978482723236,-0.0043818862177431,0.0001550301676616,0.0048861037939786,1.501
1785956092562,0.9999791383743286,-0.0044542420655488,-0.0003044227196369,0.0046590939164161,1.511
1785956092573,0.9999792575836182,-0.0045430744066834,-0.0006623691297136,0.0045168502256274,1.522
1785956092583,0.9999799132347108,-0.0045418716035783,-0.0009028954082168,0.0043368488550186,1.532
1785956092593,0.9999791979789734,-0.0046158786863088,-0.0010414791759103,0.0043906806968152,1.542
1785956092602,0.9999791979789734,-0.0046158786863088,-0.0010414791759103,0.0043906806968152,1.551
1785956092612,0.9999791979789734,-0.0046158786863088,-0.0010414791759103,0.0043906806968152,1.561
1785956092622,0.9999791979789734,-0.0046158786863088,-0.0010414791759103,0.0043906806968152,1.571
1785956092633,0.9999797940254213,-0.0046163704246282,-0.0009035255643539,0.004278193693608,1.582
1785956092643,0.9999790191650392,-0.0048727998510003,-0.0007131313323043,0.0042238202877342,1.592
1785956092653,0.9999770522117616,-0.005336093250662,-0.0007157113286666,0.004095661919564,1.602
1785956092664,0.999978005886078,-0.0055386442691087,-0.0005966078024357,0.0036154959816485,1.613
1785956092674,0.999976634979248,-0.0058587407693266,-0.0004333400574978,0.003491889918223,1.623
1785956092683,0.999976634979248,-0.0060510165058076,-0.0002440863027004,0.003181760199368,1.632
1785956092693,0.999976634979248,-0.0060513047501444,-0.0001535541232442,0.0031812123488634,1.642
1785956092703,0.9999759197235109,-0.0061689838767051,5.848152795806527e-06,0.0031802274752408,1.652
1785956092713,0.999975323677063,-0.006377229001373,0.0001690402277745,0.0029768145177513,1.662
1785956092724,0.9999741911888124,-0.0065962481312453,0.0003749473253265,0.0027944364119321,1.673
1785956092734,0.9999732971191406,-0.0067778867669403,0.0005547133041545,0.0026708100922405,1.683
1785956092744,0.9999720454216005,-0.0069915228523314,0.0007504090899601,0.0025524192024022,1.693
1785956092754,0.999970555305481,-0.00717309769243,0.0009416791144758,0.0025512143038213,1.703
1785956092765,0.9999687075614928,-0.0074130990542471,0.0010688836919143,0.0025505230296403,1.714
1785956092773,0.9999682307243348,-0.007561832666397,0.001407183939591,0.0020849641878157,1.722
1785956092785,0.9999669790267944,-0.0078562507405877,0.0015978707233443,0.0013222275301814,1.734
1785956092794,0.999970555305481,-0.0073779299855232,-0.0011469245655462,0.0017212311504408,1.743
1785956092804,0.9999326467514038,-0.0078622139990329,-0.0067035877145826,0.0052931085228919,1.753
1785956092814,0.99993896484375,-0.0050394623540341,-0.0058799660764634,0.0078837750479578,1.763
1785956092825,0.99993497133255,-0.0059432568959891,-0.005957297515124,0.0076923868618905,1.774
1785956092835,0.99993497133255,-0.0059432568959891,-0.005957297515124,0.0076923868618905,1.784
1785956092844,0.99993497133255,-0.0059432568959891,-0.005957297515124,0.0076923868618905,1.793
1785956092854,0.99993497133255,-0.0058520468883216,-0.006041835527867,0.0076934332028031,1.803
1785956092864,0.999935507774353,-0.0057774716988205,-0.0060412627644836,0.0076938848942518,1.813
1785956092874,0.999935507774353,-0.0057774716988205,-0.0060412627644836,0.0076938848942518,1.823
1785956092885,0.999935507774353,-0.0057774716988205,-0.0060412627644836,0.0076938848942518,1.834
1785956092895,0.999935507774353,-0.0057774716988205,-0.0060412627644836,0.0076938848942518,1.844
1785956092905,0.999935507774353,-0.0057774716988205,-0.0060412627644836,0.0076938848942518,1.854
1785956092915,0.999935507774353,-0.0057774716988205,-0.0060412627644836,0.0076938848942518,1.864
1785956092926,0.999935507774353,-0.0057774716988205,-0.0060412627644836,0.0076938848942518,1.875
1785956092935,0.999935507774353,-0.0057774716988205,-0.0060412627644836,0.0076938848942518,1.884
1785956092945,0.999935507774353,-0.0057774716988205,-0.0060412627644836,0.0076938848942518,1.894
1785956092955,0.999935507774353,-0.0057774716988205,-0.0060412627644836,0.0076938848942518,1.904
1785956092965,0.999935507774353,-0.0057774716988205,-0.0060412627644836,0.0076938848942518,1.914
1785956092976,0.999935507774353,-0.0057774716988205,-0.0060412627644836,0.0076938848942518,1.925
1785956092986,0.999935507774353,-0.0057774716988205,-0.0060412627644836,0.0076938848942518,1.935
1785956092996,0.999935507774353,-0.0057774716988205,-0.0060412627644836,0.0076938848942518,1.945
1785956093006,0.999935507774353,-0.0057774716988205,-0.0060412627644836,0.0076938848942518,1.955
1785956093015,0.999935507774353,-0.0057774716988205,-0.0060412627644836,0.0076938848942518,1.964
1785956093025,0.999935507774353,-0.0057774716988205,-0.0060412627644836,0.0076938848942518,1.974
1785956093036,0.999935507774353,-0.0057774716988205,-0.0060412627644836,0.0076938848942518,1.985
1785956093046,0.999935507774353,-0.0057774716988205,-0.0060412627644836,0.0076938848942518,1.995
1785956093056,0.999935507774353,-0.0057774716988205,-0.0060412627644836,0.0076938848942518,2.005
1785956093066,0.999935507774353,-0.0057774716988205,-0.0060412627644836,0.0076938848942518,2.015
1785956093077,0.999935507774353,-0.0057774716988205,-0.0060412627644836,0.0076938848942518,2.026
1785956093087,0.999935507774353,-0.0057774716988205,-0.0060412627644836,0.0076938848942518,2.036
1785956093096,0.999935507774353,-0.0057774716988205,-0.0060412627644836,0.0076938848942518,2.045
1785956093106,0.999935507774353,-0.0057774716988205,-0.0060412627644836,0.0076938848942518,2.055
1785956093116,0.999935507774353,-0.0057774716988205,-0.0060412627644836,0.0076938848942518,2.065
1785956093126,0.999935507774353,-0.0057774716988205,-0.0060412627644836,0.0076938848942518,2.075
1785956093137,0.999935507774353,-0.0057774716988205,-0.0060412627644836,0.0076938848942518,2.086
1785956093147,0.999935507774353,-0.0057774716988205,-0.0060412627644836,0.0076938848942518,2.096
1785956093157,0.999935507774353,-0.0057774716988205,-0.0060412627644836,0.0076938848942518,2.106
1785956093167,0.999935507774353,-0.0057774716988205,-0.0060412627644836,0.0076938848942518,2.116
1785956093176,0.999935507774353,-0.0057774716988205,-0.0060412627644836,0.0076938848942518,2.125
1785956093186,0.999935507774353,-0.0057774716988205,-0.0060412627644836,0.0076938848942518,2.135
1785956093197,0.999935507774353,-0.0057774716988205,-0.0060412627644836,0.0076938848942518,2.146
1785956093207,0.999935507774353,-0.0057774716988205,-0.0060412627644836,0.0076938848942518,2.156
1785956093217,0.999935507774353,-0.0057774716988205,-0.0060412627644836,0.0076938848942518,2.166
1785956093227,0.999935507774353,-0.0057774716988205,-0.0060412627644836,0.0076938848942518,2.176
1785956093238,0.999935507774353,-0.0057774716988205,-0.0060412627644836,0.0076938848942518,2.187
1785956093248,0.999935507774353,-0.0057774716988205,-0.0060412627644836,0.0076938848942518,2.197
1785956093258,0.999935507774353,-0.0057774716988205,-0.0060412627644836,0.0076938848942518,2.207
1785956093267,0.999935507774353,-0.0057774716988205,-0.0060412627644836,0.0076938848942518,2.216
1785956093277,0.999935507774353,-0.0057774716988205,-0.0060412627644836,0.0076938848942518,2.226
1785956093288,0.999935507774353,-0.0057774716988205,-0.0060412627644836,0.0076938848942518,2.237
1785956093298,0.999935507774353,-0.0057774716988205,-0.0060412627644836,0.0076938848942518,2.247
1785956093308,0.999935507774353,-0.0057774716988205,-0.0060412627644836,0.0076938848942518,2.257
1785956093318,0.999935507774353,-0.0057774716988205,-0.0060412627644836,0.0076938848942518,2.267
1785956093329,0.999935507774353,-0.0057774716988205,-0.0060412627644836,0.0076938848942518,2.278
1785956093339,0.999935507774353,-0.0057774716988205,-0.0060412627644836,0.0076938848942518,2.288
1785956093349,0.999935507774353,-0.0057774716988205,-0.0060412627644836,0.0076938848942518,2.298
1785956093358,0.999935507774353,-0.0057774716988205,-0.0060412627644836,0.0076938848942518,2.307
1785956093368,0.999935507774353,-0.0057774716988205,-0.0060412627644836,0.0076938848942518,2.317
1785956093378,0.999935507774353,-0.0057774716988205,-0.0060412627644836,0.0076938848942518,2.327
1785956093389,0.999935507774353,-0.0057774716988205,-0.0060412627644836,0.0076938848942518,2.338
1785956093399,0.999935507774353,-0.0057774716988205,-0.0060412627644836,0.0076938848942518,2.348
1785956093409,0.999935507774353,-0.0057774716988205,-0.0060412627644836,0.0076938848942518,2.358
1785956093419,0.999935507774353,-0.0057774716988205,-0.0060412627644836,0.0076938848942518,2.368
1785956093428,0.999935507774353,-0.0057774716988205,-0.0060412627644836,0.0076938848942518,2.377
1785956093438,0.999935507774353,-0.0057774716988205,-0.0060412627644836,0.0076938848942518,2.387
1785956093449,0.999935507774353,-0.0057774716988205,-0.0060412627644836,0.0076938848942518,2.398
1785956093459,0.999935507774353,-0.0057774716988205,-0.0060412627644836,0.0076938848942518,2.408
1785956093469,0.999935507774353,-0.0057774716988205,-0.0060412627644836,0.0076938848942518,2.418
1785956093479,0.999935507774353,-0.0057774716988205,-0.0060412627644836,0.0076938848942518,2.428
1785956093490,0.999935507774353,-0.0057774716988205,-0.0060412627644836,0.0076938848942518,2.439
1785956093500,0.999935507774353,-0.0057774716988205,-0.0060412627644836,0.0076938848942518,2.449
1785956093510,0.999935507774353,-0.0057774716988205,-0.0060412627644836,0.0076938848942518,2.459
1785956093519,0.999935507774353,-0.0057774716988205,-0.0060412627644836,0.0076938848942518,2.468
1785956093529,0.999935507774353,-0.0057774716988205,-0.0060412627644836,0.0076938848942518,2.478
1785956093539,0.999935507774353,-0.0057774716988205,-0.0060412627644836,0.0076938848942518,2.488
1785956093550,0.999935507774353,-0.0057774716988205,-0.0060412627644836,0.0076938848942518,2.499
1785956093560,0.999935507774353,-0.0057774716988205,-0.0060412627644836,0.0076938848942518,2.509
1785956093570,0.999935507774353,-0.0057774716988205,-0.0060412627644836,0.0076938848942518,2.519
1785956093581,0.999935507774353,-0.0057774716988205,-0.0060412627644836,0.0076938848942518,2.53
1785956093591,0.999935507774353,-0.0057774716988205,-0.0060412627644836,0.0076938848942518,2.54
1785956093600,0.999935507774353,-0.0057774716988205,-0.0060412627644836,0.0076938848942518,2.549
1785956093610,0.999935507774353,-0.0057774716988205,-0.0060412627644836,0.0076938848942518,2.559
1785956093620,0.999935507774353,-0.0057774716988205,-0.0060412627644836,0.0076938848942518,2.569
1785956093630,0.999935507774353,-0.0057774716988205,-0.0060412627644836,0.0076938848942518,2.579
1785956093641,0.999935507774353,-0.0057774716988205,-0.0060412627644836,0.0076938848942518,2.59
1785956093651,0.999935507774353,-0.0057774716988205,-0.0060412627644836,0.0076938848942518,2.6
1785956093661,0.999935507774353,-0.0057774716988205,-0.0060412627644836,0.0076938848942518,2.61
1785956093671,0.999935507774353,-0.0057774716988205,-0.0060412627644836,0.0076938848942518,2.62
1785956093680,0.999935507774353,-0.0057774716988205,-0.0060412627644836,0.0076938848942518,2.629
1785956093690,0.999935507774353,-0.0057774716988205,-0.0060412627644836,0.0076938848942518,2.639
1785956093701,0.999935507774353,-0.0057774716988205,-0.0060412627644836,0.0076938848942518,2.65
1785956093711,0.999935507774353,-0.0057774716988205,-0.0060412627644836,0.0076938848942518,2.66
1785956093721,0.999935507774353,-0.0057774716988205,-0.0060412627644836,0.0076938848942518,2.67
1785956093731,0.999935507774353,-0.0057774716988205,-0.0060412627644836,0.0076938848942518,2.68
1785956093742,0.999935507774353,-0.0057774716988205,-0.0060412627644836,0.0076938848942518,2.691
1785956093752,0.999935507774353,-0.0057774716988205,-0.0060412627644836,0.0076938848942518,2.701
1785956093761,0.999935507774353,-0.0057774716988205,-0.0060412627644836,0.0076938848942518,2.71
1785956093771,0.999935507774353,-0.0057774716988205,-0.0060412627644836,0.0076938848942518,2.72
1785956093781,0.999935507774353,-0.0057774716988205,-0.0060412627644836,0.0076938848942518,2.73
1785956093791,0.999935507774353,-0.0057774716988205,-0.0060412627644836,0.0076938848942518,2.74
1785956093802,0.999935507774353,-0.0057774716988205,-0.0060412627644836,0.0076938848942518,2.751
1785956093812,0.999935507774353,-0.0057774716988205,-0.0060412627644836,0.0076938848942518,2.761
1785956093822,0.999935507774353,-0.0057774716988205,-0.0060412627644836,0.0076938848942518,2.771
1785956093832,0.999935507774353,-0.0057774716988205,-0.0060412627644836,0.0076938848942518,2.781
1785956093843,0.999935507774353,-0.0057774716988205,-0.0060412627644836,0.0076938848942518,2.792
1785956093851,0.999935507774353,-0.0057774716988205,-0.0060412627644836,0.0076938848942518,2.8
1785956093862,0.999935507774353,-0.0057774716988205,-0.0060412627644836,0.0076938848942518,2.811
1785956093872,0.999935507774353,-0.0057774716988205,-0.0060412627644836,0.0076938848942518,2.821
1785956093882,0.999935507774353,-0.0057774716988205,-0.0060412627644836,0.0076938848942518,2.831
1785956093893,0.999935507774353,-0.0057774716988205,-0.0060412627644836,0.0076938848942518,2.842
1785956093903,0.999935507774353,-0.0057774716988205,-0.0060412627644836,0.0076938848942518,2.852
1785956093913,0.999935507774353,-0.0057774716988205,-0.0060412627644836,0.0076938848942518,2.862
1785956093923,0.999935507774353,-0.0057774716988205,-0.0060412627644836,0.0076938848942518,2.872
1785956093932,0.999935507774353,-0.0057774716988205,-0.0060412627644836,0.0076938848942518,2.881
1785956093942,0.999935507774353,-0.0057774716988205,-0.0060412627644836,0.0076938848942518,2.891
1785956093953,0.999935507774353,-0.0057774716988205,-0.0060412627644836,0.0076938848942518,2.902
1785956093963,0.999935507774353,-0.0057774716988205,-0.0060412627644836,0.0076938848942518,2.912
1785956093973,0.999935507774353,-0.0057774716988205,-0.0060412627644836,0.0076938848942518,2.922
1785956093983,0.999935507774353,-0.0057774716988205,-0.0060412627644836,0.0076938848942518,2.932
1785956093994,0.999935507774353,-0.0057774716988205,-0.0060412627644836,0.0076938848942518,2.943
1785956094004,0.999935507774353,-0.0057774716988205,-0.0060412627644836,0.0076938848942518,2.953
1785956094013,0.999935507774353,-0.0057774716988205,-0.0060412627644836,0.0076938848942518,2.962
1785956094023,0.999935507774353,-0.0057774716988205,-0.0060412627644836,0.0076938848942518,2.972
1785956094033,0.999935507774353,-0.0057774716988205,-0.0060412627644836,0.0076938848942518,2.982
1785956094043,0.999935507774353,-0.0057774716988205,-0.0060412627644836,0.0076938848942518,2.992
1785956094054,0.999935507774353,-0.0057774716988205,-0.0060412627644836,0.0076938848942518,3.003
1785956094064,0.999935507774353,-0.0057774716988205,-0.0060412627644836,0.0076938848942518,3.013
1785956094074,0.999935507774353,-0.0057774716988205,-0.0060412627644836,0.0076938848942518,3.023
1785956094084,0.999935507774353,-0.0057774716988205,-0.0060412627644836,0.0076938848942518,3.033
1785956094093,0.999935507774353,-0.0057774716988205,-0.0060412627644836,0.0076938848942518,3.042
1785956094103,0.999935507774353,-0.0057774716988205,-0.0060412627644836,0.0076938848942518,3.052
1785956094114,0.999935507774353,-0.0057774716988205,-0.0060412627644836,0.0076938848942518,3.063
1785956094124,0.999935507774353,-0.0057774716988205,-0.0060412627644836,0.0076938848942518,3.073
1785956094134,0.999935507774353,-0.0057774716988205,-0.0060412627644836,0.0076938848942518,3.083
1785956094144,0.999935507774353,-0.0057774716988205,-0.0060412627644836,0.0076938848942518,3.093
1785956094155,0.999935507774353,-0.0057774716988205,-0.0060412627644836,0.0076938848942518,3.104
1785956094165,0.999935507774353,-0.0057774716988205,-0.0060412627644836,0.0076938848942518,3.114
1785956094174,0.999935507774353,-0.0057774716988205,-0.0060412627644836,0.0076938848942518,3.123
1785956094184,0.999935507774353,-0.0057774716988205,-0.0060412627644836,0.0076938848942518,3.133
1785956094194,0.999935507774353,-0.0057774716988205,-0.0060412627644836,0.0076938848942518,3.143
1785956094205,0.999935507774353,-0.0057774716988205,-0.0060412627644836,0.0076938848942518,3.154
1785956094215,0.999935507774353,-0.0057774716988205,-0.0060412627644836,0.0076938848942518,3.164
1785956094225,0.999935507774353,-0.0057774716988205,-0.0060412627644836,0.0076938848942518,3.174
1785956094235,0.999935507774353,-0.0057774716988205,-0.0060412627644836,0.0076938848942518,3.184
1785956094246,0.999935507774353,-0.0057774716988205,-0.0060412627644836,0.0076938848942518,3.195
1785956094256,0.999935507774353,-0.0057774716988205,-0.0060412627644836,0.0076938848942518,3.205
1785956094265,0.999935507774353,-0.0057774716988205,-0.0060412627644836,0.0076938848942518,3.214
1785956094275,0.999935507774353,-0.0057774716988205,-0.0060412627644836,0.0076938848942518,3.224
1785956094285,0.999935507774353,-0.0057774716988205,-0.0060412627644836,0.0076938848942518,3.234
1785956094295,0.999935507774353,-0.0057774716988205,-0.0060412627644836,0.0076938848942518,3.244
1785956094306,0.999935507774353,-0.0057774716988205,-0.0060412627644836,0.0076938848942518,3.255
1785956094316,0.999935507774353,-0.0057774716988205,-0.0060412627644836,0.0076938848942518,3.265
1785956094326,0.999935507774353,-0.0057774716988205,-0.0060412627644836,0.0076938848942518,3.275
1785956094336,0.999935507774353,-0.0057774716988205,-0.0060412627644836,0.0076938848942518,3.285
1785956094345,0.999935507774353,-0.0057774716988205,-0.0060412627644836,0.0076938848942518,3.294
1785956094355,0.999935507774353,-0.0057774716988205,-0.0060412627644836,0.0076938848942518,3.304
1785956094366,0.999935507774353,-0.0057774716988205,-0.0060412627644836,0.0076938848942518,3.315
1785956094376,0.999935507774353,-0.0057774716988205,-0.0060412627644836,0.0076938848942518,3.325
1785956094386,0.999935507774353,-0.0057774716988205,-0.0060412627644836,0.0076938848942518,3.335
1785956094396,0.999935507774353,-0.0057774716988205,-0.0060412627644836,0.0076938848942518,3.345
1785956094407,0.999935507774353,-0.0057774716988205,-0.0060412627644836,0.0076938848942518,3.356
1785956094417,0.999935507774353,-0.0057774716988205,-0.0060412627644836,0.0076938848942518,3.366
1785956094426,0.999935507774353,-0.0057774716988205,-0.0060412627644836,0.0076938848942518,3.375
1785956094436,0.999935507774353,-0.0057774716988205,-0.0060412627644836,0.0076938848942518,3.385
1785956094446,0.999935507774353,-0.0057774716988205,-0.0060412627644836,0.0076938848942518,3.395
1785956094456,0.999935507774353,-0.0057774716988205,-0.0060412627644836,0.0076938848942518,3.405
1785956094467,0.999935507774353,-0.0057774716988205,-0.0060412627644836,0.0076938848942518,3.416
1785956094477,0.999935507774353,-0.0057774716988205,-0.0060412627644836,0.0076938848942518,3.426
1785956094487,0.999935507774353,-0.0057774716988205,-0.0060412627644836,0.0076938848942518,3.436
1785956094497,0.999935507774353,-0.0057774716988205,-0.0060412627644836,0.0076938848942518,3.446
1785956094506,0.999935507774353,-0.0057774716988205,-0.0060412627644836,0.0076938848942518,3.455
1785956094517,0.999935507774353,-0.0057774716988205,-0.0060412627644836,0.0076938848942518,3.466
1785956094527,0.999935507774353,-0.0057774716988205,-0.0060412627644836,0.0076938848942518,3.476
1785956094537,0.999935507774353,-0.0057774716988205,-0.0060412627644836,0.0076938848942518,3.486
1785956094547,0.999935507774353,-0.0057774716988205,-0.0060412627644836,0.0076938848942518,3.496
1785956094558,0.999935507774353,-0.0057774716988205,-0.0060412627644836,0.0076938848942518,3.507
1785956094568,0.999935507774353,-0.0057774716988205,-0.0060412627644836,0.0076938848942518,3.517
1785956094578,0.999935507774353,-0.0057774716988205,-0.0060412627644836,0.0076938848942518,3.527
1785956094588,0.999935507774353,-0.0057774716988205,-0.0060412627644836,0.0076938848942518,3.537
1785956094597,0.999935507774353,-0.0057774716988205,-0.0060412627644836,0.0076938848942518,3.546
1785956094607,0.999935507774353,-0.0057774716988205,-0.0060412627644836,0.0076938848942518,3.556
1785956094618,0.999935507774353,-0.0057774716988205,-0.0060412627644836,0.0076938848942518,3.567
1785956094628,0.999935507774353,-0.0057774716988205,-0.0060412627644836,0.0076938848942518,3.577
1785956094638,0.999935507774353,-0.0057774716988205,-0.0060412627644836,0.0076938848942518,3.587
1785956094648,0.999935507774353,-0.0057774716988205,-0.0060412627644836,0.0076938848942518,3.597
1785956094659,0.999935507774353,-0.0057774716988205,-0.0060412627644836,0.0076938848942518,3.608
1785956094669,0.999935507774353,-0.0057774716988205,-0.0060412627644836,0.0076938848942518,3.618
1785956094678,0.999935507774353,-0.0057774716988205,-0.0060412627644836,0.0076938848942518,3.627
1785956094688,0.999935507774353,-0.0057774716988205,-0.0060412627644836,0.0076938848942518,3.637
1785956094698,0.999935507774353,-0.0057774716988205,-0.0060412627644836,0.0076938848942518,3.647
1785956094708,0.999935507774353,-0.0057774716988205,-0.0060412627644836,0.0076938848942518,3.657
1785956094719,0.999935507774353,-0.0057774716988205,-0.0060412627644836,0.0076938848942518,3.668
1785956094729,0.999935507774353,-0.0057774716988205,-0.0060412627644836,0.0076938848942518,3.678
1785956094739,0.999935507774353,-0.0057774716988205,-0.0060412627644836,0.0076938848942518,3.688
1785956094749,0.999935507774353,-0.0057774716988205,-0.0060412627644836,0.0076938848942518,3.698
1785956094758,0.999935507774353,-0.0057774716988205,-0.0060412627644836,0.0076938848942518,3.707
1785956094768,0.999935507774353,-0.0057774716988205,-0.0060412627644836,0.0076938848942518,3.717
1785956094779,0.999935507774353,-0.0057774716988205,-0.0060412627644836,0.0076938848942518,3.728
1785956094789,0.999935507774353,-0.0057774716988205,-0.0060412627644836,0.0076938848942518,3.738
1785956094799,0.999935507774353,-0.0057774716988205,-0.0060412627644836,0.0076938848942518,3.748
1785956094810,0.999935507774353,-0.0057774716988205,-0.0060412627644836,0.0076938848942518,3.759
1785956094820,0.999935507774353,-0.0057774716988205,-0.0060412627644836,0.0076938848942518,3.769
1785956094830,0.999935507774353,-0.0057774716988205,-0.0060412627644836,0.0076938848942518,3.779
1785956094839,0.999935507774353,-0.0057774716988205,-0.0060412627644836,0.0076938848942518,3.788
1785956094849,0.999935507774353,-0.0057774716988205,-0.0060412627644836,0.0076938848942518,3.798
1785956094859,0.999935507774353,-0.0057774716988205,-0.0060412627644836,0.0076938848942518,3.808
1785956094870,0.999935507774353,-0.0057774716988205,-0.0060412627644836,0.0076938848942518,3.819
1785956094880,0.999935507774353,-0.0057774716988205,-0.0060412627644836,0.0076938848942518,3.829
1785956094890,0.999935507774353,-0.0057774716988205,-0.0060412627644836,0.0076938848942518,3.839
1785956094900,0.999935507774353,-0.0057774716988205,-0.0060412627644836,0.0076938848942518,3.849
1785956094911,0.999935507774353,-0.0057774716988205,-0.0060412627644836,0.0076938848942518,3.86
1785956094919,0.999935507774353,-0.0057774716988205,-0.0060412627644836,0.0076938848942518,3.868
1785956094930,0.999935507774353,-0.0057774716988205,-0.0060412627644836,0.0076938848942518,3.879
1785956094940,0.999935507774353,-0.0057774716988205,-0.0060412627644836,0.0076938848942518,3.889
1785956094950,0.999935507774353,-0.0057774716988205,-0.0060412627644836,0.0076938848942518,3.899
1785956094960,0.999935507774353,-0.0057774716988205,-0.0060412627644836,0.0076938848942518,3.909
1785956094971,0.999935507774353,-0.0057774716988205,-0.0060412627644836,0.0076938848942518,3.92
1785956094981,0.999935507774353,-0.0057774716988205,-0.0060412627644836,0.0076938848942518,3.93
1785956094991,0.999935507774353,-0.0057774716988205,-0.0060412627644836,0.0076938848942518,3.94
1785956095001,0.999935507774353,-0.0057774716988205,-0.0060412627644836,0.0076938848942518,3.95
1785956095010,0.999935507774353,-0.0057774716988205,-0.0060412627644836,0.0076938848942518,3.959
1785956095020,0.999935507774353,-0.0057774716988205,-0.0060412627644836,0.0076938848942518,3.969
1785956095031,0.999935507774353,-0.0057774716988205,-0.0060412627644836,0.0076938848942518,3.98
1785956095041,0.999935507774353,-0.0057774716988205,-0.0060412627644836,0.0076938848942518,3.99
1785956095051,0.999935507774353,-0.0057774716988205,-0.0060412627644836,0.0076938848942518,4.0
1785956095061,0.999935507774353,-0.0057774716988205,-0.0060412627644836,0.0076938848942518,4.01
1785956095072,0.999935507774353,-0.0057774716988205,-0.0060412627644836,0.0076938848942518,4.021
1785956095082,0.999935507774353,-0.0057774716988205,-0.0060412627644836,0.0076938848942518,4.031
1785956095091,0.999935507774353,-0.0057774716988205,-0.0060412627644836,0.0076938848942518,4.04
1785956095101,0.999935507774353,-0.0057774716988205,-0.0060412627644836,0.0076938848942518,4.05
1785956095111,0.999935507774353,-0.0057774716988205,-0.0060412627644836,0.0076938848942518,4.06
1785956095122,0.999935507774353,-0.0057774716988205,-0.0060412627644836,0.0076938848942518,4.071
1785956095132,0.999935507774353,-0.0057774716988205,-0.0060412627644836,0.0076938848942518,4.081
1785956095142,0.999935507774353,-0.0057774716988205,-0.0060412627644836,0.0076938848942518,4.091
1785956095152,0.999935507774353,-0.0057774716988205,-0.0060412627644836,0.0076938848942518,4.101
1785956095163,0.999935507774353,-0.0057774716988205,-0.0060412627644836,0.0076938848942518,4.112
1785956095173,0.999935507774353,-0.0057774716988205,-0.0060412627644836,0.0076938848942518,4.122
1785956095182,0.999935507774353,-0.0057774716988205,-0.0060412627644836,0.0076938848942518,4.131
1785956095192,0.999935507774353,-0.0057774716988205,-0.0060412627644836,0.0076938848942518,4.141
1785956095202,0.999935507774353,-0.0057774716988205,-0.0060412627644836,0.0076938848942518,4.151
1785956095212,0.999935507774353,-0.0057774716988205,-0.0060412627644836,0.0076938848942518,4.161
1785956095223,0.999935507774353,-0.0057774716988205,-0.0060412627644836,0.0076938848942518,4.172
1785956095233,0.999935507774353,-0.0057774716988205,-0.0060412627644836,0.0076938848942518,4.182
1785956095243,0.999935507774353,-0.0057774716988205,-0.0060412627644836,0.0076938848942518,4.192
1785956095253,0.999935507774353,-0.0057774716988205,-0.0060412627644836,0.0076938848942518,4.202
1785956095262,0.999935507774353,-0.0057774716988205,-0.0060412627644836,0.0076938848942518,4.211
1785956095272,0.999935507774353,-0.0057774716988205,-0.0060412627644836,0.0076938848942518,4.221
1785956095283,0.999935507774353,-0.0057774716988205,-0.0060412627644836,0.0076938848942518,4.232
1785956095293,0.999935507774353,-0.0057774716988205,-0.0060412627644836,0.0076938848942518,4.242
1785956095303,0.999935507774353,-0.0057774716988205,-0.0060412627644836,0.0076938848942518,4.252
1785956095313,0.999935507774353,-0.0057774716988205,-0.0060412627644836,0.0076938848942518,4.262
1785956095324,0.999935507774353,-0.0057774716988205,-0.0060412627644836,0.0076938848942518,4.273
1785956095334,0.999935507774353,-0.0057774716988205,-0.0060412627644836,0.0076938848942518,4.283
1785956095343,0.999935507774353,-0.0057774716988205,-0.0060412627644836,0.0076938848942518,4.292
1785956095353,0.999935507774353,-0.0057774716988205,-0.0060412627644836,0.0076938848942518,4.302
1785956095363,0.999935507774353,-0.0057774716988205,-0.0060412627644836,0.0076938848942518,4.312
1785956095373,0.999935507774353,-0.0057774716988205,-0.0060412627644836,0.0076938848942518,4.322
1785956095384,0.999935507774353,-0.0057774716988205,-0.0060412627644836,0.0076938848942518,4.333
1785956095394,0.999935507774353,-0.0057774716988205,-0.0060412627644836,0.0076938848942518,4.343
1785956095404,0.999935507774353,-0.0057774716988205,-0.0060412627644836,0.0076938848942518,4.353
1785956095414,0.999935507774353,-0.0057774716988205,-0.0060412627644836,0.0076938848942518,4.363
1785956095423,0.999935507774353,-0.0057774716988205,-0.0060412627644836,0.0076938848942518,4.372
1785956095434,0.999935507774353,-0.0057774716988205,-0.0060412627644836,0.0076938848942518,4.383
1785956095444,0.999935507774353,-0.0057774716988205,-0.0060412627644836,0.0076938848942518,4.393
1785956095454,0.999935507774353,-0.0057774716988205,-0.0060412627644836,0.0076938848942518,4.403
1785956095464,0.999935507774353,-0.0057774716988205,-0.0060412627644836,0.0076938848942518,4.413
1785956095475,0.999935507774353,-0.0057774716988205,-0.0060412627644836,0.0076938848942518,4.424
1785956095485,0.999935507774353,-0.0057774716988205,-0.0060412627644836,0.0076938848942518,4.434
1785956095495,0.999935507774353,-0.0057774716988205,-0.0060412627644836,0.0076938848942518,4.444
1785956095504,0.999935507774353,-0.0057774716988205,-0.0060412627644836,0.0076938848942518,4.453
1785956095514,0.999935507774353,-0.0057774716988205,-0.0060412627644836,0.0076938848942518,4.463
1785956095524,0.999935507774353,-0.0057774716988205,-0.0060412627644836,0.0076938848942518,4.473
1785956095535,0.999935507774353,-0.0057774716988205,-0.0060412627644836,0.0076938848942518,4.484
1785956095545,0.999935507774353,-0.0057774716988205,-0.0060412627644836,0.0076938848942518,4.494
1785956095555,0.999935507774353,-0.0057774716988205,-0.0060412627644836,0.0076938848942518,4.504
1785956095565,0.999935507774353,-0.0057774716988205,-0.0060412627644836,0.0076938848942518,4.514
1785956095576,0.999935507774353,-0.0057774716988205,-0.0060412627644836,0.0076938848942518,4.525
1785956095584,0.999935507774353,-0.0057774716988205,-0.0060412627644836,0.0076938848942518,4.533
1785956095595,0.999935507774353,-0.0057774716988205,-0.0060412627644836,0.0076938848942518,4.544
1785956095605,0.999935507774353,-0.0057774716988205,-0.0060412627644836,0.0076938848942518,4.554
1785956095615,0.999935507774353,-0.0057774716988205,-0.0060412627644836,0.0076938848942518,4.564
1785956095625,0.999935507774353,-0.0057774716988205,-0.0060412627644836,0.0076938848942518,4.574
1785956095636,0.999935507774353,-0.0057774716988205,-0.0060412627644836,0.0076938848942518,4.585
1785956095646,0.999935507774353,-0.0057774716988205,-0.0060412627644836,0.0076938848942518,4.595
1785956095656,0.999935507774353,-0.0057774716988205,-0.0060412627644836,0.0076938848942518,4.605
1785956095666,0.999935507774353,-0.0057774716988205,-0.0060412627644836,0.0076938848942518,4.615
1785956095675,0.999935507774353,-0.0057774716988205,-0.0060412627644836,0.0076938848942518,4.624
1785956095685,0.999935507774353,-0.0057774716988205,-0.0060412627644836,0.0076938848942518,4.634
1785956095696,0.999935507774353,-0.0057774716988205,-0.0060412627644836,0.0076938848942518,4.645
1785956095706,0.999935507774353,-0.0057774716988205,-0.0060412627644836,0.0076938848942518,4.655
1785956095716,0.999935507774353,-0.0057774716988205,-0.0060412627644836,0.0076938848942518,4.665
1785956095726,0.999935507774353,-0.0057774716988205,-0.0060412627644836,0.0076938848942518,4.675
1785956095737,0.999935507774353,-0.0057774716988205,-0.0060412627644836,0.0076938848942518,4.686
1785956095747,0.999935507774353,-0.0057774716988205,-0.0060412627644836,0.0076938848942518,4.696
1785956095756,0.999935507774353,-0.0057774716988205,-0.0060412627644836,0.0076938848942518,4.705
1785956095766,0.999935507774353,-0.0057774716988205,-0.0060412627644836,0.0076938848942518,4.715
1785956095776,0.999935507774353,-0.0057774716988205,-0.0060412627644836,0.0076938848942518,4.725
1785956095787,0.999935507774353,-0.0057774716988205,-0.0060412627644836,0.0076938848942518,4.736
1785956095797,0.999935507774353,-0.0057774716988205,-0.0060412627644836,0.0076938848942518,4.746
1785956095807,0.999935507774353,-0.0057774716988205,-0.0060412627644836,0.0076938848942518,4.756
1785956095817,0.999935507774353,-0.0057774716988205,-0.0060412627644836,0.0076938848942518,4.766
1785956095828,0.999935507774353,-0.0057774716988205,-0.0060412627644836,0.0076938848942518,4.777
1785956095836,0.999935507774353,-0.0057774716988205,-0.0060412627644836,0.0076938848942518,4.785
1785956095847,0.999935507774353,-0.0057774716988205,-0.0060412627644836,0.0076938848942518,4.796
1785956095857,0.999935507774353,-0.0057774716988205,-0.0060412627644836,0.0076938848942518,4.806
1785956095867,0.999935507774353,-0.0057774716988205,-0.0060412627644836,0.0076938848942518,4.816
1785956095877,0.999935507774353,-0.0057774716988205,-0.0060412627644836,0.0076938848942518,4.826
1785956095888,0.999935507774353,-0.0057774716988205,-0.0060412627644836,0.0076938848942518,4.837
1785956095898,0.999935507774353,-0.0057774716988205,-0.0060412627644836,0.0076938848942518,4.847
1785956095908,0.999935507774353,-0.0057774716988205,-0.0060412627644836,0.0076938848942518,4.857
1785956095917,0.999935507774353,-0.0057774716988205,-0.0060412627644836,0.0076938848942518,4.866
1785956095927,0.999935507774353,-0.0057774716988205,-0.0060412627644836,0.0076938848942518,4.876
1785956095937,0.999935507774353,-0.0057774716988205,-0.0060412627644836,0.0076938848942518,4.886
1785956095948,0.999935507774353,-0.0057774716988205,-0.0060412627644836,0.0076938848942518,4.897
1785956095958,0.999935507774353,-0.0057774716988205,-0.0060412627644836,0.0076938848942518,4.907
1785956095968,0.999935507774353,-0.0057774716988205,-0.0060412627644836,0.0076938848942518,4.917
1785956095978,0.999935507774353,-0.0057774716988205,-0.0060412627644836,0.0076938848942518,4.927
1785956095989,0.999935507774353,-0.0057774716988205,-0.0060412627644836,0.0076938848942518,4.938
1785956095999,0.999935507774353,-0.0057774716988205,-0.0060412627644836,0.0076938848942518,4.948
1785956096008,0.999935507774353,-0.0057774716988205,-0.0060412627644836,0.0076938848942518,4.957
1785956096018,0.999935507774353,-0.0057774716988205,-0.0060412627644836,0.0076938848942518,4.967
1785956096028,0.999935507774353,-0.0057774716988205,-0.0060412627644836,0.0076938848942518,4.977
1785956096039,0.999935507774353,-0.0057774716988205,-0.0060412627644836,0.0076938848942518,4.988
1785956096049,0.999935507774353,-0.0057774716988205,-0.0060412627644836,0.0076938848942518,4.998
1785956096059,0.999935507774353,-0.0057774716988205,-0.0060412627644836,0.0076938848942518,5.008
1785956096069,0.999935507774353,-0.0057774716988205,-0.0060412627644836,0.0076938848942518,5.018
1785956096080,0.999935507774353,-0.0057774716988205,-0.0060412627644836,0.0076938848942518,5.029
1785956096088,0.999935507774353,-0.0057774716988205,-0.0060412627644836,0.0076938848942518,5.037
1785956096099,0.999935507774353,-0.0057774716988205,-0.0060412627644836,0.0076938848942518,5.048
1785956096109,0.999935507774353,-0.0057774716988205,-0.0060412627644836,0.0076938848942518,5.058
1785956096119,0.999935507774353,-0.0057774716988205,-0.0060412627644836,0.0076938848942518,5.068
1785956096129,0.999935507774353,-0.0057774716988205,-0.0060412627644836,0.0076938848942518,5.078
1785956096140,0.999935507774353,-0.0057774716988205,-0.0060412627644836,0.0076938848942518,5.089
1785956096150,0.999935507774353,-0.0057774716988205,-0.0060412627644836,0.0076938848942518,5.099
1785956096160,0.999935507774353,-0.0057774716988205,-0.0060412627644836,0.0076938848942518,5.109
1785956096169,0.999935507774353,-0.0057774716988205,-0.0060412627644836,0.0076938848942518,5.118
1785956096179,0.999935507774353,-0.0057774716988205,-0.0060412627644836,0.0076938848942518,5.128
1785956096189,0.999935507774353,-0.0057774716988205,-0.0060412627644836,0.0076938848942518,5.138
1785956096200,0.999935507774353,-0.0057774716988205,-0.0060412627644836,0.0076938848942518,5.149
1785956096210,0.999935507774353,-0.0057774716988205,-0.0060412627644836,0.0076938848942518,5.159
1785956096220,0.999935507774353,-0.0057774716988205,-0.0060412627644836,0.0076938848942518,5.169
1785956096230,0.999935507774353,-0.0057774716988205,-0.0060412627644836,0.0076938848942518,5.179
1785956096241,0.999935507774353,-0.0057774716988205,-0.0060412627644836,0.0076938848942518,5.19
1785956096249,0.999935507774353,-0.0057774716988205,-0.0060412627644836,0.0076938848942518,5.198
1785956096260,0.999935507774353,-0.0057774716988205,-0.0060412627644836,0.0076938848942518,5.209
1785956096270,0.999935507774353,-0.0057774716988205,-0.0060412627644836,0.0076938848942518,5.219
1785956096280,0.999935507774353,-0.0057774716988205,-0.0060412627644836,0.0076938848942518,5.229
1785956096290,0.999935507774353,-0.0057774716988205,-0.0060412627644836,0.0076938848942518,5.239
1785956096301,0.999935507774353,-0.0057774716988205,-0.0060412627644836,0.0076938848942518,5.25
1785956096311,0.999935507774353,-0.0057774716988205,-0.0060412627644836,0.0076938848942518,5.26
1785956096321,0.999935507774353,-0.0057774716988205,-0.0060412627644836,0.0076938848942518,5.27
1785956096331,0.999935507774353,-0.0057774716988205,-0.0060412627644836,0.0076938848942518,5.28
1785956096340,0.999935507774353,-0.0057774716988205,-0.0060412627644836,0.0076938848942518,5.289
1785956096351,0.999935507774353,-0.0057774716988205,-0.0060412627644836,0.0076938848942518,5.3
1785956096361,0.999935507774353,-0.0057774716988205,-0.0060412627644836,0.0076938848942518,5.31
1785956096371,0.999935507774353,-0.0057774716988205,-0.0060412627644836,0.0076938848942518,5.32
1785956096381,0.999935507774353,-0.0057774716988205,-0.0060412627644836,0.0076938848942518,5.33
1785956096392,0.999935507774353,-0.0057774716988205,-0.0060412627644836,0.0076938848942518,5.341
1785956096402,0.999935507774353,-0.0057774716988205,-0.0060412627644836,0.0076938848942518,5.351
1785956096412,0.999935507774353,-0.0057774716988205,-0.0060412627644836,0.0076938848942518,5.361
1785956096421,0.999935507774353,-0.0057774716988205,-0.0060412627644836,0.0076938848942518,5.37
1785956096431,0.999935507774353,-0.0057774716988205,-0.0060412627644836,0.0076938848942518,5.38
1785956096441,0.999935507774353,-0.0057774716988205,-0.0060412627644836,0.0076938848942518,5.39
1785956096452,0.999935507774353,-0.0057774716988205,-0.0060412627644836,0.0076938848942518,5.401
1785956096462,0.999935507774353,-0.0057774716988205,-0.0060412627644836,0.0076938848942518,5.411
1785956096472,0.999935507774353,-0.0057774716988205,-0.0060412627644836,0.0076938848942518,5.421
1785956096482,0.999935507774353,-0.0057774716988205,-0.0060412627644836,0.0076938848942518,5.431
1785956096493,0.999935507774353,-0.0057774716988205,-0.0060412627644836,0.0076938848942518,5.442
1785956096501,0.999935507774353,-0.0057774716988205,-0.0060412627644836,0.0076938848942518,5.45
1785956096512,0.999935507774353,-0.0057774716988205,-0.0060412627644836,0.0076938848942518,5.461
1785956096522,0.999935507774353,-0.0057774716988205,-0.0060412627644836,0.0076938848942518,5.471
1785956096532,0.999935507774353,-0.0057774716988205,-0.0060412627644836,0.0076938848942518,5.481
1785956096542,0.999935507774353,-0.0057774716988205,-0.0060412627644836,0.0076938848942518,5.491
1785956096553,0.999935507774353,-0.0057774716988205,-0.0060412627644836,0.0076938848942518,5.502
1785956096563,0.999935507774353,-0.0057774716988205,-0.0060412627644836,0.0076938848942518,5.512
1785956096573,0.999935507774353,-0.0057774716988205,-0.0060412627644836,0.0076938848942518,5.522
1785956096582,0.999935507774353,-0.0057774716988205,-0.0060412627644836,0.0076938848942518,5.531
1785956096592,0.999935507774353,-0.0057774716988205,-0.0060412627644836,0.0076938848942518,5.541
1785956096602,0.999935507774353,-0.0057774716988205,-0.0060412627644836,0.0076938848942518,5.551
1785956096613,0.999935507774353,-0.0057774716988205,-0.0060412627644836,0.0076938848942518,5.562
1785956096623,0.999935507774353,-0.0057774716988205,-0.0060412627644836,0.0076938848942518,5.572
1785956096633,0.999935507774353,-0.0057774716988205,-0.0060412627644836,0.0076938848942518,5.582
1785956096643,0.999935507774353,-0.0057774716988205,-0.0060412627644836,0.0076938848942518,5.592
1785956096654,0.999935507774353,-0.0057774716988205,-0.0060412627644836,0.0076938848942518,5.603
1785956096664,0.999935507774353,-0.0057774716988205,-0.0060412627644836,0.0076938848942518,5.613
1785956096673,0.999935507774353,-0.0057774716988205,-0.0060412627644836,0.0076938848942518,5.622
1785956096683,0.999935507774353,-0.0057774716988205,-0.0060412627644836,0.0076938848942518,5.632
1785956096693,0.999935507774353,-0.0057774716988205,-0.0060412627644836,0.0076938848942518,5.642
1785956096704,0.999935507774353,-0.0057774716988205,-0.0060412627644836,0.0076938848942518,5.653
1785956096714,0.999935507774353,-0.0057774716988205,-0.0060412627644836,0.0076938848942518,5.663
1785956096724,0.999935507774353,-0.0057774716988205,-0.0060412627644836,0.0076938848942518,5.673
1785956096734,0.999935507774353,-0.0057774716988205,-0.0060412627644836,0.0076938848942518,5.683
1785956096745,0.999935507774353,-0.0057774716988205,-0.0060412627644836,0.0076938848942518,5.694
1785956096753,0.999935507774353,-0.0057774716988205,-0.0060412627644836,0.0076938848942518,5.702
1785956096764,0.999935507774353,-0.0057774716988205,-0.0060412627644836,0.0076938848942518,5.713
1785956096774,0.999935507774353,-0.0057774716988205,-0.0060412627644836,0.0076938848942518,5.723
1785956096784,0.999935507774353,-0.0057774716988205,-0.0060412627644836,0.0076938848942518,5.733
1785956096794,0.999935507774353,-0.0057774716988205,-0.0060412627644836,0.0076938848942518,5.743
1785956096805,0.999935507774353,-0.0057774716988205,-0.0060412627644836,0.0076938848942518,5.754
1785956096815,0.999935507774353,-0.0057774716988205,-0.0060412627644836,0.0076938848942518,5.764
1785956096825,0.999935507774353,-0.0057774716988205,-0.0060412627644836,0.0076938848942518,5.774
1785956096835,0.999935507774353,-0.0057774716988205,-0.0060412627644836,0.0076938848942518,5.784
1785956096844,0.999935507774353,-0.0057774716988205,-0.0060412627644836,0.0076938848942518,5.793
1785956096854,0.999935507774353,-0.0057774716988205,-0.0060412627644836,0.0076938848942518,5.803
1785956096865,0.999935507774353,-0.0057774716988205,-0.0060412627644836,0.0076938848942518,5.814
1785956096875,0.999935507774353,-0.0057774716988205,-0.0060412627644836,0.0076938848942518,5.824
1785956096885,0.999935507774353,-0.0057774716988205,-0.0060412627644836,0.0076938848942518,5.834
1785956096895,0.999935507774353,-0.0057774716988205,-0.0060412627644836,0.0076938848942518,5.844
1785956096906,0.999935507774353,-0.0057774716988205,-0.0060412627644836,0.0076938848942518,5.855
1785956096916,0.999935507774353,-0.0057774716988205,-0.0060412627644836,0.0076938848942518,5.865
1785956096925,0.999935507774353,-0.0057774716988205,-0.0060412627644836,0.0076938848942518,5.874
1785956096935,0.999935507774353,-0.0057774716988205,-0.0060412627644836,0.0076938848942518,5.884
1785956096945,0.999935507774353,-0.0057774716988205,-0.0060412627644836,0.0076938848942518,5.894
1785956096956,0.999935507774353,-0.0057774716988205,-0.0060412627644836,0.0076938848942518,5.905
1785956096966,0.999935507774353,-0.0057774716988205,-0.0060412627644836,0.0076938848942518,5.915
1785956096976,0.999935507774353,-0.0057774716988205,-0.0060412627644836,0.0076938848942518,5.925
1785956096986,0.999935507774353,-0.0057774716988205,-0.0060412627644836,0.0076938848942518,5.935
1785956096997,0.999935507774353,-0.0057774716988205,-0.0060412627644836,0.0076938848942518,5.946
1785956097005,0.999935507774353,-0.0057774716988205,-0.0060412627644836,0.0076938848942518,5.954
1785956097016,0.999935507774353,-0.0057774716988205,-0.0060412627644836,0.0076938848942518,5.965
1785956097026,0.999935507774353,-0.0057774716988205,-0.0060412627644836,0.0076938848942518,5.975
1785956097036,0.999935507774353,-0.0057774716988205,-0.0060412627644836,0.0076938848942518,5.985
1785956097046,0.999935507774353,-0.0057774716988205,-0.0060412627644836,0.0076938848942518,5.995
1785956097057,0.999935507774353,-0.0057774716988205,-0.0060412627644836,0.0076938848942518,6.006
1785956097067,0.999935507774353,-0.0057774716988205,-0.0060412627644836,0.0076938848942518,6.016
1785956097077,0.999935507774353,-0.0057774716988205,-0.0060412627644836,0.0076938848942518,6.026
1785956097086,0.999935507774353,-0.0057774716988205,-0.0060412627644836,0.0076938848942518,6.035
1785956097096,0.999935507774353,-0.0057774716988205,-0.0060412627644836,0.0076938848942518,6.045
1785956097106,0.999935507774353,-0.0057774716988205,-0.0060412627644836,0.0076938848942518,6.055
1785956097117,0.999935507774353,-0.0057774716988205,-0.0060412627644836,0.0076938848942518,6.066
1785956097127,0.999935507774353,-0.0057774716988205,-0.0060412627644836,0.0076938848942518,6.076
1785956097137,0.999935507774353,-0.0057774716988205,-0.0060412627644836,0.0076938848942518,6.086
1785956097147,0.999935507774353,-0.0057774716988205,-0.0060412627644836,0.0076938848942518,6.096
1785956097158,0.999935507774353,-0.0057774716988205,-0.0060412627644836,0.0076938848942518,6.107
1785956097166,0.999935507774353,-0.0057774716988205,-0.0060412627644836,0.0076938848942518,6.115
1785956097177,0.999935507774353,-0.0057774716988205,-0.0060412627644836,0.0076938848942518,6.126
1785956097187,0.999935507774353,-0.0057774716988205,-0.0060412627644836,0.0076938848942518,6.136
1785956097197,0.999935507774353,-0.0057774716988205,-0.0060412627644836,0.0076938848942518,6.146
1785956097207,0.999935507774353,-0.0057774716988205,-0.0060412627644836,0.0076938848942518,6.156
1785956097218,0.999935507774353,-0.0057774716988205,-0.0060412627644836,0.0076938848942518,6.167
1785956097228,0.999935507774353,-0.0057774716988205,-0.0060412627644836,0.0076938848942518,6.177
1785956097238,0.999935507774353,-0.0057774716988205,-0.0060412627644836,0.0076938848942518,6.187
1785956097247,0.999935507774353,-0.0057774716988205,-0.0060412627644836,0.0076938848942518,6.196
1785956097257,0.999935507774353,-0.0057774716988205,-0.0060412627644836,0.0076938848942518,6.206
1785956097268,0.999935507774353,-0.0057774716988205,-0.0060412627644836,0.0076938848942518,6.217
1785956097278,0.999935507774353,-0.0057774716988205,-0.0060412627644836,0.0076938848942518,6.227
1785956097288,0.999935507774353,-0.0057774716988205,-0.0060412627644836,0.0076938848942518,6.237
1785956097298,0.999935507774353,-0.0057774716988205,-0.0060412627644836,0.0076938848942518,6.247
1785956097309,0.999935507774353,-0.0057774716988205,-0.0060412627644836,0.0076938848942518,6.258
1785956097319,0.999935507774353,-0.0057774716988205,-0.0060412627644836,0.0076938848942518,6.268
1785956097329,0.999935507774353,-0.0057774716988205,-0.0060412627644836,0.0076938848942518,6.278
1785956097338,0.999935507774353,-0.0057774716988205,-0.0060412627644836,0.0076938848942518,6.287
1785956097348,0.999935507774353,-0.0057774716988205,-0.0060412627644836,0.0076938848942518,6.297
1785956097358,0.999935507774353,-0.0057774716988205,-0.0060412627644836,0.0076938848942518,6.307
1785956097369,0.999935507774353,-0.0057774716988205,-0.0060412627644836,0.0076938848942518,6.318
1785956097379,0.999935507774353,-0.0057774716988205,-0.0060412627644836,0.0076938848942518,6.328
1785956097389,0.999935507774353,-0.0057774716988205,-0.0060412627644836,0.0076938848942518,6.338
1785956097399,0.999935507774353,-0.0057774716988205,-0.0060412627644836,0.0076938848942518,6.348
1785956097410,0.999935507774353,-0.0057774716988205,-0.0060412627644836,0.0076938848942518,6.359
1785956097418,0.999935507774353,-0.0057774716988205,-0.0060412627644836,0.0076938848942518,6.367
1785956097429,0.999935507774353,-0.0057774716988205,-0.0060412627644836,0.0076938848942518,6.378
1785956097439,0.999935507774353,-0.0057774716988205,-0.0060412627644836,0.0076938848942518,6.388
1785956097449,0.999935507774353,-0.0057774716988205,-0.0060412627644836,0.0076938848942518,6.398
1785956097459,0.999935507774353,-0.0057774716988205,-0.0060412627644836,0.0076938848942518,6.408
1785956097470,0.999935507774353,-0.0057774716988205,-0.0060412627644836,0.0076938848942518,6.419
1785956097480,0.999935507774353,-0.0057774716988205,-0.0060412627644836,0.0076938848942518,6.429
1785956097490,0.999935507774353,-0.0057774716988205,-0.0060412627644836,0.0076938848942518,6.439
1785956097499,0.999935507774353,-0.0057774716988205,-0.0060412627644836,0.0076938848942518,6.448
1785956097509,0.999935507774353,-0.0057774716988205,-0.0060412627644836,0.0076938848942518,6.458
1785956097519,0.999935507774353,-0.0057774716988205,-0.0060412627644836,0.0076938848942518,6.468
1785956097530,0.999935507774353,-0.0057774716988205,-0.0060412627644836,0.0076938848942518,6.479
1785956097540,0.999935507774353,-0.0057774716988205,-0.0060412627644836,0.0076938848942518,6.489
1785956097550,0.999935507774353,-0.0057774716988205,-0.0060412627644836,0.0076938848942518,6.499
1785956097560,0.999935507774353,-0.0057774716988205,-0.0060412627644836,0.0076938848942518,6.509
1785956097571,0.999935507774353,-0.0057774716988205,-0.0060412627644836,0.0076938848942518,6.52
1785956097580,0.999935507774353,-0.0057774716988205,-0.0060412627644836,0.0076938848942518,6.529
1785956097590,0.999935507774353,-0.0057774716988205,-0.0060412627644836,0.0076938848942518,6.539
1785956097600,0.999935507774353,-0.0057774716988205,-0.0060412627644836,0.0076938848942518,6.549
1785956097610,0.999935507774353,-0.0057774716988205,-0.0060412627644836,0.0076938848942518,6.559
1785956097621,0.999935507774353,-0.0057774716988205,-0.0060412627644836,0.0076938848942518,6.57
1785956097631,0.999935507774353,-0.0057774716988205,-0.0060412627644836,0.0076938848942518,6.58
1785956097641,0.999935507774353,-0.0057774716988205,-0.0060412627644836,0.0076938848942518,6.59
1785956097651,0.999935507774353,-0.0057774716988205,-0.0060412627644836,0.0076938848942518,6.6
1785956097662,0.999935507774353,-0.0057774716988205,-0.0060412627644836,0.0076938848942518,6.611
1785956097670,0.999935507774353,-0.0057774716988205,-0.0060412627644836,0.0076938848942518,6.619
1785956097681,0.999935507774353,-0.0057774716988205,-0.0060412627644836,0.0076938848942518,6.63
1785956097691,0.999935507774353,-0.0057774716988205,-0.0060412627644836,0.0076938848942518,6.64
1785956097701,0.999935507774353,-0.0057774716988205,-0.0060412627644836,0.0076938848942518,6.65
1785956097711,0.999935507774353,-0.0057774716988205,-0.0060412627644836,0.0076938848942518,6.66
1785956097722,0.999935507774353,-0.0057774716988205,-0.0060412627644836,0.0076938848942518,6.671
1785956097732,0.999935507774353,-0.0057774716988205,-0.0060412627644836,0.0076938848942518,6.681
1785956097742,0.999935507774353,-0.0057774716988205,-0.0060412627644836,0.0076938848942518,6.691
1785956097751,0.999935507774353,-0.0057774716988205,-0.0060412627644836,0.0076938848942518,6.7
1785956097761,0.999935507774353,-0.0057774716988205,-0.0060412627644836,0.0076938848942518,6.71
1785956097771,0.999935507774353,-0.0057774716988205,-0.0060412627644836,0.0076938848942518,6.72
1785956097782,0.999935507774353,-0.0057774716988205,-0.0060412627644836,0.0076938848942518,6.731
1785956097792,0.999935507774353,-0.0057774716988205,-0.0060412627644836,0.0076938848942518,6.741
1785956097802,0.999935507774353,-0.0057774716988205,-0.0060412627644836,0.0076938848942518,6.751
1785956097812,0.999935507774353,-0.0057774716988205,-0.0060412627644836,0.0076938848942518,6.761
1785956097823,0.999935507774353,-0.0057774716988205,-0.0060412627644836,0.0076938848942518,6.772
1785956097831,0.999935507774353,-0.0057774716988205,-0.0060412627644836,0.0076938848942518,6.78
1785956097842,0.999935507774353,-0.0057774716988205,-0.0060412627644836,0.0076938848942518,6.791
1785956097852,0.999935507774353,-0.0057774716988205,-0.0060412627644836,0.0076938848942518,6.801
1785956097862,0.999935507774353,-0.0057774716988205,-0.0060412627644836,0.0076938848942518,6.811
1785956097872,0.999935507774353,-0.0057774716988205,-0.0060412627644836,0.0076938848942518,6.821
1785956097883,0.999935507774353,-0.0057774716988205,-0.0060412627644836,0.0076938848942518,6.832
1785956097893,0.999935507774353,-0.0057774716988205,-0.0060412627644836,0.0076938848942518,6.842
1785956097903,0.999935507774353,-0.0057774716988205,-0.0060412627644836,0.0076938848942518,6.852
1785956097912,0.999935507774353,-0.0057774716988205,-0.0060412627644836,0.0076938848942518,6.861
1785956097922,0.999935507774353,-0.0057774716988205,-0.0060412627644836,0.0076938848942518,6.871
1785956097933,0.999935507774353,-0.0057774716988205,-0.0060412627644836,0.0076938848942518,6.882
1785956097943,0.999935507774353,-0.0057774716988205,-0.0060412627644836,0.0076938848942518,6.892
1785956097953,0.999935507774353,-0.0057774716988205,-0.0060412627644836,0.0076938848942518,6.902
1785956097963,0.999935507774353,-0.0057774716988205,-0.0060412627644836,0.0076938848942518,6.912
1785956097974,0.999935507774353,-0.0057774716988205,-0.0060412627644836,0.0076938848942518,6.923
1785956097984,0.999935507774353,-0.0057774716988205,-0.0060412627644836,0.0076938848942518,6.933
1785956097994,0.999935507774353,-0.0057774716988205,-0.0060412627644836,0.0076938848942518,6.943
1785956098003,0.999935507774353,-0.0057774716988205,-0.0060412627644836,0.0076938848942518,6.952
1785956098013,0.999935507774353,-0.0057774716988205,-0.0060412627644836,0.0076938848942518,6.962
1785956098023,0.999935507774353,-0.0057774716988205,-0.0060412627644836,0.0076938848942518,6.972
1785956098034,0.999935507774353,-0.0057774716988205,-0.0060412627644836,0.0076938848942518,6.983
1785956098044,0.999935507774353,-0.0057774716988205,-0.0060412627644836,0.0076938848942518,6.993
1785956098054,0.999935507774353,-0.0057774716988205,-0.0060412627644836,0.0076938848942518,7.003
1785956098064,0.999935507774353,-0.0057774716988205,-0.0060412627644836,0.0076938848942518,7.013
1785956098075,0.999935507774353,-0.0057774716988205,-0.0060412627644836,0.0076938848942518,7.024
1785956098083,0.999935507774353,-0.0057774716988205,-0.0060412627644836,0.0076938848942518,7.032
1785956098094,0.999935507774353,-0.0057774716988205,-0.0060412627644836,0.0076938848942518,7.043
1785956098104,0.999935507774353,-0.0057774716988205,-0.0060412627644836,0.0076938848942518,7.053
1785956098114,0.999935507774353,-0.0057774716988205,-0.0060412627644836,0.0076938848942518,7.063
1785956098124,0.999935507774353,-0.0057774716988205,-0.0060412627644836,0.0076938848942518,7.073
1785956098135,0.999935507774353,-0.0057774716988205,-0.0060412627644836,0.0076938848942518,7.084
1785956098145,0.999935507774353,-0.0057774716988205,-0.0060412627644836,0.0076938848942518,7.094
1785956098155,0.999935507774353,-0.0057774716988205,-0.0060412627644836,0.0076938848942518,7.104
1785956098164,0.999935507774353,-0.0057774716988205,-0.0060412627644836,0.0076938848942518,7.113
1785956098174,0.999935507774353,-0.0057774716988205,-0.0060412627644836,0.0076938848942518,7.123
1785956098185,0.999935507774353,-0.0057774716988205,-0.0060412627644836,0.0076938848942518,7.134
1785956098195,0.999935507774353,-0.0057774716988205,-0.0060412627644836,0.0076938848942518,7.144
1785956098205,0.999935507774353,-0.0057774716988205,-0.0060412627644836,0.0076938848942518,7.154
1785956098215,0.999935507774353,-0.0057774716988205,-0.0060412627644836,0.0076938848942518,7.164
1785956098226,0.999935507774353,-0.0057774716988205,-0.0060412627644836,0.0076938848942518,7.175
1785956098236,0.999935507774353,-0.0057774716988205,-0.0060412627644836,0.0076938848942518,7.185
1785956098245,0.999935507774353,-0.0057774716988205,-0.0060412627644836,0.0076938848942518,7.194
1785956098255,0.999935507774353,-0.0057774716988205,-0.0060412627644836,0.0076938848942518,7.204
1785956098265,0.999935507774353,-0.0057774716988205,-0.0060412627644836,0.0076938848942518,7.214
1785956098275,0.999935507774353,-0.0057774716988205,-0.0060412627644836,0.0076938848942518,7.224
1785956098286,0.999935507774353,-0.0057774716988205,-0.0060412627644836,0.0076938848942518,7.235
1785956098296,0.999935507774353,-0.0057774716988205,-0.0060412627644836,0.0076938848942518,7.245
1785956098306,0.999935507774353,-0.0057774716988205,-0.0060412627644836,0.0076938848942518,7.255
1785956098316,0.999935507774353,-0.0057774716988205,-0.0060412627644836,0.0076938848942518,7.265
1785956098327,0.999935507774353,-0.0057774716988205,-0.0060412627644836,0.0076938848942518,7.276
1785956098335,0.999935507774353,-0.0057774716988205,-0.0060412627644836,0.0076938848942518,7.284
1785956098346,0.999935507774353,-0.0057774716988205,-0.0060412627644836,0.0076938848942518,7.295
1785956098356,0.999935507774353,-0.0057774716988205,-0.0060412627644836,0.0076938848942518,7.305
1785956098366,0.999935507774353,-0.0057774716988205,-0.0060412627644836,0.0076938848942518,7.315
1785956098376,0.999935507774353,-0.0057774716988205,-0.0060412627644836,0.0076938848942518,7.325
1785956098387,0.999935507774353,-0.0057774716988205,-0.0060412627644836,0.0076938848942518,7.336
1785956098397,0.999935507774353,-0.0057774716988205,-0.0060412627644836,0.0076938848942518,7.346
1785956098407,0.999935507774353,-0.0057774716988205,-0.0060412627644836,0.0076938848942518,7.356
1785956098416,0.999935507774353,-0.0057774716988205,-0.0060412627644836,0.0076938848942518,7.365
1785956098426,0.999935507774353,-0.0057774716988205,-0.0060412627644836,0.0076938848942518,7.375
1785956098436,0.999935507774353,-0.0057774716988205,-0.0060412627644836,0.0076938848942518,7.385
1785956098447,0.999935507774353,-0.0057774716988205,-0.0060412627644836,0.0076938848942518,7.396
1785956098457,0.999935507774353,-0.0057774716988205,-0.0060412627644836,0.0076938848942518,7.406
1785956098467,0.999935507774353,-0.0057774716988205,-0.0060412627644836,0.0076938848942518,7.416
1785956098477,0.999935507774353,-0.0057774716988205,-0.0060412627644836,0.0076938848942518,7.426
1785956098488,0.999935507774353,-0.0057774716988205,-0.0060412627644836,0.0076938848942518,7.437
1785956098497,0.999935507774353,-0.0057774716988205,-0.0060412627644836,0.0076938848942518,7.446
1785956098507,0.999935507774353,-0.0057774716988205,-0.0060412627644836,0.0076938848942518,7.456
1785956098517,0.999935507774353,-0.0057774716988205,-0.0060412627644836,0.0076938848942518,7.466
1785956098527,0.999935507774353,-0.0057774716988205,-0.0060412627644836,0.0076938848942518,7.476
1785956098538,0.999935507774353,-0.0057774716988205,-0.0060412627644836,0.0076938848942518,7.487
1785956098548,0.999935507774353,-0.0057774716988205,-0.0060412627644836,0.0076938848942518,7.497
1785956098558,0.999935507774353,-0.0057774716988205,-0.0060412627644836,0.0076938848942518,7.507
1785956098568,0.999935507774353,-0.0057774716988205,-0.0060412627644836,0.0076938848942518,7.517
1785956098579,0.999935507774353,-0.0057774716988205,-0.0060412627644836,0.0076938848942518,7.528
1785956098587,0.999935507774353,-0.0057774716988205,-0.0060412627644836,0.0076938848942518,7.536
1785956098598,0.999935507774353,-0.0057774716988205,-0.0060412627644836,0.0076938848942518,7.547
1785956098608,0.999935507774353,-0.0057774716988205,-0.0060412627644836,0.0076938848942518,7.557
1785956098618,0.999935507774353,-0.0057774716988205,-0.0060412627644836,0.0076938848942518,7.567
1785956098628,0.999935507774353,-0.0057774716988205,-0.0060412627644836,0.0076938848942518,7.577
1785956098639,0.999935507774353,-0.0057774716988205,-0.0060412627644836,0.0076938848942518,7.588
1785956098649,0.999935507774353,-0.0057774716988205,-0.0060412627644836,0.0076938848942518,7.598
1785956098659,0.999935507774353,-0.0057774716988205,-0.0060412627644836,0.0076938848942518,7.608
1785956098668,0.999935507774353,-0.0057774716988205,-0.0060412627644836,0.0076938848942518,7.617
1785956098678,0.999935507774353,-0.0057774716988205,-0.0060412627644836,0.0076938848942518,7.627
1785956098688,0.999935507774353,-0.0057774716988205,-0.0060412627644836,0.0076938848942518,7.637
1785956098699,0.999935507774353,-0.0057774716988205,-0.0060412627644836,0.0076938848942518,7.648
1785956098709,0.999935507774353,-0.0057774716988205,-0.0060412627644836,0.0076938848942518,7.658
1785956098719,0.999935507774353,-0.0057774716988205,-0.0060412627644836,0.0076938848942518,7.668
1785956098729,0.999935507774353,-0.0057774716988205,-0.0060412627644836,0.0076938848942518,7.678
1785956098740,0.999935507774353,-0.0057774716988205,-0.0060412627644836,0.0076938848942518,7.689
1785956098750,0.999935507774353,-0.0057774716988205,-0.0060412627644836,0.0076938848942518,7.699
1785956098759,0.999935507774353,-0.0057774716988205,-0.0060412627644836,0.0076938848942518,7.708
1785956098769,0.999935507774353,-0.0057774716988205,-0.0060412627644836,0.0076938848942518,7.718
1785956098779,0.999935507774353,-0.0057774716988205,-0.0060412627644836,0.0076938848942518,7.728
1785956098789,0.999935507774353,-0.0057774716988205,-0.0060412627644836,0.0076938848942518,7.738
1785956098800,0.999935507774353,-0.0057774716988205,-0.0060412627644836,0.0076938848942518,7.749
1785956098810,0.999935507774353,-0.0057774716988205,-0.0060412627644836,0.0076938848942518,7.759
1785956098820,0.999935507774353,-0.0057774716988205,-0.0060412627644836,0.0076938848942518,7.769
1785956098829,0.999935507774353,-0.0057774716988205,-0.0060412627644836,0.0076938848942518,7.778
1785956098839,0.999935507774353,-0.0057774716988205,-0.0060412627644836,0.0076938848942518,7.788
1785956098850,0.999935507774353,-0.0057774716988205,-0.0060412627644836,0.0076938848942518,7.799
1785956098860,0.999935507774353,-0.0057774716988205,-0.0060412627644836,0.0076938848942518,7.809
1785956098870,0.999935507774353,-0.0057774716988205,-0.0060412627644836,0.0076938848942518,7.819
1785956098880,0.999935507774353,-0.0057774716988205,-0.0060412627644836,0.0076938848942518,7.829
1785956098891,0.999935507774353,-0.0057774716988205,-0.0060412627644836,0.0076938848942518,7.84
1785956098901,0.999935507774353,-0.0057774716988205,-0.0060412627644836,0.0076938848942518,7.85
1785956098910,0.999935507774353,-0.0057774716988205,-0.0060412627644836,0.0076938848942518,7.859
1785956098920,0.999935507774353,-0.0057774716988205,-0.0060412627644836,0.0076938848942518,7.869
1785956098930,0.999935507774353,-0.0057774716988205,-0.0060412627644836,0.0076938848942518,7.879
1785956098940,0.999935507774353,-0.0057774716988205,-0.0060412627644836,0.0076938848942518,7.889
1785956098951,0.999935507774353,-0.0057774716988205,-0.0060412627644836,0.0076938848942518,7.9
1785956098961,0.999935507774353,-0.0057774716988205,-0.0060412627644836,0.0076938848942518,7.91
1785956098971,0.999935507774353,-0.0057774716988205,-0.0060412627644836,0.0076938848942518,7.92
1785956098981,0.999935507774353,-0.0057774716988205,-0.0060412627644836,0.0076938848942518,7.93
1785956098992,0.999935507774353,-0.0057774716988205,-0.0060412627644836,0.0076938848942518,7.941
1785956099000,0.999935507774353,-0.0057774716988205,-0.0060412627644836,0.0076938848942518,7.949
1785956099011,0.999935507774353,-0.0057774716988205,-0.0060412627644836,0.0076938848942518,7.96
1785956099021,0.999935507774353,-0.0057774716988205,-0.0060412627644836,0.0076938848942518,7.97
1785956099031,0.999935507774353,-0.0057774716988205,-0.0060412627644836,0.0076938848942518,7.98
1785956099041,0.999935507774353,-0.0057774716988205,-0.0060412627644836,0.0076938848942518,7.99
1785956099052,0.999935507774353,-0.0057774716988205,-0.0060412627644836,0.0076938848942518,8.001
1785956099062,0.999935507774353,-0.0057774716988205,-0.0060412627644836,0.0076938848942518,8.011
1785956099072,0.999935507774353,-0.0057774716988205,-0.0060412627644836,0.0076938848942518,8.021
1785956099081,0.999935507774353,-0.0057774716988205,-0.0060412627644836,0.0076938848942518,8.03
1785956099091,0.999935507774353,-0.0057774716988205,-0.0060412627644836,0.0076938848942518,8.04
1785956099101,0.999935507774353,-0.0057774716988205,-0.0060412627644836,0.0076938848942518,8.05
1785956099112,0.999935507774353,-0.0057774716988205,-0.0060412627644836,0.0076938848942518,8.061
1785956099122,0.999935507774353,-0.0057774716988205,-0.0060412627644836,0.0076938848942518,8.071
1785956099132,0.999935507774353,-0.0057774716988205,-0.0060412627644836,0.0076938848942518,8.081
1785956099143,0.999935507774353,-0.0057774716988205,-0.0060412627644836,0.0076938848942518,8.092
1785956099153,0.999935507774353,-0.0057774716988205,-0.0060412627644836,0.0076938848942518,8.102
1785956099162,0.999935507774353,-0.0057774716988205,-0.0060412627644836,0.0076938848942518,8.111
1785956099172,0.999935507774353,-0.0057774716988205,-0.0060412627644836,0.0076938848942518,8.121
1785956099182,0.999935507774353,-0.0057774716988205,-0.0060412627644836,0.0076938848942518,8.131
1785956099192,0.999935507774353,-0.0057774716988205,-0.0060412627644836,0.0076938848942518,8.141
1785956099203,0.999935507774353,-0.0057774716988205,-0.0060412627644836,0.0076938848942518,8.152
1785956099213,0.999935507774353,-0.0057774716988205,-0.0060412627644836,0.0076938848942518,8.162
1785956099223,0.999935507774353,-0.0057774716988205,-0.0060412627644836,0.0076938848942518,8.172
1785956099233,0.999935507774353,-0.0057774716988205,-0.0060412627644836,0.0076938848942518,8.182
1785956099242,0.999935507774353,-0.0057774716988205,-0.0060412627644836,0.0076938848942518,8.191
1785956099252,0.999935507774353,-0.0057774716988205,-0.0060412627644836,0.0076938848942518,8.201
1785956099263,0.999935507774353,-0.0057774716988205,-0.0060412627644836,0.0076938848942518,8.212
1785956099273,0.999935507774353,-0.0057774716988205,-0.0060412627644836,0.0076938848942518,8.222
1785956099283,0.999935507774353,-0.0057774716988205,-0.0060412627644836,0.0076938848942518,8.232
1785956099293,0.999935507774353,-0.0057774716988205,-0.0060412627644836,0.0076938848942518,8.242
1785956099304,0.999935507774353,-0.0057774716988205,-0.0060412627644836,0.0076938848942518,8.253
1785956099314,0.999935507774353,-0.0057774716988205,-0.0060412627644836,0.0076938848942518,8.263
1785956099324,0.999935507774353,-0.0057774716988205,-0.0060412627644836,0.0076938848942518,8.273
1785956099333,0.999935507774353,-0.0057774716988205,-0.0060412627644836,0.0076938848942518,8.282
1785956099343,0.999935507774353,-0.0057774716988205,-0.0060412627644836,0.0076938848942518,8.292
1785956099353,0.999935507774353,-0.0057774716988205,-0.0060412627644836,0.0076938848942518,8.302
1785956099364,0.999935507774353,-0.0057774716988205,-0.0060412627644836,0.0076938848942518,8.313
1785956099374,0.999935507774353,-0.0057774716988205,-0.0060412627644836,0.0076938848942518,8.323
1785956099384,0.999935507774353,-0.0057774716988205,-0.0060412627644836,0.0076938848942518,8.333
1785956099394,0.999935507774353,-0.0057774716988205,-0.0060412627644836,0.0076938848942518,8.343
1785956099405,0.999935507774353,-0.0057774716988205,-0.0060412627644836,0.0076938848942518,8.354
1785956099414,0.999935507774353,-0.0057774716988205,-0.0060412627644836,0.0076938848942518,8.363
1785956099424,0.999935507774353,-0.0057774716988205,-0.0060412627644836,0.0076938848942518,8.373
1785956099434,0.999935507774353,-0.0057774716988205,-0.0060412627644836,0.0076938848942518,8.383
1785956099444,0.999935507774353,-0.0057774716988205,-0.0060412627644836,0.0076938848942518,8.393
1785956099455,0.999935507774353,-0.0057774716988205,-0.0060412627644836,0.0076938848942518,8.404
1785956099465,0.999935507774353,-0.0057774716988205,-0.0060412627644836,0.0076938848942518,8.414
1785956099475,0.999935507774353,-0.0057774716988205,-0.0060412627644836,0.0076938848942518,8.424
1785956099485,0.999935507774353,-0.0057774716988205,-0.0060412627644836,0.0076938848942518,8.434
1785956099494,0.999935507774353,-0.0057774716988205,-0.0060412627644836,0.0076938848942518,8.443
1785956099504,0.999935507774353,-0.0057774716988205,-0.0060412627644836,0.0076938848942518,8.453
1785956099515,0.999935507774353,-0.0057774716988205,-0.0060412627644836,0.0076938848942518,8.464
1785956099525,0.999935507774353,-0.0057774716988205,-0.0060412627644836,0.0076938848942518,8.474
1785956099535,0.999935507774353,-0.0057774716988205,-0.0060412627644836,0.0076938848942518,8.484
1785956099545,0.999935507774353,-0.0057774716988205,-0.0060412627644836,0.0076938848942518,8.494
1785956099556,0.999935507774353,-0.0057774716988205,-0.0060412627644836,0.0076938848942518,8.505
1785956099566,0.999935507774353,-0.0057774716988205,-0.0060412627644836,0.0076938848942518,8.515
1785956099575,0.999935507774353,-0.0057774716988205,-0.0060412627644836,0.0076938848942518,8.524
1785956099585,0.999935507774353,-0.0057774716988205,-0.0060412627644836,0.0076938848942518,8.534
1785956099595,0.999935507774353,-0.0057774716988205,-0.0060412627644836,0.0076938848942518,8.544
1785956099605,0.999935507774353,-0.0057774716988205,-0.0060412627644836,0.0076938848942518,8.554
1785956099616,0.999935507774353,-0.0057774716988205,-0.0060412627644836,0.0076938848942518,8.565
1785956099626,0.999935507774353,-0.0057774716988205,-0.0060412627644836,0.0076938848942518,8.575
1785956099636,0.999935507774353,-0.0057774716988205,-0.0060412627644836,0.0076938848942518,8.585
1785956099646,0.999935507774353,-0.0057774716988205,-0.0060412627644836,0.0076938848942518,8.595
1785956099655,0.999935507774353,-0.0057774716988205,-0.0060412627644836,0.0076938848942518,8.604
1785956099665,0.999935507774353,-0.0057774716988205,-0.0060412627644836,0.0076938848942518,8.614
1785956099676,0.999935507774353,-0.0057774716988205,-0.0060412627644836,0.0076938848942518,8.625
1785956099686,0.999935507774353,-0.0057774716988205,-0.0060412627644836,0.0076938848942518,8.635
1785956099696,0.999935507774353,-0.0057774716988205,-0.0060412627644836,0.0076938848942518,8.645
1785956099706,0.999935507774353,-0.0057774716988205,-0.0060412627644836,0.0076938848942518,8.655
1785956099717,0.999935507774353,-0.0057774716988205,-0.0060412627644836,0.0076938848942518,8.666
1785956099727,0.999935507774353,-0.0057774716988205,-0.0060412627644836,0.0076938848942518,8.676
1785956099737,0.999935507774353,-0.0057774716988205,-0.0060412627644836,0.0076938848942518,8.686
1785956099746,0.999935507774353,-0.0057774716988205,-0.0060412627644836,0.0076938848942518,8.695
1785956099756,0.999935507774353,-0.0057774716988205,-0.0060412627644836,0.0076938848942518,8.705
1785956099767,0.999935507774353,-0.0057774716988205,-0.0060412627644836,0.0076938848942518,8.716
1785956099777,0.999935507774353,-0.0057774716988205,-0.0060412627644836,0.0076938848942518,8.726
1785956099787,0.999935507774353,-0.0057774716988205,-0.0060412627644836,0.0076938848942518,8.736
1785956099797,0.999935507774353,-0.0057774716988205,-0.0060412627644836,0.0076938848942518,8.746
1785956099808,0.999935507774353,-0.0057774716988205,-0.0060412627644836,0.0076938848942518,8.757
1785956099818,0.999935507774353,-0.0057774716988205,-0.0060412627644836,0.0076938848942518,8.767
1785956099827,0.999935507774353,-0.0057774716988205,-0.0060412627644836,0.0076938848942518,8.776
1785956099837,0.999935507774353,-0.0057774716988205,-0.0060412627644836,0.0076938848942518,8.786
1785956099847,0.999935507774353,-0.0057774716988205,-0.0060412627644836,0.0076938848942518,8.796
1785956099857,0.999935507774353,-0.0057774716988205,-0.0060412627644836,0.0076938848942518,8.806
1785956099868,0.999935507774353,-0.0057774716988205,-0.0060412627644836,0.0076938848942518,8.817
1785956099878,0.999935507774353,-0.0057774716988205,-0.0060412627644836,0.0076938848942518,8.827
1785956099888,0.999935507774353,-0.0057774716988205,-0.0060412627644836,0.0076938848942518,8.837
1785956099898,0.999935507774353,-0.0057774716988205,-0.0060412627644836,0.0076938848942518,8.847
1785956099907,0.999935507774353,-0.0057774716988205,-0.0060412627644836,0.0076938848942518,8.856
1785956099917,0.999935507774353,-0.0057774716988205,-0.0060412627644836,0.0076938848942518,8.866
1785956099928,0.999935507774353,-0.0057774716988205,-0.0060412627644836,0.0076938848942518,8.877
1785956099938,0.999935507774353,-0.0057774716988205,-0.0060412627644836,0.0076938848942518,8.887
1785956099948,0.999935507774353,-0.0057774716988205,-0.0060412627644836,0.0076938848942518,8.897
1785956099958,0.999935507774353,-0.0057774716988205,-0.0060412627644836,0.0076938848942518,8.907
1785956099969,0.999935507774353,-0.0057774716988205,-0.0060412627644836,0.0076938848942518,8.918
1785956099979,0.999935507774353,-0.0057774716988205,-0.0060412627644836,0.0076938848942518,8.928
1785956099988,0.999935507774353,-0.0057774716988205,-0.0060412627644836,0.0076938848942518,8.937
1785956099998,0.999935507774353,-0.0057774716988205,-0.0060412627644836,0.0076938848942518,8.947
1785956100008,0.999935507774353,-0.0057774716988205,-0.0060412627644836,0.0076938848942518,8.957
1785956100018,0.999935507774353,-0.0057774716988205,-0.0060412627644836,0.0076938848942518,8.967
1785956100029,0.999935507774353,-0.0057774716988205,-0.0060412627644836,0.0076938848942518,8.978
1785956100039,0.999935507774353,-0.0057774716988205,-0.0060412627644836,0.0076938848942518,8.988
1785956100049,0.999935507774353,-0.0057774716988205,-0.0060412627644836,0.0076938848942518,8.998
1785956100060,0.999935507774353,-0.0057774716988205,-0.0060412627644836,0.0076938848942518,9.009
1785956100070,0.999935507774353,-0.0057774716988205,-0.0060412627644836,0.0076938848942518,9.019
1785956100079,0.999935507774353,-0.0057774716988205,-0.0060412627644836,0.0076938848942518,9.028
1785956100089,0.999935507774353,-0.0057774716988205,-0.0060412627644836,0.0076938848942518,9.038
1785956100099,0.999935507774353,-0.0057774716988205,-0.0060412627644836,0.0076938848942518,9.048
1785956100109,0.999935507774353,-0.0057774716988205,-0.0060412627644836,0.0076938848942518,9.058
1785956100120,0.999935507774353,-0.0057774716988205,-0.0060412627644836,0.0076938848942518,9.069
1785956100130,0.999935507774353,-0.0057774716988205,-0.0060412627644836,0.0076938848942518,9.079
1785956100140,0.999935507774353,-0.0057774716988205,-0.0060412627644836,0.0076938848942518,9.089
1785956100150,0.999935507774353,-0.0057774716988205,-0.0060412627644836,0.0076938848942518,9.099
1785956100159,0.999935507774353,-0.0057774716988205,-0.0060412627644836,0.0076938848942518,9.108
1785956100169,0.999935507774353,-0.0057774716988205,-0.0060412627644836,0.0076938848942518,9.118
1785956100180,0.999935507774353,-0.0057774716988205,-0.0060412627644836,0.0076938848942518,9.129
1785956100190,0.999935507774353,-0.0057774716988205,-0.0060412627644836,0.0076938848942518,9.139
1785956100200,0.999935507774353,-0.0057774716988205,-0.0060412627644836,0.0076938848942518,9.149
1785956100210,0.999935507774353,-0.0057774716988205,-0.0060412627644836,0.0076938848942518,9.159
1785956100221,0.999935507774353,-0.0057774716988205,-0.0060412627644836,0.0076938848942518,9.17
1785956100231,0.999935507774353,-0.0057774716988205,-0.0060412627644836,0.0076938848942518,9.18
1785956100241,0.999935507774353,-0.0057774716988205,-0.0060412627644836,0.0076938848942518,9.19
1785956100250,0.999935507774353,-0.0057774716988205,-0.0060412627644836,0.0076938848942518,9.199
1785956100260,0.999935507774353,-0.0057774716988205,-0.0060412627644836,0.0076938848942518,9.209
1785956100270,0.999935507774353,-0.0057774716988205,-0.0060412627644836,0.0076938848942518,9.219
1785956100281,0.999935507774353,-0.0057774716988205,-0.0060412627644836,0.0076938848942518,9.23
1785956100291,0.999935507774353,-0.0057774716988205,-0.0060412627644836,0.0076938848942518,9.24
1785956100301,0.999935507774353,-0.0057774716988205,-0.0060412627644836,0.0076938848942518,9.25
1785956100311,0.999935507774353,-0.0057774716988205,-0.0060412627644836,0.0076938848942518,9.26
1785956100322,0.999935507774353,-0.0057774716988205,-0.0060412627644836,0.0076938848942518,9.271
1785956100331,0.999935507774353,-0.0057774716988205,-0.0060412627644836,0.0076938848942518,9.28
1785956100341,0.999935507774353,-0.0057774716988205,-0.0060412627644836,0.0076938848942518,9.29
1785956100351,0.999935507774353,-0.0057774716988205,-0.0060412627644836,0.0076938848942518,9.3
1785956100361,0.999935507774353,-0.0057774716988205,-0.0060412627644836,0.0076938848942518,9.31
1785956100372,0.999935507774353,-0.0057774716988205,-0.0060412627644836,0.0076938848942518,9.321
1785956100382,0.999935507774353,-0.0057774716988205,-0.0060412627644836,0.0076938848942518,9.331
1785956100392,0.999935507774353,-0.0057774716988205,-0.0060412627644836,0.0076938848942518,9.341
1785956100402,0.999935507774353,-0.0057774716988205,-0.0060412627644836,0.0076938848942518,9.351
1785956100411,0.999935507774353,-0.0057774716988205,-0.0060412627644836,0.0076938848942518,9.36
1785956100421,0.999935507774353,-0.0057774716988205,-0.0060412627644836,0.0076938848942518,9.37
1785956100432,0.999935507774353,-0.0057774716988205,-0.0060412627644836,0.0076938848942518,9.381
1785956100442,0.999935507774353,-0.0057774716988205,-0.0060412627644836,0.0076938848942518,9.391
1785956100452,0.999935507774353,-0.0057774716988205,-0.0060412627644836,0.0076938848942518,9.401
1785956100462,0.999935507774353,-0.0057774716988205,-0.0060412627644836,0.0076938848942518,9.411
1785956100473,0.999935507774353,-0.0057774716988205,-0.0060412627644836,0.0076938848942518,9.422
1785956100483,0.999935507774353,-0.0057774716988205,-0.0060412627644836,0.0076938848942518,9.432
1785956100492,0.999935507774353,-0.0057774716988205,-0.0060412627644836,0.0076938848942518,9.441
1785956100502,0.999935507774353,-0.0057774716988205,-0.0060412627644836,0.0076938848942518,9.451
1785956100512,0.999935507774353,-0.0057774716988205,-0.0060412627644836,0.0076938848942518,9.461
1785956100522,0.999935507774353,-0.0057774716988205,-0.0060412627644836,0.0076938848942518,9.471
1785956100533,0.999935507774353,-0.0057774716988205,-0.0060412627644836,0.0076938848942518,9.482
1785956100543,0.999935507774353,-0.0057774716988205,-0.0060412627644836,0.0076938848942518,9.492
1785956100553,0.999935507774353,-0.0057774716988205,-0.0060412627644836,0.0076938848942518,9.502
1785956100563,0.999935507774353,-0.0057774716988205,-0.0060412627644836,0.0076938848942518,9.512
1785956100572,0.999935507774353,-0.0057774716988205,-0.0060412627644836,0.0076938848942518,9.521
1785956100582,0.999935507774353,-0.0057774716988205,-0.0060412627644836,0.0076938848942518,9.531
1785956100593,0.999935507774353,-0.0057774716988205,-0.0060412627644836,0.0076938848942518,9.542
1785956100603,0.999935507774353,-0.0057774716988205,-0.0060412627644836,0.0076938848942518,9.552
1785956100613,0.999935507774353,-0.0057774716988205,-0.0060412627644836,0.0076938848942518,9.562
1785956100623,0.999935507774353,-0.0057774716988205,-0.0060412627644836,0.0076938848942518,9.572
1785956100634,0.999935507774353,-0.0057774716988205,-0.0060412627644836,0.0076938848942518,9.583
1785956100644,0.999935507774353,-0.0057774716988205,-0.0060412627644836,0.0076938848942518,9.593
1785956100654,0.999935507774353,-0.0057774716988205,-0.0060412627644836,0.0076938848942518,9.603
1785956100663,0.999935507774353,-0.0057774716988205,-0.0060412627644836,0.0076938848942518,9.612
1785956100673,0.999935507774353,-0.0057774716988205,-0.0060412627644836,0.0076938848942518,9.622
1785956100684,0.999935507774353,-0.0057774716988205,-0.0060412627644836,0.0076938848942518,9.633
1785956100694,0.999935507774353,-0.0057774716988205,-0.0060412627644836,0.0076938848942518,9.643
1785956100704,0.999935507774353,-0.0057774716988205,-0.0060412627644836,0.0076938848942518,9.653
1785956100714,0.999935507774353,-0.0057774716988205,-0.0060412627644836,0.0076938848942518,9.663
1785956100725,0.999935507774353,-0.0057774716988205,-0.0060412627644836,0.0076938848942518,9.674
1785956100735,0.999935507774353,-0.0057774716988205,-0.0060412627644836,0.0076938848942518,9.684
1785956100744,0.999935507774353,-0.0057774716988205,-0.0060412627644836,0.0076938848942518,9.693
1785956100754,0.999935507774353,-0.0057774716988205,-0.0060412627644836,0.0076938848942518,9.703
1785956100764,0.999935507774353,-0.0057774716988205,-0.0060412627644836,0.0076938848942518,9.713
1785956100774,0.999935507774353,-0.0057774716988205,-0.0060412627644836,0.0076938848942518,9.723
1785956100785,0.999935507774353,-0.0057774716988205,-0.0060412627644836,0.0076938848942518,9.734
1785956100795,0.999935507774353,-0.0057774716988205,-0.0060412627644836,0.0076938848942518,9.744
1785956100805,0.999935507774353,-0.0057774716988205,-0.0060412627644836,0.0076938848942518,9.754
1785956100815,0.999935507774353,-0.0057774716988205,-0.0060412627644836,0.0076938848942518,9.764
1785956100824,0.999935507774353,-0.0057774716988205,-0.0060412627644836,0.0076938848942518,9.773
1785956100834,0.999935507774353,-0.0057774716988205,-0.0060412627644836,0.0076938848942518,9.783
1785956100845,0.999935507774353,-0.0057774716988205,-0.0060412627644836,0.0076938848942518,9.794
1785956100855,0.999935507774353,-0.0057774716988205,-0.0060412627644836,0.0076938848942518,9.804
1785956100865,0.999935507774353,-0.0057774716988205,-0.0060412627644836,0.0076938848942518,9.814
1785956100875,0.999935507774353,-0.0057774716988205,-0.0060412627644836,0.0076938848942518,9.824
1785956100886,0.999935507774353,-0.0057774716988205,-0.0060412627644836,0.0076938848942518,9.835
1785956100896,0.999935507774353,-0.0057774716988205,-0.0060412627644836,0.0076938848942518,9.845
1785956100905,0.999935507774353,-0.0057774716988205,-0.0060412627644836,0.0076938848942518,9.854
1785956100915,0.999935507774353,-0.0057774716988205,-0.0060412627644836,0.0076938848942518,9.864
1785956100925,0.999935507774353,-0.0057774716988205,-0.0060412627644836,0.0076938848942518,9.874
1785956100935,0.999935507774353,-0.0057774716988205,-0.0060412627644836,0.0076938848942518,9.884
1785956100946,0.999935507774353,-0.0057774716988205,-0.0060412627644836,0.0076938848942518,9.895
1785956100956,0.999935507774353,-0.0057774716988205,-0.0060412627644836,0.0076938848942518,9.905
1785956100966,0.999935507774353,-0.0057774716988205,-0.0060412627644836,0.0076938848942518,9.915
1785956100976,0.999935507774353,-0.0057774716988205,-0.0060412627644836,0.0076938848942518,9.925
1785956100985,0.999935507774353,-0.0057774716988205,-0.0060412627644836,0.0076938848942518,9.934
1785956100996,0.999935507774353,-0.0057774716988205,-0.0060412627644836,0.0076938848942518,9.945
1785956101006,0.999935507774353,-0.0057774716988205,-0.0060412627644836,0.0076938848942518,9.955
1785956101016,0.999935507774353,-0.0057774716988205,-0.0060412627644836,0.0076938848942518,9.965
1785956101026,0.999935507774353,-0.0057774716988205,-0.0060412627644836,0.0076938848942518,9.975
1785956101037,0.999935507774353,-0.0057774716988205,-0.0060412627644836,0.0076938848942518,9.986
1785956101047,0.999935507774353,-0.0057774716988205,-0.0060412627644836,0.0076938848942518,9.996
1785956101057,0.999935507774353,-0.0057774716988205,-0.0060412627644836,0.0076938848942518,10.006
1785956101067,0.999935507774353,-0.0057774716988205,-0.0060412627644836,0.0076938848942518,10.016
1785956101076,0.9999352097511292,-0.0058307298459112,-0.0060416725464165,0.0076935631223022,10.025
1785956101086,0.9999348521232604,-0.0058893142268061,-0.0060421233065426,0.0076932092197239,10.035
1785956101097,0.9999348521232604,-0.0058893142268061,-0.0060421233065426,0.0076932092197239,10.046
1785956101107,0.9999348521232604,-0.0058893142268061,-0.0060421233065426,0.0076932092197239,10.056
1785956101117,0.9999348521232604,-0.0058893142268061,-0.0060421233065426,0.0076932092197239,10.066
1785956101127,0.9999348521232604,-0.0058893142268061,-0.0060421233065426,0.0076932092197239,10.076
1785956101138,0.9999348521232604,-0.0058893142268061,-0.0060421233065426,0.0076932092197239,10.087
1785956101148,0.9999348521232604,-0.0058893142268061,-0.0060421233065426,0.0076932092197239,10.097
1785956101157,0.9999348521232604,-0.0058893142268061,-0.0060421233065426,0.0076932092197239,10.106
1785956101167,0.9999348521232604,-0.0058893142268061,-0.0060421233065426,0.0076932092197239,10.116
1785956101177,0.9999348521232604,-0.0058893142268061,-0.0060421233065426,0.0076932092197239,10.126
1785956101187,0.9999348521232604,-0.0058893142268061,-0.0060421233065426,0.0076932092197239,10.136
1785956101198,0.9999348521232604,-0.0058893142268061,-0.0060421233065426,0.0076932092197239,10.147
1785956101208,0.9999348521232604,-0.0058893142268061,-0.0060421233065426,0.0076932092197239,10.157
1785956101218,0.9999348521232604,-0.0058893142268061,-0.0060421233065426,0.0076932092197239,10.167
1785956101228,0.9999348521232604,-0.0058893142268061,-0.0060421233065426,0.0076932092197239,10.177
1785956101237,0.9999348521232604,-0.0058893142268061,-0.0060421233065426,0.0076932092197239,10.186
1785956101247,0.9999348521232604,-0.0058893142268061,-0.0060421233065426,0.0076932092197239,10.196
1785956101258,0.9999348521232604,-0.0058893142268061,-0.0060421233065426,0.0076932092197239,10.207
1785956101268,0.9999348521232604,-0.0058893142268061,-0.0060421233065426,0.0076932092197239,10.217
1785956101278,0.9999348521232604,-0.0058893142268061,-0.0060421233065426,0.0076932092197239,10.227
1785956101289,0.9999348521232604,-0.0058893142268061,-0.0060421233065426,0.0076932092197239,10.238
1785956101299,0.9999348521232604,-0.0058893142268061,-0.0060421233065426,0.0076932092197239,10.248
1785956101309,0.9999348521232604,-0.0058893142268061,-0.0060421233065426,0.0076932092197239,10.258
1785956101318,0.9999348521232604,-0.0058893142268061,-0.0060421233065426,0.0076932092197239,10.267
1785956101328,0.9999348521232604,-0.0058893142268061,-0.0060421233065426,0.0076932092197239,10.277
1785956101338,0.9999348521232604,-0.0058893142268061,-0.0060421233065426,0.0076932092197239,10.287
1785956101349,0.9999348521232604,-0.0058893142268061,-0.0060421233065426,0.0076932092197239,10.298
1785956101359,0.9999348521232604,-0.0058893142268061,-0.0060421233065426,0.0076932092197239,10.308
1785956101369,0.9999348521232604,-0.0058893142268061,-0.0060421233065426,0.0076932092197239,10.318
1785956101379,0.9999348521232604,-0.0058893142268061,-0.0060421233065426,0.0076932092197239,10.328
1785956101390,0.9999348521232604,-0.0058893142268061,-0.0060421233065426,0.0076932092197239,10.339
1785956101400,0.9999348521232604,-0.0058893142268061,-0.0060421233065426,0.0076932092197239,10.349
1785956101409,0.9999348521232604,-0.0058893142268061,-0.0060421233065426,0.0076932092197239,10.358
1785956101419,0.9999348521232604,-0.0058893142268061,-0.0060421233065426,0.0076932092197239,10.368
1785956101429,0.9999348521232604,-0.0058893142268061,-0.0060421233065426,0.0076932092197239,10.378
1785956101439,0.9999348521232604,-0.0058893142268061,-0.0060421233065426,0.0076932092197239,10.388
1785956101450,0.9999348521232604,-0.0058893142268061,-0.0060421233065426,0.0076932092197239,10.399
1785956101460,0.9999348521232604,-0.0058893142268061,-0.0060421233065426,0.0076932092197239,10.409
1785956101470,0.9999348521232604,-0.0058893142268061,-0.0060421233065426,0.0076932092197239,10.419
1785956101480,0.9999348521232604,-0.0058893142268061,-0.0060421233065426,0.0076932092197239,10.429
1785956101489,0.9999348521232604,-0.0058893142268061,-0.0060421233065426,0.0076932092197239,10.438
1785956101499,0.9999348521232604,-0.0058893142268061,-0.0060421233065426,0.0076932092197239,10.448
1785956101510,0.9999348521232604,-0.0058893142268061,-0.0060421233065426,0.0076932092197239,10.459
1785956101520,0.9999348521232604,-0.0058893142268061,-0.0060421233065426,0.0076932092197239,10.469
1785956101530,0.9999348521232604,-0.0058893142268061,-0.0060421233065426,0.0076932092197239,10.479
1785956101540,0.9999348521232604,-0.0058893142268061,-0.0060421233065426,0.0076932092197239,10.489
1785956101551,0.9999348521232604,-0.0058893142268061,-0.0060421233065426,0.0076932092197239,10.5
1785956101561,0.9999348521232604,-0.0058893142268061,-0.0060421233065426,0.0076932092197239,10.51
1785956101570,0.9999348521232604,-0.0058893142268061,-0.0060421233065426,0.0076932092197239,10.519
1785956101580,0.9999348521232604,-0.0058893142268061,-0.0060421233065426,0.0076932092197239,10.529
1785956101590,0.9999348521232604,-0.0058893142268061,-0.0060421233065426,0.0076932092197239,10.539
1785956101601,0.9999348521232604,-0.0058893142268061,-0.0060421233065426,0.0076932092197239,10.55
1785956101611,0.9999348521232604,-0.0058893142268061,-0.0060421233065426,0.0076932092197239,10.56
1785956101621,0.9999348521232604,-0.0058893142268061,-0.0060421233065426,0.0076932092197239,10.57
1785956101631,0.9999348521232604,-0.0058893142268061,-0.0060421233065426,0.0076932092197239,10.58
1785956101642,0.9999348521232604,-0.0058893142268061,-0.0060421233065426,0.0076932092197239,10.591
1785956101650,0.9999348521232604,-0.0058893142268061,-0.0060421233065426,0.0076932092197239,10.599
1785956101661,0.9999348521232604,-0.0058893142268061,-0.0060421233065426,0.0076932092197239,10.61
1785956101671,0.9999348521232604,-0.0058893142268061,-0.0060421233065426,0.0076932092197239,10.62
1785956101681,0.9999348521232604,-0.0058893142268061,-0.0060421233065426,0.0076932092197239,10.63
1785956101691,0.9999348521232604,-0.0058893142268061,-0.0060421233065426,0.0076932092197239,10.64
1785956101702,0.9999348521232604,-0.0058893142268061,-0.0060421233065426,0.0076932092197239,10.651
1785956101712,0.9999348521232604,-0.0058893142268061,-0.0060421233065426,0.0076932092197239,10.661
1785956101722,0.9999348521232604,-0.0058893142268061,-0.0060421233065426,0.0076932092197239,10.671
1785956101732,0.9999348521232604,-0.0058893142268061,-0.0060421233065426,0.0076932092197239,10.681
1785956101741,0.9999348521232604,-0.0058893142268061,-0.0060421233065426,0.0076932092197239,10.69
1785956101751,0.9999348521232604,-0.0058893142268061,-0.0060421233065426,0.0076932092197239,10.7
1785956101762,0.9999348521232604,-0.0058893142268061,-0.0060421233065426,0.0076932092197239,10.711
1785956101772,0.9999348521232604,-0.0058893142268061,-0.0060421233065426,0.0076932092197239,10.721
1785956101782,0.9999348521232604,-0.0058893142268061,-0.0060421233065426,0.0076932092197239,10.731
1785956101792,0.9999348521232604,-0.0058893142268061,-0.0060421233065426,0.0076932092197239,10.741
1785956101803,0.9999348521232604,-0.0058893142268061,-0.0060421233065426,0.0076932092197239,10.752
1785956101813,0.9999348521232604,-0.0058893142268061,-0.0060421233065426,0.0076932092197239,10.762
1785956101822,0.9999348521232604,-0.0058893142268061,-0.0060421233065426,0.0076932092197239,10.771
1785956101832,0.9999348521232604,-0.0058893142268061,-0.0060421233065426,0.0076932092197239,10.781
1785956101842,0.9999348521232604,-0.0058893142268061,-0.0060421233065426,0.0076932092197239,10.791
1785956101852,0.9999348521232604,-0.0058893142268061,-0.0060421233065426,0.0076932092197239,10.801
1785956101863,0.9999348521232604,-0.0058893142268061,-0.0060421233065426,0.0076932092197239,10.812
1785956101873,0.9999348521232604,-0.0058893142268061,-0.0060421233065426,0.0076932092197239,10.822
1785956101883,0.9999348521232604,-0.0058893142268061,-0.0060421233065426,0.0076932092197239,10.832
1785956101893,0.9999348521232604,-0.0058893142268061,-0.0060421233065426,0.0076932092197239,10.842
1785956101902,0.9999348521232604,-0.0058893142268061,-0.0060421233065426,0.0076932092197239,10.851
1785956101913,0.9999348521232604,-0.0058893142268061,-0.0060421233065426,0.0076932092197239,10.862
1785956101923,0.9999348521232604,-0.0058893142268061,-0.0060421233065426,0.0076932092197239,10.872
1785956101933,0.9999348521232604,-0.0058893142268061,-0.0060421233065426,0.0076932092197239,10.882
1785956101943,0.9999348521232604,-0.0058893142268061,-0.0060421233065426,0.0076932092197239,10.892
1785956101954,0.9999348521232604,-0.0058893142268061,-0.0060421233065426,0.0076932092197239,10.903
1785956101964,0.9999348521232604,-0.0058893142268061,-0.0060421233065426,0.0076932092197239,10.913
1785956101974,0.9999348521232604,-0.0058893142268061,-0.0060421233065426,0.0076932092197239,10.923
1785956101984,0.9999348521232604,-0.0058893142268061,-0.0060421233065426,0.0076932092197239,10.933
1785956101993,0.9999348521232604,-0.0058893142268061,-0.0060421233065426,0.0076932092197239,10.942
1785956102003,0.9999348521232604,-0.0058893142268061,-0.0060421233065426,0.0076932092197239,10.952
1785956102014,0.9999348521232604,-0.0058893142268061,-0.0060421233065426,0.0076932092197239,10.963
1785956102024,0.9999348521232604,-0.0058893142268061,-0.0060421233065426,0.0076932092197239,10.973
1785956102034,0.9999348521232604,-0.0058893142268061,-0.0060421233065426,0.0076932092197239,10.983
1785956102044,0.9999348521232604,-0.0058893142268061,-0.0060421233065426,0.0076932092197239,10.993
1785956102055,0.9999348521232604,-0.0058893142268061,-0.0060421233065426,0.0076932092197239,11.004
1785956102065,0.9999348521232604,-0.0058893142268061,-0.0060421233065426,0.0076932092197239,11.014
1785956102074,0.9999348521232604,-0.0058893142268061,-0.0060421233065426,0.0076932092197239,11.023
1785956102084,0.9999344944953918,-0.0059532248415052,-0.006042615044862,0.0076928231865167,11.033
1785956102094,0.9999344944953918,-0.0059532248415052,-0.006042615044862,0.0076928231865167,11.043
1785956102104,0.9999344944953918,-0.0059532248415052,-0.006042615044862,0.0076928231865167,11.053
1785956102115,0.9999344944953918,-0.0059532248415052,-0.006042615044862,0.0076928231865167,11.064
1785956102125,0.9999344944953918,-0.0059532248415052,-0.006042615044862,0.0076928231865167,11.074
1785956102135,0.9999344944953918,-0.0059532248415052,-0.006042615044862,0.0076928231865167,11.084
1785956102145,0.9999344944953918,-0.0059532248415052,-0.006042615044862,0.0076928231865167,11.094
1785956102154,0.9999344944953918,-0.0059532248415052,-0.006042615044862,0.0076928231865167,11.103
1785956102164,0.9999344944953918,-0.0059532248415052,-0.006042615044862,0.0076928231865167,11.113
1785956102175,0.9999344944953918,-0.0059532248415052,-0.006042615044862,0.0076928231865167,11.124
1785956102185,0.9999344944953918,-0.0059532248415052,-0.006042615044862,0.0076928231865167,11.134
1785956102195,0.9999344944953918,-0.0059532248415052,-0.006042615044862,0.0076928231865167,11.144
1785956102206,0.9999344944953918,-0.0059532248415052,-0.006042615044862,0.0076928231865167,11.155
1785956102216,0.9999344944953918,-0.0059532248415052,-0.006042615044862,0.0076928231865167,11.165
1785956102226,0.9999344944953918,-0.0059532248415052,-0.006042615044862,0.0076928231865167,11.175
1785956102235,0.9999344944953918,-0.0059532248415052,-0.006042615044862,0.0076928231865167,11.184
1785956102245,0.9999344944953918,-0.0059532248415052,-0.006042615044862,0.0076928231865167,11.194
1785956102255,0.9999344944953918,-0.0059532248415052,-0.006042615044862,0.0076928231865167,11.204
1785956102266,0.9999344944953918,-0.0059532248415052,-0.006042615044862,0.0076928231865167,11.215
1785956102276,0.9999344944953918,-0.0059532248415052,-0.006042615044862,0.0076928231865167,11.225
1785956102286,0.9999344944953918,-0.0059532248415052,-0.006042615044862,0.0076928231865167,11.235
1785956102296,0.9999344944953918,-0.0059532248415052,-0.006042615044862,0.0076928231865167,11.245
1785956102307,0.9999344944953918,-0.0059532248415052,-0.006042615044862,0.0076928231865167,11.256
1785956102317,0.9999344944953918,-0.0059532248415052,-0.006042615044862,0.0076928231865167,11.266
1785956102326,0.9999344944953918,-0.0059532248415052,-0.006042615044862,0.0076928231865167,11.275
1785956102336,0.9999344944953918,-0.0059532248415052,-0.006042615044862,0.0076928231865167,11.285
1785956102346,0.9999344944953918,-0.0059532248415052,-0.006042615044862,0.0076928231865167,11.295
1785956102356,0.9999344944953918,-0.0059532248415052,-0.006042615044862,0.0076928231865167,11.305
1785956102367,0.9999344944953918,-0.0059532248415052,-0.006042615044862,0.0076928231865167,11.316
1785956102377,0.999934196472168,-0.0060064829885959,-0.0060430248267948,0.0076925014145672,11.326
1785956102387,0.999934196472168,-0.0060064829885959,-0.0060430248267948,0.0076925014145672,11.336
1785956102397,0.999934196472168,-0.0060064829885959,-0.0060430248267948,0.0076925014145672,11.346
1785956102406,0.999934196472168,-0.0060064829885959,-0.0060430248267948,0.0076925014145672,11.355
1785956102416,0.999934196472168,-0.0060064829885959,-0.0060430248267948,0.0076925014145672,11.365
1785956102427,0.999934196472168,-0.0060064829885959,-0.0060430248267948,0.0076925014145672,11.376
1785956102437,0.999934196472168,-0.0060064829885959,-0.0060430248267948,0.0076925014145672,11.386
1785956102447,0.999934196472168,-0.0060064829885959,-0.0060430248267948,0.0076925014145672,11.396
1785956102457,0.999934196472168,-0.0060064829885959,-0.0060430248267948,0.0076925014145672,11.406
1785956102468,0.999934196472168,-0.0060064829885959,-0.0060430248267948,0.0076925014145672,11.417
1785956102478,0.999934196472168,-0.0060064829885959,-0.0060430248267948,0.0076925014145672,11.427
1785956102487,0.999934196472168,-0.0060064829885959,-0.0060430248267948,0.0076925014145672,11.436
1785956102497,0.999934196472168,-0.0060064829885959,-0.0060430248267948,0.0076925014145672,11.446
1785956102507,0.999934196472168,-0.0060064829885959,-0.0060430248267948,0.0076925014145672,11.456
1785956102518,0.999934196472168,-0.0060064829885959,-0.0060430248267948,0.0076925014145672,11.467
1785956102528,0.999934196472168,-0.0060064829885959,-0.0060430248267948,0.0076925014145672,11.477
1785956102538,0.999934196472168,-0.0060064829885959,-0.0060430248267948,0.0076925014145672,11.487
1785956102548,0.999934196472168,-0.0060064829885959,-0.0060430248267948,0.0076925014145672,11.497
1785956102559,0.999934196472168,-0.0060064829885959,-0.0060430248267948,0.0076925014145672,11.508
1785956102567,0.999934196472168,-0.0060064829885959,-0.0060430248267948,0.0076925014145672,11.516
1785956102578,0.999934196472168,-0.0060064829885959,-0.0060430248267948,0.0076925014145672,11.527
1785956102588,0.999934196472168,-0.0060064829885959,-0.0060430248267948,0.0076925014145672,11.537
1785956102598,0.999934196472168,-0.0060064829885959,-0.0060430248267948,0.0076925014145672,11.547
1785956102608,0.999934196472168,-0.0060064829885959,-0.0060430248267948,0.0076925014145672,11.557
1785956102619,0.999934196472168,-0.0060064829885959,-0.0060430248267948,0.0076925014145672,11.568
1785956102629,0.999934196472168,-0.0060064829885959,-0.0060430248267948,0.0076925014145672,11.578
1785956102639,0.999934196472168,-0.0060064829885959,-0.0060430248267948,0.0076925014145672,11.588
1785956102648,0.999934196472168,-0.0060064829885959,-0.0060430248267948,0.0076925014145672,11.597
1785956102658,0.999934196472168,-0.0060064829885959,-0.0060430248267948,0.0076925014145672,11.607
1785956102668,0.999934196472168,-0.0060064829885959,-0.0060430248267948,0.0076925014145672,11.617
1785956102679,0.999934196472168,-0.0060064829885959,-0.0060430248267948,0.0076925014145672,11.628
1785956102689,0.999934196472168,-0.0060064829885959,-0.0060430248267948,0.0076925014145672,11.638
1785956102699,0.999934196472168,-0.0060064829885959,-0.0060430248267948,0.0076925014145672,11.648
1785956102709,0.999934196472168,-0.0060064829885959,-0.0060430248267948,0.0076925014145672,11.658
1785956102720,0.999934196472168,-0.0060064829885959,-0.0060430248267948,0.0076925014145672,11.669
1785956102730,0.999934196472168,-0.0060064829885959,-0.0060430248267948,0.0076925014145672,11.679
1785956102739,0.999934196472168,-0.0060064829885959,-0.0060430248267948,0.0076925014145672,11.688
1785956102749,0.999934196472168,-0.0060064829885959,-0.0060430248267948,0.0076925014145672,11.698
1785956102759,0.999934196472168,-0.0060064829885959,-0.0060430248267948,0.0076925014145672,11.708
1785956102769,0.999934196472168,-0.0060064829885959,-0.0060430248267948,0.0076925014145672,11.718
1785956102780,0.999934196472168,-0.0060064829885959,-0.0060430248267948,0.0076925014145672,11.729
1785956102790,0.999934196472168,-0.0060064829885959,-0.0060430248267948,0.0076925014145672,11.739
1785956102800,0.999934196472168,-0.0060064829885959,-0.0060430248267948,0.0076925014145672,11.749
1785956102810,0.999934196472168,-0.0060064829885959,-0.0060430248267948,0.0076925014145672,11.759
1785956102819,0.999934196472168,-0.0060064829885959,-0.0060430248267948,0.0076925014145672,11.768
1785956102830,0.999934196472168,-0.0060064829885959,-0.0060430248267948,0.0076925014145672,11.779
1785956102840,0.999934196472168,-0.0060064829885959,-0.0060430248267948,0.0076925014145672,11.789
1785956102850,0.999934196472168,-0.0060064829885959,-0.0060430248267948,0.0076925014145672,11.799
1785956102860,0.999934196472168,-0.0060064829885959,-0.0060430248267948,0.0076925014145672,11.809
1785956102871,0.999934196472168,-0.0060064829885959,-0.0060430248267948,0.0076925014145672,11.82
1785956102881,0.999934196472168,-0.0060064829885959,-0.0060430248267948,0.0076925014145672,11.83
1785956102891,0.999934196472168,-0.0060064829885959,-0.0060430248267948,0.0076925014145672,11.84
1785956102900,0.999934196472168,-0.0060064829885959,-0.0060430248267948,0.0076925014145672,11.849
1785956102910,0.999934196472168,-0.0060064829885959,-0.0060430248267948,0.0076925014145672,11.859
1785956102920,0.999934196472168,-0.0060064829885959,-0.0060430248267948,0.0076925014145672,11.869
1785956102931,0.999934196472168,-0.0060064829885959,-0.0060430248267948,0.0076925014145672,11.88
1785956102941,0.999934196472168,-0.0060064829885959,-0.0060430248267948,0.0076925014145672,11.89
1785956102951,0.999934196472168,-0.0060064829885959,-0.0060430248267948,0.0076925014145672,11.9
1785956102961,0.999934196472168,-0.0060064829885959,-0.0060430248267948,0.0076925014145672,11.91
1785956102972,0.999934196472168,-0.0060064829885959,-0.0060430248267948,0.0076925014145672,11.921
1785956102980,0.999934196472168,-0.0060064829885959,-0.0060430248267948,0.0076925014145672,11.929
1785956102991,0.999934196472168,-0.0060064829885959,-0.0060430248267948,0.0076925014145672,11.94
1785956103001,0.999934196472168,-0.0060064829885959,-0.0060430248267948,0.0076925014145672,11.95
1785956103011,0.999934196472168,-0.0060064829885959,-0.0060430248267948,0.0076925014145672,11.96
1785956103021,0.999934196472168,-0.0060064829885959,-0.0060430248267948,0.0076925014145672,11.97
1785956103032,0.999934196472168,-0.0060064829885959,-0.0060430248267948,0.0076925014145672,11.981
1785956103042,0.999934196472168,-0.0060064829885959,-0.0060430248267948,0.0076925014145672,11.991
1785956103052,0.999934196472168,-0.0060064829885959,-0.0060430248267948,0.0076925014145672,12.001
1785956103062,0.999934196472168,-0.0060064829885959,-0.0060430248267948,0.0076925014145672,12.011
1785956103071,0.999934196472168,-0.0060064829885959,-0.0060430248267948,0.0076925014145672,12.02
1785956103081,0.999934196472168,-0.0060064829885959,-0.0060430248267948,0.0076925014145672,12.03
1785956103092,0.999934196472168,-0.0060064829885959,-0.0060430248267948,0.0076925014145672,12.041
1785956103102,0.999934196472168,-0.0060064829885959,-0.0060430248267948,0.0076925014145672,12.051
1785956103112,0.999934196472168,-0.0060064829885959,-0.0060430248267948,0.0076925014145672,12.061
1785956103122,0.999934196472168,-0.0060064829885959,-0.0060430248267948,0.0076925014145672,12.071
1785956103133,0.999934196472168,-0.0060064829885959,-0.0060430248267948,0.0076925014145672,12.082
1785956103143,0.999934196472168,-0.0060064829885959,-0.0060430248267948,0.0076925014145672,12.092
1785956103152,0.999934196472168,-0.0060064829885959,-0.0060430248267948,0.0076925014145672,12.101
1785956103162,0.999934196472168,-0.0060064829885959,-0.0060430248267948,0.0076925014145672,12.111
1785956103172,0.999934196472168,-0.0060064829885959,-0.0060430248267948,0.0076925014145672,12.121
1785956103183,0.999934196472168,-0.0060064829885959,-0.0060430248267948,0.0076925014145672,12.132
1785956103193,0.999934196472168,-0.0060064829885959,-0.0060430248267948,0.0076925014145672,12.142
1785956103203,0.999934196472168,-0.0060064829885959,-0.0060430248267948,0.0076925014145672,12.152
1785956103213,0.999934196472168,-0.0060064829885959,-0.0060430248267948,0.0076925014145672,12.162
1785956103224,0.999934196472168,-0.0060064829885959,-0.0060430248267948,0.0076925014145672,12.173
1785956103232,0.999934196472168,-0.0060064829885959,-0.0060430248267948,0.0076925014145672,12.181
1785956103243,0.999934196472168,-0.0060064829885959,-0.0060430248267948,0.0076925014145672,12.192
1785956103253,0.999934196472168,-0.0060064829885959,-0.0060430248267948,0.0076925014145672,12.202
1785956103263,0.999934196472168,-0.0060064829885959,-0.0060430248267948,0.0076925014145672,12.212
1785956103273,0.999934196472168,-0.0060064829885959,-0.0060430248267948,0.0076925014145672,12.222
1785956103284,0.999934196472168,-0.0060064829885959,-0.0060430248267948,0.0076925014145672,12.233
1785956103294,0.999934196472168,-0.0060064829885959,-0.0060430248267948,0.0076925014145672,12.243
1785956103304,0.999934196472168,-0.0060064829885959,-0.0060430248267948,0.0076925014145672,12.253
1785956103313,0.999934196472168,-0.0060064829885959,-0.0060430248267948,0.0076925014145672,12.262
1785956103323,0.999934196472168,-0.0060064829885959,-0.0060430248267948,0.0076925014145672,12.272
1785956103333,0.999934196472168,-0.0060064829885959,-0.0060430248267948,0.0076925014145672,12.282
1785956103344,0.999934196472168,-0.0060064829885959,-0.0060430248267948,0.0076925014145672,12.293
1785956103354,0.999934196472168,-0.0060064829885959,-0.0060430248267948,0.0076925014145672,12.303
1785956103364,0.999934196472168,-0.0060064829885959,-0.0060430248267948,0.0076925014145672,12.313
1785956103374,0.999934196472168,-0.0060064829885959,-0.0060430248267948,0.0076925014145672,12.323
1785956103385,0.999934196472168,-0.0060064829885959,-0.0060430248267948,0.0076925014145672,12.334
1785956103395,0.999934196472168,-0.0060064829885959,-0.0060430248267948,0.0076925014145672,12.344
1785956103404,0.999934196472168,-0.0060064829885959,-0.0060430248267948,0.0076925014145672,12.353
1785956103414,0.999934196472168,-0.0060064829885959,-0.0060430248267948,0.0076925014145672,12.363
1785956103424,0.999934196472168,-0.0060064829885959,-0.0060430248267948,0.0076925014145672,12.373
1785956103435,0.999934196472168,-0.0060064829885959,-0.0060430248267948,0.0076925014145672,12.384
1785956103445,0.999934196472168,-0.0060064829885959,-0.0060430248267948,0.0076925014145672,12.394
1785956103455,0.999934196472168,-0.0060064829885959,-0.0060430248267948,0.0076925014145672,12.404
1785956103465,0.999934196472168,-0.0060064829885959,-0.0060430248267948,0.0076925014145672,12.414
1785956103476,0.999934196472168,-0.0060064829885959,-0.0060430248267948,0.0076925014145672,12.425
1785956103484,0.999934196472168,-0.0060064829885959,-0.0060430248267948,0.0076925014145672,12.433
1785956103495,0.999934196472168,-0.0060064829885959,-0.0060430248267948,0.0076925014145672,12.444
1785956103505,0.999934196472168,-0.0060064829885959,-0.0060430248267948,0.0076925014145672,12.454
1785956103515,0.999934196472168,-0.0060064829885959,-0.0060430248267948,0.0076925014145672,12.464
1785956103525,0.999934196472168,-0.0060064829885959,-0.0060430248267948,0.0076925014145672,12.474
1785956103536,0.999934196472168,-0.0060064829885959,-0.0060430248267948,0.0076925014145672,12.485
1785956103546,0.999934196472168,-0.0060064829885959,-0.0060430248267948,0.0076925014145672,12.495
1785956103556,0.999934196472168,-0.0060064829885959,-0.0060430248267948,0.0076925014145672,12.505
1785956103565,0.999934196472168,-0.0060064829885959,-0.0060430248267948,0.0076925014145672,12.514
1785956103575,0.999934196472168,-0.0060064829885959,-0.0060430248267948,0.0076925014145672,12.524
1785956103585,0.999934196472168,-0.0060064829885959,-0.0060430248267948,0.0076925014145672,12.534
1785956103596,0.999934196472168,-0.0060064829885959,-0.0060430248267948,0.0076925014145672,12.545
1785956103606,0.999934196472168,-0.0060064829885959,-0.0060430248267948,0.0076925014145672,12.555
1785956103616,0.999934196472168,-0.0060064829885959,-0.0060430248267948,0.0076925014145672,12.565
1785956103626,0.999934196472168,-0.0060064829885959,-0.0060430248267948,0.0076925014145672,12.575
1785956103637,0.999934196472168,-0.0060064829885959,-0.0060430248267948,0.0076925014145672,12.586
1785956103647,0.999934196472168,-0.0060064829885959,-0.0060430248267948,0.0076925014145672,12.596
1785956103656,0.999934196472168,-0.0060064829885959,-0.0060430248267948,0.0076925014145672,12.605
1785956103666,0.999934196472168,-0.0060064829885959,-0.0060430248267948,0.0076925014145672,12.615
1785956103676,0.999934196472168,-0.0060064829885959,-0.0060430248267948,0.0076925014145672,12.625
1785956103686,0.999934196472168,-0.0060064829885959,-0.0060430248267948,0.0076925014145672,12.635
1785956103697,0.999934196472168,-0.0060064829885959,-0.0060430248267948,0.0076925014145672,12.646
1785956103707,0.999934196472168,-0.0060064829885959,-0.0060430248267948,0.0076925014145672,12.656
1785956103717,0.999934196472168,-0.0060064829885959,-0.0060430248267948,0.0076925014145672,12.666
1785956103727,0.999934196472168,-0.0060064829885959,-0.0060430248267948,0.0076925014145672,12.676
1785956103736,0.999934196472168,-0.0060064829885959,-0.0060430248267948,0.0076925014145672,12.685
1785956103747,0.999934196472168,-0.0060064829885959,-0.0060430248267948,0.0076925014145672,12.696
1785956103757,0.999934196472168,-0.0060064829885959,-0.0060430248267948,0.0076925014145672,12.706
1785956103767,0.999934196472168,-0.0060064829885959,-0.0060430248267948,0.0076925014145672,12.716
1785956103777,0.999934196472168,-0.0060064829885959,-0.0060430248267948,0.0076925014145672,12.726
1785956103788,0.999934196472168,-0.0060064829885959,-0.0060430248267948,0.0076925014145672,12.737
1785956103798,0.999934196472168,-0.0060064829885959,-0.0060430248267948,0.0076925014145672,12.747
1785956103808,0.999934196472168,-0.0060064829885959,-0.0060430248267948,0.0076925014145672,12.757
1785956103817,0.999934196472168,-0.0060064829885959,-0.0060430248267948,0.0076925014145672,12.766
1785956103827,0.999934196472168,-0.0060064829885959,-0.0060430248267948,0.0076925014145672,12.776
1785956103837,0.999934196472168,-0.0060064829885959,-0.0060430248267948,0.0076925014145672,12.786
1785956103848,0.999934196472168,-0.0060064829885959,-0.0060430248267948,0.0076925014145672,12.797
1785956103858,0.999934196472168,-0.0060064829885959,-0.0060430248267948,0.0076925014145672,12.807
1785956103868,0.999934196472168,-0.0060064829885959,-0.0060430248267948,0.0076925014145672,12.817
1785956103878,0.999934196472168,-0.0060064829885959,-0.0060430248267948,0.0076925014145672,12.827
1785956103889,0.999934196472168,-0.0060064829885959,-0.0060430248267948,0.0076925014145672,12.838
1785956103897,0.999934196472168,-0.0060064829885959,-0.0060430248267948,0.0076925014145672,12.846
1785956103908,0.999934196472168,-0.0060064829885959,-0.0060430248267948,0.0076925014145672,12.857
1785956103918,0.999934196472168,-0.0060064829885959,-0.0060430248267948,0.0076925014145672,12.867
1785956103928,0.999934196472168,-0.0060064829885959,-0.0060430248267948,0.0076925014145672,12.877
1785956103938,0.999934196472168,-0.0060064829885959,-0.0060430248267948,0.0076925014145672,12.887
1785956103949,0.999934196472168,-0.0060064829885959,-0.0060430248267948,0.0076925014145672,12.898
1785956103959,0.999934196472168,-0.0060064829885959,-0.0060430248267948,0.0076925014145672,12.908
1785956103969,0.999934196472168,-0.0060064829885959,-0.0060430248267948,0.0076925014145672,12.918
1785956103979,0.999934196472168,-0.0060064829885959,-0.0060430248267948,0.0076925014145672,12.928
1785956103988,0.999934196472168,-0.0060064829885959,-0.0060430248267948,0.0076925014145672,12.937
1785956103998,0.999934196472168,-0.0060064829885959,-0.0060430248267948,0.0076925014145672,12.947
1785956104009,0.999934196472168,-0.0060064829885959,-0.0060430248267948,0.0076925014145672,12.958
1785956104019,0.999934196472168,-0.0060064829885959,-0.0060430248267948,0.0076925014145672,12.968
1785956104029,0.999934196472168,-0.0060064829885959,-0.0060430248267948,0.0076925014145672,12.978
1785956104039,0.999934196472168,-0.0060064829885959,-0.0060430248267948,0.0076925014145672,12.988
1785956104050,0.999934196472168,-0.0060064829885959,-0.0060430248267948,0.0076925014145672,12.999
1785956104060,0.999934196472168,-0.0060064829885959,-0.0060430248267948,0.0076925014145672,13.009
1785956104069,0.999934196472168,-0.0060064829885959,-0.0060430248267948,0.0076925014145672,13.018
1785956104079,0.999934196472168,-0.0060064829885959,-0.0060430248267948,0.0076925014145672,13.028
1785956104089,0.999934196472168,-0.0060064829885959,-0.0060430248267948,0.0076925014145672,13.038
1785956104100,0.999934196472168,-0.0060064829885959,-0.0060430248267948,0.0076925014145672,13.049
1785956104110,0.999934196472168,-0.0060064829885959,-0.0060430248267948,0.0076925014145672,13.059
1785956104120,0.999934196472168,-0.0060064829885959,-0.0060430248267948,0.0076925014145672,13.069
1785956104130,0.999934196472168,-0.0060064829885959,-0.0060430248267948,0.0076925014145672,13.079
1785956104141,0.999934196472168,-0.0060064829885959,-0.0060430248267948,0.0076925014145672,13.09
1785956104149,0.999934196472168,-0.0060064829885959,-0.0060430248267948,0.0076925014145672,13.098
1785956104160,0.999934196472168,-0.0060064829885959,-0.0060430248267948,0.0076925014145672,13.109
1785956104170,0.999934196472168,-0.0060064829885959,-0.0060430248267948,0.0076925014145672,13.119
1785956104180,0.999934196472168,-0.0060064829885959,-0.0060430248267948,0.0076925014145672,13.129
1785956104190,0.999934196472168,-0.0060064829885959,-0.0060430248267948,0.0076925014145672,13.139
1785956104201,0.999934196472168,-0.0060064829885959,-0.0060430248267948,0.0076925014145672,13.15
1785956104211,0.999934196472168,-0.0060064829885959,-0.0060430248267948,0.0076925014145672,13.16
1785956104221,0.999934196472168,-0.0060064829885959,-0.0060430248267948,0.0076925014145672,13.17
1785956104230,0.999934196472168,-0.0060064829885959,-0.0060430248267948,0.0076925014145672,13.179
1785956104240,0.999934196472168,-0.0060064829885959,-0.0060430248267948,0.0076925014145672,13.189
1785956104250,0.999934196472168,-0.0060064829885959,-0.0060430248267948,0.0076925014145672,13.199
1785956104261,0.999934196472168,-0.0060064829885959,-0.0060430248267948,0.0076925014145672,13.21
1785956104271,0.999934196472168,-0.0060064829885959,-0.0060430248267948,0.0076925014145672,13.22
1785956104281,0.999934196472168,-0.0060064829885959,-0.0060430248267948,0.0076925014145672,13.23
1785956104291,0.999934196472168,-0.0060064829885959,-0.0060430248267948,0.0076925014145672,13.24
1785956104302,0.999934196472168,-0.0060064829885959,-0.0060430248267948,0.0076925014145672,13.251
1785956104310,0.999934196472168,-0.0060064829885959,-0.0060430248267948,0.0076925014145672,13.259
1785956104321,0.999934196472168,-0.0060064829885959,-0.0060430248267948,0.0076925014145672,13.27
1785956104331,0.999934196472168,-0.0060064829885959,-0.0060430248267948,0.0076925014145672,13.28
1785956104341,0.999934196472168,-0.0060064829885959,-0.0060430248267948,0.0076925014145672,13.29
1785956104351,0.999934196472168,-0.0060064829885959,-0.0060430248267948,0.0076925014145672,13.3
1785956104362,0.999934196472168,-0.0060064829885959,-0.0060430248267948,0.0076925014145672,13.311
1785956104372,0.999934196472168,-0.0060064829885959,-0.0060430248267948,0.0076925014145672,13.321
1785956104382,0.999934196472168,-0.0060064829885959,-0.0060430248267948,0.0076925014145672,13.331
1785956104391,0.999934196472168,-0.0060064829885959,-0.0060430248267948,0.0076925014145672,13.34
1785956104401,0.999934196472168,-0.0060064829885959,-0.0060430248267948,0.0076925014145672,13.35
1785956104412,0.999934196472168,-0.0060064829885959,-0.0060430248267948,0.0076925014145672,13.361
1785956104422,0.999934196472168,-0.0060064829885959,-0.0060430248267948,0.0076925014145672,13.371
1785956104432,0.999934196472168,-0.0060064829885959,-0.0060430248267948,0.0076925014145672,13.381
1785956104442,0.999934196472168,-0.0060064829885959,-0.0060430248267948,0.0076925014145672,13.391
1785956104453,0.999934196472168,-0.0060064829885959,-0.0060430248267948,0.0076925014145672,13.402
1785956104463,0.999934196472168,-0.0060064829885959,-0.0060430248267948,0.0076925014145672,13.412
1785956104473,0.999934196472168,-0.0060064829885959,-0.0060430248267948,0.0076925014145672,13.422
1785956104482,0.999934196472168,-0.0060064829885959,-0.0060430248267948,0.0076925014145672,13.431
1785956104492,0.999934196472168,-0.0060064829885959,-0.0060430248267948,0.0076925014145672,13.441
1785956104502,0.999934196472168,-0.0060064829885959,-0.0060430248267948,0.0076925014145672,13.451
1785956104513,0.999934196472168,-0.0060064829885959,-0.0060430248267948,0.0076925014145672,13.462
1785956104523,0.999934196472168,-0.0060064829885959,-0.0060430248267948,0.0076925014145672,13.472
1785956104533,0.999934196472168,-0.0060064829885959,-0.0060430248267948,0.0076925014145672,13.482
1785956104543,0.999934196472168,-0.0060064829885959,-0.0060430248267948,0.0076925014145672,13.492
1785956104554,0.999934196472168,-0.0060064829885959,-0.0060430248267948,0.0076925014145672,13.503
1785956104562,0.999934196472168,-0.0060064829885959,-0.0060430248267948,0.0076925014145672,13.511
1785956104573,0.999934196472168,-0.0060064829885959,-0.0060430248267948,0.0076925014145672,13.522
1785956104583,0.999934196472168,-0.0060064829885959,-0.0060430248267948,0.0076925014145672,13.532
1785956104593,0.999934196472168,-0.0060064829885959,-0.0060430248267948,0.0076925014145672,13.542
1785956104603,0.999934196472168,-0.0060064829885959,-0.0060430248267948,0.0076925014145672,13.552
1785956104614,0.999934196472168,-0.0060064829885959,-0.0060430248267948,0.0076925014145672,13.563
1785956104624,0.999934196472168,-0.0060064829885959,-0.0060430248267948,0.0076925014145672,13.573
1785956104634,0.999934196472168,-0.0060064829885959,-0.0060430248267948,0.0076925014145672,13.583
1785956104643,0.999934196472168,-0.0060064829885959,-0.0060430248267948,0.0076925014145672,13.592
1785956104653,0.999934196472168,-0.0060064829885959,-0.0060430248267948,0.0076925014145672,13.602
1785956104664,0.999934196472168,-0.0060064829885959,-0.0060430248267948,0.0076925014145672,13.613
1785956104674,0.999934196472168,-0.0060064829885959,-0.0060430248267948,0.0076925014145672,13.623
1785956104684,0.999934196472168,-0.0060064829885959,-0.0060430248267948,0.0076925014145672,13.633
1785956104694,0.999934196472168,-0.0060064829885959,-0.0060430248267948,0.0076925014145672,13.643
1785956104705,0.999934196472168,-0.0060064829885959,-0.0060430248267948,0.0076925014145672,13.654
1785956104715,0.999934196472168,-0.0060064829885959,-0.0060430248267948,0.0076925014145672,13.664
1785956104724,0.999934196472168,-0.0060064829885959,-0.0060430248267948,0.0076925014145672,13.673
1785956104734,0.999934196472168,-0.0060064829885959,-0.0060430248267948,0.0076925014145672,13.683
1785956104744,0.999934196472168,-0.0060064829885959,-0.0060430248267948,0.0076925014145672,13.693
1785956104754,0.999934196472168,-0.0060064829885959,-0.0060430248267948,0.0076925014145672,13.703
1785956104765,0.999934196472168,-0.0060064829885959,-0.0060430248267948,0.0076925014145672,13.714
1785956104775,0.999934196472168,-0.0060064829885959,-0.0060430248267948,0.0076925014145672,13.724
1785956104785,0.999934196472168,-0.0060064829885959,-0.0060430248267948,0.0076925014145672,13.734
1785956104795,0.999934196472168,-0.0060064829885959,-0.0060430248267948,0.0076925014145672,13.744
1785956104806,0.999934196472168,-0.0060064829885959,-0.0060430248267948,0.0076925014145672,13.755
1785956104814,0.999934196472168,-0.0060064829885959,-0.0060430248267948,0.0076925014145672,13.763
1785956104825,0.999934196472168,-0.0060064829885959,-0.0060430248267948,0.0076925014145672,13.774
1785956104835,0.999934196472168,-0.0060064829885959,-0.0060430248267948,0.0076925014145672,13.784
1785956104845,0.999934196472168,-0.0060064829885959,-0.0060430248267948,0.0076925014145672,13.794
1785956104855,0.999934196472168,-0.0060064829885959,-0.0060430248267948,0.0076925014145672,13.804
1785956104866,0.999934196472168,-0.0060064829885959,-0.0060430248267948,0.0076925014145672,13.815
1785956104876,0.999934196472168,-0.0060064829885959,-0.0060430248267948,0.0076925014145672,13.825
1785956104886,0.999934196472168,-0.0060064829885959,-0.0060430248267948,0.0076925014145672,13.835
1785956104895,0.999934196472168,-0.0060064829885959,-0.0060430248267948,0.0076925014145672,13.844
1785956104905,0.999934196472168,-0.0060064829885959,-0.0060430248267948,0.0076925014145672,13.854
1785956104915,0.999934196472168,-0.0060064829885959,-0.0060430248267948,0.0076925014145672,13.864
1785956104926,0.999934196472168,-0.0060064829885959,-0.0060430248267948,0.0076925014145672,13.875
1785956104936,0.999934196472168,-0.0060064829885959,-0.0060430248267948,0.0076925014145672,13.885
1785956104946,0.999934196472168,-0.0060064829885959,-0.0060430248267948,0.0076925014145672,13.895
1785956104956,0.999934196472168,-0.0060064829885959,-0.0060430248267948,0.0076925014145672,13.905
1785956104967,0.999934196472168,-0.0060064829885959,-0.0060430248267948,0.0076925014145672,13.916
1785956104976,0.999934196472168,-0.0060064829885959,-0.0060430248267948,0.0076925014145672,13.925
1785956104986,0.999934196472168,-0.0060064829885959,-0.0060430248267948,0.0076925014145672,13.935
1785956104996,0.999934196472168,-0.0060064829885959,-0.0060430248267948,0.0076925014145672,13.945
1785956105006,0.999934196472168,-0.0060064829885959,-0.0060430248267948,0.0076925014145672,13.955
1785956105017,0.999934196472168,-0.0060064829885959,-0.0060430248267948,0.0076925014145672,13.966
1785956105027,0.999934196472168,-0.0060064829885959,-0.0060430248267948,0.0076925014145672,13.976
1785956105037,0.999934196472168,-0.0060064829885959,-0.0060430248267948,0.0076925014145672,13.986
1785956105047,0.999934196472168,-0.0060064829885959,-0.0060430248267948,0.0076925014145672,13.996
1785956105056,0.999934196472168,-0.0060064829885959,-0.0060430248267948,0.0076925014145672,14.005
1785956105066,0.999934196472168,-0.0060064829885959,-0.0060430248267948,0.0076925014145672,14.015
1785956105077,0.999934196472168,-0.0060064829885959,-0.0060430248267948,0.0076925014145672,14.026
1785956105087,0.999934196472168,-0.0060064829885959,-0.0060430248267948,0.0076925014145672,14.036
1785956105097,0.999934196472168,-0.0060064829885959,-0.0060430248267948,0.0076925014145672,14.046
1785956105107,0.999934196472168,-0.0060064829885959,-0.0060430248267948,0.0076925014145672,14.056
1785956105118,0.999934196472168,-0.0060064829885959,-0.0060430248267948,0.0076925014145672,14.067
1785956105128,0.999934196472168,-0.0060064829885959,-0.0060430248267948,0.0076925014145672,14.077
1785956105138,0.999934196472168,-0.0060064829885959,-0.0060430248267948,0.0076925014145672,14.087
1785956105147,0.999934196472168,-0.0060064829885959,-0.0060430248267948,0.0076925014145672,14.096
1785956105157,0.999934196472168,-0.0060064829885959,-0.0060430248267948,0.0076925014145672,14.106
1785956105167,0.999934196472168,-0.0060064829885959,-0.0060430248267948,0.0076925014145672,14.116
1785956105178,0.999934196472168,-0.0060064829885959,-0.0060430248267948,0.0076925014145672,14.127
1785956105188,0.999934196472168,-0.0060064829885959,-0.0060430248267948,0.0076925014145672,14.137
1785956105198,0.999934196472168,-0.0060064829885959,-0.0060430248267948,0.0076925014145672,14.147
1785956105208,0.999934196472168,-0.0060064829885959,-0.0060430248267948,0.0076925014145672,14.157
1785956105219,0.999934196472168,-0.0060064829885959,-0.0060430248267948,0.0076925014145672,14.168
1785956105229,0.999934196472168,-0.0060064829885959,-0.0060430248267948,0.0076925014145672,14.178
1785956105238,0.999934196472168,-0.0060064829885959,-0.0060430248267948,0.0076925014145672,14.187
1785956105248,0.999934196472168,-0.0060064829885959,-0.0060430248267948,0.0076925014145672,14.197
1785956105258,0.999934196472168,-0.0060064829885959,-0.0060430248267948,0.0076925014145672,14.207
1785956105268,0.999934196472168,-0.0060064829885959,-0.0060430248267948,0.0076925014145672,14.217
1785956105279,0.999934196472168,-0.0060064829885959,-0.0060430248267948,0.0076925014145672,14.228
1785956105289,0.999934196472168,-0.0060064829885959,-0.0060430248267948,0.0076925014145672,14.238
1785956105299,0.999934196472168,-0.0060064829885959,-0.0060430248267948,0.0076925014145672,14.248
1785956105310,0.999934196472168,-0.0060064829885959,-0.0060430248267948,0.0076925014145672,14.259
1785956105318,0.999934196472168,-0.0060064829885959,-0.0060430248267948,0.0076925014145672,14.267
1785956105329,0.999934196472168,-0.0060064829885959,-0.0060430248267948,0.0076925014145672,14.278
1785956105339,0.999934196472168,-0.0060064829885959,-0.0060430248267948,0.0076925014145672,14.288
1785956105349,0.999934196472168,-0.0060064829885959,-0.0060430248267948,0.0076925014145672,14.298
1785956105359,0.999934196472168,-0.0060064829885959,-0.0060430248267948,0.0076925014145672,14.308
1785956105370,0.999934196472168,-0.0060064829885959,-0.0060430248267948,0.0076925014145672,14.319
1785956105380,0.999934196472168,-0.0060064829885959,-0.0060430248267948,0.0076925014145672,14.329
1785956105390,0.999934196472168,-0.0060064829885959,-0.0060430248267948,0.0076925014145672,14.339
1785956105399,0.999934196472168,-0.0060064829885959,-0.0060430248267948,0.0076925014145672,14.348
1785956105409,0.999934196472168,-0.0060064829885959,-0.0060430248267948,0.0076925014145672,14.358
1785956105419,0.999934196472168,-0.0060064829885959,-0.0060430248267948,0.0076925014145672,14.368
1785956105430,0.999934196472168,-0.0060064829885959,-0.0060430248267948,0.0076925014145672,14.379
1785956105440,0.999934196472168,-0.0060064829885959,-0.0060430248267948,0.0076925014145672,14.389
1785956105450,0.999934196472168,-0.0060064829885959,-0.0060430248267948,0.0076925014145672,14.399
1785956105460,0.999934196472168,-0.0060064829885959,-0.0060430248267948,0.0076925014145672,14.409
1785956105471,0.999934196472168,-0.0060064829885959,-0.0060430248267948,0.0076925014145672,14.42
1785956105479,0.999934196472168,-0.0060064829885959,-0.0060430248267948,0.0076925014145672,14.428
1785956105490,0.999934196472168,-0.0060064829885959,-0.0060430248267948,0.0076925014145672,14.439
1785956105500,0.999934196472168,-0.0060064829885959,-0.0060430248267948,0.0076925014145672,14.449
1785956105510,0.999934196472168,-0.0060064829885959,-0.0060430248267948,0.0076925014145672,14.459
1785956105520,0.999934196472168,-0.0060064829885959,-0.0060430248267948,0.0076925014145672,14.469
1785956105531,0.999934196472168,-0.0060064829885959,-0.0060430248267948,0.0076925014145672,14.48
1785956105541,0.999934196472168,-0.0060064829885959,-0.0060430248267948,0.0076925014145672,14.49
1785956105551,0.999934196472168,-0.0060064829885959,-0.0060430248267948,0.0076925014145672,14.5
1785956105560,0.999934196472168,-0.0060064829885959,-0.0060430248267948,0.0076925014145672,14.509
1785956105570,0.999934196472168,-0.0060064829885959,-0.0060430248267948,0.0076925014145672,14.519
1785956105581,0.999934196472168,-0.0060064829885959,-0.0060430248267948,0.0076925014145672,14.53
1785956105591,0.999934196472168,-0.0060064829885959,-0.0060430248267948,0.0076925014145672,14.54
1785956105601,0.999934196472168,-0.0060064829885959,-0.0060430248267948,0.0076925014145672,14.55
1785956105611,0.999934196472168,-0.0060064829885959,-0.0060430248267948,0.0076925014145672,14.56
1785956105622,0.999934196472168,-0.0060064829885959,-0.0060430248267948,0.0076925014145672,14.571
1785956105632,0.999934196472168,-0.0060064829885959,-0.0060430248267948,0.0076925014145672,14.581
1785956105641,0.999934196472168,-0.0060064829885959,-0.0060430248267948,0.0076925014145672,14.59
1785956105651,0.999934196472168,-0.0060064829885959,-0.0060430248267948,0.0076925014145672,14.6
1785956105661,0.999934196472168,-0.0060064829885959,-0.0060430248267948,0.0076925014145672,14.61
1785956105671,0.999934196472168,-0.0060064829885959,-0.0060430248267948,0.0076925014145672,14.62
1785956105682,0.999934196472168,-0.0060064829885959,-0.0060430248267948,0.0076925014145672,14.631
1785956105692,0.999934196472168,-0.0060064829885959,-0.0060430248267948,0.0076925014145672,14.641
1785956105702,0.999934196472168,-0.0060064829885959,-0.0060430248267948,0.0076925014145672,14.651
1785956105712,0.999934196472168,-0.0060064829885959,-0.0060430248267948,0.0076925014145672,14.661
1785956105723,0.999934196472168,-0.0060064829885959,-0.0060430248267948,0.0076925014145672,14.672
1785956105731,0.999934196472168,-0.0060064829885959,-0.0060430248267948,0.0076925014145672,14.68
1785956105742,0.999934196472168,-0.0060064829885959,-0.0060430248267948,0.0076925014145672,14.691
1785956105752,0.999934196472168,-0.0060064829885959,-0.0060430248267948,0.0076925014145672,14.701
1785956105762,0.999934196472168,-0.0060064829885959,-0.0060430248267948,0.0076925014145672,14.711
1785956105772,0.999934196472168,-0.0060064829885959,-0.0060430248267948,0.0076925014145672,14.721
1785956105783,0.999934196472168,-0.0060064829885959,-0.0060430248267948,0.0076925014145672,14.732
1785956105793,0.999934196472168,-0.0060064829885959,-0.0060430248267948,0.0076925014145672,14.742
1785956105803,0.999934196472168,-0.0060064829885959,-0.0060430248267948,0.0076925014145672,14.752
1785956105812,0.999934196472168,-0.0060064829885959,-0.0060430248267948,0.0076925014145672,14.761
1785956105822,0.999934196472168,-0.0060064829885959,-0.0060430248267948,0.0076925014145672,14.771
1785956105832,0.999934196472168,-0.0060064829885959,-0.0060430248267948,0.0076925014145672,14.781
1785956105843,0.999934196472168,-0.0060064829885959,-0.0060430248267948,0.0076925014145672,14.792
1785956105853,0.999934196472168,-0.0060064829885959,-0.0060430248267948,0.0076925014145672,14.802
1785956105863,0.999934196472168,-0.0060064829885959,-0.0060430248267948,0.0076925014145672,14.812
1785956105873,0.999934196472168,-0.0060064829885959,-0.0060430248267948,0.0076925014145672,14.822
1785956105884,0.999934196472168,-0.0060064829885959,-0.0060430248267948,0.0076925014145672,14.833
1785956105893,0.999934196472168,-0.0060064829885959,-0.0060430248267948,0.0076925014145672,14.842
1785956105903,0.999934196472168,-0.0060064829885959,-0.0060430248267948,0.0076925014145672,14.852
1785956105913,0.999934196472168,-0.0060064829885959,-0.0060430248267948,0.0076925014145672,14.862
1785956105923,0.999934196472168,-0.0060064829885959,-0.0060430248267948,0.0076925014145672,14.872
1785956105934,0.999934196472168,-0.0060064829885959,-0.0060430248267948,0.0076925014145672,14.883
1785956105944,0.999934196472168,-0.0060064829885959,-0.0060430248267948,0.0076925014145672,14.893
1785956105954,0.999934196472168,-0.0060064829885959,-0.0060430248267948,0.0076925014145672,14.903
1785956105964,0.999934196472168,-0.0060064829885959,-0.0060430248267948,0.0076925014145672,14.913
1785956105973,0.999934196472168,-0.0060064829885959,-0.0060430248267948,0.0076925014145672,14.922
1785956105983,0.999934196472168,-0.0060064829885959,-0.0060430248267948,0.0076925014145672,14.932
1785956105994,0.999934196472168,-0.0060064829885959,-0.0060430248267948,0.0076925014145672,14.943
1785956106004,0.999934196472168,-0.0060064829885959,-0.0060430248267948,0.0076925014145672,14.953
1785956106014,0.999934196472168,-0.0060064829885959,-0.0060430248267948,0.0076925014145672,14.963
1785956106024,0.999934196472168,-0.0060064829885959,-0.0060430248267948,0.0076925014145672,14.973
1785956106035,0.999934196472168,-0.0060064829885959,-0.0060430248267948,0.0076925014145672,14.984
1785956106045,0.999934196472168,-0.0060064829885959,-0.0060430248267948,0.0076925014145672,14.994
1785956106055,0.999934196472168,-0.0060064829885959,-0.0060430248267948,0.0076925014145672,15.004
1785956106064,0.999934196472168,-0.0060064829885959,-0.0060430248267948,0.0076925014145672,15.013
1785956106074,0.999934196472168,-0.0060064829885959,-0.0060430248267948,0.0076925014145672,15.023
1785956106084,0.999934196472168,-0.0060064829885959,-0.0060430248267948,0.0076925014145672,15.033
1785956106095,0.999934196472168,-0.0060064829885959,-0.0060430248267948,0.0076925014145672,15.044
1785956106105,0.999934196472168,-0.0060064829885959,-0.0060430248267948,0.0076925014145672,15.054
1785956106115,0.999934196472168,-0.0060064829885959,-0.0060430248267948,0.0076925014145672,15.064
1785956106125,0.999934196472168,-0.0060064829885959,-0.0060430248267948,0.0076925014145672,15.074
1785956106136,0.999934196472168,-0.0060064829885959,-0.0060430248267948,0.0076925014145672,15.085
1785956106144,0.999934196472168,-0.0060064829885959,-0.0060430248267948,0.0076925014145672,15.093
1785956106155,0.999934196472168,-0.0060064829885959,-0.0060430248267948,0.0076925014145672,15.104
1785956106165,0.999934196472168,-0.0060064829885959,-0.0060430248267948,0.0076925014145672,15.114
1785956106175,0.999934196472168,-0.0060064829885959,-0.0060430248267948,0.0076925014145672,15.124
1785956106185,0.999934196472168,-0.0060064829885959,-0.0060430248267948,0.0076925014145672,15.134
1785956106196,0.999934196472168,-0.0060064829885959,-0.0060430248267948,0.0076925014145672,15.145
1785956106206,0.999934196472168,-0.0060064829885959,-0.0060430248267948,0.0076925014145672,15.155
1785956106216,0.999934196472168,-0.0060064829885959,-0.0060430248267948,0.0076925014145672,15.165
1785956106225,0.999934196472168,-0.0060064829885959,-0.0060430248267948,0.0076925014145672,15.174
1785956106235,0.999934196472168,-0.0060064829885959,-0.0060430248267948,0.0076925014145672,15.184
1785956106246,0.999934196472168,-0.0060064829885959,-0.0060430248267948,0.0076925014145672,15.195
1785956106256,0.999934196472168,-0.0060064829885959,-0.0060430248267948,0.0076925014145672,15.205
1785956106266,0.999934196472168,-0.0060064829885959,-0.0060430248267948,0.0076925014145672,15.215
1785956106276,0.999934196472168,-0.0060064829885959,-0.0060430248267948,0.0076925014145672,15.225
1785956106287,0.999934196472168,-0.0060064829885959,-0.0060430248267948,0.0076925014145672,15.236
1785956106297,0.999934196472168,-0.0060064829885959,-0.0060430248267948,0.0076925014145672,15.246
1785956106306,0.999933898448944,-0.0059310523793101,-0.0061543155461549,0.0076936231926083,15.255
1785956106316,0.999933898448944,-0.0059310523793101,-0.0061543155461549,0.0076936231926083,15.265
1785956106326,0.9999336004257202,-0.0059843105264008,-0.0061547253280878,0.007693295367062,15.275
1785956106336,0.9999336004257202,-0.0059843105264008,-0.0061547253280878,0.007693295367062,15.285
1785956106347,0.9999332427978516,-0.0060482211410999,-0.0061552170664072,0.0076929018832743,15.296
1785956106357,0.9999328851699828,-0.0061068055219948,-0.0061556678265333,0.0076925414614379,15.306
1785956106367,0.9999327659606934,-0.0061871451325714,-0.0060977111570537,0.0076916920952498,15.316
1785956106377,0.9999337196350098,-0.006282789632678,-0.0060141356661915,0.0075467801652848,15.326
1785956106386,0.9999366402626038,-0.0063821263611316,-0.0059323064051568,0.007130202371627,15.335
1785956106396,0.9999402165412904,-0.0063789337873458,-0.0059357383288443,0.006592265330255,15.345
1785956106407,0.9999403357505798,-0.0063789347186684,-0.0059357392601668,0.0065922662615776,15.356
1785956106417,0.9999399781227112,-0.0063785482197999,-0.0059943431988358,0.0065926401875913,15.366
1785956106427,0.9999402165412904,-0.0062178820371627,-0.0061264606192708,0.0065944474190473,15.376
1785956106437,0.9999400973320008,-0.0060623646713793,-0.0062852422706782,0.0065963864326477,15.386
1785956106448,0.9999403953552246,-0.0060090995393693,-0.0062848906964063,0.0065967212431132,15.397
1785956106458,0.9999403953552246,-0.0060090995393693,-0.0062848906964063,0.0065967212431132,15.407
1785956106468,0.9999403953552246,-0.0060090995393693,-0.0062848906964063,0.0065967212431132,15.417
1785956106477,0.9999403953552246,-0.0060090995393693,-0.0062848906964063,0.0065967212431132,15.426
1785956106487,0.9999403953552246,-0.0060090995393693,-0.0062848906964063,0.0065967212431132,15.436
1785956106497,0.9999403953552246,-0.0060090995393693,-0.0062848906964063,0.0065967212431132,15.446
1785956106508,0.9999403953552246,-0.0060090995393693,-0.0062848906964063,0.0065967212431132,15.457
1785956106518,0.9999403953552246,-0.0060090995393693,-0.0062848906964063,0.0065967212431132,15.467
1785956106528,0.9999403953552246,-0.0060090995393693,-0.0062848906964063,0.0065967212431132,15.477
1785956106539,0.9999403953552246,-0.0060090995393693,-0.0062848906964063,0.0065967212431132,15.488
1785956106549,0.9999403953552246,-0.0060090995393693,-0.0062848906964063,0.0065967212431132,15.498
1785956106558,0.9999403953552246,-0.0060090995393693,-0.0062848906964063,0.0065967212431132,15.507
1785956106568,0.9999403953552246,-0.0060090995393693,-0.0062848906964063,0.0065967212431132,15.517
1785956106578,0.9999403953552246,-0.0060090995393693,-0.0062848906964063,0.0065967212431132,15.527
1785956106588,0.9999403953552246,-0.0060090995393693,-0.0062848906964063,0.0065967212431132,15.537
1785956106599,0.9999403953552246,-0.0060090995393693,-0.0062848906964063,0.0065967212431132,15.548
1785956106609,0.9999403953552246,-0.0060090995393693,-0.0062848906964063,0.0065967212431132,15.558
1785956106619,0.9999403953552246,-0.0060090995393693,-0.0062848906964063,0.0065967212431132,15.568
1785956106629,0.9999403953552246,-0.0060090995393693,-0.0062848906964063,0.0065967212431132,15.578
1785956106638,0.9999403953552246,-0.0060090995393693,-0.0062848906964063,0.0065967212431132,15.587
1785956106648,0.9999403953552246,-0.0060090995393693,-0.0062848906964063,0.0065967212431132,15.597
1785956106659,0.9999403953552246,-0.0060090995393693,-0.0062848906964063,0.0065967212431132,15.608
1785956106669,0.9999403953552246,-0.0060090995393693,-0.0062848906964063,0.0065967212431132,15.618
1785956106679,0.9999403953552246,-0.0060090995393693,-0.0062848906964063,0.0065967212431132,15.628
1785956106689,0.9999403953552246,-0.0060090995393693,-0.0062848906964063,0.0065967212431132,15.638
1785956106700,0.9999383687973022,-0.0060078147798776,-0.0065401792526245,0.0066621783189475,15.649
1785956106710,0.9999420046806335,-0.0054449988529086,-0.0063654188998043,0.0067607229575514,15.659
1785956106719,0.999942183494568,-0.0050218845717608,-0.0062699769623577,0.0071357800625264,15.668
1785956106730,0.99993234872818,-0.0047379867173731,-0.0062606311403214,0.0085810124874114,15.679
1785956106739,0.9999339580535888,-0.0044024367816746,-0.0062577514909207,0.0085831135511398,15.688
1785956106749,0.9999358654022216,-0.0037196341436356,-0.0063744150102138,0.0085879163816571,15.698
1785956106760,0.9999372959136964,-0.0030956007540225,-0.0064702746458351,0.0085922637954354,15.709
1785956106770,0.9999382495880128,-0.0027813538908958,-0.00646757427603,0.0085942968726158,15.719
1785956106780,0.999937891960144,-0.0029198310803622,-0.0064687645062804,0.008593400940299,15.729
1785956106790,0.9999358057975768,-0.003708831500262,-0.006390334572643,0.0085880504921078,15.739
1785956106801,0.9999325275421144,-0.0046096323058009,-0.0063181864097714,0.0085819978266954,15.75
1785956106811,0.9999311566352844,-0.0049025667831301,-0.0063207005150616,0.0085801472887396,15.76
1785956106820,0.9999311566352844,-0.0049025667831301,-0.0063207005150616,0.0085801472887396,15.769
1785956106830,0.9999316930770874,-0.0048120198771357,-0.0063199242576956,0.0085807209834456,15.779
1785956106840,0.999932587146759,-0.0046202759258449,-0.0063182786107063,0.0085819326341152,15.789
1785956106851,0.9999336004257202,-0.0043965750373899,-0.0063163586892187,0.0085833463817834,15.8
1785956106861,0.999934732913971,-0.0041355909779667,-0.0063141183927655,0.0085849948227405,15.81
1785956106871,0.9999353885650636,-0.0039704772643744,-0.0063127009198069,0.0085860379040241,15.82
1785956106881,0.9999353885650636,-0.0039704772643744,-0.0063127009198069,0.0085860379040241,15.83
1785956106890,0.9999353885650636,-0.0039704772643744,-0.0063127009198069,0.0085860379040241,15.839
1785956106900,0.9999362230300904,-0.0037307967431843,-0.0063106417655944,0.0085875503718853,15.849
1785956106911,0.9999367594718932,-0.003586987266317,-0.0063094068318605,0.0085884584113955,15.86
1785956106921,0.9999355673789978,-0.0039172060787677,-0.0063122431747615,0.0085863750427961,15.87
1785956106931,0.9999338388442992,-0.0043326425366103,-0.006315809674561,0.0085837515071034,15.88
1785956106941,0.9999329447746276,-0.0045403591357171,-0.0063175926916301,0.0085824392735958,15.89
1785956106952,0.9999322891235352,-0.0046894876286387,-0.0063188727945089,0.0085814967751502,15.901
1785956106962,0.9999322891235352,-0.0046894876286387,-0.0063188727945089,0.0085814967751502,15.911
1785956106972,0.9999322891235352,-0.0046894876286387,-0.0063188727945089,0.0085814967751502,15.921
1785956106981,0.9999322891235352,-0.0046894876286387,-0.0063188727945089,0.0085814967751502,15.93
1785956106991,0.9999316334724426,-0.0047529409639537,-0.0063726990483701,0.0085813421756029,15.94
1785956107001,0.99993097782135,-0.0048860912211239,-0.0063738417811691,0.0085804937407374,15.95
1785956107012,0.9999303817749025,-0.0050139152444899,-0.006374938879162,0.0085796788334846,15.961
1785956107022,0.9999303817749025,-0.0050139152444899,-0.006374938879162,0.0085796788334846,15.971
1785956107032,0.9999300241470336,-0.0050671729259192,-0.0063753947615623,0.0085793379694223,15.981
1785956107042,0.9999300241470336,-0.0050671729259192,-0.0063753947615623,0.0085793379694223,15.991
1785956107053,0.9999300241470336,-0.0050671729259192,-0.0063753947615623,0.0085793379694223,16.002
1785956107061,0.9999297261238098,-0.0051204310730099,-0.0063758515752851,0.0085789980366826,16.01
1785956107072,0.9999297261238098,-0.0051204310730099,-0.0063758515752851,0.0085789980366826,16.021
1785956107082,0.9999297261238098,-0.0051204310730099,-0.0063758515752851,0.0085789980366826,16.031
1785956107092,0.9999297261238098,-0.0051204310730099,-0.0063758515752851,0.0085789980366826,16.041
1785956107102,0.9999297261238098,-0.0051204310730099,-0.0063758515752851,0.0085789980366826,16.051
1785956107113,0.9999301433563232,-0.0050352099351584,-0.0063751204870641,0.0085795409977436,16.062
1785956107123,0.9999301433563232,-0.0050352099351584,-0.0063751204870641,0.0085795409977436,16.072
1785956107133,0.9999301433563232,-0.0050352099351584,-0.0063751204870641,0.0085795409977436,16.082
1785956107142,0.9999301433563232,-0.0050352099351584,-0.0063751204870641,0.0085795409977436,16.091
1785956107152,0.9999301433563232,-0.0050352099351584,-0.0063751204870641,0.0085795409977436,16.101
1785956107163,0.9999301433563232,-0.0050352099351584,-0.0063751204870641,0.0085795409977436,16.112
1785956107173,0.9999301433563232,-0.0050352099351584,-0.0063751204870641,0.0085795409977436,16.122
1785956107183,0.9999301433563232,-0.0050352099351584,-0.0063751204870641,0.0085795409977436,16.132
1785956107193,0.9999301433563232,-0.0050352099351584,-0.0063751204870641,0.0085795409977436,16.142
1785956107204,0.9999301433563232,-0.0050352099351584,-0.0063751204870641,0.0085795409977436,16.153
1785956107214,0.9999301433563232,-0.0050352099351584,-0.0063751204870641,0.0085795409977436,16.163
1785956107223,0.9999301433563232,-0.0050352099351584,-0.0063751204870641,0.0085795409977436,16.172
1785956107233,0.9999301433563232,-0.0050352099351584,-0.0063751204870641,0.0085795409977436,16.182
1785956107243,0.9999301433563232,-0.0050352099351584,-0.0063751204870641,0.0085795409977436,16.192
1785956107253,0.9999301433563232,-0.0050352099351584,-0.0063751204870641,0.0085795409977436,16.202
1785956107264,0.9999301433563232,-0.0050352099351584,-0.0063751204870641,0.0085795409977436,16.213
1785956107274,0.9999301433563232,-0.0050352099351584,-0.0063751204870641,0.0085795409977436,16.223
1785956107284,0.9999301433563232,-0.0050352099351584,-0.0063751204870641,0.0085795409977436,16.233
1785956107294,0.9999301433563232,-0.0050352099351584,-0.0063751204870641,0.0085795409977436,16.243
1785956107305,0.9999301433563232,-0.0050352099351584,-0.0063751204870641,0.0085795409977436,16.254
1785956107313,0.9999301433563232,-0.0050352099351584,-0.0063751204870641,0.0085795409977436,16.262
1785956107324,0.9999311566352844,-0.0050344630144536,-0.0063757104799151,0.0084623731672763,16.273
1785956107334,0.9999337792396544,-0.0050324932672083,-0.0063772657886147,0.0081534637138247,16.283
1785956107344,0.9999375939369202,-0.0050301849842071,-0.0063208914361894,0.0077164303511381,16.293
1785956107354,0.9999381303787231,-0.0050308424979448,-0.0062356889247894,0.0077160019427537,16.303
1785956107365,0.9999387264251708,-0.005031581968069,-0.0061398339457809,0.0077155195176601,16.314
1785956107375,0.9999390244483948,-0.0050319926813244,-0.006086588371545,0.0077152517624199,16.324
1785956107385,0.9999390244483948,-0.0050319926813244,-0.006086588371545,0.0077152517624199,16.334
1785956107394,0.9999390244483948,-0.0050319926813244,-0.006086588371545,0.0077152517624199,16.343
1785956107404,0.999939262866974,-0.0049787275493144,-0.0060861771926283,0.0077155758626759,16.353
1785956107414,0.9999390840530396,-0.0049796747043728,-0.006021908018738,0.0077898306772112,16.363
1785956107425,0.9999394416809082,-0.0049104313366115,-0.0060213687829673,0.0077902479097247,16.374
1785956107435,0.9999394416809082,-0.0049104313366115,-0.0060213687829673,0.0077902479097247,16.384
1785956107445,0.9999394416809082,-0.0049104313366115,-0.0060213687829673,0.0077902479097247,16.394
1785956107456,0.9999390840530396,-0.0049099749885499,-0.0060799727216362,0.0077905356884002,16.405
1785956107466,0.9999390840530396,-0.0049099749885499,-0.0060799727216362,0.0077905356884002,16.415
1785956107475,0.9999390840530396,-0.0049099749885499,-0.0060799727216362,0.0077905356884002,16.424
1785956107485,0.9999390840530396,-0.0049099749885499,-0.0060799727216362,0.0077905356884002,16.434
1785956107495,0.999938666820526,-0.0049094352871179,-0.0061492291279137,0.00779087562114,16.444
1785956107505,0.9999382495880128,-0.0049089370295405,-0.0062131593003869,0.0077911894768476,16.454
1785956107516,0.9999377727508544,-0.0049083558842539,-0.0062877419404685,0.0077915554866194,16.465
1785956107526,0.9999377727508544,-0.0049083558842539,-0.0062877419404685,0.0077915554866194,16.475
1785956107536,0.9999377727508544,-0.0049083558842539,-0.0062877419404685,0.0077915554866194,16.485
1785956107546,0.9999377727508544,-0.0049083558842539,-0.0062877419404685,0.0077915554866194,16.495
1785956107555,0.9999377727508544,-0.0049083558842539,-0.0062877419404685,0.0077915554866194,16.504
1785956107565,0.9999374151229858,-0.0049079405143857,-0.0063410196453332,0.0077918171882629,16.514
1785956107576,0.9999374151229858,-0.0049079405143857,-0.0063410196453332,0.0077918171882629,16.525
1785956107586,0.9999374151229858,-0.0049079405143857,-0.0063410196453332,0.0077918171882629,16.535
1785956107596,0.9999374151229858,-0.0049079405143857,-0.0063410196453332,0.0077918171882629,16.545
1785956107606,0.999937117099762,-0.0049718511290848,-0.0063415174372494,0.0077914120629429,16.555
1785956107617,0.9999366402626038,-0.0050730449147522,-0.0063423058018088,0.007790770381689,16.566
1785956107627,0.9999366402626038,-0.0050730449147522,-0.0063423058018088,0.007790770381689,16.576
1785956107636,0.9999366402626038,-0.0050730449147522,-0.0063423058018088,0.007790770381689,16.585
1785956107646,0.9999366402626038,-0.0050730449147522,-0.0063423058018088,0.007790770381689,16.595
1785956107656,0.9999366402626038,-0.0050730449147522,-0.0063423058018088,0.007790770381689,16.605
1785956107666,0.9999366402626038,-0.0050730449147522,-0.0063423058018088,0.007790770381689,16.615
1785956107677,0.9999366402626038,-0.0050730449147522,-0.0063423058018088,0.007790770381689,16.626
1785956107687,0.9999366402626038,-0.0050730449147522,-0.0063423058018088,0.007790770381689,16.636
1785956107697,0.9999366402626038,-0.0050730449147522,-0.0063423058018088,0.007790770381689,16.646
1785956107707,0.9999366402626038,-0.0050730449147522,-0.0063423058018088,0.007790770381689,16.656
1785956107716,0.9999362826347352,-0.0051422817632555,-0.0063428450375795,0.0077903312630951,16.665
1785956107726,0.9999358654022216,-0.0052274968475103,-0.0063435090705752,0.0077897906303405,16.675
1785956107737,0.9999343752861024,-0.005324175581336,-0.0063435877673327,0.0079170167446136,16.686
1785956107747,0.9999330639839172,-0.0054525407031178,-0.0063441460952162,0.0080014299601316,16.696
1785956107757,0.9999325275421144,-0.0055484077893197,-0.0063449130393564,0.0080008218064904,16.706
1785956107768,0.9999322295188904,-0.0056069921702146,-0.0063453819602727,0.0080004502087831,16.717
1785956107778,0.9999322295188904,-0.0056069921702146,-0.0063453819602727,0.0080004502087831,16.727
1785956107788,0.9999322295188904,-0.0056069921702146,-0.0063453819602727,0.0080004502087831,16.737
1785956107798,0.9999322295188904,-0.0056069921702146,-0.0063453819602727,0.0080004502087831,16.747
1785956107807,0.9999322295188904,-0.0056069921702146,-0.0063453819602727,0.0080004502087831,16.756
1785956107817,0.9999322295188904,-0.0056069921702146,-0.0063453819602727,0.0080004502087831,16.766
1785956107828,0.9999322295188904,-0.0056069921702146,-0.0063453819602727,0.0080004502087831,16.777
1785956107838,0.9999322295188904,-0.0056069921702146,-0.0063453819602727,0.0080004502087831,16.787
1785956107848,0.9999322295188904,-0.0056069921702146,-0.0063453819602727,0.0080004502087831,16.797
1785956107858,0.9999322295188904,-0.0056069921702146,-0.0063453819602727,0.0080004502087831,16.807
1785956107869,0.9999322295188904,-0.0056069921702146,-0.0063453819602727,0.0080004502087831,16.818
1785956107879,0.9999322295188904,-0.0056069921702146,-0.0063453819602727,0.0080004502087831,16.828
1785956107888,0.9999326467514038,-0.00560665410012,-0.0063456804491579,0.0079471953213214,16.837
1785956107898,0.9999331831932068,-0.0056062145158648,-0.0063460688106715,0.0078779617324471,16.847
1785956107908,0.9999331831932068,-0.0056062145158648,-0.0063460688106715,0.0078779617324471,16.857
1785956107918,0.9999331831932068,-0.0056062145158648,-0.0063460688106715,0.0078779617324471,16.867
1785956107929,0.999933421611786,-0.0055476231500506,-0.0063456064090132,0.0078783323988318,16.878
1785956107939,0.9999338388442992,-0.0054730540141463,-0.0063450187444686,0.0078788055106997,16.888
1785956107949,0.9999338388442992,-0.0054730540141463,-0.0063450187444686,0.0078788055106997,16.898
1785956107959,0.9999338388442992,-0.0054730540141463,-0.0063450187444686,0.0078788055106997,16.908
1785956107968,0.9999338388442992,-0.0054730540141463,-0.0063450187444686,0.0078788055106997,16.917
1785956107978,0.9999338388442992,-0.0054730540141463,-0.0063450187444686,0.0078788055106997,16.927
1785956107989,0.9999338388442992,-0.0054730540141463,-0.0063450187444686,0.0078788055106997,16.938
1785956107999,0.9999338388442992,-0.0054730540141463,-0.0063450187444686,0.0078788055106997,16.948
1785956108009,0.9999338388442992,-0.0054730540141463,-0.0063450187444686,0.0078788055106997,16.958
1785956108019,0.9999338388442992,-0.0054730540141463,-0.0063450187444686,0.0078788055106997,16.968
1785956108030,0.9999338388442992,-0.0054730540141463,-0.0063450187444686,0.0078788055106997,16.979
1785956108040,0.9999338388442992,-0.0054730540141463,-0.0063450187444686,0.0078788055106997,16.989
1785956108049,0.999934196472168,-0.0054091368801891,-0.0063445148989558,0.0078792106360197,16.998
1785956108059,0.999934196472168,-0.0054091368801891,-0.0063445148989558,0.0078792106360197,17.008
1785956108069,0.999934196472168,-0.0054091368801891,-0.0063445148989558,0.0078792106360197,17.018
1785956108080,0.999934196472168,-0.0054091368801891,-0.0063445148989558,0.0078792106360197,17.029
1785956108090,0.999934196472168,-0.0054091368801891,-0.0063445148989558,0.0078792106360197,17.039
1785956108100,0.99993634223938,-0.0054074134677648,-0.0063459840603172,0.0076075834222137,17.049
1785956108110,0.9999372959136964,-0.0054066362790763,-0.0063466466963291,0.0074850884266197,17.059
1785956108121,0.9999372959136964,-0.0054066362790763,-0.0063466466963291,0.0074850884266197,17.07
1785956108131,0.9999372959136964,-0.0054066362790763,-0.0063466466963291,0.0074850884266197,17.08
1785956108140,0.9999372959136964,-0.0054066362790763,-0.0063466466963291,0.0074850884266197,17.089
1785956108150,0.9999372959136964,-0.0054066362790763,-0.0063466466963291,0.0074850884266197,17.099
1785956108160,0.9999372959136964,-0.0054066362790763,-0.0063466466963291,0.0074850884266197,17.109
1785956108170,0.999936819076538,-0.0054918518289923,-0.0063472846522927,0.0074845473282039,17.119
1785956108181,0.9999362826347352,-0.0054922914132475,-0.0063469042070209,0.0075537939555943,17.13
1785956108191,0.9999362826347352,-0.0054922914132475,-0.0063469042070209,0.0075537939555943,17.14
1785956108201,0.9999362826347352,-0.0054922914132475,-0.0063469042070209,0.0075537939555943,17.15
1785956108211,0.9999362826347352,-0.0054922914132475,-0.0063469042070209,0.0075537939555943,17.16
1785956108220,0.9999362826347352,-0.0054922914132475,-0.0063469042070209,0.0075537939555943,17.169
1785956108230,0.9999362826347352,-0.0054922914132475,-0.0063469042070209,0.0075537939555943,17.179
1785956108241,0.9999362826347352,-0.0054922914132475,-0.0063469042070209,0.0075537939555943,17.19
1785956108251,0.9999362826347352,-0.0054922914132475,-0.0063469042070209,0.0075537939555943,17.2
1785956108261,0.9999362826347352,-0.0054922914132475,-0.0063469042070209,0.0075537939555943,17.21
1785956108271,0.9999362826347352,-0.0054922914132475,-0.0063469042070209,0.0075537939555943,17.22
1785956108282,0.9999362826347352,-0.0054922914132475,-0.0063469042070209,0.0075537939555943,17.231
1785956108292,0.9999362826347352,-0.0054922914132475,-0.0063469042070209,0.0075537939555943,17.241
1785956108301,0.9999362826347352,-0.0054922914132475,-0.0063469042070209,0.0075537939555943,17.25
1785956108311,0.9999362826347352,-0.0054922914132475,-0.0063469042070209,0.0075537939555943,17.26
1785956108321,0.9999362826347352,-0.0054922914132475,-0.0063469042070209,0.0075537939555943,17.27
1785956108331,0.9999362826347352,-0.0054922914132475,-0.0063469042070209,0.0075537939555943,17.28
1785956108342,0.9999362826347352,-0.0054922914132475,-0.0063469042070209,0.0075537939555943,17.291
1785956108352,0.9999362826347352,-0.0054922914132475,-0.0063469042070209,0.0075537939555943,17.301
1785956108362,0.9999362826347352,-0.0054922914132475,-0.0063469042070209,0.0075537939555943,17.311
1785956108372,0.9999362826347352,-0.0054922914132475,-0.0063469042070209,0.0075537939555943,17.321
1785956108381,0.9999362826347352,-0.0054922914132475,-0.0063469042070209,0.0075537939555943,17.33
1785956108392,0.999936580657959,-0.0054390267468988,-0.0063465018756687,0.0075541320256888,17.341
1785956108402,0.999936580657959,-0.0054390267468988,-0.0063465018756687,0.0075541320256888,17.351
1785956108412,0.999936580657959,-0.0054390267468988,-0.0063465018756687,0.0075541320256888,17.361
1785956108422,0.999936580657959,-0.0054390267468988,-0.0063465018756687,0.0075541320256888,17.371
1785956108433,0.9999368786811828,-0.0053857620805501,-0.0063460995443165,0.0075544700957834,17.382
1785956108443,0.9999371767044068,-0.0053854235447943,-0.0063463854603469,0.0075012138113379,17.392
1785956108453,0.9999371767044068,-0.0053854235447943,-0.0063463854603469,0.0075012138113379,17.402
1785956108463,0.9999371767044068,-0.0053854235447943,-0.0063463854603469,0.0075012138113379,17.412
1785956108472,0.9999371767044068,-0.0053854235447943,-0.0063463854603469,0.0075012138113379,17.421
1785956108482,0.9999367594718932,-0.0053857616148889,-0.0063460986129939,0.0075544817373156,17.431
1785956108493,0.9999367594718932,-0.0053857616148889,-0.0063460986129939,0.0075544817373156,17.442
1785956108503,0.9999367594718932,-0.0053857616148889,-0.0063460986129939,0.0075544817373156,17.452
1785956108513,0.9999367594718932,-0.0053857616148889,-0.0063460986129939,0.0075544817373156,17.462
1785956108523,0.9999373555183412,-0.0053864456713199,-0.0062555698677897,0.0075539941899478,17.472
1785956108534,0.9999376535415648,-0.0053331810049712,-0.0062551675364375,0.0075543276034295,17.483
1785956108544,0.9999379515647888,-0.0052745901048183,-0.0062547246925532,0.0075546940788626,17.493
1785956108553,0.9999379515647888,-0.0052745901048183,-0.0062547246925532,0.0075546940788626,17.502
1785956108563,0.9999383687973022,-0.0052000205032527,-0.0062541612423956,0.0075551606714725,17.512
1785956108573,0.9999387860298156,-0.0051147984340786,-0.0062535172328352,0.0075556938536465,17.522
1785956108583,0.9999398589134216,-0.00511612650007,-0.006077769678086,0.0075547946617007,17.532
1785956108594,0.9999403357505798,-0.0051166899502277,-0.0060032191686332,0.0075544132851064,17.543
1785956108604,0.9999403357505798,-0.0051166899502277,-0.0060032191686332,0.0075544132851064,17.553
1785956108614,0.9999395608901978,-0.0051182848401367,-0.005922497715801,0.00771912233904,17.563
1785956108624,0.9999377727508544,-0.0051196729764342,-0.0059212981723248,0.0079534808173775,17.573
1785956108633,0.9999343752861024,-0.0051221321336925,-0.0059191705659031,0.0083689270541071,17.582
1785956108643,0.9999314546585084,-0.0051241181790828,-0.0059174508787691,0.0087044797837734,17.592
1785956108654,0.9999294877052308,-0.0051254737190902,-0.0059162774123251,0.0089335097000002,17.603
1785956108664,0.9999270439147948,-0.0051270807161927,-0.005914885085076,0.0092051485553383,17.613
1785956108674,0.9999250173568726,-0.0051283724606037,-0.0059137651696801,0.0094235250726342,17.623
1785956108685,0.9999226927757264,-0.0051298215985298,-0.0059125088155269,0.0096685318276286,17.634
1785956108695,0.9999216198921204,-0.0051888143643736,-0.0059127188287675,0.009737430140376,17.644
1785956108705,0.9999216198921204,-0.0051888143643736,-0.0059127188287675,0.009737430140376,17.654
1785956108715,0.9999216198921204,-0.0051888143643736,-0.0059127188287675,0.009737430140376,17.664
1785956108724,0.9999216198921204,-0.0051888143643736,-0.0059127188287675,0.009737430140376,17.673
1785956108734,0.9999216198921204,-0.0051888143643736,-0.0059127188287675,0.009737430140376,17.683
1785956108745,0.9999209642410278,-0.0051892236806452,-0.0059123593382537,0.0098066758364439,17.694
1785956108755,0.9999083876609802,-0.0051963687874376,-0.0059060808271169,0.0110156945884227,17.704
1785956108765,0.9999009370803832,-0.0052002370357513,-0.0059026749804615,0.0116707971319556,17.714
1785956108775,0.9998924732208252,-0.0052043856121599,-0.0058990172110497,0.0123738283291459,17.724
1785956108786,0.9998886585235596,-0.0052062082104384,-0.0058974092826247,0.0126827387139201,17.735
1785956108796,0.9998865127563475,-0.0052072135731577,-0.0058965217322111,0.012853174470365,17.745
1785956108805,0.9998825192451476,-0.0052090035751461,-0.0058949398808181,0.0131567548960447,17.754
1785956108815,0.9998786449432372,-0.0052106985822319,-0.0058934404514729,0.0134443566203117,17.764
1785956108825,0.9998775124549866,-0.005211201030761,-0.0058929962106049,0.0135295763611793,17.774
1785956108835,0.9998775124549866,-0.005211201030761,-0.0058929962106049,0.0135295763611793,17.784
1785956108846,0.9998775124549866,-0.005211201030761,-0.0058929962106049,0.0135295763611793,17.795
1785956108856,0.9998775124549866,-0.005211201030761,-0.0058929962106049,0.0135295763611793,17.805
1785956108866,0.9998775124549866,-0.005211201030761,-0.0058929962106049,0.0135295763611793,17.815
1785956108876,0.9998775124549866,-0.005211201030761,-0.0058929962106049,0.0135295763611793,17.825
1785956108885,0.9998775124549866,-0.005211201030761,-0.0058929962106049,0.0135295763611793,17.834
1785956108895,0.9998781681060792,-0.0052100722678005,-0.0059466315433382,0.0134606240317225,17.844
1785956108906,0.999879002571106,-0.0052096922881901,-0.0059469644911587,0.0133967204019427,17.855
1785956108916,0.999879002571106,-0.0052096922881901,-0.0059469644911587,0.0133967204019427,17.865
1785956108926,0.999879002571106,-0.0052096922881901,-0.0059469644911587,0.0133967204019427,17.875
1785956108936,0.999879002571106,-0.0052096922881901,-0.0059469644911587,0.0133967204019427,17.885
1785956108947,0.999879002571106,-0.0052096922881901,-0.0059469644911587,0.0133967204019427,17.896
1785956108957,0.999879002571106,-0.0052096922881901,-0.0059469644911587,0.0133967204019427,17.906
1785956108966,0.999879002571106,-0.0052096922881901,-0.0059469644911587,0.0133967204019427,17.915
1785956108976,0.999879002571106,-0.0052096922881901,-0.0059469644911587,0.0133967204019427,17.925
1785956108986,0.999879002571106,-0.0052096922881901,-0.0059469644911587,0.0133967204019427,17.935
1785956108997,0.999879002571106,-0.0052096922881901,-0.0059469644911587,0.0133967204019427,17.946
1785956109007,0.999879002571106,-0.0052096922881901,-0.0059469644911587,0.0133967204019427,17.956
1785956109017,0.999879002571106,-0.0052096922881901,-0.0059469644911587,0.0133967204019427,17.966
1785956109027,0.999879002571106,-0.0052096922881901,-0.0059469644911587,0.0133967204019427,17.976
1785956109038,0.999879002571106,-0.0052096922881901,-0.0059469644911587,0.0133967204019427,17.987
1785956109048,0.9998797178268432,-0.0052093756385147,-0.0059472420252859,0.0133434683084487,17.997
1785956109057,0.9998797178268432,-0.0052093756385147,-0.0059472420252859,0.0133434683084487,18.006
1785956109067,0.9998797178268432,-0.0052093756385147,-0.0059472420252859,0.0133434683084487,18.016
1785956109077,0.9998797178268432,-0.0052093756385147,-0.0059472420252859,0.0133434683084487,18.026
1785956109087,0.9998797178268432,-0.0052093756385147,-0.0059472420252859,0.0133434683084487,18.036
1785956109098,0.9998797178268432,-0.0052093756385147,-0.0059472420252859,0.0133434683084487,18.047
1785956109108,0.9998797178268432,-0.0052093756385147,-0.0059472420252859,0.0133434683084487,18.057
1785956109118,0.9998797178268432,-0.0052093756385147,-0.0059472420252859,0.0133434683084487,18.067
1785956109128,0.9998797178268432,-0.0052093756385147,-0.0059472420252859,0.0133434683084487,18.077
1785956109137,0.9998797178268432,-0.0052093756385147,-0.0059472420252859,0.0133434683084487,18.086
1785956109147,0.9998797178268432,-0.0052093756385147,-0.0059472420252859,0.0133434683084487,18.096
1785956109158,0.9998797178268432,-0.0052093756385147,-0.0059472420252859,0.0133434683084487,18.107
1785956109168,0.9998797178268432,-0.0052093756385147,-0.0059472420252859,0.0133434683084487,18.117
1785956109178,0.9998797178268432,-0.0052093756385147,-0.0059472420252859,0.0133434683084487,18.127
1785956109188,0.9998797178268432,-0.0052093756385147,-0.0059472420252859,0.0133434683084487,18.137
1785956109199,0.9998797178268432,-0.0052093756385147,-0.0059472420252859,0.0133434683084487,18.148
1785956109209,0.9998797178268432,-0.0052093756385147,-0.0059472420252859,0.0133434683084487,18.158
1785956109218,0.9998797178268432,-0.0052093756385147,-0.0059472420252859,0.0133434683084487,18.167
1785956109228,0.9998797178268432,-0.0052093756385147,-0.0059472420252859,0.0133434683084487,18.177
1785956109238,0.9998797178268432,-0.0052093756385147,-0.0059472420252859,0.0133434683084487,18.187
1785956109248,0.9998797178268432,-0.0052093756385147,-0.0059472420252859,0.0133434683084487,18.197
1785956109259,0.9998797178268432,-0.0052093756385147,-0.0059472420252859,0.0133434683084487,18.208
1785956109269,0.9998797178268432,-0.0052093756385147,-0.0059472420252859,0.0133434683084487,18.218
1785956109279,0.9998797178268432,-0.0052093756385147,-0.0059472420252859,0.0133434683084487,18.228
1785956109289,0.9998797178268432,-0.0052093756385147,-0.0059472420252859,0.0133434683084487,18.238
1785956109298,0.9998797178268432,-0.0052093756385147,-0.0059472420252859,0.0133434683084487,18.247
1785956109309,0.9998797178268432,-0.0052093756385147,-0.0059472420252859,0.0133434683084487,18.258
1785956109319,0.9998797178268432,-0.0052093756385147,-0.0059472420252859,0.0133434683084487,18.268
1785956109329,0.9998797178268432,-0.0052093756385147,-0.0059472420252859,0.0133434683084487,18.278
1785956109339,0.9998797178268432,-0.0052093756385147,-0.0059472420252859,0.0133434683084487,18.288
1785956109350,0.9998797178268432,-0.0052093756385147,-0.0059472420252859,0.0133434683084487,18.299
1785956109360,0.9998797178268432,-0.0052093756385147,-0.0059472420252859,0.0133434683084487,18.309
1785956109370,0.9998797178268432,-0.0052093756385147,-0.0059472420252859,0.0133434683084487,18.319
1785956109379,0.9998797178268432,-0.0052093756385147,-0.0059472420252859,0.0133434683084487,18.328
1785956109389,0.9998797178268432,-0.0052093756385147,-0.0059472420252859,0.0133434683084487,18.338
1785956109399,0.9998797178268432,-0.0052093756385147,-0.0059472420252859,0.0133434683084487,18.348
1785956109410,0.9998797178268432,-0.0052093756385147,-0.0059472420252859,0.0133434683084487,18.359
1785956109420,0.9998797178268432,-0.0052093756385147,-0.0059472420252859,0.0133434683084487,18.369
1785956109430,0.9998797178268432,-0.0052093756385147,-0.0059472420252859,0.0133434683084487,18.379
1785956109440,0.9998797178268432,-0.0052093756385147,-0.0059472420252859,0.0133434683084487,18.389
1785956109451,0.9998797178268432,-0.0052093756385147,-0.0059472420252859,0.0133434683084487,18.4
1785956109461,0.9998797178268432,-0.0052093756385147,-0.0059472420252859,0.0133434683084487,18.41
1785956109470,0.9998797178268432,-0.0052093756385147,-0.0059472420252859,0.0133434683084487,18.419
1785956109480,0.9998797178268432,-0.0052093756385147,-0.0059472420252859,0.0133434683084487,18.429
1785956109490,0.9998797178268432,-0.0052093756385147,-0.0059472420252859,0.0133434683084487,18.439
1785956109500,0.9998797178268432,-0.0052093756385147,-0.0059472420252859,0.0133434683084487,18.449
1785956109511,0.9998797178268432,-0.0052093756385147,-0.0059472420252859,0.0133434683084487,18.46
1785956109521,0.9998797178268432,-0.0052093756385147,-0.0059472420252859,0.0133434683084487,18.47
1785956109531,0.9998797178268432,-0.0052093756385147,-0.0059472420252859,0.0133434683084487,18.48
1785956109541,0.9998797178268432,-0.0052093756385147,-0.0059472420252859,0.0133434683084487,18.49
1785956109550,0.9998797178268432,-0.0052093756385147,-0.0059472420252859,0.0133434683084487,18.499
1785956109560,0.9998797178268432,-0.0052093756385147,-0.0059472420252859,0.0133434683084487,18.509
1785956109571,0.9998797178268432,-0.0052093756385147,-0.0059472420252859,0.0133434683084487,18.52
1785956109581,0.9998797178268432,-0.0052093756385147,-0.0059472420252859,0.0133434683084487,18.53
1785956109591,0.9998797178268432,-0.0052093756385147,-0.0059472420252859,0.0133434683084487,18.54
1785956109601,0.9998797178268432,-0.0052093756385147,-0.0059472420252859,0.0133434683084487,18.55
1785956109612,0.9998797178268432,-0.0052093756385147,-0.0059472420252859,0.0133434683084487,18.561
1785956109622,0.9998797178268432,-0.0052093756385147,-0.0059472420252859,0.0133434683084487,18.571
1785956109631,0.9998797178268432,-0.0052093756385147,-0.0059472420252859,0.0133434683084487,18.58
1785956109641,0.9998797178268432,-0.0052093756385147,-0.0059472420252859,0.0133434683084487,18.59
1785956109651,0.9998797178268432,-0.0052093756385147,-0.0059472420252859,0.0133434683084487,18.6
1785956109662,0.9998797178268432,-0.0052093756385147,-0.0059472420252859,0.0133434683084487,18.611
1785956109672,0.9998797178268432,-0.0052093756385147,-0.0059472420252859,0.0133434683084487,18.621
1785956109682,0.9998797178268432,-0.0052093756385147,-0.0059472420252859,0.0133434683084487,18.631
1785956109692,0.9998797178268432,-0.0052093756385147,-0.0059472420252859,0.0133434683084487,18.641
1785956109703,0.9998797178268432,-0.0052093756385147,-0.0059472420252859,0.0133434683084487,18.652
1785956109711,0.9998797178268432,-0.0052093756385147,-0.0059472420252859,0.0133434683084487,18.66
1785956109722,0.9998797178268432,-0.0052093756385147,-0.0059472420252859,0.0133434683084487,18.671
1785956109732,0.9998797178268432,-0.0052093756385147,-0.0059472420252859,0.0133434683084487,18.681
1785956109742,0.9998797178268432,-0.0052093756385147,-0.0059472420252859,0.0133434683084487,18.691
1785956109752,0.9998797178268432,-0.0052093756385147,-0.0059472420252859,0.0133434683084487,18.701
1785956109763,0.9998797178268432,-0.0052093756385147,-0.0059472420252859,0.0133434683084487,18.712
1785956109773,0.9998797178268432,-0.0052093756385147,-0.0059472420252859,0.0133434683084487,18.722
1785956109783,0.9998797178268432,-0.0052093756385147,-0.0059472420252859,0.0133434683084487,18.732
1785956109792,0.9998797178268432,-0.0052093756385147,-0.0059472420252859,0.0133434683084487,18.741
1785956109802,0.9998797178268432,-0.0052093756385147,-0.0059472420252859,0.0133434683084487,18.751
1785956109812,0.9998797178268432,-0.0052093756385147,-0.0059472420252859,0.0133434683084487,18.761
1785956109823,0.9998797178268432,-0.0052093756385147,-0.0059472420252859,0.0133434683084487,18.772
1785956109833,0.9998797178268432,-0.0052093756385147,-0.0059472420252859,0.0133434683084487,18.782
1785956109843,0.9998797178268432,-0.0052093756385147,-0.0059472420252859,0.0133434683084487,18.792
1785956109853,0.9998797178268432,-0.0052093756385147,-0.0059472420252859,0.0133434683084487,18.802
1785956109864,0.9998797178268432,-0.0052093756385147,-0.0059472420252859,0.0133434683084487,18.813
1785956109874,0.9998797178268432,-0.0052093756385147,-0.0059472420252859,0.0133434683084487,18.823
1785956109883,0.9998797178268432,-0.0052093756385147,-0.0059472420252859,0.0133434683084487,18.832
1785956109893,0.9998797178268432,-0.0052093756385147,-0.0059472420252859,0.0133434683084487,18.842
1785956109903,0.9998797178268432,-0.0052093756385147,-0.0059472420252859,0.0133434683084487,18.852
1785956109914,0.9998797178268432,-0.0052093756385147,-0.0059472420252859,0.0133434683084487,18.863
1785956109924,0.9998804330825806,-0.0052090589888393,-0.0059475195594131,0.0132902162149548,18.873
1785956109934,0.9998804330825806,-0.0052090589888393,-0.0059475195594131,0.0132902162149548,18.883
1785956109944,0.9998804330825806,-0.0052090589888393,-0.0059475195594131,0.0132902162149548,18.893
1785956109955,0.9998804330825806,-0.0052090589888393,-0.0059475195594131,0.0132902162149548,18.904
1785956109963,0.9998804330825806,-0.0052090589888393,-0.0059475195594131,0.0132902162149548,18.912
1785956109974,0.9998804330825806,-0.0052090589888393,-0.0059475195594131,0.0132902162149548,18.923
1785956109984,0.9998804330825806,-0.0052090589888393,-0.0059475195594131,0.0132902162149548,18.933
1785956109994,0.9998804330825806,-0.0052090589888393,-0.0059475195594131,0.0132902162149548,18.943
1785956110004,0.9998804330825806,-0.0052090589888393,-0.0059475195594131,0.0132902162149548,18.953
1785956110015,0.9998804330825806,-0.0052090589888393,-0.0059475195594131,0.0132902162149548,18.964
1785956110025,0.9998804330825806,-0.0052090589888393,-0.0059475195594131,0.0132902162149548,18.974
1785956110035,0.9998804330825806,-0.0052090589888393,-0.0059475195594131,0.0132902162149548,18.984
1785956110044,0.9998804330825806,-0.0052090589888393,-0.0059475195594131,0.0132902162149548,18.993
1785956110054,0.9998804330825806,-0.0052090589888393,-0.0059475195594131,0.0132902162149548,19.003
1785956110064,0.9998804330825806,-0.0052090589888393,-0.0059475195594131,0.0132902162149548,19.013
1785956110075,0.9998804330825806,-0.0052090589888393,-0.0059475195594131,0.0132902162149548,19.024
1785956110085,0.9998804330825806,-0.0052090589888393,-0.0059475195594131,0.0132902162149548,19.034
1785956110095,0.9998804330825806,-0.0052090589888393,-0.0059475195594131,0.0132902162149548,19.044
1785956110105,0.9998804330825806,-0.0052090589888393,-0.0059475195594131,0.0132902162149548,19.054
1785956110116,0.9998804330825806,-0.0052090589888393,-0.0059475195594131,0.0132902162149548,19.065
1785956110124,0.9998804330825806,-0.0052090589888393,-0.0059475195594131,0.0132902162149548,19.073
1785956110136,0.9998804330825806,-0.0052090589888393,-0.0059475195594131,0.0132902162149548,19.085
1785956110145,0.9998804330825806,-0.0052090589888393,-0.0059475195594131,0.0132902162149548,19.094
1785956110155,0.9998804330825806,-0.0052090589888393,-0.0059475195594131,0.0132902162149548,19.104
1785956110165,0.9998804330825806,-0.0052090589888393,-0.0059475195594131,0.0132902162149548,19.114
1785956110176,0.9998804330825806,-0.0052090589888393,-0.0059475195594131,0.0132902162149548,19.125
1785956110186,0.9998804330825806,-0.0052090589888393,-0.0059475195594131,0.0132902162149548,19.135
1785956110196,0.9998804330825806,-0.0052090589888393,-0.0059475195594131,0.0132902162149548,19.145
1785956110206,0.9998804330825806,-0.0052090589888393,-0.0059475195594131,0.0132902162149548,19.155
1785956110215,0.9998804330825806,-0.0052090589888393,-0.0059475195594131,0.0132902162149548,19.164
1785956110226,0.9998804330825806,-0.0052090589888393,-0.0059475195594131,0.0132902162149548,19.175
1785956110236,0.9998804330825806,-0.0052090589888393,-0.0059475195594131,0.0132902162149548,19.185
1785956110246,0.9998804330825806,-0.0052090589888393,-0.0059475195594131,0.0132902162149548,19.195
1785956110256,0.9998804330825806,-0.0052090589888393,-0.0059475195594131,0.0132902162149548,19.205
1785956110267,0.9998804330825806,-0.0052090589888393,-0.0059475195594131,0.0132902162149548,19.216
1785956110277,0.9998804330825806,-0.0052090589888393,-0.0059475195594131,0.0132902162149548,19.226
1785956110287,0.9998804330825806,-0.0052090589888393,-0.0059475195594131,0.0132902162149548,19.236
1785956110296,0.9998804330825806,-0.0052090589888393,-0.0059475195594131,0.0132902162149548,19.245
1785956110306,0.9998804330825806,-0.0052090589888393,-0.0059475195594131,0.0132902162149548,19.255
1785956110316,0.9998804330825806,-0.0052090589888393,-0.0059475195594131,0.0132902162149548,19.265
1785956110327,0.9998804330825806,-0.0052090589888393,-0.0059475195594131,0.0132902162149548,19.276
1785956110337,0.9998804330825806,-0.0052090589888393,-0.0059475195594131,0.0132902162149548,19.286
1785956110347,0.9998804330825806,-0.0052090589888393,-0.0059475195594131,0.0132902162149548,19.296
1785956110357,0.9998804330825806,-0.0052090589888393,-0.0059475195594131,0.0132902162149548,19.306
1785956110368,0.9998804330825806,-0.0052090589888393,-0.0059475195594131,0.0132902162149548,19.317
1785956110378,0.9998804330825806,-0.0052090589888393,-0.0059475195594131,0.0132902162149548,19.327
1785956110387,0.9998804330825806,-0.0052090589888393,-0.0059475195594131,0.0132902162149548,19.336
1785956110397,0.9998804330825806,-0.0052090589888393,-0.0059475195594131,0.0132902162149548,19.346
1785956110407,0.9998818635940552,-0.0051446706056594,-0.0059470864944159,0.0132107147946953,19.356
1785956110417,0.9998818635940552,-0.0051446706056594,-0.0059470864944159,0.0132107147946953,19.366
1785956110428,0.9998818635940552,-0.0051446706056594,-0.0059470864944159,0.0132107147946953,19.377
1785956110438,0.9998818635940552,-0.0051446706056594,-0.0059470864944159,0.0132107147946953,19.387
1785956110448,0.9998818635940552,-0.0051446706056594,-0.0059470864944159,0.0132107147946953,19.397
1785956110458,0.9998818635940552,-0.0051446706056594,-0.0059470864944159,0.0132107147946953,19.407
1785956110467,0.9998818635940552,-0.0051446706056594,-0.0059470864944159,0.0132107147946953,19.416
1785956110477,0.9998818635940552,-0.0051446706056594,-0.0059470864944159,0.0132107147946953,19.426
1785956110488,0.9998818635940552,-0.0051446706056594,-0.0059470864944159,0.0132107147946953,19.437
1785956110498,0.9998818635940552,-0.0051446706056594,-0.0059470864944159,0.0132107147946953,19.447
1785956110508,0.9998818635940552,-0.0051446706056594,-0.0059470864944159,0.0132107147946953,19.457
1785956110518,0.9998818635940552,-0.0051446706056594,-0.0059470864944159,0.0132107147946953,19.467
1785956110529,0.9998818635940552,-0.0051446706056594,-0.0059470864944159,0.0132107147946953,19.478
1785956110539,0.9998818635940552,-0.0051446706056594,-0.0059470864944159,0.0132107147946953,19.488
1785956110548,0.9998818635940552,-0.0051446706056594,-0.0059470864944159,0.0132107147946953,19.497
1785956110558,0.9998818635940552,-0.0051446706056594,-0.0059470864944159,0.0132107147946953,19.507
1785956110568,0.9998818635940552,-0.0051446706056594,-0.0059470864944159,0.0132107147946953,19.517
1785956110579,0.9998818635940552,-0.0051446706056594,-0.0059470864944159,0.0132107147946953,19.528
1785956110589,0.9998818635940552,-0.0051446706056594,-0.0059470864944159,0.0132107147946953,19.538
1785956110599,0.9998818635940552,-0.0051446706056594,-0.0059470864944159,0.0132107147946953,19.548
1785956110609,0.9998818635940552,-0.0051446706056594,-0.0059470864944159,0.0132107147946953,19.558
1785956110620,0.9998818635940552,-0.0051446706056594,-0.0059470864944159,0.0132107147946953,19.569
1785956110628,0.9998818635940552,-0.0051446706056594,-0.0059470864944159,0.0132107147946953,19.577
1785956110639,0.9998818635940552,-0.0051446706056594,-0.0059470864944159,0.0132107147946953,19.588
1785956110649,0.9998818635940552,-0.0051446706056594,-0.0059470864944159,0.0132107147946953,19.598
1785956110659,0.9998818635940552,-0.0051446706056594,-0.0059470864944159,0.0132107147946953,19.608
1785956110669,0.9998818635940552,-0.0051446706056594,-0.0059470864944159,0.0132107147946953,19.618
1785956110680,0.9998818635940552,-0.0051446706056594,-0.0059470864944159,0.0132107147946953,19.629
1785956110690,0.9998818635940552,-0.0051446706056594,-0.0059470864944159,0.0132107147946953,19.639
1785956110700,0.9998818635940552,-0.0051446706056594,-0.0059470864944159,0.0132107147946953,19.649
1785956110710,0.9998818635940552,-0.0051446706056594,-0.0059470864944159,0.0132107147946953,19.659
1785956110719,0.9998818635940552,-0.0051446706056594,-0.0059470864944159,0.0132107147946953,19.668
1785956110729,0.9998818635940552,-0.0051446706056594,-0.0059470864944159,0.0132107147946953,19.678
1785956110740,0.9998818635940552,-0.0051446706056594,-0.0059470864944159,0.0132107147946953,19.689
1785956110750,0.9998818635940552,-0.0051446706056594,-0.0059470864944159,0.0132107147946953,19.699
1785956110760,0.9998818635940552,-0.0051446706056594,-0.0059470864944159,0.0132107147946953,19.709
1785956110770,0.9998818635940552,-0.0051446706056594,-0.0059470864944159,0.0132107147946953,19.719
1785956110781,0.9998818635940552,-0.0051446706056594,-0.0059470864944159,0.0132107147946953,19.73
1785956110791,0.9998818635940552,-0.0051446706056594,-0.0059470864944159,0.0132107147946953,19.74
1785956110800,0.9998818635940552,-0.0051446706056594,-0.0059470864944159,0.0132107147946953,19.749
1785956110810,0.9998818635940552,-0.0051446706056594,-0.0059470864944159,0.0132107147946953,19.759
1785956110820,0.9998818635940552,-0.0051446706056594,-0.0059470864944159,0.0132107147946953,19.769
1785956110831,0.9998818635940552,-0.0051446706056594,-0.0059470864944159,0.0132107147946953,19.78
1785956110841,0.9998818635940552,-0.0051446706056594,-0.0059470864944159,0.0132107147946953,19.79
1785956110851,0.9998818635940552,-0.0051446706056594,-0.0059470864944159,0.0132107147946953,19.8
1785956110861,0.9998818635940552,-0.0051446706056594,-0.0059470864944159,0.0132107147946953,19.81
1785956110872,0.9998818635940552,-0.0051446706056594,-0.0059470864944159,0.0132107147946953,19.821
1785956110880,0.9998818635940552,-0.0051446706056594,-0.0059470864944159,0.0132107147946953,19.829
1785956110891,0.9998818635940552,-0.0051446706056594,-0.0059470864944159,0.0132107147946953,19.84
1785956110901,0.9998818635940552,-0.0051446706056594,-0.0059470864944159,0.0132107147946953,19.85
1785956110911,0.9998818635940552,-0.0051446706056594,-0.0059470864944159,0.0132107147946953,19.86
1785956110921,0.9998818635940552,-0.0051446706056594,-0.0059470864944159,0.0132107147946953,19.87
1785956110932,0.9998818635940552,-0.0051446706056594,-0.0059470864944159,0.0132107147946953,19.881
1785956110942,0.9998818635940552,-0.0051446706056594,-0.0059470864944159,0.0132107147946953,19.891
1785956110952,0.9998818635940552,-0.0051446706056594,-0.0059470864944159,0.0132107147946953,19.901
1785956110961,0.9998818635940552,-0.0051446706056594,-0.0059470864944159,0.0132107147946953,19.91
1785956110971,0.9998818635940552,-0.0051446706056594,-0.0059470864944159,0.0132107147946953,19.92
1785956110981,0.9998818635940552,-0.0051446706056594,-0.0059470864944159,0.0132107147946953,19.93
1785956110992,0.9998818635940552,-0.0051446706056594,-0.0059470864944159,0.0132107147946953,19.941
1785956111002,0.9998818635940552,-0.0051446706056594,-0.0059470864944159,0.0132107147946953,19.951
1785956111012,0.9998818635940552,-0.0051446706056594,-0.0059470864944159,0.0132107147946953,19.961
1785956111022,0.9998818635940552,-0.0051446706056594,-0.0059470864944159,0.0132107147946953,19.971
1785956111033,0.9998818635940552,-0.0051446706056594,-0.0059470864944159,0.0132107147946953,19.982
1785956111041,0.9998818635940552,-0.0051446706056594,-0.0059470864944159,0.0132107147946953,19.99
1785956111052,0.9998818635940552,-0.0051446706056594,-0.0059470864944159,0.0132107147946953,20.001
1785956111062,0.9998818635940552,-0.0051446706056594,-0.0059470864944159,0.0132107147946953,20.011
1785956111072,0.9998818635940552,-0.0051446706056594,-0.0059470864944159,0.0132107147946953,20.021
1785956111082,0.9998818635940552,-0.0051446706056594,-0.0059470864944159,0.0132107147946953,20.031
1785956111093,0.9998818635940552,-0.0051446706056594,-0.0059470864944159,0.0132107147946953,20.042
1785956111103,0.9998818635940552,-0.0051446706056594,-0.0059470864944159,0.0132107147946953,20.052
1785956111113,0.9998818635940552,-0.0051446706056594,-0.0059470864944159,0.0132107147946953,20.062
1785956111122,0.9998818635940552,-0.0051446706056594,-0.0059470864944159,0.0132107147946953,20.071
1785956111132,0.9998818635940552,-0.0051446706056594,-0.0059470864944159,0.0132107147946953,20.081
1785956111143,0.9998818635940552,-0.0051446706056594,-0.0059470864944159,0.0132107147946953,20.092
1785956111153,0.9998818635940552,-0.0051446706056594,-0.0059470864944159,0.0132107147946953,20.102
1785956111163,0.9998818635940552,-0.0051446706056594,-0.0059470864944159,0.0132107147946953,20.112
1785956111173,0.9998818635940552,-0.0051446706056594,-0.0059470864944159,0.0132107147946953,20.122
1785956111184,0.9998818635940552,-0.0051446706056594,-0.0059470864944159,0.0132107147946953,20.133
1785956111194,0.9998818635940552,-0.0051446706056594,-0.0059470864944159,0.0132107147946953,20.143
1785956111204,0.9998818635940552,-0.0051446706056594,-0.0059470864944159,0.0132107147946953,20.153
1785956111213,0.9998818635940552,-0.0051446706056594,-0.0059470864944159,0.0132107147946953,20.162
1785956111223,0.9998818635940552,-0.0051446706056594,-0.0059470864944159,0.0132107147946953,20.172
1785956111233,0.9998818635940552,-0.0051446706056594,-0.0059470864944159,0.0132107147946953,20.182
1785956111244,0.9998818635940552,-0.0051446706056594,-0.0059470864944159,0.0132107147946953,20.193
1785956111254,0.9998818635940552,-0.0051446706056594,-0.0059470864944159,0.0132107147946953,20.203
1785956111264,0.9998818635940552,-0.0051446706056594,-0.0059470864944159,0.0132107147946953,20.213
1785956111274,0.9998818635940552,-0.0051446706056594,-0.0059470864944159,0.0132107147946953,20.223
1785956111285,0.9998818635940552,-0.0051446706056594,-0.0059470864944159,0.0132107147946953,20.234
1785956111293,0.9998818635940552,-0.0051446706056594,-0.0059470864944159,0.0132107147946953,20.242
1785956111304,0.9998818635940552,-0.0051446706056594,-0.0059470864944159,0.0132107147946953,20.253
1785956111314,0.9998818635940552,-0.0051446706056594,-0.0059470864944159,0.0132107147946953,20.263
1785956111324,0.9998818635940552,-0.0051446706056594,-0.0059470864944159,0.0132107147946953,20.273
1785956111334,0.9998818635940552,-0.0051446706056594,-0.0059470864944159,0.0132107147946953,20.283
1785956111345,0.9998818635940552,-0.0051446706056594,-0.0059470864944159,0.0132107147946953,20.294
1785956111355,0.9998818635940552,-0.0051446706056594,-0.0059470864944159,0.0132107147946953,20.304
1785956111365,0.9998818635940552,-0.0051446706056594,-0.0059470864944159,0.0132107147946953,20.314
1785956111374,0.9998818635940552,-0.0051446706056594,-0.0059470864944159,0.0132107147946953,20.323
1785956111384,0.9998818635940552,-0.0051446706056594,-0.0059470864944159,0.0132107147946953,20.333
1785956111394,0.9998818635940552,-0.0051446706056594,-0.0059470864944159,0.0132107147946953,20.343
1785956111405,0.9998818635940552,-0.0051446706056594,-0.0059470864944159,0.0132107147946953,20.354
1785956111415,0.9998818635940552,-0.0051446706056594,-0.0059470864944159,0.0132107147946953,20.364
1785956111425,0.9998818635940552,-0.0051446706056594,-0.0059470864944159,0.0132107147946953,20.374
1785956111435,0.9998818635940552,-0.0051446706056594,-0.0059470864944159,0.0132107147946953,20.384
1785956111446,0.9998818635940552,-0.0051446706056594,-0.0059470864944159,0.0132107147946953,20.395
1785956111455,0.9998818635940552,-0.0051446706056594,-0.0059470864944159,0.0132107147946953,20.404
1785956111465,0.9998818635940552,-0.0051446706056594,-0.0059470864944159,0.0132107147946953,20.414
1785956111475,0.9998818635940552,-0.0051446706056594,-0.0059470864944159,0.0132107147946953,20.424
1785956111485,0.9998818635940552,-0.0051446706056594,-0.0059470864944159,0.0132107147946953,20.434
1785956111496,0.9998818635940552,-0.0051446706056594,-0.0059470864944159,0.0132107147946953,20.445
1785956111506,0.9998818635940552,-0.0051446706056594,-0.0059470864944159,0.0132107147946953,20.455
1785956111516,0.9998818635940552,-0.0051446706056594,-0.0059470864944159,0.0132107147946953,20.465
1785956111526,0.9998818635940552,-0.0051446706056594,-0.0059470864944159,0.0132107147946953,20.475
1785956111537,0.9998818635940552,-0.0051446706056594,-0.0059470864944159,0.0132107147946953,20.486
1785956111545,0.9998818635940552,-0.0051446706056594,-0.0059470864944159,0.0132107147946953,20.494
1785956111556,0.9998818635940552,-0.0051446706056594,-0.0059470864944159,0.0132107147946953,20.505
1785956111566,0.9998818635940552,-0.0051446706056594,-0.0059470864944159,0.0132107147946953,20.515
1785956111576,0.9998818635940552,-0.0051446706056594,-0.0059470864944159,0.0132107147946953,20.525
1785956111586,0.9998818635940552,-0.0051446706056594,-0.0059470864944159,0.0132107147946953,20.535
1785956111597,0.9998818635940552,-0.0051446706056594,-0.0059470864944159,0.0132107147946953,20.546
1785956111607,0.9998818635940552,-0.0051446706056594,-0.0059470864944159,0.0132107147946953,20.556
1785956111617,0.9998818635940552,-0.0051446706056594,-0.0059470864944159,0.0132107147946953,20.566
1785956111626,0.9998818635940552,-0.0051446706056594,-0.0059470864944159,0.0132107147946953,20.575
1785956111636,0.9998818635940552,-0.0051446706056594,-0.0059470864944159,0.0132107147946953,20.585
1785956111646,0.9998818635940552,-0.0051446706056594,-0.0059470864944159,0.0132107147946953,20.595
1785956111657,0.9998818635940552,-0.0051446706056594,-0.0059470864944159,0.0132107147946953,20.606
1785956111667,0.9998818635940552,-0.0051446706056594,-0.0059470864944159,0.0132107147946953,20.616
1785956111677,0.9998818635940552,-0.0051446706056594,-0.0059470864944159,0.0132107147946953,20.626
1785956111687,0.9998818635940552,-0.0051446706056594,-0.0059470864944159,0.0132107147946953,20.636
1785956111698,0.9998818635940552,-0.0051446706056594,-0.0059470864944159,0.0132107147946953,20.647
1785956111706,0.9998818635940552,-0.0051446706056594,-0.0059470864944159,0.0132107147946953,20.655
1785956111717,0.9998818635940552,-0.0051446706056594,-0.0059470864944159,0.0132107147946953,20.666
1785956111727,0.9998818635940552,-0.0051446706056594,-0.0059470864944159,0.0132107147946953,20.676
1785956111737,0.9998818635940552,-0.0051446706056594,-0.0059470864944159,0.0132107147946953,20.686
1785956111747,0.9998818635940552,-0.0051446706056594,-0.0059470864944159,0.0132107147946953,20.696
1785956111758,0.9998818635940552,-0.0051446706056594,-0.0059470864944159,0.0132107147946953,20.707
1785956111768,0.9998818635940552,-0.0051446706056594,-0.0059470864944159,0.0132107147946953,20.717
1785956111778,0.9998818635940552,-0.0051446706056594,-0.0059470864944159,0.0132107147946953,20.727
1785956111787,0.9998818635940552,-0.0051446706056594,-0.0059470864944159,0.0132107147946953,20.736
1785956111797,0.9998818635940552,-0.0051446706056594,-0.0059470864944159,0.0132107147946953,20.746
1785956111808,0.9998818635940552,-0.0051446706056594,-0.0059470864944159,0.0132107147946953,20.757
1785956111818,0.9998818635940552,-0.0051446706056594,-0.0059470864944159,0.0132107147946953,20.767
1785956111828,0.9998818635940552,-0.0051446706056594,-0.0059470864944159,0.0132107147946953,20.777
1785956111838,0.9998818635940552,-0.0051446706056594,-0.0059470864944159,0.0132107147946953,20.787
1785956111849,0.9998818635940552,-0.0051446706056594,-0.0059470864944159,0.0132107147946953,20.798
1785956111859,0.9998818635940552,-0.0051446706056594,-0.0059470864944159,0.0132107147946953,20.808
1785956111869,0.9998818635940552,-0.0051446706056594,-0.0059470864944159,0.0132107147946953,20.818
1785956111878,0.9998818635940552,-0.0051446706056594,-0.0059470864944159,0.0132107147946953,20.827
1785956111888,0.9998818635940552,-0.0051446706056594,-0.0059470864944159,0.0132107147946953,20.837
1785956111898,0.9998818635940552,-0.0051446706056594,-0.0059470864944159,0.0132107147946953,20.847
1785956111909,0.9998818635940552,-0.0051446706056594,-0.0059470864944159,0.0132107147946953,20.858
1785956111919,0.9998818635940552,-0.0051446706056594,-0.0059470864944159,0.0132107147946953,20.868
1785956111929,0.9998818635940552,-0.0051446706056594,-0.0059470864944159,0.0132107147946953,20.878
1785956111939,0.9998818635940552,-0.0051446706056594,-0.0059470864944159,0.0132107147946953,20.888
1785956111950,0.9998818635940552,-0.0051446706056594,-0.0059470864944159,0.0132107147946953,20.899
1785956111958,0.9998818635940552,-0.0051446706056594,-0.0059470864944159,0.0132107147946953,20.907
1785956111969,0.9998818635940552,-0.0051446706056594,-0.0059470864944159,0.0132107147946953,20.918
1785956111979,0.9998818635940552,-0.0051446706056594,-0.0059470864944159,0.0132107147946953,20.928
1785956111989,0.9998818635940552,-0.0051446706056594,-0.0059470864944159,0.0132107147946953,20.938
1785956111999,0.9998818635940552,-0.0051446706056594,-0.0059470864944159,0.0132107147946953,20.948
1785956112010,0.9998818635940552,-0.0051446706056594,-0.0059470864944159,0.0132107147946953,20.959
1785956112020,0.9998818635940552,-0.0051446706056594,-0.0059470864944159,0.0132107147946953,20.969
1785956112030,0.9998818635940552,-0.0051446706056594,-0.0059470864944159,0.0132107147946953,20.979
1785956112039,0.9998818635940552,-0.0051446706056594,-0.0059470864944159,0.0132107147946953,20.988
1785956112049,0.9998818635940552,-0.0051446706056594,-0.0059470864944159,0.0132107147946953,20.998
1785956112060,0.9998818635940552,-0.0051446706056594,-0.0059470864944159,0.0132107147946953,21.009
1785956112070,0.9998818635940552,-0.0051446706056594,-0.0059470864944159,0.0132107147946953,21.019
1785956112080,0.9998818635940552,-0.0051446706056594,-0.0059470864944159,0.0132107147946953,21.029
1785956112090,0.9998818635940552,-0.0051446706056594,-0.0059470864944159,0.0132107147946953,21.039
1785956112101,0.9998818635940552,-0.0051446706056594,-0.0059470864944159,0.0132107147946953,21.05
1785956112111,0.9998818635940552,-0.0051446706056594,-0.0059470864944159,0.0132107147946953,21.06
1785956112121,0.9998818635940552,-0.0051446706056594,-0.0059470864944159,0.0132107147946953,21.07
1785956112130,0.9998818635940552,-0.0051446706056594,-0.0059470864944159,0.0132107147946953,21.079
1785956112140,0.9998818635940552,-0.0051446706056594,-0.0059470864944159,0.0132107147946953,21.089
1785956112150,0.9998818635940552,-0.0051446706056594,-0.0059470864944159,0.0132107147946953,21.099
1785956112161,0.9998818635940552,-0.0051446706056594,-0.0059470864944159,0.0132107147946953,21.11
1785956112171,0.9998818635940552,-0.0051446706056594,-0.0059470864944159,0.0132107147946953,21.12
1785956112181,0.9998818635940552,-0.0051446706056594,-0.0059470864944159,0.0132107147946953,21.13
1785956112191,0.9998818635940552,-0.0051446706056594,-0.0059470864944159,0.0132107147946953,21.14
1785956112202,0.9998818635940552,-0.0051446706056594,-0.0059470864944159,0.0132107147946953,21.151
1785956112210,0.9998818635940552,-0.0051446706056594,-0.0059470864944159,0.0132107147946953,21.159
1785956112221,0.9998818635940552,-0.0051446706056594,-0.0059470864944159,0.0132107147946953,21.17
1785956112231,0.9998818635940552,-0.0051446706056594,-0.0059470864944159,0.0132107147946953,21.18
1785956112241,0.9998818635940552,-0.0051446706056594,-0.0059470864944159,0.0132107147946953,21.19
1785956112251,0.9998818635940552,-0.0051446706056594,-0.0059470864944159,0.0132107147946953,21.2
1785956112262,0.9998818635940552,-0.0051446706056594,-0.0059470864944159,0.0132107147946953,21.211
1785956112272,0.9998818635940552,-0.0051446706056594,-0.0059470864944159,0.0132107147946953,21.221
1785956112282,0.9998818635940552,-0.0051446706056594,-0.0059470864944159,0.0132107147946953,21.231
1785956112291,0.9998818635940552,-0.0051446706056594,-0.0059470864944159,0.0132107147946953,21.24
1785956112301,0.9998818635940552,-0.0051446706056594,-0.0059470864944159,0.0132107147946953,21.25
1785956112311,0.9998818635940552,-0.0051446706056594,-0.0059470864944159,0.0132107147946953,21.26
1785956112322,0.9998818635940552,-0.0051446706056594,-0.0059470864944159,0.0132107147946953,21.271
1785956112332,0.9998818635940552,-0.0051446706056594,-0.0059470864944159,0.0132107147946953,21.281
1785956112342,0.9998818635940552,-0.0051446706056594,-0.0059470864944159,0.0132107147946953,21.291
1785956112352,0.9998818635940552,-0.0051446706056594,-0.0059470864944159,0.0132107147946953,21.301
1785956112363,0.9998818635940552,-0.0051446706056594,-0.0059470864944159,0.0132107147946953,21.312
1785956112372,0.9998818635940552,-0.0051446706056594,-0.0059470864944159,0.0132107147946953,21.321
1785956112382,0.9998818635940552,-0.0051446706056594,-0.0059470864944159,0.0132107147946953,21.331
1785956112392,0.9998818635940552,-0.0051446706056594,-0.0059470864944159,0.0132107147946953,21.341
1785956112402,0.9998818635940552,-0.0051446706056594,-0.0059470864944159,0.0132107147946953,21.351
1785956112413,0.9998818635940552,-0.0051446706056594,-0.0059470864944159,0.0132107147946953,21.362
1785956112423,0.9998818635940552,-0.0051446706056594,-0.0059470864944159,0.0132107147946953,21.372
1785956112433,0.9998818635940552,-0.0051446706056594,-0.0059470864944159,0.0132107147946953,21.382
1785956112443,0.9998818635940552,-0.0051446706056594,-0.0059470864944159,0.0132107147946953,21.392
1785956112454,0.9998818635940552,-0.0051446706056594,-0.0059470864944159,0.0132107147946953,21.403
1785956112462,0.9998818635940552,-0.0051446706056594,-0.0059470864944159,0.0132107147946953,21.411
1785956112473,0.9998818635940552,-0.0051446706056594,-0.0059470864944159,0.0132107147946953,21.422
1785956112483,0.9998818635940552,-0.0051446706056594,-0.0059470864944159,0.0132107147946953,21.432
1785956112493,0.9998818635940552,-0.0051446706056594,-0.0059470864944159,0.0132107147946953,21.442
1785956112503,0.9998818635940552,-0.0051446706056594,-0.0059470864944159,0.0132107147946953,21.452
1785956112514,0.9998818635940552,-0.0051446706056594,-0.0059470864944159,0.0132107147946953,21.463
1785956112524,0.9998818635940552,-0.0051446706056594,-0.0059470864944159,0.0132107147946953,21.473
1785956112534,0.9998818635940552,-0.0051446706056594,-0.0059470864944159,0.0132107147946953,21.483
1785956112543,0.9998818635940552,-0.0051446706056594,-0.0059470864944159,0.0132107147946953,21.492
1785956112553,0.9998818635940552,-0.0051446706056594,-0.0059470864944159,0.0132107147946953,21.502
1785956112563,0.9998818635940552,-0.0051446706056594,-0.0059470864944159,0.0132107147946953,21.512
1785956112574,0.9998818635940552,-0.0051446706056594,-0.0059470864944159,0.0132107147946953,21.523
1785956112584,0.9998818635940552,-0.0051446706056594,-0.0059470864944159,0.0132107147946953,21.533
1785956112594,0.9998818635940552,-0.0051446706056594,-0.0059470864944159,0.0132107147946953,21.543
1785956112604,0.9998818635940552,-0.0051446706056594,-0.0059470864944159,0.0132107147946953,21.553
1785956112615,0.9998818635940552,-0.0051446706056594,-0.0059470864944159,0.0132107147946953,21.564
1785956112623,0.9998818635940552,-0.0051446706056594,-0.0059470864944159,0.0132107147946953,21.572
1785956112634,0.9998818635940552,-0.0051446706056594,-0.0059470864944159,0.0132107147946953,21.583
1785956112644,0.9998818635940552,-0.0051446706056594,-0.0059470864944159,0.0132107147946953,21.593
1785956112654,0.9998818635940552,-0.0051446706056594,-0.0059470864944159,0.0132107147946953,21.603
1785956112664,0.9998818635940552,-0.0051446706056594,-0.0059470864944159,0.0132107147946953,21.613
1785956112675,0.9998818635940552,-0.0051446706056594,-0.0059470864944159,0.0132107147946953,21.624
1785956112685,0.9998818635940552,-0.0051446706056594,-0.0059470864944159,0.0132107147946953,21.634
1785956112695,0.9998818635940552,-0.0051446706056594,-0.0059470864944159,0.0132107147946953,21.644
1785956112704,0.9998818635940552,-0.0051446706056594,-0.0059470864944159,0.0132107147946953,21.653
1785956112714,0.9998818635940552,-0.0051446706056594,-0.0059470864944159,0.0132107147946953,21.663
1785956112725,0.9998818635940552,-0.0051446706056594,-0.0059470864944159,0.0132107147946953,21.674
1785956112735,0.9998818635940552,-0.0051446706056594,-0.0059470864944159,0.0132107147946953,21.684
1785956112745,0.9998818635940552,-0.0051446706056594,-0.0059470864944159,0.0132107147946953,21.694
1785956112755,0.9998818635940552,-0.0051446706056594,-0.0059470864944159,0.0132107147946953,21.704
1785956112766,0.9998818635940552,-0.0051446706056594,-0.0059470864944159,0.0132107147946953,21.715
1785956112776,0.9998818635940552,-0.0051446706056594,-0.0059470864944159,0.0132107147946953,21.725
1785956112785,0.9998818635940552,-0.0051446706056594,-0.0059470864944159,0.0132107147946953,21.734
1785956112795,0.9998818635940552,-0.0051446706056594,-0.0059470864944159,0.0132107147946953,21.744
1785956112805,0.9998818635940552,-0.0051446706056594,-0.0059470864944159,0.0132107147946953,21.754
1785956112815,0.9998818635940552,-0.0051446706056594,-0.0059470864944159,0.0132107147946953,21.764
1785956112826,0.9998818635940552,-0.0051446706056594,-0.0059470864944159,0.0132107147946953,21.775
1785956112836,0.9998818635940552,-0.0051446706056594,-0.0059470864944159,0.0132107147946953,21.785
1785956112846,0.9998818635940552,-0.0051446706056594,-0.0059470864944159,0.0132107147946953,21.795
1785956112856,0.9998818635940552,-0.0051446706056594,-0.0059470864944159,0.0132107147946953,21.805
1785956112865,0.9998818635940552,-0.0051446706056594,-0.0059470864944159,0.0132107147946953,21.814
1785956112875,0.9998818635940552,-0.0051446706056594,-0.0059470864944159,0.0132107147946953,21.824
1785956112886,0.9998818635940552,-0.0051446706056594,-0.0059470864944159,0.0132107147946953,21.835
1785956112896,0.9998818635940552,-0.0051446706056594,-0.0059470864944159,0.0132107147946953,21.845
1785956112906,0.9998818635940552,-0.0051446706056594,-0.0059470864944159,0.0132107147946953,21.855
1785956112916,0.9998818635940552,-0.0051446706056594,-0.0059470864944159,0.0132107147946953,21.865
1785956112927,0.9998818635940552,-0.0051446706056594,-0.0059470864944159,0.0132107147946953,21.876
1785956112937,0.9998818635940552,-0.0051446706056594,-0.0059470864944159,0.0132107147946953,21.886
1785956112947,0.9998818635940552,-0.0051446706056594,-0.0059470864944159,0.0132107147946953,21.896
1785956112956,0.9998818635940552,-0.0051446706056594,-0.0059470864944159,0.0132107147946953,21.905
1785956112966,0.9998818635940552,-0.0051446706056594,-0.0059470864944159,0.0132107147946953,21.915
1785956112976,0.9998818635940552,-0.0051446706056594,-0.0059470864944159,0.0132107147946953,21.925
1785956112987,0.9998818635940552,-0.0051446706056594,-0.0059470864944159,0.0132107147946953,21.936
1785956112997,0.9998818635940552,-0.0051446706056594,-0.0059470864944159,0.0132107147946953,21.946
1785956113007,0.9998818635940552,-0.0051446706056594,-0.0059470864944159,0.0132107147946953,21.956
1785956113018,0.9998818635940552,-0.0051446706056594,-0.0059470864944159,0.0132107147946953,21.967
1785956113028,0.9998818635940552,-0.0051446706056594,-0.0059470864944159,0.0132107147946953,21.977
1785956113037,0.9998818635940552,-0.0051446706056594,-0.0059470864944159,0.0132107147946953,21.986
1785956113047,0.9998818635940552,-0.0051446706056594,-0.0059470864944159,0.0132107147946953,21.996
1785956113057,0.9998818635940552,-0.0051446706056594,-0.0059470864944159,0.0132107147946953,22.006
1785956113067,0.9998818635940552,-0.0051446706056594,-0.0059470864944159,0.0132107147946953,22.016
1785956113078,0.9998818635940552,-0.0051446706056594,-0.0059470864944159,0.0132107147946953,22.027
1785956113088,0.9998818635940552,-0.0051446706056594,-0.0059470864944159,0.0132107147946953,22.037
1785956113098,0.9998818635940552,-0.0051446706056594,-0.0059470864944159,0.0132107147946953,22.047
1785956113108,0.9998818635940552,-0.0051446706056594,-0.0059470864944159,0.0132107147946953,22.057
1785956113117,0.9998818635940552,-0.0051446706056594,-0.0059470864944159,0.0132107147946953,22.066
1785956113127,0.9998818635940552,-0.0051446706056594,-0.0059470864944159,0.0132107147946953,22.076
1785956113138,0.9998818635940552,-0.0051446706056594,-0.0059470864944159,0.0132107147946953,22.087
1785956113148,0.9998818635940552,-0.0051446706056594,-0.0059470864944159,0.0132107147946953,22.097
1785956113158,0.9998818635940552,-0.0051446706056594,-0.0059470864944159,0.0132107147946953,22.107
1785956113168,0.9998818635940552,-0.0051446706056594,-0.0059470864944159,0.0132107147946953,22.117
1785956113179,0.9998818635940552,-0.0051446706056594,-0.0059470864944159,0.0132107147946953,22.128
1785956113189,0.9998818635940552,-0.0051446706056594,-0.0059470864944159,0.0132107147946953,22.138
1785956113198,0.9998818635940552,-0.0051446706056594,-0.0059470864944159,0.0132107147946953,22.147
1785956113208,0.9998818635940552,-0.0051446706056594,-0.0059470864944159,0.0132107147946953,22.157
1785956113218,0.9998818635940552,-0.0051446706056594,-0.0059470864944159,0.0132107147946953,22.167
1785956113228,0.9998818635940552,-0.0051446706056594,-0.0059470864944159,0.0132107147946953,22.177
1785956113239,0.9998818635940552,-0.0051446706056594,-0.0059470864944159,0.0132107147946953,22.188
1785956113249,0.9998818635940552,-0.0051446706056594,-0.0059470864944159,0.0132107147946953,22.198
1785956113259,0.9998818635940552,-0.0051446706056594,-0.0059470864944159,0.0132107147946953,22.208
1785956113269,0.9998818635940552,-0.0051446706056594,-0.0059470864944159,0.0132107147946953,22.218
1785956113280,0.9998818635940552,-0.0051446706056594,-0.0059470864944159,0.0132107147946953,22.229
1785956113289,0.9998818635940552,-0.0051446706056594,-0.0059470864944159,0.0132107147946953,22.238
1785956113299,0.9998818635940552,-0.0051446706056594,-0.0059470864944159,0.0132107147946953,22.248
1785956113309,0.9998818635940552,-0.0051446706056594,-0.0059470864944159,0.0132107147946953,22.258
1785956113319,0.9998818635940552,-0.0051446706056594,-0.0059470864944159,0.0132107147946953,22.268
1785956113330,0.9998818635940552,-0.0051446706056594,-0.0059470864944159,0.0132107147946953,22.279
1785956113340,0.9998818635940552,-0.0051446706056594,-0.0059470864944159,0.0132107147946953,22.289
1785956113350,0.9998818635940552,-0.0051446706056594,-0.0059470864944159,0.0132107147946953,22.299
1785956113360,0.9998818635940552,-0.0051446706056594,-0.0059470864944159,0.0132107147946953,22.309
1785956113369,0.9998818635940552,-0.0051446706056594,-0.0059470864944159,0.0132107147946953,22.318
1785956113379,0.9998818635940552,-0.0051446706056594,-0.0059470864944159,0.0132107147946953,22.328
1785956113390,0.9998818635940552,-0.0051446706056594,-0.0059470864944159,0.0132107147946953,22.339
1785956113400,0.9998818635940552,-0.0051446706056594,-0.0059470864944159,0.0132107147946953,22.349
1785956113410,0.9998818635940552,-0.0051446706056594,-0.0059470864944159,0.0132107147946953,22.359
1785956113420,0.9998818635940552,-0.0051446706056594,-0.0059470864944159,0.0132107147946953,22.369
1785956113431,0.9998818635940552,-0.0051446706056594,-0.0059470864944159,0.0132107147946953,22.38
1785956113441,0.9998818635940552,-0.0051446706056594,-0.0059470864944159,0.0132107147946953,22.39
1785956113450,0.9998818635940552,-0.0051446706056594,-0.0059470864944159,0.0132107147946953,22.399
1785956113460,0.9998818635940552,-0.0051446706056594,-0.0059470864944159,0.0132107147946953,22.409
1785956113470,0.9998818635940552,-0.0051446706056594,-0.0059470864944159,0.0132107147946953,22.419
1785956113480,0.9998818635940552,-0.0051446706056594,-0.0059470864944159,0.0132107147946953,22.429
1785956113491,0.9998818635940552,-0.0051446706056594,-0.0059470864944159,0.0132107147946953,22.44
1785956113501,0.9998818635940552,-0.0051446706056594,-0.0059470864944159,0.0132107147946953,22.45
1785956113511,0.9998818635940552,-0.0051446706056594,-0.0059470864944159,0.0132107147946953,22.46
1785956113521,0.9998818635940552,-0.0051446706056594,-0.0059470864944159,0.0132107147946953,22.47
1785956113530,0.9998818635940552,-0.0051446706056594,-0.0059470864944159,0.0132107147946953,22.479
1785956113540,0.9998818635940552,-0.0051446706056594,-0.0059470864944159,0.0132107147946953,22.489
1785956113551,0.9998818635940552,-0.0051446706056594,-0.0059470864944159,0.0132107147946953,22.5
1785956113561,0.9998818635940552,-0.0051446706056594,-0.0059470864944159,0.0132107147946953,22.51
1785956113571,0.9998818635940552,-0.0051446706056594,-0.0059470864944159,0.0132107147946953,22.52
1785956113581,0.9998818635940552,-0.0051446706056594,-0.0059470864944159,0.0132107147946953,22.53
1785956113592,0.9998818635940552,-0.0051446706056594,-0.0059470864944159,0.0132107147946953,22.541
1785956113602,0.9998818635940552,-0.0051446706056594,-0.0059470864944159,0.0132107147946953,22.551
1785956113612,0.9998818635940552,-0.0051446706056594,-0.0059470864944159,0.0132107147946953,22.561
1785956113621,0.9998818635940552,-0.0051446706056594,-0.0059470864944159,0.0132107147946953,22.57
1785956113631,0.9998818635940552,-0.0051446706056594,-0.0059470864944159,0.0132107147946953,22.58
1785956113642,0.9998818635940552,-0.0051446706056594,-0.0059470864944159,0.0132107147946953,22.591
1785956113652,0.9998818635940552,-0.0051446706056594,-0.0059470864944159,0.0132107147946953,22.601
1785956113662,0.9998818635940552,-0.0051446706056594,-0.0059470864944159,0.0132107147946953,22.611
1785956113672,0.9998818635940552,-0.0051446706056594,-0.0059470864944159,0.0132107147946953,22.621
1785956113683,0.9998818635940552,-0.0051446706056594,-0.0059470864944159,0.0132107147946953,22.632
1785956113693,0.9998818635940552,-0.0051446706056594,-0.0059470864944159,0.0132107147946953,22.642
1785956113702,0.9998818635940552,-0.0051446706056594,-0.0059470864944159,0.0132107147946953,22.651
1785956113712,0.9998818635940552,-0.0051446706056594,-0.0059470864944159,0.0132107147946953,22.661
1785956113722,0.9998818635940552,-0.0051446706056594,-0.0059470864944159,0.0132107147946953,22.671
1785956113732,0.9998818635940552,-0.0051446706056594,-0.0059470864944159,0.0132107147946953,22.681
1785956113743,0.9998818635940552,-0.0051446706056594,-0.0059470864944159,0.0132107147946953,22.692
1785956113753,0.9998818635940552,-0.0051446706056594,-0.0059470864944159,0.0132107147946953,22.702
1785956113763,0.9998818635940552,-0.0051446706056594,-0.0059470864944159,0.0132107147946953,22.712
1785956113773,0.9998818635940552,-0.0051446706056594,-0.0059470864944159,0.0132107147946953,22.722
1785956113784,0.9998818635940552,-0.0051446706056594,-0.0059470864944159,0.0132107147946953,22.733
1785956113792,0.9998818635940552,-0.0051446706056594,-0.0059470864944159,0.0132107147946953,22.741
1785956113803,0.9998818635940552,-0.0051446706056594,-0.0059470864944159,0.0132107147946953,22.752
1785956113813,0.9998818635940552,-0.0051446706056594,-0.0059470864944159,0.0132107147946953,22.762
1785956113823,0.9998818635940552,-0.0051446706056594,-0.0059470864944159,0.0132107147946953,22.772
1785956113833,0.9998818635940552,-0.0051446706056594,-0.0059470864944159,0.0132107147946953,22.782
1785956113844,0.9998818635940552,-0.0051446706056594,-0.0059470864944159,0.0132107147946953,22.793
1785956113854,0.9998818635940552,-0.0051446706056594,-0.0059470864944159,0.0132107147946953,22.803
1785956113864,0.9998818635940552,-0.0051446706056594,-0.0059470864944159,0.0132107147946953,22.813
1785956113873,0.9998818635940552,-0.0051446706056594,-0.0059470864944159,0.0132107147946953,22.822
1785956113883,0.9998818635940552,-0.0051446706056594,-0.0059470864944159,0.0132107147946953,22.832
1785956113893,0.9998818635940552,-0.0051446706056594,-0.0059470864944159,0.0132107147946953,22.842
1785956113904,0.9998818635940552,-0.0051446706056594,-0.0059470864944159,0.0132107147946953,22.853
1785956113914,0.9998818635940552,-0.0051446706056594,-0.0059470864944159,0.0132107147946953,22.863
1785956113924,0.9998818635940552,-0.0051446706056594,-0.0059470864944159,0.0132107147946953,22.873
1785956113935,0.9998818635940552,-0.0051446706056594,-0.0059470864944159,0.0132107147946953,22.884
1785956113945,0.9998818635940552,-0.0051446706056594,-0.0059470864944159,0.0132107147946953,22.894
1785956113954,0.9998818635940552,-0.0051446706056594,-0.0059470864944159,0.0132107147946953,22.903
1785956113964,0.9998818635940552,-0.0051446706056594,-0.0059470864944159,0.0132107147946953,22.913
1785956113974,0.9998818635940552,-0.0051446706056594,-0.0059470864944159,0.0132107147946953,22.923
1785956113984,0.9998818635940552,-0.0051446706056594,-0.0059470864944159,0.0132107147946953,22.933
1785956113995,0.9998818635940552,-0.0051446706056594,-0.0059470864944159,0.0132107147946953,22.944
1785956114005,0.9998818635940552,-0.0051446706056594,-0.0059470864944159,0.0132107147946953,22.954
1785956114015,0.9998818635940552,-0.0051446706056594,-0.0059470864944159,0.0132107147946953,22.964
1785956114025,0.9998818635940552,-0.0051446706056594,-0.0059470864944159,0.0132107147946953,22.974
1785956114034,0.9998818635940552,-0.0051446706056594,-0.0059470864944159,0.0132107147946953,22.983
1785956114044,0.9998818635940552,-0.0051446706056594,-0.0059470864944159,0.0132107147946953,22.993
1785956114055,0.9998818635940552,-0.0051446706056594,-0.0059470864944159,0.0132107147946953,23.004
1785956114065,0.9998818635940552,-0.0051446706056594,-0.0059470864944159,0.0132107147946953,23.014
1785956114075,0.9998818635940552,-0.0051446706056594,-0.0059470864944159,0.0132107147946953,23.024
1785956114085,0.9998818635940552,-0.0051446706056594,-0.0059470864944159,0.0132107147946953,23.034
1785956114096,0.9998818635940552,-0.0051446706056594,-0.0059470864944159,0.0132107147946953,23.045
1785956114106,0.9998818635940552,-0.0051446706056594,-0.0059470864944159,0.0132107147946953,23.055
1785956114116,0.9998818635940552,-0.0051446706056594,-0.0059470864944159,0.0132107147946953,23.065
1785956114125,0.9998818635940552,-0.0051446706056594,-0.0059470864944159,0.0132107147946953,23.074
1785956114135,0.9998818635940552,-0.0051446706056594,-0.0059470864944159,0.0132107147946953,23.084
1785956114145,0.9998818635940552,-0.0051446706056594,-0.0059470864944159,0.0132107147946953,23.094
1785956114156,0.9998818635940552,-0.0051446706056594,-0.0059470864944159,0.0132107147946953,23.105
1785956114166,0.9998818635940552,-0.0051446706056594,-0.0059470864944159,0.0132107147946953,23.115
1785956114176,0.9998818635940552,-0.0051446706056594,-0.0059470864944159,0.0132107147946953,23.125
1785956114186,0.9998818635940552,-0.0051446706056594,-0.0059470864944159,0.0132107147946953,23.135
1785956114197,0.9998818635940552,-0.0051446706056594,-0.0059470864944159,0.0132107147946953,23.146
1785956114206,0.9998818635940552,-0.0051446706056594,-0.0059470864944159,0.0132107147946953,23.155
1785956114216,0.9998818635940552,-0.0051446706056594,-0.0059470864944159,0.0132107147946953,23.165
1785956114226,0.9998818635940552,-0.0051446706056594,-0.0059470864944159,0.0132107147946953,23.175
1785956114236,0.9998818635940552,-0.0051446706056594,-0.0059470864944159,0.0132107147946953,23.185
1785956114247,0.9998818635940552,-0.0051446706056594,-0.0059470864944159,0.0132107147946953,23.196
1785956114257,0.9998818635940552,-0.0051446706056594,-0.0059470864944159,0.0132107147946953,23.206
1785956114267,0.9998818635940552,-0.0051446706056594,-0.0059470864944159,0.0132107147946953,23.216
1785956114277,0.9998818635940552,-0.0051446706056594,-0.0059470864944159,0.0132107147946953,23.226
1785956114286,0.9998818635940552,-0.0051446706056594,-0.0059470864944159,0.0132107147946953,23.235
1785956114296,0.9998818635940552,-0.0051446706056594,-0.0059470864944159,0.0132107147946953,23.245
1785956114307,0.9998818635940552,-0.0051446706056594,-0.0059470864944159,0.0132107147946953,23.256
1785956114317,0.9998818635940552,-0.0051446706056594,-0.0059470864944159,0.0132107147946953,23.266
1785956114327,0.9998818635940552,-0.0051446706056594,-0.0059470864944159,0.0132107147946953,23.276
1785956114337,0.9998818635940552,-0.0051446706056594,-0.0059470864944159,0.0132107147946953,23.286
1785956114348,0.9998818635940552,-0.0051446706056594,-0.0059470864944159,0.0132107147946953,23.297
1785956114358,0.9998818635940552,-0.0051446706056594,-0.0059470864944159,0.0132107147946953,23.307
1785956114367,0.9998818635940552,-0.0051446706056594,-0.0059470864944159,0.0132107147946953,23.316
1785956114377,0.9998818635940552,-0.0051446706056594,-0.0059470864944159,0.0132107147946953,23.326
1785956114387,0.9998818635940552,-0.0051446706056594,-0.0059470864944159,0.0132107147946953,23.336
1785956114397,0.9998818635940552,-0.0051446706056594,-0.0059470864944159,0.0132107147946953,23.346
1785956114408,0.9998818635940552,-0.0051446706056594,-0.0059470864944159,0.0132107147946953,23.357
1785956114418,0.9998818635940552,-0.0051446706056594,-0.0059470864944159,0.0132107147946953,23.367
1785956114428,0.9998818635940552,-0.0051446706056594,-0.0059470864944159,0.0132107147946953,23.377
1785956114438,0.9998818635940552,-0.0051446706056594,-0.0059470864944159,0.0132107147946953,23.387
1785956114447,0.9998818635940552,-0.0051446706056594,-0.0059470864944159,0.0132107147946953,23.396
1785956114457,0.9998818635940552,-0.0051446706056594,-0.0059470864944159,0.0132107147946953,23.406
1785956114468,0.9998818635940552,-0.0051446706056594,-0.0059470864944159,0.0132107147946953,23.417
1785956114478,0.9998818635940552,-0.0051446706056594,-0.0059470864944159,0.0132107147946953,23.427
1785956114488,0.9998818635940552,-0.0051446706056594,-0.0059470864944159,0.0132107147946953,23.437
1785956114498,0.9998818635940552,-0.0051446706056594,-0.0059470864944159,0.0132107147946953,23.447
1785956114509,0.9998818635940552,-0.0051446706056594,-0.0059470864944159,0.0132107147946953,23.458
1785956114519,0.9998818635940552,-0.0051446706056594,-0.0059470864944159,0.0132107147946953,23.468
1785956114528,0.9998818635940552,-0.0051446706056594,-0.0059470864944159,0.0132107147946953,23.477
1785956114538,0.999882161617279,-0.0050914087332785,-0.0059463828802108,0.0132110314443707,23.487
1785956114548,0.999882161617279,-0.0050914087332785,-0.0059463828802108,0.0132110314443707,23.497
1785956114559,0.999882161617279,-0.0050914087332785,-0.0059463828802108,0.0132110314443707,23.508
1785956114569,0.999882161617279,-0.0050914087332785,-0.0059463828802108,0.0132110314443707,23.518
1785956114579,0.999882161617279,-0.0050914087332785,-0.0059463828802108,0.0132110314443707,23.528
1785956114589,0.999882161617279,-0.0050914087332785,-0.0059463828802108,0.0132110314443707,23.538
1785956114600,0.999882161617279,-0.0050914087332785,-0.0059463828802108,0.0132110314443707,23.549
1785956114610,0.999882161617279,-0.0050914087332785,-0.0059463828802108,0.0132110314443707,23.559
1785956114619,0.999882161617279,-0.0050914087332785,-0.0059463828802108,0.0132110314443707,23.568
1785956114629,0.999882161617279,-0.0050914087332785,-0.0059463828802108,0.0132110314443707,23.578
1785956114639,0.999882161617279,-0.0050914087332785,-0.0059463828802108,0.0132110314443707,23.588
1785956114649,0.999882161617279,-0.0050914087332785,-0.0059463828802108,0.0132110314443707,23.598
1785956114660,0.999882161617279,-0.0050914087332785,-0.0059463828802108,0.0132110314443707,23.609
1785956114670,0.999882161617279,-0.0050914087332785,-0.0059463828802108,0.0132110314443707,23.619
1785956114680,0.999882161617279,-0.0050914087332785,-0.0059463828802108,0.0132110314443707,23.629
1785956114690,0.999882161617279,-0.0050914087332785,-0.0059463828802108,0.0132110314443707,23.639
1785956114699,0.999882161617279,-0.0050914087332785,-0.0059463828802108,0.0132110314443707,23.648
1785956114709,0.999882161617279,-0.0050914087332785,-0.0059463828802108,0.0132110314443707,23.658
1785956114720,0.999882161617279,-0.0050914087332785,-0.0059463828802108,0.0132110314443707,23.669
1785956114730,0.999882161617279,-0.0050914087332785,-0.0059463828802108,0.0132110314443707,23.679
1785956114740,0.999882161617279,-0.0050914087332785,-0.0059463828802108,0.0132110314443707,23.689
1785956114750,0.999882161617279,-0.0050914087332785,-0.0059463828802108,0.0132110314443707,23.699
1785956114761,0.999882161617279,-0.0050914087332785,-0.0059463828802108,0.0132110314443707,23.71
1785956114771,0.999882161617279,-0.0050914087332785,-0.0059463828802108,0.0132110314443707,23.72
1785956114780,0.999882161617279,-0.0050914087332785,-0.0059463828802108,0.0132110314443707,23.729
1785956114790,0.999882161617279,-0.0050914087332785,-0.0059463828802108,0.0132110314443707,23.739
1785956114800,0.999882161617279,-0.0050914087332785,-0.0059463828802108,0.0132110314443707,23.749
1785956114810,0.999882161617279,-0.0050914087332785,-0.0059463828802108,0.0132110314443707,23.759
1785956114821,0.999882161617279,-0.0050914087332785,-0.0059463828802108,0.0132110314443707,23.77
1785956114831,0.999882161617279,-0.0050914087332785,-0.0059463828802108,0.0132110314443707,23.78
1785956114841,0.999882161617279,-0.0050914087332785,-0.0059463828802108,0.0132110314443707,23.79
1785956114851,0.999882161617279,-0.0050914087332785,-0.0059463828802108,0.0132110314443707,23.8
1785956114862,0.999882161617279,-0.0050914087332785,-0.0059463828802108,0.0132110314443707,23.811
1785956114871,0.999882161617279,-0.0050914087332785,-0.0059463828802108,0.0132110314443707,23.82
1785956114881,0.999882161617279,-0.0050914087332785,-0.0059463828802108,0.0132110314443707,23.83
1785956114891,0.999882161617279,-0.0050914087332785,-0.0059463828802108,0.0132110314443707,23.84
1785956114901,0.999882161617279,-0.0050914087332785,-0.0059463828802108,0.0132110314443707,23.85
1785956114912,0.999882161617279,-0.0050914087332785,-0.0059463828802108,0.0132110314443707,23.861
1785956114922,0.999882161617279,-0.0050914087332785,-0.0059463828802108,0.0132110314443707,23.871
1785956114932,0.999882161617279,-0.0050914087332785,-0.0059463828802108,0.0132110314443707,23.881
1785956114942,0.999882161617279,-0.0050914087332785,-0.0059463828802108,0.0132110314443707,23.891
1785956114951,0.999882161617279,-0.0050914087332785,-0.0059463828802108,0.0132110314443707,23.9
1785956114961,0.999882161617279,-0.0050914087332785,-0.0059463828802108,0.0132110314443707,23.91
1785956114972,0.999882161617279,-0.0050914087332785,-0.0059463828802108,0.0132110314443707,23.921
1785956114982,0.999882161617279,-0.0050914087332785,-0.0059463828802108,0.0132110314443707,23.931
1785956114992,0.999882161617279,-0.0050914087332785,-0.0059463828802108,0.0132110314443707,23.941
1785956115002,0.999882161617279,-0.0050914087332785,-0.0059463828802108,0.0132110314443707,23.951
1785956115013,0.999882161617279,-0.0050914087332785,-0.0059463828802108,0.0132110314443707,23.962
1785956115023,0.999882161617279,-0.0050914087332785,-0.0059463828802108,0.0132110314443707,23.972
1785956115032,0.999882161617279,-0.0050914087332785,-0.0059463828802108,0.0132110314443707,23.981
1785956115042,0.999882161617279,-0.0050914087332785,-0.0059463828802108,0.0132110314443707,23.991
1785956115052,0.999882161617279,-0.0050914087332785,-0.0059463828802108,0.0132110314443707,24.001
1785956115062,0.999882161617279,-0.0050914087332785,-0.0059463828802108,0.0132110314443707,24.011
1785956115073,0.999882161617279,-0.0050914087332785,-0.0059463828802108,0.0132110314443707,24.022
1785956115083,0.999882161617279,-0.0050914087332785,-0.0059463828802108,0.0132110314443707,24.032
1785956115093,0.999882161617279,-0.0050914087332785,-0.0059463828802108,0.0132110314443707,24.042
1785956115103,0.999882161617279,-0.0050914087332785,-0.0059463828802108,0.0132110314443707,24.052
1785956115112,0.999882161617279,-0.0050914087332785,-0.0059463828802108,0.0132110314443707,24.061
1785956115122,0.999882161617279,-0.0050914087332785,-0.0059463828802108,0.0132110314443707,24.071
1785956115133,0.999882161617279,-0.0050914087332785,-0.0059463828802108,0.0132110314443707,24.082
1785956115143,0.999882161617279,-0.0050914087332785,-0.0059463828802108,0.0132110314443707,24.092
1785956115153,0.999882161617279,-0.0050914087332785,-0.0059463828802108,0.0132110314443707,24.102
1785956115164,0.999882161617279,-0.0050914087332785,-0.0059463828802108,0.0132110314443707,24.113
1785956115174,0.999882161617279,-0.0050914087332785,-0.0059463828802108,0.0132110314443707,24.123
1785956115184,0.999882161617279,-0.0050914087332785,-0.0059463828802108,0.0132110314443707,24.133
1785956115193,0.999882161617279,-0.0050914087332785,-0.0059463828802108,0.0132110314443707,24.142
1785956115203,0.999882161617279,-0.0050914087332785,-0.0059463828802108,0.0132110314443707,24.152
1785956115213,0.999882161617279,-0.0050914087332785,-0.0059463828802108,0.0132110314443707,24.162
1785956115224,0.999882161617279,-0.0050914087332785,-0.0059463828802108,0.0132110314443707,24.173
1785956115234,0.999882161617279,-0.0050914087332785,-0.0059463828802108,0.0132110314443707,24.183
1785956115244,0.999882161617279,-0.0050914087332785,-0.0059463828802108,0.0132110314443707,24.193
1785956115254,0.999882161617279,-0.0050914087332785,-0.0059463828802108,0.0132110314443707,24.203
1785956115265,0.999882161617279,-0.0050914087332785,-0.0059463828802108,0.0132110314443707,24.214
1785956115275,0.999882161617279,-0.0050914087332785,-0.0059463828802108,0.0132110314443707,24.224
1785956115284,0.999882161617279,-0.0050914087332785,-0.0059463828802108,0.0132110314443707,24.233
1785956115294,0.999882161617279,-0.0050914087332785,-0.0059463828802108,0.0132110314443707,24.243
1785956115304,0.999882161617279,-0.0050914087332785,-0.0059463828802108,0.0132110314443707,24.253
1785956115314,0.999882161617279,-0.0050914087332785,-0.0059463828802108,0.0132110314443707,24.263
1785956115325,0.999882161617279,-0.0050914087332785,-0.0059463828802108,0.0132110314443707,24.274
1785956115335,0.999882161617279,-0.0050914087332785,-0.0059463828802108,0.0132110314443707,24.284
1785956115345,0.999882161617279,-0.0050914087332785,-0.0059463828802108,0.0132110314443707,24.294
1785956115355,0.999882161617279,-0.0050914087332785,-0.0059463828802108,0.0132110314443707,24.304
1785956115364,0.999882161617279,-0.0050914087332785,-0.0059463828802108,0.0132110314443707,24.313
1785956115374,0.999882161617279,-0.0050914087332785,-0.0059463828802108,0.0132110314443707,24.323
1785956115385,0.999882161617279,-0.0050914087332785,-0.0059463828802108,0.0132110314443707,24.334
1785956115395,0.999882161617279,-0.0050914087332785,-0.0059463828802108,0.0132110314443707,24.344
1785956115405,0.999882161617279,-0.0050914087332785,-0.0059463828802108,0.0132110314443707,24.354
1785956115415,0.999882161617279,-0.0050914087332785,-0.0059463828802108,0.0132110314443707,24.364
1785956115426,0.999882161617279,-0.0050914087332785,-0.0059463828802108,0.0132110314443707,24.375
1785956115436,0.999882161617279,-0.0050914087332785,-0.0059463828802108,0.0132110314443707,24.385
1785956115446,0.999882161617279,-0.0050914087332785,-0.0059463828802108,0.0132110314443707,24.395
1785956115455,0.999882161617279,-0.0050914087332785,-0.0059463828802108,0.0132110314443707,24.404
1785956115465,0.999882161617279,-0.0050914087332785,-0.0059463828802108,0.0132110314443707,24.414
1785956115476,0.999882161617279,-0.0050914087332785,-0.0059463828802108,0.0132110314443707,24.425
1785956115486,0.999882161617279,-0.0050914087332785,-0.0059463828802108,0.0132110314443707,24.435
1785956115496,0.999882161617279,-0.0050914087332785,-0.0059463828802108,0.0132110314443707,24.445
1785956115506,0.999882161617279,-0.0050914087332785,-0.0059463828802108,0.0132110314443707,24.455
1785956115517,0.999882161617279,-0.0050914087332785,-0.0059463828802108,0.0132110314443707,24.466
1785956115527,0.999882161617279,-0.0050914087332785,-0.0059463828802108,0.0132110314443707,24.476
1785956115536,0.999882161617279,-0.0050914087332785,-0.0059463828802108,0.0132110314443707,24.485
1785956115546,0.999882161617279,-0.0050914087332785,-0.0059463828802108,0.0132110314443707,24.495
1785956115556,0.999882161617279,-0.0050914087332785,-0.0059463828802108,0.0132110314443707,24.505
1785956115566,0.999882161617279,-0.0050914087332785,-0.0059463828802108,0.0132110314443707,24.515
1785956115577,0.999882161617279,-0.0050914087332785,-0.0059463828802108,0.0132110314443707,24.526
1785956115587,0.999882161617279,-0.0050914087332785,-0.0059463828802108,0.0132110314443707,24.536
1785956115597,0.999882161617279,-0.0050914087332785,-0.0059463828802108,0.0132110314443707,24.546
1785956115607,0.999882161617279,-0.0050914087332785,-0.0059463828802108,0.0132110314443707,24.556
1785956115616,0.999882161617279,-0.0050914087332785,-0.0059463828802108,0.0132110314443707,24.565
1785956115626,0.999882161617279,-0.0050914087332785,-0.0059463828802108,0.0132110314443707,24.575
1785956115637,0.999882161617279,-0.0050914087332785,-0.0059463828802108,0.0132110314443707,24.586
1785956115647,0.999882161617279,-0.0050914087332785,-0.0059463828802108,0.0132110314443707,24.596
1785956115657,0.999882161617279,-0.0050914087332785,-0.0059463828802108,0.0132110314443707,24.606
1785956115667,0.999882161617279,-0.0050914087332785,-0.0059463828802108,0.0132110314443707,24.616
1785956115678,0.999882161617279,-0.0050914087332785,-0.0059463828802108,0.0132110314443707,24.627
1785956115688,0.999882161617279,-0.0050914087332785,-0.0059463828802108,0.0132110314443707,24.637
1785956115697,0.999882161617279,-0.0050914087332785,-0.0059463828802108,0.0132110314443707,24.646
1785956115707,0.999882161617279,-0.0050914087332785,-0.0059463828802108,0.0132110314443707,24.656
1785956115717,0.999882161617279,-0.0050914087332785,-0.0059463828802108,0.0132110314443707,24.666
1785956115727,0.999882161617279,-0.0050914087332785,-0.0059463828802108,0.0132110314443707,24.676
1785956115738,0.999882161617279,-0.0050914087332785,-0.0059463828802108,0.0132110314443707,24.687
1785956115748,0.999882161617279,-0.0050914087332785,-0.0059463828802108,0.0132110314443707,24.697
1785956115758,0.999882161617279,-0.0050914087332785,-0.0059463828802108,0.0132110314443707,24.707
1785956115768,0.999882161617279,-0.0050914087332785,-0.0059463828802108,0.0132110314443707,24.717
1785956115777,0.999882161617279,-0.0050914087332785,-0.0059463828802108,0.0132110314443707,24.726
1785956115788,0.999882161617279,-0.0050914087332785,-0.0059463828802108,0.0132110314443707,24.737
1785956115798,0.999882161617279,-0.0050914087332785,-0.0059463828802108,0.0132110314443707,24.747
1785956115808,0.999882161617279,-0.0050914087332785,-0.0059463828802108,0.0132110314443707,24.757
1785956115818,0.999882161617279,-0.0050914087332785,-0.0059463828802108,0.0132110314443707,24.767
1785956115829,0.999882161617279,-0.0050914087332785,-0.0059463828802108,0.0132110314443707,24.778
1785956115839,0.999882161617279,-0.0050914087332785,-0.0059463828802108,0.0132110314443707,24.788
1785956115849,0.999882161617279,-0.0050914087332785,-0.0059463828802108,0.0132110314443707,24.798
1785956115859,0.999882161617279,-0.0050914087332785,-0.0059463828802108,0.0132110314443707,24.808
1785956115868,0.999882161617279,-0.0050914087332785,-0.0059463828802108,0.0132110314443707,24.817
1785956115878,0.999882161617279,-0.0050914087332785,-0.0059463828802108,0.0132110314443707,24.827
1785956115889,0.999882161617279,-0.0050914087332785,-0.0059463828802108,0.0132110314443707,24.838
1785956115899,0.999882161617279,-0.0050914087332785,-0.0059463828802108,0.0132110314443707,24.848
1785956115909,0.999882161617279,-0.0050914087332785,-0.0059463828802108,0.0132110314443707,24.858
1785956115919,0.999882161617279,-0.0050914087332785,-0.0059463828802108,0.0132110314443707,24.868
1785956115930,0.999882161617279,-0.0050914087332785,-0.0059463828802108,0.0132110314443707,24.879
1785956115940,0.999882161617279,-0.0050914087332785,-0.0059463828802108,0.0132110314443707,24.889
1785956115949,0.999882161617279,-0.0050914087332785,-0.0059463828802108,0.0132110314443707,24.898
1785956115959,0.999882161617279,-0.0050914087332785,-0.0059463828802108,0.0132110314443707,24.908
1785956115969,0.999882161617279,-0.0050914087332785,-0.0059463828802108,0.0132110314443707,24.918
1785956115979,0.999882161617279,-0.0050914087332785,-0.0059463828802108,0.0132110314443707,24.928
1785956115990,0.999882161617279,-0.0050914087332785,-0.0059463828802108,0.0132110314443707,24.939
1785956116000,0.999882161617279,-0.0050914087332785,-0.0059463828802108,0.0132110314443707,24.949
1785956116010,0.999882161617279,-0.0050914087332785,-0.0059463828802108,0.0132110314443707,24.959
1785956116020,0.999882161617279,-0.0050914087332785,-0.0059463828802108,0.0132110314443707,24.969
1785956116029,0.999882161617279,-0.0050914087332785,-0.0059463828802108,0.0132110314443707,24.978
1785956116039,0.999882161617279,-0.0050914087332785,-0.0059463828802108,0.0132110314443707,24.988
1785956116050,0.999882161617279,-0.0050914087332785,-0.0059463828802108,0.0132110314443707,24.999
1785956116060,0.999882161617279,-0.0050914087332785,-0.0059463828802108,0.0132110314443707,25.009
1785956116070,0.999882161617279,-0.0050914087332785,-0.0059463828802108,0.0132110314443707,25.019
1785956116081,0.999882161617279,-0.0050914087332785,-0.0059463828802108,0.0132110314443707,25.03
1785956116091,0.999882161617279,-0.0050914087332785,-0.0059463828802108,0.0132110314443707,25.04
1785956116101,0.999882161617279,-0.0050914087332785,-0.0059463828802108,0.0132110314443707,25.05
1785956116110,0.999882161617279,-0.0050914087332785,-0.0059463828802108,0.0132110314443707,25.059
1785956116120,0.999882161617279,-0.0050914087332785,-0.0059463828802108,0.0132110314443707,25.069
1785956116130,0.999882161617279,-0.0050914087332785,-0.0059463828802108,0.0132110314443707,25.079
1785956116141,0.999882161617279,-0.0050914087332785,-0.0059463828802108,0.0132110314443707,25.09
1785956116151,0.999882161617279,-0.0050914087332785,-0.0059463828802108,0.0132110314443707,25.1
1785956116161,0.999882161617279,-0.0050914087332785,-0.0059463828802108,0.0132110314443707,25.11
1785956116171,0.999882161617279,-0.0050914087332785,-0.0059463828802108,0.0132110314443707,25.12
1785956116182,0.999882161617279,-0.0050914087332785,-0.0059463828802108,0.0132110314443707,25.131
1785956116190,0.999882161617279,-0.0050914087332785,-0.0059463828802108,0.0132110314443707,25.139
1785956116201,0.999882161617279,-0.0050914087332785,-0.0059463828802108,0.0132110314443707,25.15
1785956116211,0.999882161617279,-0.0050914087332785,-0.0059463828802108,0.0132110314443707,25.16
1785956116221,0.999882161617279,-0.0050914087332785,-0.0059463828802108,0.0132110314443707,25.17
1785956116231,0.999882161617279,-0.0050914087332785,-0.0059463828802108,0.0132110314443707,25.18
1785956116242,0.999882161617279,-0.0050914087332785,-0.0059463828802108,0.0132110314443707,25.191
1785956116252,0.999882161617279,-0.0050914087332785,-0.0059463828802108,0.0132110314443707,25.201
1785956116262,0.999882161617279,-0.0050914087332785,-0.0059463828802108,0.0132110314443707,25.211
1785956116272,0.999882161617279,-0.0050914087332785,-0.0059463828802108,0.0132110314443707,25.221
1785956116281,0.999882161617279,-0.0050914087332785,-0.0059463828802108,0.0132110314443707,25.23
1785956116291,0.999882161617279,-0.0050914087332785,-0.0059463828802108,0.0132110314443707,25.24
1785956116302,0.999882161617279,-0.0050914087332785,-0.0059463828802108,0.0132110314443707,25.251
1785956116312,0.999882161617279,-0.0050914087332785,-0.0059463828802108,0.0132110314443707,25.261
1785956116322,0.9998823404312134,-0.0050381463952362,-0.0059456783346831,0.0132113462314009,25.271
1785956116332,0.9998823404312134,-0.0050381463952362,-0.0059456783346831,0.0132113462314009,25.281
1785956116343,0.9998823404312134,-0.0050381463952362,-0.0059456783346831,0.0132113462314009,25.292
1785956116353,0.9998823404312134,-0.0050381463952362,-0.0059456783346831,0.0132113462314009,25.302
1785956116362,0.9998823404312134,-0.0050381463952362,-0.0059456783346831,0.0132113462314009,25.311
1785956116372,0.9998823404312134,-0.0050381463952362,-0.0059456783346831,0.0132113462314009,25.321
1785956116382,0.9998823404312134,-0.0050381463952362,-0.0059456783346831,0.0132113462314009,25.331
1785956116393,0.9998823404312134,-0.0050381463952362,-0.0059456783346831,0.0132113462314009,25.342
1785956116403,0.9998823404312134,-0.0050381463952362,-0.0059456783346831,0.0132113462314009,25.352
1785956116413,0.9998823404312134,-0.0050381463952362,-0.0059456783346831,0.0132113462314009,25.362
1785956116423,0.9998823404312134,-0.0050381463952362,-0.0059456783346831,0.0132113462314009,25.372
1785956116434,0.9998823404312134,-0.0050381463952362,-0.0059456783346831,0.0132113462314009,25.383
1785956116442,0.9998823404312134,-0.0050381463952362,-0.0059456783346831,0.0132113462314009,25.391
1785956116453,0.9998823404312134,-0.0050381463952362,-0.0059456783346831,0.0132113462314009,25.402
1785956116463,0.9998823404312134,-0.0050381463952362,-0.0059456783346831,0.0132113462314009,25.412
1785956116473,0.9998823404312134,-0.0050381463952362,-0.0059456783346831,0.0132113462314009,25.422
1785956116483,0.9998823404312134,-0.0050381463952362,-0.0059456783346831,0.0132113462314009,25.432
1785956116494,0.9998823404312134,-0.0050381463952362,-0.0059456783346831,0.0132113462314009,25.443
1785956116504,0.9998823404312134,-0.0050381463952362,-0.0059456783346831,0.0132113462314009,25.453
1785956116514,0.9998823404312134,-0.0050381463952362,-0.0059456783346831,0.0132113462314009,25.463
1785956116523,0.9998823404312134,-0.0050381463952362,-0.0059456783346831,0.0132113462314009,25.472
1785956116533,0.9998823404312134,-0.0050381463952362,-0.0059456783346831,0.0132113462314009,25.482
1785956116543,0.9998823404312134,-0.0050381463952362,-0.0059456783346831,0.0132113462314009,25.492
1785956116554,0.9998823404312134,-0.0050381463952362,-0.0059456783346831,0.0132113462314009,25.503
1785956116564,0.9998823404312134,-0.0050381463952362,-0.0059456783346831,0.0132113462314009,25.513
1785956116574,0.9998823404312134,-0.0050381463952362,-0.0059456783346831,0.0132113462314009,25.523
1785956116584,0.9998823404312134,-0.0050381463952362,-0.0059456783346831,0.0132113462314009,25.533
1785956116595,0.9998823404312134,-0.0050381463952362,-0.0059456783346831,0.0132113462314009,25.544
1785956116605,0.9998823404312134,-0.0050381463952362,-0.0059456783346831,0.0132113462314009,25.554
1785956116614,0.9998823404312134,-0.0050381463952362,-0.0059456783346831,0.0132113462314009,25.563
1785956116624,0.9998823404312134,-0.0050381463952362,-0.0059456783346831,0.0132113462314009,25.573
1785956116634,0.9998823404312134,-0.0050381463952362,-0.0059456783346831,0.0132113462314009,25.583
1785956116644,0.9998823404312134,-0.0050381463952362,-0.0059456783346831,0.0132113462314009,25.593
1785956116655,0.9998823404312134,-0.0050381463952362,-0.0059456783346831,0.0132113462314009,25.604
1785956116665,0.9998823404312134,-0.0050381463952362,-0.0059456783346831,0.0132113462314009,25.614
1785956116675,0.9998823404312134,-0.0050381463952362,-0.0059456783346831,0.0132113462314009,25.624
1785956116685,0.9998823404312134,-0.0050381463952362,-0.0059456783346831,0.0132113462314009,25.634
1785956116694,0.9998823404312134,-0.0050381463952362,-0.0059456783346831,0.0132113462314009,25.643
1785956116705,0.9998823404312134,-0.0050381463952362,-0.0059456783346831,0.0132113462314009,25.654
1785956116715,0.9998823404312134,-0.0050381463952362,-0.0059456783346831,0.0132113462314009,25.664
1785956116725,0.9998823404312134,-0.0050381463952362,-0.0059456783346831,0.0132113462314009,25.674
1785956116735,0.9998823404312134,-0.0050381463952362,-0.0059456783346831,0.0132113462314009,25.684
1785956116746,0.9998823404312134,-0.0050381463952362,-0.0059456783346831,0.0132113462314009,25.695
1785956116756,0.9998823404312134,-0.0050381463952362,-0.0059456783346831,0.0132113462314009,25.705
1785956116766,0.9998823404312134,-0.0050381463952362,-0.0059456783346831,0.0132113462314009,25.715
1785956116775,0.9998823404312134,-0.0050381463952362,-0.0059456783346831,0.0132113462314009,25.724
1785956116785,0.9998823404312134,-0.0050381463952362,-0.0059456783346831,0.0132113462314009,25.734
1785956116795,0.9998823404312134,-0.0050381463952362,-0.0059456783346831,0.0132113462314009,25.744
1785956116806,0.9998823404312134,-0.0050381463952362,-0.0059456783346831,0.0132113462314009,25.755
1785956116816,0.9998823404312134,-0.0050381463952362,-0.0059456783346831,0.0132113462314009,25.765
1785956116826,0.9998823404312134,-0.0050381463952362,-0.0059456783346831,0.0132113462314009,25.775
1785956116836,0.9998823404312134,-0.0050381463952362,-0.0059456783346831,0.0132113462314009,25.785
1785956116847,0.9998823404312134,-0.0050381463952362,-0.0059456783346831,0.0132113462314009,25.796
1785956116855,0.9998823404312134,-0.0050381463952362,-0.0059456783346831,0.0132113462314009,25.804
1785956116866,0.9998823404312134,-0.0050381463952362,-0.0059456783346831,0.0132113462314009,25.815
1785956116876,0.9998823404312134,-0.0050381463952362,-0.0059456783346831,0.0132113462314009,25.825
1785956116886,0.9998823404312134,-0.0050381463952362,-0.0059456783346831,0.0132113462314009,25.835
1785956116896,0.9998823404312134,-0.0050381463952362,-0.0059456783346831,0.0132113462314009,25.845
1785956116907,0.9998823404312134,-0.0050381463952362,-0.0059456783346831,0.0132113462314009,25.856
1785956116917,0.9998823404312134,-0.0050381463952362,-0.0059456783346831,0.0132113462314009,25.866
1785956116927,0.9998823404312134,-0.0050381463952362,-0.0059456783346831,0.0132113462314009,25.876
1785956116937,0.9998823404312134,-0.0050381463952362,-0.0059456783346831,0.0132113462314009,25.886
1785956116946,0.9998823404312134,-0.0050381463952362,-0.0059456783346831,0.0132113462314009,25.895
1785956116956,0.9998823404312134,-0.0050381463952362,-0.0059456783346831,0.0132113462314009,25.905
1785956116967,0.9998823404312134,-0.0050381463952362,-0.0059456783346831,0.0132113462314009,25.916
1785956116977,0.9998823404312134,-0.0050381463952362,-0.0059456783346831,0.0132113462314009,25.926
1785956116987,0.9998823404312134,-0.0050381463952362,-0.0059456783346831,0.0132113462314009,25.936
1785956116997,0.9998823404312134,-0.0050381463952362,-0.0059456783346831,0.0132113462314009,25.946
1785956117008,0.9998823404312134,-0.0050381463952362,-0.0059456783346831,0.0132113462314009,25.957
1785956117018,0.9998823404312134,-0.0050381463952362,-0.0059456783346831,0.0132113462314009,25.967
1785956117027,0.9998823404312134,-0.0050381463952362,-0.0059456783346831,0.0132113462314009,25.976
1785956117037,0.9998823404312134,-0.0050381463952362,-0.0059456783346831,0.0132113462314009,25.986
1785956117047,0.9998823404312134,-0.0050381463952362,-0.0059456783346831,0.0132113462314009,25.996
1785956117058,0.9998823404312134,-0.0050381463952362,-0.0059456783346831,0.0132113462314009,26.007
1785956117068,0.9998823404312134,-0.0050381463952362,-0.0059456783346831,0.0132113462314009,26.017
1785956117078,0.9998823404312134,-0.0050381463952362,-0.0059456783346831,0.0132113462314009,26.027
1785956117088,0.9998823404312134,-0.0050381463952362,-0.0059456783346831,0.0132113462314009,26.037
1785956117099,0.9998823404312134,-0.0050381463952362,-0.0059456783346831,0.0132113462314009,26.048
1785956117107,0.9998823404312134,-0.0050381463952362,-0.0059456783346831,0.0132113462314009,26.056
1785956117118,0.9998823404312134,-0.0050381463952362,-0.0059456783346831,0.0132113462314009,26.067
1785956117128,0.9998823404312134,-0.0050381463952362,-0.0059456783346831,0.0132113462314009,26.077
1785956117138,0.9998823404312134,-0.0050381463952362,-0.0059456783346831,0.0132113462314009,26.087
1785956117148,0.9998823404312134,-0.0050381463952362,-0.0059456783346831,0.0132113462314009,26.097
1785956117159,0.9998823404312134,-0.0050381463952362,-0.0059456783346831,0.0132113462314009,26.108
1785956117169,0.9998823404312134,-0.0050381463952362,-0.0059456783346831,0.0132113462314009,26.118
1785956117179,0.9998823404312134,-0.0050381463952362,-0.0059456783346831,0.0132113462314009,26.128
1785956117189,0.9998823404312134,-0.0050381463952362,-0.0059456783346831,0.0132113462314009,26.138
1785956117198,0.9998823404312134,-0.0050381463952362,-0.0059456783346831,0.0132113462314009,26.147
1785956117208,0.9998823404312134,-0.0050381463952362,-0.0059456783346831,0.0132113462314009,26.157
1785956117219,0.9998823404312134,-0.0050381463952362,-0.0059456783346831,0.0132113462314009,26.168
1785956117229,0.9998823404312134,-0.0050381463952362,-0.0059456783346831,0.0132113462314009,26.178
1785956117239,0.9998823404312134,-0.0050381463952362,-0.0059456783346831,0.0132113462314009,26.188
1785956117249,0.9998823404312134,-0.0050381463952362,-0.0059456783346831,0.0132113462314009,26.198
1785956117260,0.9998823404312134,-0.0050381463952362,-0.0059456783346831,0.0132113462314009,26.209
1785956117270,0.9998823404312134,-0.0050381463952362,-0.0059456783346831,0.0132113462314009,26.219
1785956117279,0.9998823404312134,-0.0050381463952362,-0.0059456783346831,0.0132113462314009,26.228
1785956117289,0.9998823404312134,-0.0050381463952362,-0.0059456783346831,0.0132113462314009,26.238
1785956117299,0.9998823404312134,-0.0050381463952362,-0.0059456783346831,0.0132113462314009,26.248
1785956117310,0.9998823404312134,-0.0050381463952362,-0.0059456783346831,0.0132113462314009,26.259
1785956117320,0.9998823404312134,-0.0050381463952362,-0.0059456783346831,0.0132113462314009,26.269
1785956117330,0.9998823404312134,-0.0050381463952362,-0.0059456783346831,0.0132113462314009,26.279
1785956117340,0.9998823404312134,-0.0050381463952362,-0.0059456783346831,0.0132113462314009,26.289
1785956117351,0.9998823404312134,-0.0050381463952362,-0.0059456783346831,0.0132113462314009,26.3
1785956117359,0.9998823404312134,-0.0050381463952362,-0.0059456783346831,0.0132113462314009,26.308
1785956117370,0.9998823404312134,-0.0050381463952362,-0.0059456783346831,0.0132113462314009,26.319
1785956117380,0.9998823404312134,-0.0050381463952362,-0.0059456783346831,0.0132113462314009,26.329
1785956117390,0.9998823404312134,-0.0050381463952362,-0.0059456783346831,0.0132113462314009,26.339
1785956117400,0.9998823404312134,-0.0050381463952362,-0.0059456783346831,0.0132113462314009,26.349
1785956117411,0.9998823404312134,-0.0050381463952362,-0.0059456783346831,0.0132113462314009,26.36
1785956117421,0.9998823404312134,-0.0050381463952362,-0.0059456783346831,0.0132113462314009,26.37
1785956117431,0.9998823404312134,-0.0050381463952362,-0.0059456783346831,0.0132113462314009,26.38
1785956117440,0.9998823404312134,-0.0050381463952362,-0.0059456783346831,0.0132113462314009,26.389
1785956117450,0.9998823404312134,-0.0050381463952362,-0.0059456783346831,0.0132113462314009,26.399
1785956117460,0.9998823404312134,-0.0050381463952362,-0.0059456783346831,0.0132113462314009,26.409
1785956117471,0.9998823404312134,-0.0050381463952362,-0.0059456783346831,0.0132113462314009,26.42
1785956117481,0.9998823404312134,-0.0050381463952362,-0.0059456783346831,0.0132113462314009,26.43
1785956117491,0.9998823404312134,-0.0050381463952362,-0.0059456783346831,0.0132113462314009,26.44
1785956117501,0.9998823404312134,-0.0050381463952362,-0.0059456783346831,0.0132113462314009,26.45
1785956117512,0.9998823404312134,-0.0050381463952362,-0.0059456783346831,0.0132113462314009,26.461
1785956117522,0.9998823404312134,-0.0050381463952362,-0.0059456783346831,0.0132113462314009,26.471
1785956117531,0.9998823404312134,-0.0050381463952362,-0.0059456783346831,0.0132113462314009,26.48
1785956117541,0.9998823404312134,-0.0050381463952362,-0.0059456783346831,0.0132113462314009,26.49
1785956117551,0.9998823404312134,-0.0050381463952362,-0.0059456783346831,0.0132113462314009,26.5
1785956117561,0.9998823404312134,-0.0050381463952362,-0.0059456783346831,0.0132113462314009,26.51
1785956117572,0.9998823404312134,-0.0050381463952362,-0.0059456783346831,0.0132113462314009,26.521
1785956117582,0.9998823404312134,-0.0050381463952362,-0.0059456783346831,0.0132113462314009,26.531
1785956117592,0.9998823404312134,-0.0050381463952362,-0.0059456783346831,0.0132113462314009,26.541
1785956117602,0.9998823404312134,-0.0050381463952362,-0.0059456783346831,0.0132113462314009,26.551
1785956117611,0.9998823404312134,-0.0050381463952362,-0.0059456783346831,0.0132113462314009,26.56
1785956117622,0.9998823404312134,-0.0050381463952362,-0.0059456783346831,0.0132113462314009,26.571
1785956117632,0.9998823404312134,-0.0050381463952362,-0.0059456783346831,0.0132113462314009,26.581
1785956117642,0.9998823404312134,-0.0050381463952362,-0.0059456783346831,0.0132113462314009,26.591
1785956117652,0.9998823404312134,-0.0050381463952362,-0.0059456783346831,0.0132113462314009,26.601
1785956117663,0.9998823404312134,-0.0050381463952362,-0.0059456783346831,0.0132113462314009,26.612
1785956117673,0.9998823404312134,-0.0050381463952362,-0.0059456783346831,0.0132113462314009,26.622
1785956117683,0.9998823404312134,-0.0050381463952362,-0.0059456783346831,0.0132113462314009,26.632
1785956117692,0.9998823404312134,-0.0050381463952362,-0.0059456783346831,0.0132113462314009,26.641
1785956117702,0.9998823404312134,-0.0050381463952362,-0.0059456783346831,0.0132113462314009,26.651
1785956117712,0.9998823404312134,-0.0050381463952362,-0.0059456783346831,0.0132113462314009,26.661
1785956117723,0.9998823404312134,-0.0050381463952362,-0.0059456783346831,0.0132113462314009,26.672
1785956117733,0.9998823404312134,-0.0050381463952362,-0.0059456783346831,0.0132113462314009,26.682
1785956117743,0.9998823404312134,-0.0050381463952362,-0.0059456783346831,0.0132113462314009,26.692
1785956117753,0.9998823404312134,-0.0050381463952362,-0.0059456783346831,0.0132113462314009,26.702
1785956117764,0.9998823404312134,-0.0050381463952362,-0.0059456783346831,0.0132113462314009,26.713
1785956117772,0.9998823404312134,-0.0050381463952362,-0.0059456783346831,0.0132113462314009,26.721
1785956117783,0.9998823404312134,-0.0050381463952362,-0.0059456783346831,0.0132113462314009,26.732
1785956117793,0.9998823404312134,-0.0050381463952362,-0.0059456783346831,0.0132113462314009,26.742
1785956117803,0.9998823404312134,-0.0050381463952362,-0.0059456783346831,0.0132113462314009,26.752
1785956117813,0.9998823404312134,-0.0050381463952362,-0.0059456783346831,0.0132113462314009,26.762
1785956117824,0.9998823404312134,-0.0050381463952362,-0.0059456783346831,0.0132113462314009,26.773
1785956117834,0.9998823404312134,-0.0050381463952362,-0.0059456783346831,0.0132113462314009,26.783
1785956117844,0.9998823404312134,-0.0050381463952362,-0.0059456783346831,0.0132113462314009,26.793
1785956117853,0.9998823404312134,-0.0050381463952362,-0.0059456783346831,0.0132113462314009,26.802
1785956117863,0.9998823404312134,-0.0050381463952362,-0.0059456783346831,0.0132113462314009,26.812
1785956117873,0.9998823404312134,-0.0050381463952362,-0.0059456783346831,0.0132113462314009,26.822
1785956117884,0.9998823404312134,-0.0050381463952362,-0.0059456783346831,0.0132113462314009,26.833
1785956117894,0.9998823404312134,-0.0050381463952362,-0.0059456783346831,0.0132113462314009,26.843
1785956117904,0.9998823404312134,-0.0050381463952362,-0.0059456783346831,0.0132113462314009,26.853
1785956117914,0.9998823404312134,-0.0050381463952362,-0.0059456783346831,0.0132113462314009,26.863
1785956117925,0.9998823404312134,-0.0050381463952362,-0.0059456783346831,0.0132113462314009,26.874
1785956117934,0.9998823404312134,-0.0050381463952362,-0.0059456783346831,0.0132113462314009,26.883
1785956117944,0.9998823404312134,-0.0050381463952362,-0.0059456783346831,0.0132113462314009,26.893
1785956117954,0.9998823404312134,-0.0050381463952362,-0.0059456783346831,0.0132113462314009,26.903
1785956117964,0.9998823404312134,-0.0050381463952362,-0.0059456783346831,0.0132113462314009,26.913
1785956117975,0.9998823404312134,-0.0050381463952362,-0.0059456783346831,0.0132113462314009,26.924
1785956117985,0.9998823404312134,-0.0050381463952362,-0.0059456783346831,0.0132113462314009,26.934
1785956117995,0.9998823404312134,-0.0050381463952362,-0.0059456783346831,0.0132113462314009,26.944
1785956118005,0.9998823404312134,-0.0050381463952362,-0.0059456783346831,0.0132113462314009,26.954
1785956118016,0.9998823404312134,-0.0050381463952362,-0.0059456783346831,0.0132113462314009,26.965
1785956118024,0.9998823404312134,-0.0050381463952362,-0.0059456783346831,0.0132113462314009,26.973
1785956118035,0.9998823404312134,-0.0050381463952362,-0.0059456783346831,0.0132113462314009,26.984
1785956118045,0.9998823404312134,-0.0050381463952362,-0.0059456783346831,0.0132113462314009,26.994
1785956118055,0.9998823404312134,-0.0050381463952362,-0.0059456783346831,0.0132113462314009,27.004
1785956118065,0.9998823404312134,-0.0050381463952362,-0.0059456783346831,0.0132113462314009,27.014
1785956118076,0.9998823404312134,-0.0050381463952362,-0.0059456783346831,0.0132113462314009,27.025
1785956118086,0.9998823404312134,-0.0050381463952362,-0.0059456783346831,0.0132113462314009,27.035
1785956118096,0.9998823404312134,-0.0050381463952362,-0.0059456783346831,0.0132113462314009,27.045
1785956118105,0.9998823404312134,-0.0050381463952362,-0.0059456783346831,0.0132113462314009,27.054
1785956118115,0.9998823404312134,-0.0050381463952362,-0.0059456783346831,0.0132113462314009,27.064
1785956118125,0.9998823404312134,-0.0050381463952362,-0.0059456783346831,0.0132113462314009,27.074
1785956118136,0.9998823404312134,-0.0050381463952362,-0.0059456783346831,0.0132113462314009,27.085
1785956118146,0.9998823404312134,-0.0050381463952362,-0.0059456783346831,0.0132113462314009,27.095
1785956118156,0.9998823404312134,-0.0050381463952362,-0.0059456783346831,0.0132113462314009,27.105
1785956118166,0.9998823404312134,-0.0050381463952362,-0.0059456783346831,0.0132113462314009,27.115
1785956118177,0.9998823404312134,-0.0050381463952362,-0.0059456783346831,0.0132113462314009,27.126
1785956118187,0.9998823404312134,-0.0050381463952362,-0.0059456783346831,0.0132113462314009,27.136
1785956118196,0.9998823404312134,-0.0050381463952362,-0.0059456783346831,0.0132113462314009,27.145
1785956118206,0.9998823404312134,-0.0050381463952362,-0.0059456783346831,0.0132113462314009,27.155
1785956118216,0.9998823404312134,-0.0050381463952362,-0.0059456783346831,0.0132113462314009,27.165
1785956118226,0.9998823404312134,-0.0050381463952362,-0.0059456783346831,0.0132113462314009,27.175
1785956118237,0.9998823404312134,-0.0050381463952362,-0.0059456783346831,0.0132113462314009,27.186
1785956118247,0.9998823404312134,-0.0050381463952362,-0.0059456783346831,0.0132113462314009,27.196
1785956118257,0.9998823404312134,-0.0050381463952362,-0.0059456783346831,0.0132113462314009,27.206
1785956118266,0.9998823404312134,-0.0050381463952362,-0.0059456783346831,0.0132113462314009,27.215
1785956118276,0.9998823404312134,-0.0050381463952362,-0.0059456783346831,0.0132113462314009,27.225
1785956118287,0.9998823404312134,-0.0050381463952362,-0.0059456783346831,0.0132113462314009,27.236
1785956118297,0.9998823404312134,-0.0050381463952362,-0.0059456783346831,0.0132113462314009,27.246
1785956118307,0.9998823404312134,-0.0050381463952362,-0.0059456783346831,0.0132113462314009,27.256
1785956118317,0.9998823404312134,-0.0050381463952362,-0.0059456783346831,0.0132113462314009,27.266
1785956118328,0.9998823404312134,-0.0050381463952362,-0.0059456783346831,0.0132113462314009,27.277
1785956118338,0.9998823404312134,-0.0050381463952362,-0.0059456783346831,0.0132113462314009,27.287
1785956118348,0.9998823404312134,-0.0050381463952362,-0.0059456783346831,0.0132113462314009,27.297
1785956118357,0.9998823404312134,-0.0050381463952362,-0.0059456783346831,0.0132113462314009,27.306
1785956118367,0.9998823404312134,-0.0050381463952362,-0.0059456783346831,0.0132113462314009,27.316
1785956118377,0.9998823404312134,-0.0050381463952362,-0.0059456783346831,0.0132113462314009,27.326
1785956118388,0.9998823404312134,-0.0050381463952362,-0.0059456783346831,0.0132113462314009,27.337
1785956118398,0.9998823404312134,-0.0050381463952362,-0.0059456783346831,0.0132113462314009,27.347
1785956118408,0.9998823404312134,-0.0050381463952362,-0.0059456783346831,0.0132113462314009,27.357
1785956118418,0.9998823404312134,-0.0050381463952362,-0.0059456783346831,0.0132113462314009,27.367
1785956118429,0.9998823404312134,-0.0050381463952362,-0.0059456783346831,0.0132113462314009,27.378
1785956118437,0.9998823404312134,-0.0050381463952362,-0.0059456783346831,0.0132113462314009,27.386
1785956118448,0.9998823404312134,-0.0050381463952362,-0.0059456783346831,0.0132113462314009,27.397
1785956118458,0.9998823404312134,-0.0050381463952362,-0.0059456783346831,0.0132113462314009,27.407
1785956118468,0.9998823404312134,-0.0050381463952362,-0.0059456783346831,0.0132113462314009,27.417
1785956118478,0.9998823404312134,-0.0050381463952362,-0.0059456783346831,0.0132113462314009,27.427
1785956118489,0.9998823404312134,-0.0050381463952362,-0.0059456783346831,0.0132113462314009,27.438
1785956118499,0.9998823404312134,-0.0050381463952362,-0.0059456783346831,0.0132113462314009,27.448
1785956118509,0.9998823404312134,-0.0050381463952362,-0.0059456783346831,0.0132113462314009,27.458
1785956118518,0.9998823404312134,-0.0050381463952362,-0.0059456783346831,0.0132113462314009,27.467
1785956118528,0.9998823404312134,-0.0050381463952362,-0.0059456783346831,0.0132113462314009,27.477
1785956118539,0.9998823404312134,-0.0050381463952362,-0.0059456783346831,0.0132113462314009,27.488
1785956118549,0.9998823404312134,-0.0050381463952362,-0.0059456783346831,0.0132113462314009,27.498
1785956118559,0.9998823404312134,-0.0050381463952362,-0.0059456783346831,0.0132113462314009,27.508
1785956118569,0.9998823404312134,-0.0050381463952362,-0.0059456783346831,0.0132113462314009,27.518
1785956118580,0.9998823404312134,-0.0050381463952362,-0.0059456783346831,0.0132113462314009,27.529
1785956118590,0.9998823404312134,-0.0050381463952362,-0.0059456783346831,0.0132113462314009,27.539
1785956118599,0.9998823404312134,-0.0050381463952362,-0.0059456783346831,0.0132113462314009,27.548
1785956118609,0.9998823404312134,-0.0050381463952362,-0.0059456783346831,0.0132113462314009,27.558
1785956118619,0.9998823404312134,-0.0050381463952362,-0.0059456783346831,0.0132113462314009,27.568
1785956118629,0.9998823404312134,-0.0050381463952362,-0.0059456783346831,0.0132113462314009,27.578
1785956118640,0.9998823404312134,-0.0050381463952362,-0.0059456783346831,0.0132113462314009,27.589
1785956118650,0.9998823404312134,-0.0050381463952362,-0.0059456783346831,0.0132113462314009,27.599
1785956118660,0.9998823404312134,-0.0050381463952362,-0.0059456783346831,0.0132113462314009,27.609
1785956118670,0.9998823404312134,-0.0050381463952362,-0.0059456783346831,0.0132113462314009,27.619
1785956118681,0.9998823404312134,-0.0050381463952362,-0.0059456783346831,0.0132113462314009,27.63
1785956118689,0.9998823404312134,-0.0050381463952362,-0.0059456783346831,0.0132113462314009,27.638
1785956118700,0.9998823404312134,-0.0050381463952362,-0.0059456783346831,0.0132113462314009,27.649
1785956118710,0.9998823404312134,-0.0050381463952362,-0.0059456783346831,0.0132113462314009,27.659
1785956118720,0.9998823404312134,-0.0050381463952362,-0.0059456783346831,0.0132113462314009,27.669
1785956118730,0.9998823404312134,-0.0050381463952362,-0.0059456783346831,0.0132113462314009,27.679
1785956118741,0.9998823404312134,-0.0050381463952362,-0.0059456783346831,0.0132113462314009,27.69
1785956118751,0.9998823404312134,-0.0050381463952362,-0.0059456783346831,0.0132113462314009,27.7
1785956118761,0.9998823404312134,-0.0050381463952362,-0.0059456783346831,0.0132113462314009,27.71
1785956118770,0.9998823404312134,-0.0050381463952362,-0.0059456783346831,0.0132113462314009,27.719
1785956118780,0.9998823404312134,-0.0050381463952362,-0.0059456783346831,0.0132113462314009,27.729
1785956118790,0.9998823404312134,-0.0050381463952362,-0.0059456783346831,0.0132113462314009,27.739
1785956118801,0.9998823404312134,-0.0050381463952362,-0.0059456783346831,0.0132113462314009,27.75
1785956118811,0.9998823404312134,-0.0050381463952362,-0.0059456783346831,0.0132113462314009,27.76
1785956118821,0.9998823404312134,-0.0050381463952362,-0.0059456783346831,0.0132113462314009,27.77
1785956118831,0.9998823404312134,-0.0050381463952362,-0.0059456783346831,0.0132113462314009,27.78
1785956118842,0.9998823404312134,-0.0050381463952362,-0.0059456783346831,0.0132113462314009,27.791
1785956118852,0.9998823404312134,-0.0050381463952362,-0.0059456783346831,0.0132113462314009,27.801
1785956118861,0.9998823404312134,-0.0050381463952362,-0.0059456783346831,0.0132113462314009,27.81
1785956118871,0.9998823404312134,-0.0050381463952362,-0.0059456783346831,0.0132113462314009,27.82
1785956118881,0.9998823404312134,-0.0050381463952362,-0.0059456783346831,0.0132113462314009,27.83
1785956118892,0.9998823404312134,-0.0050381463952362,-0.0059456783346831,0.0132113462314009,27.841
1785956118902,0.9998823404312134,-0.0050381463952362,-0.0059456783346831,0.0132113462314009,27.851
1785956118912,0.9998823404312134,-0.0050381463952362,-0.0059456783346831,0.0132113462314009,27.861
1785956118922,0.9998823404312134,-0.0050381463952362,-0.0059456783346831,0.0132113462314009,27.871
1785956118933,0.9998823404312134,-0.0050381463952362,-0.0059456783346831,0.0132113462314009,27.882
1785956118941,0.9998823404312134,-0.0050381463952362,-0.0059456783346831,0.0132113462314009,27.89
1785956118952,0.9998823404312134,-0.0050381463952362,-0.0059456783346831,0.0132113462314009,27.901
1785956118962,0.9998823404312134,-0.0050381463952362,-0.0059456783346831,0.0132113462314009,27.911
1785956118972,0.9998823404312134,-0.0050381463952362,-0.0059456783346831,0.0132113462314009,27.921
1785956118982,0.9998823404312134,-0.0050381463952362,-0.0059456783346831,0.0132113462314009,27.931
1785956118993,0.9998823404312134,-0.0050381463952362,-0.0059456783346831,0.0132113462314009,27.942
1785956119003,0.9998823404312134,-0.0050381463952362,-0.0059456783346831,0.0132113462314009,27.952
1785956119013,0.9998823404312134,-0.0050381463952362,-0.0059456783346831,0.0132113462314009,27.962
1785956119022,0.9998823404312134,-0.0050381463952362,-0.0059456783346831,0.0132113462314009,27.971
1785956119032,0.9998823404312134,-0.0050381463952362,-0.0059456783346831,0.0132113462314009,27.981
1785956119042,0.9998823404312134,-0.0050381463952362,-0.0059456783346831,0.0132113462314009,27.991
1785956119053,0.9998823404312134,-0.0050381463952362,-0.0059456783346831,0.0132113462314009,28.002
1785956119063,0.9998823404312134,-0.0050381463952362,-0.0059456783346831,0.0132113462314009,28.012
1785956119073,0.9998823404312134,-0.0050381463952362,-0.0059456783346831,0.0132113462314009,28.022
1785956119083,0.9998823404312134,-0.0050381463952362,-0.0059456783346831,0.0132113462314009,28.032
1785956119094,0.9998823404312134,-0.0050381463952362,-0.0059456783346831,0.0132113462314009,28.043
1785956119102,0.9998823404312134,-0.0050381463952362,-0.0059456783346831,0.0132113462314009,28.051
1785956119113,0.9998823404312134,-0.0050381463952362,-0.0059456783346831,0.0132113462314009,28.062
1785956119123,0.9998823404312134,-0.0050381463952362,-0.0059456783346831,0.0132113462314009,28.072
1785956119133,0.9998823404312134,-0.0050381463952362,-0.0059456783346831,0.0132113462314009,28.082
1785956119143,0.9998823404312134,-0.0050381463952362,-0.0059456783346831,0.0132113462314009,28.092
1785956119154,0.9998823404312134,-0.0050381463952362,-0.0059456783346831,0.0132113462314009,28.103
1785956119164,0.9998823404312134,-0.0050381463952362,-0.0059456783346831,0.0132113462314009,28.113
1785956119174,0.9998823404312134,-0.0050381463952362,-0.0059456783346831,0.0132113462314009,28.123
1785956119183,0.9998823404312134,-0.0050381463952362,-0.0059456783346831,0.0132113462314009,28.132
1785956119193,0.9998823404312134,-0.0050381463952362,-0.0059456783346831,0.0132113462314009,28.142
1785956119204,0.9998823404312134,-0.0050381463952362,-0.0059456783346831,0.0132113462314009,28.153
1785956119214,0.9998823404312134,-0.0050381463952362,-0.0059456783346831,0.0132113462314009,28.163
1785956119224,0.9998823404312134,-0.0050381463952362,-0.0059456783346831,0.0132113462314009,28.173
1785956119234,0.9998823404312134,-0.0050381463952362,-0.0059456783346831,0.0132113462314009,28.183
1785956119245,0.9998823404312134,-0.0050381463952362,-0.0059456783346831,0.0132113462314009,28.194
1785956119255,0.9998823404312134,-0.0050381463952362,-0.0059456783346831,0.0132113462314009,28.204
1785956119265,0.9998823404312134,-0.0050381463952362,-0.0059456783346831,0.0132113462314009,28.214
1785956119274,0.9998823404312134,-0.0050381463952362,-0.0059456783346831,0.0132113462314009,28.223
1785956119284,0.9998823404312134,-0.0050381463952362,-0.0059456783346831,0.0132113462314009,28.233
1785956119294,0.9998823404312134,-0.0050381463952362,-0.0059456783346831,0.0132113462314009,28.243
1785956119305,0.9998823404312134,-0.0050381463952362,-0.0059456783346831,0.0132113462314009,28.254
1785956119315,0.9998823404312134,-0.0050381463952362,-0.0059456783346831,0.0132113462314009,28.264
1785956119325,0.9998823404312134,-0.0050381463952362,-0.0059456783346831,0.0132113462314009,28.274
1785956119335,0.9998823404312134,-0.0050381463952362,-0.0059456783346831,0.0132113462314009,28.284
1785956119346,0.9998823404312134,-0.0050381463952362,-0.0059456783346831,0.0132113462314009,28.295
1785956119354,0.9998823404312134,-0.0050381463952362,-0.0059456783346831,0.0132113462314009,28.303
1785956119365,0.9998823404312134,-0.0050381463952362,-0.0059456783346831,0.0132113462314009,28.314
1785956119375,0.9998823404312134,-0.0050381463952362,-0.0059456783346831,0.0132113462314009,28.324
1785956119385,0.9998823404312134,-0.0050381463952362,-0.0059456783346831,0.0132113462314009,28.334
1785956119395,0.9998823404312134,-0.0050381463952362,-0.0059456783346831,0.0132113462314009,28.344
1785956119406,0.9998823404312134,-0.0050381463952362,-0.0059456783346831,0.0132113462314009,28.355
1785956119416,0.9998823404312134,-0.0050381463952362,-0.0059456783346831,0.0132113462314009,28.365
1785956119426,0.9998823404312134,-0.0050381463952362,-0.0059456783346831,0.0132113462314009,28.375
1785956119435,0.9998823404312134,-0.0050381463952362,-0.0059456783346831,0.0132113462314009,28.384
1785956119445,0.9998823404312134,-0.0050381463952362,-0.0059456783346831,0.0132113462314009,28.394
1785956119456,0.9998823404312134,-0.0050381463952362,-0.0059456783346831,0.0132113462314009,28.405
1785956119466,0.9998823404312134,-0.0050381463952362,-0.0059456783346831,0.0132113462314009,28.415
1785956119476,0.9998823404312134,-0.0050381463952362,-0.0059456783346831,0.0132113462314009,28.425
1785956119486,0.9998823404312134,-0.0050381463952362,-0.0059456783346831,0.0132113462314009,28.435
1785956119497,0.9998823404312134,-0.0050381463952362,-0.0059456783346831,0.0132113462314009,28.446
1785956119507,0.9998823404312134,-0.0050381463952362,-0.0059456783346831,0.0132113462314009,28.456
1785956119516,0.9998823404312134,-0.0050381463952362,-0.0059456783346831,0.0132113462314009,28.465
1785956119526,0.9998823404312134,-0.0050381463952362,-0.0059456783346831,0.0132113462314009,28.475
1785956119536,0.9998823404312134,-0.0050381463952362,-0.0059456783346831,0.0132113462314009,28.485
1785956119546,0.9998823404312134,-0.0050381463952362,-0.0059456783346831,0.0132113462314009,28.495
1785956119557,0.9998823404312134,-0.0050381463952362,-0.0059456783346831,0.0132113462314009,28.506
1785956119567,0.9998823404312134,-0.0050381463952362,-0.0059456783346831,0.0132113462314009,28.516
1785956119577,0.9998823404312134,-0.0050381463952362,-0.0059456783346831,0.0132113462314009,28.526
1785956119587,0.9998823404312134,-0.0050381463952362,-0.0059456783346831,0.0132113462314009,28.536
1785956119598,0.9998823404312134,-0.0050381463952362,-0.0059456783346831,0.0132113462314009,28.547
1785956119606,0.9998823404312134,-0.0050381463952362,-0.0059456783346831,0.0132113462314009,28.555
1785956119617,0.9998823404312134,-0.0050381463952362,-0.0059456783346831,0.0132113462314009,28.566
1785956119627,0.9998823404312134,-0.0050381463952362,-0.0059456783346831,0.0132113462314009,28.576
1785956119637,0.9998823404312134,-0.0050381463952362,-0.0059456783346831,0.0132113462314009,28.586
1785956119647,0.9998823404312134,-0.0050381463952362,-0.0059456783346831,0.0132113462314009,28.596
1785956119658,0.9998823404312134,-0.0050381463952362,-0.0059456783346831,0.0132113462314009,28.607
1785956119668,0.9998823404312134,-0.0050381463952362,-0.0059456783346831,0.0132113462314009,28.617
1785956119678,0.9998823404312134,-0.0050381463952362,-0.0059456783346831,0.0132113462314009,28.627
1785956119687,0.9998823404312134,-0.0050381463952362,-0.0059456783346831,0.0132113462314009,28.636
1785956119697,0.9998823404312134,-0.0050381463952362,-0.0059456783346831,0.0132113462314009,28.646
1785956119707,0.9998823404312134,-0.0050381463952362,-0.0059456783346831,0.0132113462314009,28.656
1785956119718,0.9998823404312134,-0.0050381463952362,-0.0059456783346831,0.0132113462314009,28.667
1785956119728,0.9998823404312134,-0.0050381463952362,-0.0059456783346831,0.0132113462314009,28.677
1785956119738,0.9998823404312134,-0.0050381463952362,-0.0059456783346831,0.0132113462314009,28.687
1785956119748,0.9998823404312134,-0.0050381463952362,-0.0059456783346831,0.0132113462314009,28.697
1785956119759,0.9998823404312134,-0.0050381463952362,-0.0059456783346831,0.0132113462314009,28.708
1785956119768,0.9998823404312134,-0.0050381463952362,-0.0059456783346831,0.0132113462314009,28.717
1785956119778,0.9998823404312134,-0.0050381463952362,-0.0059456783346831,0.0132113462314009,28.727
1785956119788,0.9998823404312134,-0.0050381463952362,-0.0059456783346831,0.0132113462314009,28.737
1785956119798,0.9998823404312134,-0.0050381463952362,-0.0059456783346831,0.0132113462314009,28.747
1785956119809,0.9998823404312134,-0.0050381463952362,-0.0059456783346831,0.0132113462314009,28.758
1785956119819,0.9998823404312134,-0.0050381463952362,-0.0059456783346831,0.0132113462314009,28.768
1785956119829,0.9998823404312134,-0.0050381463952362,-0.0059456783346831,0.0132113462314009,28.778
1785956119839,0.9998823404312134,-0.0050381463952362,-0.0059456783346831,0.0132113462314009,28.788
1785956119848,0.9998823404312134,-0.0050381463952362,-0.0059456783346831,0.0132113462314009,28.797
1785956119858,0.9998823404312134,-0.0050381463952362,-0.0059456783346831,0.0132113462314009,28.807
1785956119869,0.9998823404312134,-0.0050381463952362,-0.0059456783346831,0.0132113462314009,28.818
1785956119879,0.9998823404312134,-0.0050381463952362,-0.0059456783346831,0.0132113462314009,28.828
1785956119889,0.9998823404312134,-0.0050381463952362,-0.0059456783346831,0.0132113462314009,28.838
1785956119899,0.9998823404312134,-0.0050381463952362,-0.0059456783346831,0.0132113462314009,28.848
1785956119910,0.9998823404312134,-0.0050381463952362,-0.0059456783346831,0.0132113462314009,28.859
1785956119920,0.9998823404312134,-0.0050381463952362,-0.0059456783346831,0.0132113462314009,28.869
1785956119929,0.9998823404312134,-0.0050381463952362,-0.0059456783346831,0.0132113462314009,28.878
1785956119939,0.9998823404312134,-0.0050381463952362,-0.0059456783346831,0.0132113462314009,28.888
1785956119949,0.9998823404312134,-0.0050381463952362,-0.0059456783346831,0.0132113462314009,28.898
1785956119959,0.9998823404312134,-0.0050381463952362,-0.0059456783346831,0.0132113462314009,28.908
1785956119970,0.9998823404312134,-0.0050381463952362,-0.0059456783346831,0.0132113462314009,28.919
1785956119980,0.9998823404312134,-0.0050381463952362,-0.0059456783346831,0.0132113462314009,28.929
1785956119990,0.9998823404312134,-0.0050381463952362,-0.0059456783346831,0.0132113462314009,28.939
1785956120000,0.9998823404312134,-0.0050381463952362,-0.0059456783346831,0.0132113462314009,28.949
1785956120011,0.9998823404312134,-0.0050381463952362,-0.0059456783346831,0.0132113462314009,28.96
1785956120019,0.9998823404312134,-0.0050381463952362,-0.0059456783346831,0.0132113462314009,28.968
1785956120030,0.9998823404312134,-0.0050381463952362,-0.0059456783346831,0.0132113462314009,28.979
1785956120040,0.9998823404312134,-0.0050381463952362,-0.0059456783346831,0.0132113462314009,28.989
1785956120050,0.9998823404312134,-0.0050381463952362,-0.0059456783346831,0.0132113462314009,28.999
1785956120060,0.9998823404312134,-0.0050381463952362,-0.0059456783346831,0.0132113462314009,29.009
1785956120071,0.9998823404312134,-0.0050381463952362,-0.0059456783346831,0.0132113462314009,29.02
1785956120081,0.9998823404312134,-0.0050381463952362,-0.0059456783346831,0.0132113462314009,29.03
1785956120091,0.9998823404312134,-0.0050381463952362,-0.0059456783346831,0.0132113462314009,29.04
1785956120100,0.9998823404312134,-0.0050381463952362,-0.0059456783346831,0.0132113462314009,29.049
1785956120110,0.9998823404312134,-0.0050381463952362,-0.0059456783346831,0.0132113462314009,29.059
1785956120121,0.9998823404312134,-0.0050381463952362,-0.0059456783346831,0.0132113462314009,29.07
1785956120131,0.9998823404312134,-0.0050381463952362,-0.0059456783346831,0.0132113462314009,29.08
1785956120141,0.9998823404312134,-0.0050381463952362,-0.0059456783346831,0.0132113462314009,29.09
1785956120151,0.9998823404312134,-0.0050381463952362,-0.0059456783346831,0.0132113462314009,29.1
1785956120162,0.9998823404312134,-0.0050381463952362,-0.0059456783346831,0.0132113462314009,29.111
1785956120172,0.9998823404312134,-0.0050381463952362,-0.0059456783346831,0.0132113462314009,29.121
1785956120181,0.9998823404312134,-0.0050381463952362,-0.0059456783346831,0.0132113462314009,29.13
1785956120191,0.9998823404312134,-0.0050381463952362,-0.0059456783346831,0.0132113462314009,29.14
1785956120201,0.9998823404312134,-0.0050381463952362,-0.0059456783346831,0.0132113462314009,29.15
1785956120211,0.9998823404312134,-0.0050381463952362,-0.0059456783346831,0.0132113462314009,29.16
1785956120222,0.9998823404312134,-0.0050381463952362,-0.0059456783346831,0.0132113462314009,29.171
1785956120232,0.9998823404312134,-0.0050381463952362,-0.0059456783346831,0.0132113462314009,29.181
1785956120242,0.9998823404312134,-0.0050381463952362,-0.0059456783346831,0.0132113462314009,29.191
1785956120252,0.9998823404312134,-0.0050381463952362,-0.0059456783346831,0.0132113462314009,29.201
1785956120261,0.9998823404312134,-0.0050381463952362,-0.0059456783346831,0.0132113462314009,29.21
1785956120271,0.9998823404312134,-0.0050381463952362,-0.0059456783346831,0.0132113462314009,29.22
1785956120282,0.9998823404312134,-0.0050381463952362,-0.0059456783346831,0.0132113462314009,29.231
1785956120292,0.9998823404312134,-0.0050381463952362,-0.0059456783346831,0.0132113462314009,29.241
1785956120302,0.9998823404312134,-0.0050381463952362,-0.0059456783346831,0.0132113462314009,29.251
1785956120312,0.9998823404312134,-0.0050381463952362,-0.0059456783346831,0.0132113462314009,29.261
1785956120323,0.9998823404312134,-0.0050381463952362,-0.0059456783346831,0.0132113462314009,29.272
1785956120333,0.9998823404312134,-0.0050381463952362,-0.0059456783346831,0.0132113462314009,29.282
1785956120343,0.9998823404312134,-0.0050381463952362,-0.0059456783346831,0.0132113462314009,29.292
1785956120352,0.9998823404312134,-0.0050381463952362,-0.0059456783346831,0.0132113462314009,29.301
1785956120362,0.9998823404312134,-0.0050381463952362,-0.0059456783346831,0.0132113462314009,29.311
1785956120372,0.9998823404312134,-0.0050381463952362,-0.0059456783346831,0.0132113462314009,29.321
1785956120383,0.9998823404312134,-0.0050381463952362,-0.0059456783346831,0.0132113462314009,29.332
1785956120393,0.9998817443847656,-0.0050396765582263,-0.0058654034510254,0.0132908383384346,29.342
1785956120403,0.999880850315094,-0.005042023025453,-0.0057423072867095,0.0134127223864197,29.352
1785956120414,0.9998783469200134,-0.0050451140850782,-0.005613294430077,0.0136517481878399,29.363
1785956120424,0.9998692870140076,-0.0050487304106354,-0.0056100413203239,0.0142961787059903,29.373
1785956120434,0.9998651146888732,-0.0050494926981627,-0.0056619439274072,0.0145680699497461,29.383
1785956120443,0.999861478805542,-0.0050509101711213,-0.0056606796570122,0.0148183880373835,29.392
1785956120453,0.9998574256896972,-0.005052447784692,-0.0056593073531985,0.0150900082662701,29.402
1785956120463,0.9998506307601928,-0.0051080826669931,-0.0056579844094812,0.0155104445293545,29.412
1785956120474,0.9998473525047302,-0.005108228418976,-0.0057156309485435,0.0156971495598554,29.423
1785956120484,0.9998465180397034,-0.0051085329614579,-0.0057153590023517,0.0157504137605428,29.433
1785956120494,0.9998465180397034,-0.0051085329614579,-0.0057153590023517,0.0157504137605428,29.443
1785956120504,0.9998465180397034,-0.0051085329614579,-0.0057153590023517,0.0157504137605428,29.453
1785956120515,0.9998465180397034,-0.0051085329614579,-0.0057153590023517,0.0157504137605428,29.464
1785956120523,0.9998465180397034,-0.0051085329614579,-0.0057153590023517,0.0157504137605428,29.472
1785956120534,0.9998465180397034,-0.0051085329614579,-0.0057153590023517,0.0157504137605428,29.483
1785956120544,0.9998465180397034,-0.0051085329614579,-0.0057153590023517,0.0157504137605428,29.493
1785956120554,0.9998465180397034,-0.0051085329614579,-0.0057153590023517,0.0157504137605428,29.503
1785956120564,0.9998465180397034,-0.0051085329614579,-0.0057153590023517,0.0157504137605428,29.513
1785956120575,0.9998465180397034,-0.0051085329614579,-0.0057153590023517,0.0157504137605428,29.524
1785956120585,0.9998465180397034,-0.0051085329614579,-0.0057153590023517,0.0157504137605428,29.534
1785956120595,0.9998465180397034,-0.0051085329614579,-0.0057153590023517,0.0157504137605428,29.544
1785956120604,0.9998465180397034,-0.0051085329614579,-0.0057153590023517,0.0157504137605428,29.553
1785956120614,0.9998465180397034,-0.0051085329614579,-0.0057153590023517,0.0157504137605428,29.563
1785956120624,0.9998465180397034,-0.0051085329614579,-0.0057153590023517,0.0157504137605428,29.573
1785956120635,0.9998465180397034,-0.0051085329614579,-0.0057153590023517,0.0157504137605428,29.584
1785956120645,0.9998465180397034,-0.0051085329614579,-0.0057153590023517,0.0157504137605428,29.594
1785956120655,0.9998465180397034,-0.0051085329614579,-0.0057153590023517,0.0157504137605428,29.604
1785956120665,0.9998465180397034,-0.0051085329614579,-0.0057153590023517,0.0157504137605428,29.614
1785956120676,0.9998465180397034,-0.0051085329614579,-0.0057153590023517,0.0157504137605428,29.625
1785956120685,0.9998465180397034,-0.0051085329614579,-0.0057153590023517,0.0157504137605428,29.634
1785956120695,0.9998465180397034,-0.0051085329614579,-0.0057153590023517,0.0157504137605428,29.644
1785956120705,0.9998465180397034,-0.0051085329614579,-0.0057153590023517,0.0157504137605428,29.654
1785956120715,0.9998465180397034,-0.0051085329614579,-0.0057153590023517,0.0157504137605428,29.664
1785956120726,0.9998465180397034,-0.0051085329614579,-0.0057153590023517,0.0157504137605428,29.675
1785956120736,0.9998465180397034,-0.0051085329614579,-0.0057153590023517,0.0157504137605428,29.685
1785956120746,0.9998465180397034,-0.0051085329614579,-0.0057153590023517,0.0157504137605428,29.695
1785956120756,0.9998465180397034,-0.0051085329614579,-0.0057153590023517,0.0157504137605428,29.705
1785956120765,0.9998465180397034,-0.0051085329614579,-0.0057153590023517,0.0157504137605428,29.714
1785956120775,0.9998465180397034,-0.0051085329614579,-0.0057153590023517,0.0157504137605428,29.724
1785956120786,0.9998465180397034,-0.0051085329614579,-0.0057153590023517,0.0157504137605428,29.735
1785956120796,0.9998465180397034,-0.0051085329614579,-0.0057153590023517,0.0157504137605428,29.745
1785956120806,0.9998465180397034,-0.0051085329614579,-0.0057153590023517,0.0157504137605428,29.755
1785956120816,0.9998465180397034,-0.0051085329614579,-0.0057153590023517,0.0157504137605428,29.765
1785956120827,0.9998465180397034,-0.0051085329614579,-0.0057153590023517,0.0157504137605428,29.776
1785956120837,0.9998465180397034,-0.0051085329614579,-0.0057153590023517,0.0157504137605428,29.786
1785956120847,0.9998465180397034,-0.0051085329614579,-0.0057153590023517,0.0157504137605428,29.796
1785956120856,0.9998465180397034,-0.0051085329614579,-0.0057153590023517,0.0157504137605428,29.805
1785956120866,0.9998473525047302,-0.005108228418976,-0.0057156309485435,0.0156971625983715,29.815
1785956120876,0.9998473525047302,-0.005108228418976,-0.0057156309485435,0.0156971625983715,29.825
1785956120887,0.9998473525047302,-0.005108228418976,-0.0057156309485435,0.0156971625983715,29.836
1785956120897,0.9998473525047302,-0.005108228418976,-0.0057156309485435,0.0156971625983715,29.846
1785956120907,0.9998473525047302,-0.005108228418976,-0.0057156309485435,0.0156971625983715,29.856
1785956120917,0.9998473525047302,-0.005108228418976,-0.0057156309485435,0.0156971625983715,29.866
1785956120928,0.9998473525047302,-0.005108228418976,-0.0057156309485435,0.0156971625983715,29.877
1785956120936,0.9998473525047302,-0.005108228418976,-0.0057156309485435,0.0156971625983715,29.885
1785956120947,0.9998473525047302,-0.005108228418976,-0.0057156309485435,0.0156971625983715,29.896
1785956120957,0.9998473525047302,-0.005108228418976,-0.0057156309485435,0.0156971625983715,29.906
1785956120967,0.9998473525047302,-0.005108228418976,-0.0057156309485435,0.0156971625983715,29.916
1785956120977,0.9998473525047302,-0.005108228418976,-0.0057156309485435,0.0156971625983715,29.926
1785956120988,0.9998473525047302,-0.005108228418976,-0.0057156309485435,0.0156971625983715,29.937
1785956120998,0.9998473525047302,-0.005108228418976,-0.0057156309485435,0.0156971625983715,29.947
1785956121008,0.9998473525047302,-0.005108228418976,-0.0057156309485435,0.0156971625983715,29.957
1785956121017,0.9998473525047302,-0.005108228418976,-0.0057156309485435,0.0156971625983715,29.966
1785956121027,0.9998473525047302,-0.005108228418976,-0.0057156309485435,0.0156971625983715,29.976
1785956121038,0.9998473525047302,-0.005108228418976,-0.0057156309485435,0.0156971625983715,29.987
1785956121048,0.9998473525047302,-0.005108228418976,-0.0057156309485435,0.0156971625983715,29.997
1785956121058,0.9998473525047302,-0.005108228418976,-0.0057156309485435,0.0156971625983715,30.007
1785956121068,0.9998473525047302,-0.005108228418976,-0.0057156309485435,0.0156971625983715,30.017
1785956121079,0.9998473525047302,-0.005108228418976,-0.0057156309485435,0.0156971625983715,30.028
1785956121089,0.9998473525047302,-0.005108228418976,-0.0057156309485435,0.0156971625983715,30.038
1785956121098,0.9998473525047302,-0.005108228418976,-0.0057156309485435,0.0156971625983715,30.047
1785956121108,0.9998473525047302,-0.005108228418976,-0.0057156309485435,0.0156971625983715,30.057
1785956121118,0.9998473525047302,-0.005108228418976,-0.0057156309485435,0.0156971625983715,30.067
1785956121128,0.9998473525047302,-0.005108228418976,-0.0057156309485435,0.0156971625983715,30.077
1785956121139,0.9998473525047302,-0.005108228418976,-0.0057156309485435,0.0156971625983715,30.088
1785956121149,0.9998462796211244,-0.0051086549647152,-0.0057152505032718,0.0157717298716306,30.098
1785956121159,0.999842882156372,-0.0052534192800521,-0.005716647952795,0.0159413367509841,30.108
1785956121169,0.9998085498809814,-0.0055190953426063,-0.0057692090049386,0.0178627166897058,30.118
1785956121178,0.9997305274009703,-0.0058215246535837,-0.0056788972578942,0.0217428859323263,30.127
1785956121188,0.9996296763420104,-0.0056507680565118,-0.0048603233881294,0.0261696986854076,30.137
1785956121199,0.9994950294494628,-0.0053585302084684,-0.0034812611993402,0.0311258751899003,30.148
1785956121209,0.9993075132369996,-0.0056697647087275,-0.0002466158184688,0.0367717519402504,30.158
1785956121219,0.9990997910499572,-0.0072515783831477,0.0055154017172753,0.0414321199059486,30.168
1785956121229,0.998840034008026,-0.0090517150238156,0.0163252223283052,0.0443861447274684,30.178
1785956121240,0.9985345602035522,-0.0102075058966875,0.0283304173499345,0.0449652038514614,30.189
1785956121250,0.998246729373932,-0.0126769952476024,0.0340168960392475,0.046751145273447,30.199
1785956121259,0.9979906678199768,-0.013006773777306,0.0386410541832447,0.0485005043447017,30.208
1785956121269,0.9978527426719666,-0.0109436027705669,0.0417507588863372,0.0492647103965282,30.218
1785956121279,0.997791826725006,-0.0068849520757794,0.0430097468197345,0.0501403287053108,30.228
1785956121289,0.9976958632469176,-0.0012614896986633,0.0448149554431438,0.0509216003119945,30.238
1785956121300,0.99750018119812,0.0044531994499266,0.0480829887092113,0.0515903979539871,30.249
1785956121310,0.9972282648086548,0.0104652596637606,0.0515265464782714,0.0526421815156936,30.259
1785956121320,0.9968741536140442,0.0167577341198921,0.0545811802148819,0.0546057559549808,30.269
1785956121331,0.9964522123336792,0.0230220630764961,0.0569464638829231,0.0575333461165428,30.28
1785956121341,0.9960297346115112,0.0290330350399017,0.0588552840054035,0.0601494684815406,30.29
1785956121350,0.9955698251724244,0.0351547449827194,0.0592352412641048,0.0640009865164756,30.299
1785956121360,0.99519145488739,0.0410063788294792,0.0584098808467388,0.0670876055955886,30.309
1785956121370,0.995083510875702,0.0450341179966926,0.0569955557584762,0.0673208758234977,30.319
1785956121380,0.9952855110168456,0.0467353649437427,0.0560520961880683,0.0638810396194458,30.329
1785956121391,0.9960562586784364,0.0425733365118503,0.053312212228775,0.0567207299172878,30.34
1785956121401,0.9972625374794006,0.0281887296587228,0.0435828007757663,0.0526629202067852,30.35
1785956121411,0.9983904361724854,0.0073687196709215,0.0258934814482927,0.0499182268977165,30.36
1785956121421,0.9984028935432434,-0.0209070835262537,-0.0028476736042648,0.0524071082472801,30.37
1785956121430,0.9963766932487488,-0.0596924796700477,-0.0229547657072544,0.0560649521648883,30.379
1785956121440,0.9956443309783936,-0.0662291496992111,-0.0251887235790491,0.060593593865633,30.389
1785956121451,0.9958966970443726,-0.064917504787445,-0.0268986150622367,0.0570271015167236,30.4
1785956121461,0.9955624938011168,-0.0650157555937767,-0.0251112468540668,0.063226580619812,30.41
1785956121471,0.9956589341163636,-0.0639132484793663,-0.0259367376565933,0.0624958500266075,30.42
1785956121481,0.9959328174591064,-0.0651013478636741,-0.0272644143551588,0.0560033619403839,30.43
1785956121492,0.9954705238342284,-0.0669466033577919,-0.0267733167856931,0.0619648993015289,30.441
1785956121502,0.9952027201652528,-0.0672776252031326,-0.0264071449637413,0.0659384280443191,30.451
1785956121511,0.9954211711883544,-0.0674345642328262,-0.0266710892319679,0.0622736103832721,30.46
1785956121521,0.9954349994659424,-0.0679123178124427,-0.0267543345689773,0.061491422355175,30.47
1785956121531,0.9953665137290956,-0.0689090937376022,-0.0268158968538045,0.061464600265026,30.48
1785956121541,0.9953059554100036,-0.0697785690426826,-0.0268695801496505,0.0614411532878875,30.49
1785956121552,0.9952784776687622,-0.0699535310268402,-0.0269560255110263,0.0616495124995708,30.501
1785956121562,0.9952945709228516,-0.069638192653656,-0.0270011071115732,0.0617264471948146,30.511
1785956121572,0.9953390955924988,-0.0688695013523101,-0.0270697697997093,0.061840496957302,30.521
1785956121582,0.9953800439834596,-0.0682191029191017,-0.027024844661355,0.0619218461215496,30.531
1785956121593,0.9954183101654052,-0.0677841380238533,-0.0268862936645746,0.0618462786078453,30.542
1785956121601,0.9954421520233154,-0.0675216019153595,-0.0268770083785057,0.0617525577545166,30.55
1785956121612,0.9955909252166748,-0.0674039646983146,-0.0270354878157377,0.0593678280711174,30.561
1785956121622,0.9958637952804564,-0.0658075585961341,-0.0268058236688375,0.0566223450005054,30.571
1785956121632,0.9960596561431884,-0.063894584774971,-0.0264066010713577,0.0555461458861827,30.581
1785956121643,0.9959999918937684,-0.0644268840551376,-0.0264056399464607,0.0559992380440235,30.592
1785956121653,0.9959865808486938,-0.0646337866783142,-0.0264172721654176,0.0559937544167041,30.602
1785956121663,0.9959786534309388,-0.06475580483675,-0.0264241322875022,0.0559905171394348,30.612
1785956121673,0.998397707939148,-0.0019672331400215,-0.011084359139204,0.0554558597505092,30.622
1785956121682,0.9983974695205688,-0.0020743762142956,-0.0110889906063675,0.0554546900093555,30.631
1785956121692,0.9983911514282228,-0.0023111740592867,-0.0110976807773113,0.0555584840476512,30.641
1785956121703,0.9983765482902528,-0.0025896586012095,-0.0111051257699728,0.0558054819703102,30.652
1785956121713,0.9982245564460754,-0.002894711215049,-0.0111045381054282,0.0584455467760562,30.662
1785956121723,0.9981207847595216,-0.0031759485136717,-0.0110906241461634,0.0601813495159149,30.672
1785956121733,0.998120367527008,-0.0033756068442016,-0.0110787516459822,0.0601791739463806,30.682
1785956121744,0.9981205463409424,-0.0033769104629755,-0.0110634518787264,0.0601792484521865,30.693
1785956121754,0.9981209635734558,-0.0032835071906447,-0.0110475039109587,0.0601803734898567,30.703
1785956121763,0.998121440410614,-0.0031620622612535,-0.011036904528737,0.0601817481219768,30.712
1785956121773,0.998121440410614,-0.0031621058005839,-0.0110365189611911,0.0601817518472671,30.722
1785956121783,0.9981212019920348,-0.0032310767564922,-0.011040792800486,0.0601809844374656,30.732
1785956121793,0.9981207251548768,-0.0033846742007881,-0.0110519267618656,0.0601792633533477,30.742
1785956121804,0.9981207251548768,-0.0033852369524538,-0.0110542858019471,0.0601792596280574,30.753
1785956121814,0.998120665550232,-0.0033880793489515,-0.0110578127205371,0.0601792745292186,30.763
1785956121824,0.9981206059455872,-0.003390435129404,-0.011061206459999,0.0601792857050895,30.773
1785956121834,0.9981206059455872,-0.0033924826420843,-0.0110629415139555,0.0601793006062507,30.783
1785956121843,0.9981206059455872,-0.0033934337552636,-0.0110629526898264,0.0601793117821216,30.792
1785956121853,0.9981206059455872,-0.0033943082671612,-0.0110622681677341,0.0601793229579925,30.802
1785956121864,0.9981206059455872,-0.003394600469619,-0.0110607929527759,0.0601793304085731,30.813
1785956121874,0.998120665550232,-0.0033945208415389,-0.0110574616119265,0.060179341584444,30.823
1785956121884,0.9981207251548768,-0.0033940812572836,-0.0110521549358963,0.0601793564856052,30.833
1785956121894,0.9981209635734558,-0.0033345248084515,-0.0110407788306474,0.0601800233125686,30.843
1785956121905,0.9981213212013244,-0.0032375785522162,-0.0110271712765097,0.0601810999214649,30.854
1785956121915,0.9981213808059692,-0.0032350774854421,-0.011019623838365,0.0601811036467552,30.864
1785956121925,0.9981212615966796,-0.0032862627413123,-0.0110158743336796,0.0601805225014686,30.874
1785956121934,0.9981213212013244,-0.0032859484199434,-0.0110127478837966,0.0601805299520492,30.883
1785956121944,0.9981213212013244,-0.003287156810984,-0.0110103813931345,0.060180552303791,30.893
1785956121955,0.9981213808059692,-0.0032907170243561,-0.0110073778778314,0.0601806007325649,30.904
1785956121965,0.9981213808059692,-0.0032941258978098,-0.0110061960294842,0.0601806417107582,30.914
1785956121975,0.9981213808059692,-0.0032979380339384,-0.0110067212954163,0.0601806789636611,30.924
1785956121985,0.9981216788291932,-0.0032090349122881,-0.011003048159182,0.060181800276041,30.934
1785956121996,0.998121976852417,-0.0030989348888397,-0.0109991198405623,0.0601831525564193,30.945
1785956122006,0.998122215270996,-0.003002185607329,-0.0109964255243539,0.0601842999458313,30.955
1785956122015,0.9981223344802856,-0.0029514252673834,-0.0109961340203881,0.0601848997175693,30.964
1785956122025,0.9981223344802856,-0.0029518275987356,-0.0109976874664425,0.0601848997175693,30.974
1785956122035,0.9981223344802856,-0.0029517281800508,-0.0109985386952757,0.060184895992279,30.984
1785956122045,0.9981221556663512,-0.0030207247473299,-0.0110028060153126,0.0601841360330581,30.994
1785956122056,0.9981219172477722,-0.0030996953137218,-0.0110069466754794,0.0601832494139671,31.005
1785956122066,0.998121738433838,-0.003151653567329,-0.0110075240954756,0.0601826608180999,31.015
1785956122076,0.9981217980384828,-0.0031512498389929,-0.0110036851838231,0.0601826719939708,31.025
1785956122086,0.9981218576431274,-0.0031516496092081,-0.0109958797693252,0.0601827055215835,31.035
1785956122097,0.998121976852417,-0.0031532268039882,-0.0109831811860203,0.0601827725768089,31.046
1785956122105,0.9981221556663512,-0.0031564566306769,-0.0109691750258207,0.060182861983776,31.054
1785956122116,0.9981222748756408,-0.0031600033398717,-0.0109584555029869,0.0601829402148723,31.065
1785956122126,0.9981220960617064,-0.0032314979471266,-0.0109561337158083,0.0601822324097156,31.075
1785956122136,0.998121976852417,-0.0032863277010619,-0.0109554268419742,0.0601816810667514,31.085
1785956122146,0.998121738433838,-0.0033566604834049,-0.0109581165015697,0.060180939733982,31.095
1785956122157,0.9981213212013244,-0.0034847841598093,-0.0109655633568763,0.0601795464754104,31.106
1785956122167,0.9981210231781006,-0.0035752241965383,-0.0109710246324539,0.0601785518229007,31.116
1785956122177,0.9981210231781006,-0.0035753664560616,-0.0109715918079018,0.0601785518229007,31.126
1785956122186,0.9981210231781006,-0.0035753499250859,-0.0109728872776031,0.0601785443723201,31.135
1785956122196,0.998120903968811,-0.0035750726237893,-0.0109747797250747,0.0601785257458686,31.145
1785956122206,0.998120903968811,-0.0035752025432884,-0.0109761143103241,0.0601785220205783,31.155
1785956122217,0.998120903968811,-0.0035759999882429,-0.0109771639108657,0.0601785257458686,31.166
1785956122227,0.998120903968811,-0.0035765257198363,-0.0109772570431232,0.0601785294711589,31.176
1785956122237,0.998120903968811,-0.0035782307386398,-0.0109764346852898,0.0601785518229007,31.186
1785956122247,0.998120903968811,-0.003581308061257,-0.0109735708683729,0.0601785965263843,31.196
1785956122258,0.9981207251548768,-0.003647400997579,-0.0109737860038876,0.0601779371500015,31.207
1785956122267,0.9981206059455872,-0.0037030328530818,-0.0109710590913891,0.0601774044334888,31.216
1785956122277,0.9981201887130736,-0.0038321432657539,-0.0109729394316673,0.0601760447025299,31.226
1785956122287,0.9981194734573364,-0.0040023187175393,-0.0109781352803111,0.0601741895079612,31.236
1785956122297,0.9981191754341124,-0.0040873005054891,-0.0109782442450523,0.0601732768118381,31.246
1785956122308,0.9981192350387572,-0.0040873624384403,-0.0109740924090147,0.0601732954382896,31.257
1785956122318,0.998119294643402,-0.0040867337957024,-0.0109707452356815,0.0601733028888702,31.267
1785956122328,0.998119294643402,-0.0040858825668692,-0.0109691135585308,0.0601733028888702,31.277
1785956122338,0.998119592666626,-0.004005845170468,-0.0109641058370471,0.0601741746068,31.287
1785956122347,0.9981199502944946,-0.0039154179394245,-0.0109586967155337,0.0601751692593097,31.296
1785956122357,0.9981202483177184,-0.0038357509765774,-0.0109538668766617,0.0601760447025299,31.306
1785956122368,0.9981202483177184,-0.003835872747004,-0.0109537271782755,0.0601760484278202,31.317
1785956122378,0.9981202483177184,-0.0038359398022294,-0.0109537784010171,0.0601760484278202,31.327
1785956122388,0.9981202483177184,-0.0038362049963325,-0.0109539357945322,0.0601760521531105,31.337
1785956122398,0.9981200098991394,-0.0038948971778154,-0.0109574068337678,0.0601754151284694,31.347
1785956122409,0.9981200098991394,-0.0038955323398113,-0.0109569737687706,0.06017542257905,31.358
1785956122419,0.9981200098991394,-0.0038965656422078,-0.0109563181176781,0.0601754374802112,31.368
1785956122428,0.998120129108429,-0.0038981605321168,-0.0109544079750776,0.0601754710078239,31.377
1785956122438,0.998120129108429,-0.0038991554174572,-0.0109523367136716,0.0601754896342754,31.387
1785956122448,0.9981201887130736,-0.0038995777722448,-0.0109488954767584,0.0601755082607269,31.397
1785956122458,0.9981202483177184,-0.0038998825475573,-0.0109452968463301,0.0601755268871784,31.407
1785956122469,0.9981203079223632,-0.0038999377284199,-0.0109422840178012,0.0601755417883396,31.418
1785956122479,0.9981202483177184,-0.0038997649680823,-0.0109388725832104,0.0601755492389202,31.428
1785956122489,0.9981203079223632,-0.0038994550704956,-0.0109358504414558,0.0601755604147911,31.438
1785956122499,0.998120367527008,-0.0038997675292193,-0.0109326234087347,0.0601755790412426,31.448
1785956122508,0.998120367527008,-0.0039007363375276,-0.0109304906800389,0.060175597667694,31.457
1785956122518,0.998120367527008,-0.0039012597408145,-0.0109284119680523,0.0601756125688552,31.467
1785956122529,0.998120367527008,-0.0039015442598611,-0.0109266033396124,0.0601756237447261,31.478
1785956122539,0.998120367527008,-0.0039016983937472,-0.0109251365065574,0.0601756311953067,31.488
1785956122549,0.998120367527008,-0.0039016816299408,-0.0109247360378503,0.0601756311953067,31.498
1785956122560,0.998120367527008,-0.003901683492586,-0.0109247332438826,0.0601756311953067,31.509
1785956122570,0.998120367527008,-0.0039017922244966,-0.010924756526947,0.0601756311953067,31.519
1785956122580,0.998120367527008,-0.0039021482225507,-0.0109251113608479,0.060175634920597,31.529
1785956122590,0.998120367527008,-0.003902374766767,-0.0109251188114285,0.0601756386458873,31.539
1785956122599,0.998120367527008,-0.003902387805283,-0.010925130918622,0.0601756386458873,31.548
1785956122609,0.998120367527008,-0.0039023801218718,-0.0109250154346227,0.0601756386458873,31.558
1785956122620,0.998120129108429,-0.0039608320221304,-0.0109282899647951,0.060174997895956,31.569
1785956122630,0.998120129108429,-0.0039610764943063,-0.0109271891415119,0.0601750053465366,31.579
1785956122640,0.9981201887130736,-0.0039621302857995,-0.0109241977334022,0.0601750314235687,31.589
1785956122650,0.9981202483177184,-0.0039639114402234,-0.0109194051474332,0.060175072401762,31.599
1785956122661,0.9981203079223632,-0.0039656921289861,-0.0109146842733025,0.0601751133799552,31.61
1785956122671,0.998120367527008,-0.0039679775945842,-0.0109098274260759,0.0601751618087291,31.62
1785956122680,0.9981260299682616,-0.0036802855320274,-0.0111392438411712,0.0600570179522037,31.629
1785956122690,0.9981257915496826,-0.0037493971176445,-0.0111434021964669,0.0600562468171119,31.639
1785956122700,0.9981257915496826,-0.0037493971176445,-0.0111434021964669,0.0600562468171119,31.649
1785956122710,0.9981255531311036,-0.0038078755605965,-0.0111469207331538,0.0600555948913097,31.659
1785956122721,0.9981255531311036,-0.0038078755605965,-0.0111469207331538,0.0600555948913097,31.67
1785956122731,0.9981255531311036,-0.0038078755605965,-0.0111469207331538,0.0600555948913097,31.68
1785956122741,0.9981255531311036,-0.0038078755605965,-0.0111469207331538,0.0600555948913097,31.69
1785956122751,0.9981255531311036,-0.0038078755605965,-0.0111469207331538,0.0600555948913097,31.7
1785956122760,0.9981255531311036,-0.0038078755605965,-0.0111469207331538,0.0600555948913097,31.709
1785956122770,0.9981255531311036,-0.0038078755605965,-0.0111469207331538,0.0600555948913097,31.719
1785956122781,0.9981255531311036,-0.0038078755605965,-0.0111469207331538,0.0600555948913097,31.73
1785956122791,0.9981255531311036,-0.0038078755605965,-0.0111469207331538,0.0600555948913097,31.74
1785956122801,0.9981255531311036,-0.0038078755605965,-0.0111469207331538,0.0600555948913097,31.75
1785956122811,0.9981255531311036,-0.0038078755605965,-0.0111469207331538,0.0600555948913097,31.76
1785956122822,0.9981255531311036,-0.0038078755605965,-0.0111469207331538,0.0600555948913097,31.771
1785956122832,0.9981255531311036,-0.0038078755605965,-0.0111469207331538,0.0600555948913097,31.781
1785956122841,0.9981255531311036,-0.0038078755605965,-0.0111469207331538,0.0600555948913097,31.79
1785956122851,0.9981255531311036,-0.0038078755605965,-0.0111469207331538,0.0600555948913097,31.8
1785956122861,0.9981255531311036,-0.0038078755605965,-0.0111469207331538,0.0600555948913097,31.81
1785956122872,0.9981255531311036,-0.0038078755605965,-0.0111469207331538,0.0600555948913097,31.821
1785956122882,0.9981255531311036,-0.0038078755605965,-0.0111469207331538,0.0600555948913097,31.831
1785956122892,0.9981255531311036,-0.0038078755605965,-0.0111469207331538,0.0600555948913097,31.841
1785956122902,0.9981257319450378,-0.0037547072861343,-0.01114372164011,0.0600561872124671,31.851
1785956122913,0.9981257319450378,-0.0037547072861343,-0.01114372164011,0.0600561872124671,31.862
1785956122923,0.9981257319450378,-0.0037547072861343,-0.01114372164011,0.0600561872124671,31.872
1785956122932,0.9981259107589722,-0.0037015390116721,-0.0111405225470662,0.0600567795336246,31.881
1785956122942,0.9981259107589722,-0.0037015390116721,-0.0111405225470662,0.0600567795336246,31.891
1785956122952,0.9981259107589722,-0.0037015390116721,-0.0111405225470662,0.0600567795336246,31.901
1785956122962,0.9981259107589722,-0.0037015390116721,-0.0111405225470662,0.0600567795336246,31.911
1785956122973,0.9981259107589722,-0.0037015390116721,-0.0111405225470662,0.0600567795336246,31.922
1785956122983,0.9981259107589722,-0.0037015390116721,-0.0111405225470662,0.0600567795336246,31.932
1785956122993,0.9981259107589722,-0.0037015390116721,-0.0111405225470662,0.0600567795336246,31.942
1785956123003,0.9981254935264589,-0.0036342178937047,-0.0111951818689703,0.0600577071309089,31.952
1785956123012,0.9981254935264589,-0.0036342178937047,-0.0111951818689703,0.0600577071309089,31.961
1785956123022,0.9981254935264589,-0.0036342178937047,-0.0111951818689703,0.0600577071309089,31.971
1785956123033,0.9981254935264589,-0.0036342178937047,-0.0111951818689703,0.0600577071309089,31.982
1785956123043,0.9981254935264589,-0.0036342178937047,-0.0111951818689703,0.0600577071309089,31.992
1785956123053,0.9981254935264589,-0.0036342178937047,-0.0111951818689703,0.0600577071309089,32.002
1785956123063,0.9981254935264589,-0.0036342178937047,-0.0111951818689703,0.0600577071309089,32.012
1785956123074,0.9981254935264589,-0.0036342178937047,-0.0111951818689703,0.0600577071309089,32.023
1785956123084,0.9981254935264589,-0.0036342178937047,-0.0111951818689703,0.0600577071309089,32.033
1785956123093,0.9981254935264589,-0.0036342178937047,-0.0111951818689703,0.0600577071309089,32.042
1785956123103,0.9981254935264589,-0.0036342178937047,-0.0111951818689703,0.0600577071309089,32.052
1785956123113,0.9981254935264589,-0.0036342178937047,-0.0111951818689703,0.0600577071309089,32.062
1785956123123,0.9981254935264589,-0.0036342178937047,-0.0111951818689703,0.0600577071309089,32.072
1785956123134,0.9981254935264589,-0.0036342178937047,-0.0111951818689703,0.0600577071309089,32.083
1785956123144,0.9981254935264589,-0.0036342178937047,-0.0111951818689703,0.0600577071309089,32.093
1785956123154,0.9981254935264589,-0.0036342178937047,-0.0111951818689703,0.0600577071309089,32.103
1785956123164,0.9981254935264589,-0.0036342178937047,-0.0111951818689703,0.0600577071309089,32.113
1785956123173,0.9981254935264589,-0.0036342178937047,-0.0111951818689703,0.0600577071309089,32.122
1785956123184,0.9981254935264589,-0.0036342178937047,-0.0111951818689703,0.0600577071309089,32.133
1785956123194,0.9981254935264589,-0.0036342178937047,-0.0111951818689703,0.0600577071309089,32.143
1785956123204,0.9981254935264589,-0.0036342178937047,-0.0111951818689703,0.0600577071309089,32.153
1785956123214,0.9981254935264589,-0.0036342178937047,-0.0111951818689703,0.0600577071309089,32.163
1785956123225,0.9981254935264589,-0.0036342178937047,-0.0111951818689703,0.0600577071309089,32.174
1785956123235,0.9981254935264589,-0.0036342178937047,-0.0111951818689703,0.0600577071309089,32.184
1785956123245,0.9981254935264589,-0.0036342178937047,-0.0111951818689703,0.0600577071309089,32.194
1785956123255,0.9981254935264589,-0.0036342178937047,-0.0111951818689703,0.0600577071309089,32.204
1785956123264,0.9981254935264589,-0.0036342178937047,-0.0111951818689703,0.0600577071309089,32.213
1785956123274,0.9981254935264589,-0.0036342178937047,-0.0111951818689703,0.0600577071309089,32.223
1785956123285,0.9981254935264589,-0.0036342178937047,-0.0111951818689703,0.0600577071309089,32.234
1785956123295,0.9981254935264589,-0.0036342178937047,-0.0111951818689703,0.0600577071309089,32.244
1785956123305,0.9981254935264589,-0.0036342178937047,-0.0111951818689703,0.0600577071309089,32.254
1785956123315,0.9981254935264589,-0.0036342178937047,-0.0111951818689703,0.0600577071309089,32.264
1785956123326,0.9981254935264589,-0.0036342178937047,-0.0111951818689703,0.0600577071309089,32.275
1785956123336,0.9981254935264589,-0.0036342178937047,-0.0111951818689703,0.0600577071309089,32.285
1785956123345,0.9981254935264589,-0.0036342178937047,-0.0111951818689703,0.0600577071309089,32.294
1785956123355,0.9981254935264589,-0.0036342178937047,-0.0111951818689703,0.0600577071309089,32.304
1785956123365,0.9981251955032348,-0.0037192788440734,-0.0112003004178404,0.0600567534565925,32.314
1785956123375,0.9981249570846558,-0.0037777572870254,-0.0112038189545273,0.0600560978055,32.324
1785956123386,0.9981249570846558,-0.0037777572870254,-0.0112038189545273,0.0600560978055,32.335
1785956123396,0.9981249570846558,-0.0037777572870254,-0.0112038189545273,0.0600560978055,32.345
1785956123406,0.9981249570846558,-0.0037777572870254,-0.0112038189545273,0.0600560978055,32.355
1785956123416,0.9981249570846558,-0.0037777572870254,-0.0112038189545273,0.0600560978055,32.365
1785956123425,0.9981249570846558,-0.0037777572870254,-0.0112038189545273,0.0600560978055,32.374
1785956123435,0.9981249570846558,-0.0037777572870254,-0.0112038189545273,0.0600560978055,32.384
1785956123446,0.9981249570846558,-0.0037777572870254,-0.0112038189545273,0.0600560978055,32.395
1785956123456,0.9981249570846558,-0.0037777572870254,-0.0112038189545273,0.0600560978055,32.405
1785956123466,0.9981249570846558,-0.0037777572870254,-0.0112038189545273,0.0600560978055,32.415
1785956123476,0.9981247186660768,-0.0038468686398118,-0.011207977309823,0.0600553229451179,32.425
1785956123487,0.9981247186660768,-0.0038468686398118,-0.011207977309823,0.0600553229451179,32.436
1785956123497,0.9981247186660768,-0.0038468686398118,-0.011207977309823,0.0600553229451179,32.446
1785956123506,0.9981247186660768,-0.0038468686398118,-0.011207977309823,0.0600553229451179,32.455
1785956123516,0.9981247186660768,-0.0038468686398118,-0.011207977309823,0.0600553229451179,32.465
1785956123526,0.9981247186660768,-0.0038468686398118,-0.011207977309823,0.0600553229451179,32.475
1785956123537,0.9981247186660768,-0.0038468686398118,-0.011207977309823,0.0600553229451179,32.486
1785956123547,0.998124897480011,-0.0037937003653496,-0.0112047782167792,0.0600559189915657,32.496
1785956123557,0.998124897480011,-0.0037937003653496,-0.0112047782167792,0.0600559189915657,32.506
1785956123567,0.998124897480011,-0.0037937003653496,-0.0112047782167792,0.0600559189915657,32.516
1785956123578,0.998124897480011,-0.0037937003653496,-0.0112047782167792,0.0600559189915657,32.527
1785956123588,0.998124897480011,-0.0037937003653496,-0.0112047782167792,0.0600559189915657,32.537
1785956123597,0.998124897480011,-0.0037937003653496,-0.0112047782167792,0.0600559189915657,32.546
1785956123607,0.998124897480011,-0.0037937003653496,-0.0112047782167792,0.0600559189915657,32.556
1785956123617,0.998124897480011,-0.0037937003653496,-0.0112047782167792,0.0600559189915657,32.566
1785956123627,0.998124897480011,-0.0037937003653496,-0.0112047782167792,0.0600559189915657,32.576
1785956123638,0.998124897480011,-0.0037937003653496,-0.0112047782167792,0.0600559189915657,32.587
1785956123648,0.998124897480011,-0.0037937003653496,-0.0112047782167792,0.0600559189915657,32.597
1785956123658,0.998124897480011,-0.0037937003653496,-0.0112047782167792,0.0600559189915657,32.607
1785956123668,0.998124897480011,-0.0037937003653496,-0.0112047782167792,0.0600559189915657,32.617
1785956123677,0.998124897480011,-0.0037937003653496,-0.0112047782167792,0.0600559189915657,32.626
1785956123687,0.998124897480011,-0.0037937003653496,-0.0112047782167792,0.0600559189915657,32.636
1785956123698,0.99812513589859,-0.0037298989482223,-0.0112009393051266,0.060056634247303,32.647
1785956123708,0.998125433921814,-0.0036448314785957,-0.0111958207562565,0.0600575879216194,32.657
1785956123718,0.9981256723403932,-0.0035863465163856,-0.0111923012882471,0.0600582435727119,32.667
1785956123728,0.9981256723403932,-0.0035863465163856,-0.0111923012882471,0.0600582435727119,32.677
1785956123739,0.9981256723403932,-0.0035863465163856,-0.0111923012882471,0.0600582435727119,32.688
1785956123749,0.9981256723403932,-0.0035863465163856,-0.0111923012882471,0.0600582435727119,32.698
1785956123759,0.9981256723403932,-0.0035863465163856,-0.0111923012882471,0.0600582435727119,32.708
1785956123768,0.9981256723403932,-0.0035863465163856,-0.0111923012882471,0.0600582435727119,32.717
1785956123778,0.9981256723403932,-0.0035863465163856,-0.0111923012882471,0.0600582435727119,32.727
1785956123789,0.9981256723403932,-0.0035863465163856,-0.0111923012882471,0.0600582435727119,32.738
1785956123799,0.9981256723403932,-0.0035863465163856,-0.0111923012882471,0.0600582435727119,32.748
1785956123809,0.9981256723403932,-0.0035863465163856,-0.0111923012882471,0.0600582435727119,32.758
1785956123819,0.9981256723403932,-0.0035863465163856,-0.0111923012882471,0.0600582435727119,32.768
1785956123830,0.9981256723403932,-0.0035863465163856,-0.0111923012882471,0.0600582435727119,32.779
1785956123840,0.9981256723403932,-0.0035863465163856,-0.0111923012882471,0.0600582435727119,32.789
1785956123849,0.9981256723403932,-0.0035863465163856,-0.0111923012882471,0.0600582435727119,32.798
1785956123859,0.9981256723403932,-0.0035863465163856,-0.0111923012882471,0.0600582435727119,32.808
