DataRate=100.000000
DataType=Quaternion
version=3
OpenSimVersion=4.4
endheader
time	torso_imu	femur_r_imu
0.0000	0.9974563,-0.0520557,0.0484360,-0.0050020	0.9940107,0.1068466,0.0133177,0.0186837
0.0100	0.9980767,-0.0425754,0.0450514,-0.0007667	0.9942013,0.1059833,0.0179953,-0.0027311
0.0200	0.9990023,-0.0311318,0.0318305,-0.0034571	0.9940105,0.1081158,0.0159376,-0.0001009
0.0300	0.9997980,-0.0131219,0.0056298,-0.0141431	0.9939657,0.1085878,0.0148272,0.0045828
0.0400	0.9989631,0.0196028,-0.0291534,-0.0289563	0.9939167,0.1089896,0.0151680,0.0045505
0.0500	0.9988166,0.0245969,-0.0375890,-0.0186402	0.9938688,0.1094059,0.0157564,0.0026299
0.0600	0.9988746,0.0202299,-0.0387041,-0.0185010	0.9939140,0.1090557,0.0155278,0.0008097
0.0700	0.9989598,0.0197853,-0.0366669,-0.0185319	0.9939608,0.1085629,0.0151075,0.0052783
0.0800	0.9989413,0.0199064,-0.0370996,-0.0185357	0.9939875,0.1082753,0.0149147,0.0065425
0.0900	0.9989413,0.0192868,-0.0374758,-0.0184345	0.9940367,0.1078228,0.0149117,0.0065493
0.1000	0.9989672,0.0189993,-0.0370165,-0.0182578	0.9941353,0.1069123,0.0148414,0.0066669
0.1100	0.9989359,0.0201253,-0.0372843,-0.0182206	0.9942224,0.1061076,0.0147443,0.0067586
0.1200	0.9989167,0.0210560,-0.0373013,-0.0181858	0.9942568,0.1055814,0.0143304,0.0100339
0.1300	0.9989048,0.0220304,-0.0370766,-0.0181445	0.9942326,0.1055641,0.0140437,0.0126740
0.1400	0.9988924,0.0228743,-0.0369143,-0.0181156	0.9942037,0.1057121,0.0139273,0.0137843
0.1500	0.9988800,0.0234754,-0.0368520,-0.0181540	0.9941701,0.1060210,0.0139259,0.0138329
0.1600	0.9988732,0.0238633,-0.0367629,-0.0182007	0.9941327,0.1063712,0.0139303,0.0138333
0.1700	0.9988677,0.0243548,-0.0366022,-0.0181771	0.9940893,0.1067696,0.0139302,0.0138802
0.1800	0.9989051,0.0237641,-0.0359676,-0.0181693	0.9943608,0.1042705,0.0134453,0.0139081
0.1900	0.9989404,0.0231050,-0.0354147,-0.0181693	0.9946414,0.1016366,0.0130003,0.0137622
0.2000	0.9989755,0.0223601,-0.0348935,-0.0181762	0.9949656,0.0987658,0.0127010,0.0112930
0.2100	0.9990057,0.0216178,-0.0344901,-0.0181873	0.9952915,0.0957743,0.0121651,0.0086117
0.2200	0.9990395,0.0207028,-0.0340613,-0.0182020	0.9956238,0.0925390,0.0115033,0.0061208
0.2300	0.9990614,0.0201314,-0.0337581,-0.0182079	0.9999169,0.0058637,-0.0102145,0.0052478
0.2400	0.9990808,0.0196077,-0.0334883,-0.0182114	0.9999471,-0.0031957,-0.0089824,0.0038622
0.2500	0.9991004,0.0191537,-0.0331662,-0.0182103	0.9999651,-0.0034815,-0.0066838,0.0035956
0.2600	0.9992837,0.0149999,-0.0296286,-0.0181437	0.9999679,-0.0035036,-0.0062630,0.0035691
0.2700	0.9997014,-0.0005985,-0.0166350,-0.0178871	0.9999679,-0.0034932,-0.0062670,0.0035692
0.2800	0.9996955,-0.0013235,-0.0169631,-0.0178729	0.9999678,-0.0034968,-0.0062725,0.0035692
0.2900	0.9996965,-0.0012279,-0.0169093,-0.0178713	0.9999656,-0.0036076,-0.0063433,0.0039329
0.3000	0.9996981,-0.0010843,-0.0168320,-0.0178687	0.9999605,-0.0038410,-0.0063771,0.0048605
0.3100	0.9996992,-0.0009469,-0.0167769,-0.0178661	0.9999528,-0.0041318,-0.0063814,0.0060527
0.3200	0.9996994,-0.0008564,-0.0167710,-0.0178643	0.9999477,-0.0044518,-0.0063932,0.0066187
0.3300	0.9996995,-0.0008034,-0.0167662,-0.0178632	0.9999422,-0.0047206,-0.0064077,0.0072228
0.3400	0.9996996,-0.0008150,-0.0167621,-0.0178633	0.9999400,-0.0048703,-0.0064224,0.0074165
0.3500	0.9996996,-0.0009067,-0.0167578,-0.0178648	0.9999398,-0.0048828,-0.0064343,0.0074321
0.3600	0.9996995,-0.0010256,-0.0167530,-0.0178669	0.9999400,-0.0048220,-0.0064451,0.0074323
0.3700	0.9996994,-0.0011873,-0.0167468,-0.0178699	0.9999406,-0.0046867,-0.0064540,0.0074330
0.3800	0.9996993,-0.0013068,-0.0167411,-0.0178721	0.9999396,-0.0045478,-0.0064599,0.0076369
0.3900	0.9996992,-0.0014065,-0.0167353,-0.0178739	0.9999389,-0.0045208,-0.0064639,0.0077461
0.4000	0.9996991,-0.0015098,-0.0167299,-0.0178758	0.9999298,-0.0045438,-0.0064716,0.0088242
0.4100	0.9996990,-0.0016159,-0.0167245,-0.0178776	0.9999248,-0.0045974,-0.0064783,0.0093427
0.4200	0.9996989,-0.0016839,-0.0167201,-0.0178788	0.9999239,-0.0046753,-0.0064838,0.0093933
0.4300	0.9996989,-0.0017402,-0.0167150,-0.0178796	0.9999238,-0.0046995,-0.0064893,0.0093931
0.4400	0.9996990,-0.0017448,-0.0167096,-0.0178795	0.9999241,-0.0046977,-0.0064962,0.0093591
0.4500	0.9996991,-0.0017503,-0.0167046,-0.0178794	0.9999244,-0.0046623,-0.0065054,0.0093399
0.4600	0.9996991,-0.0017546,-0.0167011,-0.0178794	0.9999248,-0.0045503,-0.0065169,0.0093405
0.4700	0.9996992,-0.0017427,-0.0167001,-0.0178791	0.9999254,-0.0043931,-0.0065295,0.0093414
0.4800	0.9996992,-0.0017056,-0.0166999,-0.0178784	0.9999259,-0.0042577,-0.0065402,0.0093421
0.4900	0.9996992,-0.0017053,-0.0166994,-0.0178784	0.9999262,-0.0041705,-0.0065496,0.0093426
0.5000	0.9996993,-0.0016866,-0.0166989,-0.0178782	0.9999263,-0.0041452,-0.0065579,0.0093426
0.5100	0.9996994,-0.0016232,-0.0166990,-0.0178772	0.9999262,-0.0041404,-0.0065644,0.0093425
0.5200	0.9996995,-0.0015734,-0.0166991,-0.0178764	0.9999261,-0.0041791,-0.0065689,0.0093422
0.5300	0.9996996,-0.0015441,-0.0166982,-0.0178760	0.9999257,-0.0042533,-0.0065718,0.0093417
0.5400	0.9996997,-0.0015020,-0.0166971,-0.0178753	0.9999256,-0.0042846,-0.0065738,0.0093415
0.5500	0.9996997,-0.0015015,-0.0166943,-0.0178753	0.9999256,-0.0042842,-0.0065756,0.0093415
0.5600	0.9996998,-0.0015020,-0.0166890,-0.0178753	0.9999256,-0.0042840,-0.0065779,0.0093415
0.5700	0.9996999,-0.0015230,-0.0166815,-0.0178756	0.9999255,-0.0042829,-0.0065818,0.0093415
0.5800	0.9996999,-0.0015632,-0.0166744,-0.0178762	0.9999255,-0.0042804,-0.0065887,0.0093414
0.5900	0.9997000,-0.0015649,-0.0166693,-0.0178761	0.9999253,-0.0043086,-0.0065973,0.0093411
0.6000	0.9997001,-0.0015666,-0.0166654,-0.0178761	0.9999252,-0.0043247,-0.0066071,0.0093409
0.6100	0.9997001,-0.0015673,-0.0166632,-0.0178761	0.9999251,-0.0043170,-0.0066204,0.0093408
0.6200	0.9997001,-0.0015675,-0.0166620,-0.0178761	0.9999251,-0.0043072,-0.0066363,0.0093407
0.6300	0.9997001,-0.0015673,-0.0166614,-0.0178761	0.9999250,-0.0042973,-0.0066517,0.0093405
0.6400	0.9997002,-0.0015665,-0.0166611,-0.0178761	0.9999250,-0.0042888,-0.0066641,0.0093404
0.6500	0.9997002,-0.0015650,-0.0166610,-0.0178761	0.9999249,-0.0042828,-0.0066734,0.0093404
0.6600	0.9997002,-0.0015398,-0.0166615,-0.0178758	0.9999249,-0.0042788,-0.0066810,0.0093403
0.6700	0.9997002,-0.0015086,-0.0166619,-0.0178753	0.9999249,-0.0042765,-0.0066870,0.0093403
0.6800	0.9997003,-0.0014837,-0.0166620,-0.0178749	0.9999249,-0.0042757,-0.0066905,0.0093402
0.6900	0.9997003,-0.0014546,-0.0166620,-0.0178745	0.9999248,-0.0042757,-0.0066923,0.0093402
0.7000	0.9997004,-0.0014545,-0.0166600,-0.0178745	0.9999248,-0.0042761,-0.0066939,0.0093402
0.7100	0.9997004,-0.0014553,-0.0166553,-0.0178744	0.9999247,-0.0043021,-0.0066956,0.0093400
0.7200	0.9997005,-0.0014572,-0.0166496,-0.0178744	0.9999244,-0.0043710,-0.0066981,0.0093396
0.7300	0.9997006,-0.0014913,-0.0166425,-0.0178749	0.9999241,-0.0044351,-0.0067025,0.0093391
0.7400	0.9997007,-0.0015330,-0.0166333,-0.0178754	0.9999239,-0.0044602,-0.0067079,0.0093389
0.7500	0.9997008,-0.0015376,-0.0166264,-0.0178753	0.9999239,-0.0044578,-0.0067139,0.0093389
0.7600	0.9997009,-0.0015406,-0.0166219,-0.0178753	0.9999239,-0.0044538,-0.0067212,0.0093388
0.7700	0.9997009,-0.0015423,-0.0166187,-0.0178752	0.9999238,-0.0044478,-0.0067310,0.0093387
0.7800	0.9997009,-0.0015426,-0.0166171,-0.0178752	0.9999238,-0.0044408,-0.0067417,0.0093386
0.7900	0.9997010,-0.0015423,-0.0166164,-0.0178752	0.9999238,-0.0044340,-0.0067505,0.0093385
0.8000	0.9997010,-0.0015417,-0.0166162,-0.0178752	0.9999238,-0.0044276,-0.0067581,0.0093385
0.8100	0.9997010,-0.0015407,-0.0166158,-0.0178753	0.9999237,-0.0044221,-0.0067654,0.0093384
0.8200	0.9997010,-0.0015393,-0.0166154,-0.0178753	0.9999237,-0.0044181,-0.0067714,0.0093383
0.8300	0.9997010,-0.0015378,-0.0166148,-0.0178753	0.9999236,-0.0044352,-0.0067788,0.0093381
0.8400	0.9997010,-0.0015369,-0.0166139,-0.0178753	0.9999233,-0.0044954,-0.0067865,0.0093376
0.8500	0.9997010,-0.0015365,-0.0166131,-0.0178753	0.9999229,-0.0045615,-0.0067932,0.0093371
0.8600	0.9997010,-0.0015365,-0.0166122,-0.0178753	0.9999226,-0.0046188,-0.0067993,0.0093367
0.8700	0.9997010,-0.0015367,-0.0166111,-0.0178753	0.9999222,-0.0047070,-0.0068049,0.0093360
0.8800	0.9997011,-0.0015370,-0.0166095,-0.0178753	0.9999216,-0.0048320,-0.0068118,0.0093351
0.8900	0.9997011,-0.0015371,-0.0166081,-0.0178753	0.9999209,-0.0049529,-0.0068198,0.0093342
0.9000	0.9997011,-0.0015369,-0.0166066,-0.0178753	0.9999203,-0.0050575,-0.0068273,0.0093334
0.9100	0.9997012,-0.0015363,-0.0166042,-0.0178753	0.9999199,-0.0051420,-0.0068341,0.0093327
0.9200	0.9997012,-0.0015357,-0.0166019,-0.0178753	0.9999196,-0.0051928,-0.0068396,0.0093323
0.9300	0.9997012,-0.0015355,-0.0166003,-0.0178753	0.9999196,-0.0051904,-0.0068432,0.0093323
0.9400	0.9997013,-0.0015353,-0.0165989,-0.0178753	0.9999196,-0.0051892,-0.0068462,0.0093322
0.9500	0.9997013,-0.0015353,-0.0165972,-0.0178753	0.9999195,-0.0051880,-0.0068489,0.0093322
0.9600	0.9997013,-0.0015354,-0.0165954,-0.0178753	0.9999195,-0.0051865,-0.0068520,0.0093322
0.9700	0.9997013,-0.0015355,-0.0165940,-0.0178753	0.9999195,-0.0051849,-0.0068557,0.0093322
0.9800	0.9997014,-0.0015359,-0.0165924,-0.0178753	0.9999197,-0.0051685,-0.0068376,0.0093321
0.9900	0.9997014,-0.0015367,-0.0165900,-0.0178753	0.9999206,-0.0050956,-0.0067679,0.0093322
1.0000	0.9997014,-0.0015379,-0.0165872,-0.0178753	0.9999217,-0.0049768,-0.0066891,0.0093325
1.0100	0.9997014,-0.0015787,-0.0165838,-0.0178759	0.9999229,-0.0048498,-0.0066002,0.0093328
1.0200	0.9997014,-0.0015931,-0.0165823,-0.0178761	0.9999246,-0.0046751,-0.0064708,0.0093332
1.0300	0.9997014,-0.0015939,-0.0165813,-0.0178761	0.9999264,-0.0044760,-0.0063313,0.0093337
1.0400	0.9997014,-0.0015941,-0.0165808,-0.0178761	0.9999273,-0.0044030,-0.0062306,0.0093336
1.0500	0.9997015,-0.0015939,-0.0165802,-0.0178761	0.9999272,-0.0044999,-0.0062207,0.0093120
1.0600	0.9997015,-0.0015933,-0.0165792,-0.0178761	0.9999263,-0.0047159,-0.0062796,0.0092623
1.0700	0.9997015,-0.0015923,-0.0165780,-0.0178761	0.9999272,-0.0046378,-0.0061987,0.0092517
1.0800	0.9997015,-0.0015916,-0.0165771,-0.0178761	0.9999291,-0.0045117,-0.0060473,0.0092091
1.0900	0.9997015,-0.0015911,-0.0165760,-0.0178761	0.9999314,-0.0043240,-0.0058221,0.0091986
1.1000	0.9997016,-0.0015908,-0.0165744,-0.0178761	0.9999333,-0.0042080,-0.0056459,0.0091559
1.1100	0.9997016,-0.0015907,-0.0165721,-0.0178761	0.9999350,-0.0040747,-0.0054334,0.0091627
1.1200	0.9997016,-0.0015909,-0.0165690,-0.0178761	0.9999384,-0.0038704,-0.0049523,0.0091431
1.1300	0.9997016,-0.0016342,-0.0165640,-0.0178768	0.9999466,-0.0043706,-0.0040615,0.0084359
1.1400	0.9997016,-0.0017150,-0.0165584,-0.0178781	0.9999530,-0.0042394,-0.0030022,0.0081887
1.1500	0.9997014,-0.0018870,-0.0165504,-0.0178808	0.9999570,-0.0040878,-0.0021163,0.0080489
1.1600	0.9997190,-0.0020036,-0.0165404,-0.0168593	0.9999582,-0.0040338,-0.0016338,0.0080469
1.1700	0.9997283,-0.0020293,-0.0165356,-0.0163048	0.9999589,-0.0039730,-0.0013152,0.0080457
1.1800	0.9997348,-0.0019264,-0.0165350,-0.0159129	0.9999594,-0.0039658,-0.0010037,0.0080300
1.1900	0.9997433,-0.0017804,-0.0164750,-0.0154481	0.9999612,-0.0038743,-0.0006630,0.0078865
1.2000	0.9997505,-0.0017064,-0.0164676,-0.0149963	0.9999628,-0.0037369,-0.0004389,0.0077571
1.2100	0.9997560,-0.0017054,-0.0164667,-0.0146242	0.9999643,-0.0036230,-0.0003655,0.0076212
1.2200	0.9997623,-0.0017675,-0.0164646,-0.0141819	0.9999663,-0.0034655,-0.0002647,0.0074407
1.2300	0.9997684,-0.0019287,-0.0164607,-0.0137255	0.9999670,-0.0034625,-0.0001843,0.0073419
1.2400	0.9997721,-0.0022872,-0.0165222,-0.0133215	0.9999675,-0.0034736,-0.0001280,0.0072794
1.2500	0.9997747,-0.0030829,-0.0165092,-0.0129821	0.9999670,-0.0036194,-0.0000647,0.0072792
1.2600	0.9997764,-0.0037925,-0.0164928,-0.0126795	0.9999664,-0.0037705,-0.0000035,0.0072789
1.2700	0.9997817,-0.0038648,-0.0163740,-0.0123917	0.9999661,-0.0038382,-0.0000039,0.0072789
1.2800	0.9997855,-0.0037994,-0.0163481,-0.0121362	0.9999659,-0.0039128,-0.0000045,0.0072789
1.2900	0.9997891,-0.0038043,-0.0163469,-0.0118348	0.9999658,-0.0039137,0.0001180,0.0072785
1.3000	0.9997927,-0.0038093,-0.0163458,-0.0115300	0.9999665,-0.0038558,0.0002151,0.0072163
1.3100	0.9997954,-0.0037514,-0.0163456,-0.0113090	0.9999671,-0.0038562,0.0002723,0.0071316
1.3200	0.9998002,-0.0040229,-0.0162308,-0.0109507	0.9999676,-0.0038563,0.0002720,0.0070542
1.3300	0.9998027,-0.0040266,-0.0162299,-0.0107217	0.9999673,-0.0039415,0.0002714,0.0070542
1.3400	0.9998057,-0.0040312,-0.0162288,-0.0104375	0.9999670,-0.0040160,0.0002709,0.0070542
1.3500	0.9998077,-0.0039882,-0.0162809,-0.0101734	0.9999667,-0.0041006,0.0001797,0.0070546
1.3600	0.9998110,-0.0041701,-0.0162827,-0.0097663	0.9999667,-0.0041006,0.0001797,0.0070546
1.3700	0.9998128,-0.0041965,-0.0163664,-0.0094254	0.9999671,-0.0041006,0.0001795,0.0069971
1.3800	0.9998139,-0.0042667,-0.0164854,-0.0090628	0.9999678,-0.0041006,0.0001790,0.0068948
1.3900	0.9998152,-0.0043373,-0.0165990,-0.0086792	0.9999678,-0.0041020,0.0003761,0.0068940
1.4000	0.9998153,-0.0044248,-0.0167214,-0.0083738	0.9999687,-0.0040498,0.0005251,0.0067762
1.4100	0.9998150,-0.0045321,-0.0168386,-0.0081196	0.9999707,-0.0041258,0.0007042,0.0064027
1.4200	0.9998148,-0.0045794,-0.0169042,-0.0079781	0.9999719,-0.0041275,0.0009502,0.0061886
1.4300	0.9998155,-0.0046442,-0.0169097,-0.0078333	0.9999730,-0.0041278,0.0009741,0.0059946
1.4400	0.9998166,-0.0047050,-0.0169084,-0.0076659	0.9999736,-0.0041288,0.0011174,0.0058742
1.4500	0.9998181,-0.0047084,-0.0169075,-0.0074607	0.9999751,-0.0041309,0.0014020,0.0055397
1.4600	0.9998210,-0.0046303,-0.0169065,-0.0071215	0.9999772,-0.0041320,0.0015044,0.0051287
1.4700	0.9998239,-0.0044834,-0.0169061,-0.0067945	0.9999783,-0.0041325,0.0015199,0.0049016
1.4800	0.9998267,-0.0043549,-0.0169056,-0.0064717	0.9999795,-0.0041325,0.0014512,0.0046694
1.4900	0.9998318,-0.0042814,-0.0167624,-0.0060921	0.9999802,-0.0040831,0.0011329,0.0046474
1.5000	0.9998371,-0.0042294,-0.0166032,-0.0056813	0.9999787,-0.0043515,0.0002494,0.0048622
1.5100	0.9998414,-0.0042362,-0.0164896,-0.0052357	0.9999791,-0.0044470,-0.0002585,0.0046818
1.5200	0.9998447,-0.0042501,-0.0163745,-0.0049299	0.9999793,-0.0045269,-0.0005973,0.0045427
1.5300	0.9998473,-0.0043529,-0.0162873,-0.0045962	0.9999798,-0.0045421,-0.0008548,0.0043728
1.5400	0.9998500,-0.0044830,-0.0161894,-0.0042254	0.9999793,-0.0046011,-0.0010138,0.0043799
1.5500	0.9998521,-0.0047051,-0.0161230,-0.0036897	0.9999792,-0.0046159,-0.0010415,0.0043907
1.5600	0.9998533,-0.0048429,-0.0161201,-0.0031817	0.9999792,-0.0046159,-0.0010415,0.0043907
1.5700	0.9998547,-0.0048993,-0.0161171,-0.0025956	0.9999792,-0.0046159,-0.0010415,0.0043907
1.5800	0.9998563,-0.0048119,-0.0161152,-0.0021427	0.9999797,-0.0046163,-0.0009286,0.0042986
1.5900	0.9998571,-0.0048190,-0.0161130,-0.0017025	0.9999791,-0.0048215,-0.0007512,0.0042347
1.6000	0.9998570,-0.0049859,-0.0161105,-0.0012314	0.9999775,-0.0052434,-0.0007152,0.0041213
1.6100	0.9998567,-0.0051295,-0.0161085,-0.0008653	0.9999778,-0.0054834,-0.0006291,0.0037465
1.6200	0.9998562,-0.0052710,-0.0161066,-0.0005310	0.9999771,-0.0057627,-0.0004823,0.0035290
1.6300	0.9998552,-0.0054825,-0.0161004,-0.0004741	0.9999766,-0.0060083,-0.0002861,0.0032507
1.6400	0.9998550,-0.0056629,-0.0160530,-0.0003844	0.9999766,-0.0060512,-0.0001717,0.0031813
1.6500	0.9998549,-0.0056954,-0.0160523,-0.0002552	0.9999761,-0.0061454,-0.0000260,0.0031804
1.6600	0.9998552,-0.0056502,-0.0160517,-0.0001525	0.9999754,-0.0063356,0.0001364,0.0030175
1.6700	0.9998552,-0.0056520,-0.0160511,-0.0000413	0.9999745,-0.0065365,0.0003188,0.0028442
1.6800	0.9998554,-0.0056877,-0.0160272,0.0001249	0.9999736,-0.0067234,0.0005008,0.0027079
1.6900	0.9998554,-0.0058471,-0.0159642,0.0004388	0.9999724,-0.0069274,0.0006917,0.0025879
1.7000	0.9998534,-0.0059550,-0.0159915,0.0013908	0.9999710,-0.0071186,0.0008843,0.0025516
1.7100	0.9998527,-0.0051188,-0.0161482,0.0027566	0.9999694,-0.0073258,0.0010226,0.0025508
1.7200	0.9998320,-0.0046663,-0.0169627,0.0051452	0.9999684,-0.0075246,0.0013226,0.0022014
1.7300	0.9997570,-0.0057047,-0.0191124,0.0093882	0.9999675,-0.0077581,0.0015343,0.0015765
1.7400	0.9997087,-0.0065718,-0.0183864,0.0141869	0.9999703,-0.0075374,-0.0002320,0.0015882
1.7500	0.9996593,-0.0065506,-0.0178101,0.0179229	0.9999486,-0.0077170,-0.0050366,0.0042216
1.7600	0.9996416,-0.0063604,-0.0166634,0.0199634	0.9999387,-0.0058863,-0.0061271,0.0071066
1.7700	0.9996413,-0.0062874,-0.0166617,0.0200055	0.9999365,-0.0056146,-0.0059292,0.0077620
1.7800	0.9996413,-0.0062842,-0.0166591,0.0200055	0.9999350,-0.0059433,-0.0059573,0.0076924
1.7900	0.9996415,-0.0062742,-0.0166511,0.0200054	0.9999350,-0.0059433,-0.0059573,0.0076924
1.8000	0.9996417,-0.0062665,-0.0166450,0.0200053	0.9999350,-0.0058794,-0.0060165,0.0076931
1.8100	0.9996418,-0.0062598,-0.0166403,0.0200052	0.9999353,-0.0057998,-0.0060414,0.0076937
1.8200	0.9996419,-0.0062535,-0.0166363,0.0200051	0.9999355,-0.0057775,-0.0060413,0.0076939
1.8300	0.9996414,-0.0061759,-0.0166315,0.0200600	0.9999355,-0.0057775,-0.0060413,0.0076939
1.8400	0.9996269,-0.0060381,-0.0165906,0.0208394	0.9999355,-0.0057775,-0.0060413,0.0076939
1.8500	0.9995955,-0.0060412,-0.0165052,0.0223604	0.9999355,-0.0057775,-0.0060413,0.0076939
1.8600	0.9995966,-0.0058774,-0.0164941,0.0223626	0.9999355,-0.0057775,-0.0060413,0.0076939
1.8700	0.9995968,-0.0058647,-0.0164881,0.0223625	0.9999355,-0.0057775,-0.0060413,0.0076939
1.8800	0.9995969,-0.0058565,-0.0164846,0.0223624	0.9999355,-0.0057775,-0.0060413,0.0076939
1.8900	0.9995970,-0.0058493,-0.0164811,0.0223623	0.9999355,-0.0057775,-0.0060413,0.0076939
1.9000	0.9995971,-0.0058421,-0.0164777,0.0223622	0.9999355,-0.0057775,-0.0060413,0.0076939
1.9100	0.9995971,-0.0058355,-0.0164752,0.0223621	0.9999355,-0.0057775,-0.0060413,0.0076939
1.9200	0.9995972,-0.0058297,-0.0164734,0.0223620	0.9999355,-0.0057775,-0.0060413,0.0076939
1.9300	0.9995973,-0.0058243,-0.0164718,0.0223619	0.9999355,-0.0057775,-0.0060413,0.0076939
1.9400	0.9995973,-0.0058197,-0.0164703,0.0223618	0.9999355,-0.0057775,-0.0060413,0.0076939
1.9500	0.9995974,-0.0058156,-0.0164689,0.0223618	0.9999355,-0.0057775,-0.0060413,0.0076939
1.9600	0.9995974,-0.0058128,-0.0164679,0.0223617	0.9999355,-0.0057775,-0.0060413,0.0076939
1.9700	0.9995974,-0.0058098,-0.0164665,0.0223617	0.9999355,-0.0057775,-0.0060413,0.0076939
1.9800	0.9995975,-0.0058057,-0.0164644,0.0223616	0.9999355,-0.0057775,-0.0060413,0.0076939
1.9900	0.9995976,-0.0058014,-0.0164623,0.0223616	0.9999355,-0.0057775,-0.0060413,0.0076939
2.0000	0.9995976,-0.0057966,-0.0164604,0.0223615	0.9999355,-0.0057775,-0.0060413,0.0076939
2.0100	0.9995977,-0.0057913,-0.0164584,0.0223614	0.9999355,-0.0057775,-0.0060413,0.0076939
2.0200	0.9995978,-0.0057866,-0.0164561,0.0223614	0.9999355,-0.0057775,-0.0060413,0.0076939
2.0300	0.9995978,-0.0057824,-0.0164530,0.0223613	0.9999355,-0.0057775,-0.0060413,0.0076939
2.0400	0.9995979,-0.0057780,-0.0164497,0.0223613	0.9999355,-0.0057775,-0.0060413,0.0076939
2.0500	0.9995980,-0.0057740,-0.0164471,0.0223612	0.9999355,-0.0057775,-0.0060413,0.0076939
2.0600	0.9995980,-0.0057709,-0.0164449,0.0223612	0.9999355,-0.0057775,-0.0060413,0.0076939
2.0700	0.9995981,-0.0057676,-0.0164432,0.0223612	0.9999355,-0.0057775,-0.0060413,0.0076939
2.0800	0.9995981,-0.0057634,-0.0164418,0.0223611	0.9999355,-0.0057775,-0.0060413,0.0076939
2.0900	0.9995982,-0.0057585,-0.0164403,0.0223610	0.9999355,-0.0057775,-0.0060413,0.0076939
2.1000	0.9995982,-0.0057542,-0.0164385,0.0223610	0.9999355,-0.0057775,-0.0060413,0.0076939
2.1100	0.9995983,-0.0057494,-0.0164365,0.0223609	0.9999355,-0.0057775,-0.0060413,0.0076939
2.1200	0.9995984,-0.0057437,-0.0164345,0.0223608	0.9999355,-0.0057775,-0.0060413,0.0076939
2.1300	0.9995984,-0.0057385,-0.0164329,0.0223607	0.9999355,-0.0057775,-0.0060413,0.0076939
2.1400	0.9995985,-0.0057329,-0.0164306,0.0223607	0.9999355,-0.0057775,-0.0060413,0.0076939
2.1500	0.9995986,-0.0057267,-0.0164279,0.0223606	0.9999355,-0.0057775,-0.0060413,0.0076939
2.1600	0.9995987,-0.0057203,-0.0164254,0.0223605	0.9999355,-0.0057775,-0.0060413,0.0076939
2.1700	0.9995988,-0.0057140,-0.0164224,0.0223604	0.9999355,-0.0057775,-0.0060413,0.0076939
2.1800	0.9995988,-0.0057089,-0.0164199,0.0223603	0.9999355,-0.0057775,-0.0060413,0.0076939
2.1900	0.9995989,-0.0057050,-0.0164184,0.0223603	0.9999355,-0.0057775,-0.0060413,0.0076939
2.2000	0.9995989,-0.0057015,-0.0164171,0.0223602	0.9999355,-0.0057775,-0.0060413,0.0076939
2.2100	0.9995990,-0.0056977,-0.0164155,0.0223602	0.9999355,-0.0057775,-0.0060413,0.0076939
2.2200	0.9995990,-0.0056934,-0.0164136,0.0223601	0.9999355,-0.0057775,-0.0060413,0.0076939
2.2300	0.9995991,-0.0056901,-0.0164122,0.0223601	0.9999355,-0.0057775,-0.0060413,0.0076939
2.2400	0.9995991,-0.0056871,-0.0164108,0.0223600	0.9999355,-0.0057775,-0.0060413,0.0076939
2.2500	0.9995992,-0.0056836,-0.0164083,0.0223600	0.9999355,-0.0057775,-0.0060413,0.0076939
2.2600	0.9995992,-0.0056800,-0.0164052,0.0223600	0.9999355,-0.0057775,-0.0060413,0.0076939
2.2700	0.9995993,-0.0056768,-0.0164028,0.0223599	0.9999355,-0.0057775,-0.0060413,0.0076939
2.2800	0.9995994,-0.0056738,-0.0164005,0.0223599	0.9999355,-0.0057775,-0.0060413,0.0076939
2.2900	0.9995994,-0.0056700,-0.0163977,0.0223598	0.9999355,-0.0057775,-0.0060413,0.0076939
2.3000	0.9995995,-0.0056650,-0.0163943,0.0223598	0.9999355,-0.0057775,-0.0060413,0.0076939
2.3100	0.9995996,-0.0056603,-0.0163918,0.0223597	0.9999355,-0.0057775,-0.0060413,0.0076939
2.3200	0.9995996,-0.0056564,-0.0163905,0.0223597	0.9999355,-0.0057775,-0.0060413,0.0076939
2.3300	0.9995997,-0.0056529,-0.0163894,0.0223596	0.9999355,-0.0057775,-0.0060413,0.0076939
2.3400	0.9995997,-0.0056486,-0.0163881,0.0223596	0.9999355,-0.0057775,-0.0060413,0.0076939
2.3500	0.9995998,-0.0056445,-0.0163859,0.0223595	0.9999355,-0.0057775,-0.0060413,0.0076939
2.3600	0.9995998,-0.0056400,-0.0163833,0.0223594	0.9999355,-0.0057775,-0.0060413,0.0076939
2.3700	0.9995999,-0.0056354,-0.0163813,0.0223594	0.9999355,-0.0057775,-0.0060413,0.0076939
2.3800	0.9995999,-0.0056317,-0.0163799,0.0223593	0.9999355,-0.0057775,-0.0060413,0.0076939
2.3900	0.9996000,-0.0056277,-0.0163777,0.0223593	0.9999355,-0.0057775,-0.0060413,0.0076939
2.4000	0.9996001,-0.0056244,-0.0163759,0.0223592	0.9999355,-0.0057775,-0.0060413,0.0076939
2.4100	0.9996001,-0.0056209,-0.0163740,0.0223592	0.9999355,-0.0057775,-0.0060413,0.0076939
2.4200	0.9996002,-0.0056166,-0.0163722,0.0223591	0.9999355,-0.0057775,-0.0060413,0.0076939
2.4300	0.9996002,-0.0056116,-0.0163697,0.0223591	0.9999355,-0.0057775,-0.0060413,0.0076939
2.4400	0.9996003,-0.0056068,-0.0163675,0.0223590	0.9999355,-0.0057775,-0.0060413,0.0076939
2.4500	0.9996004,-0.0056019,-0.0163655,0.0223589	0.9999355,-0.0057775,-0.0060413,0.0076939
2.4600	0.9996004,-0.0055977,-0.0163641,0.0223589	0.9999355,-0.0057775,-0.0060413,0.0076939
2.4700	0.9996005,-0.0055937,-0.0163622,0.0223588	0.9999355,-0.0057775,-0.0060413,0.0076939
2.4800	0.9996005,-0.0055911,-0.0163610,0.0223588	0.9999355,-0.0057775,-0.0060413,0.0076939
2.4900	0.9996005,-0.0055884,-0.0163605,0.0223587	0.9999355,-0.0057775,-0.0060413,0.0076939
2.5000	0.9996005,-0.0055862,-0.0163605,0.0223587	0.9999355,-0.0057775,-0.0060413,0.0076939
2.5100	0.9996005,-0.0055845,-0.0163604,0.0223587	0.9999355,-0.0057775,-0.0060413,0.0076939
2.5200	0.9996006,-0.0055822,-0.0163598,0.0223586	0.9999355,-0.0057775,-0.0060413,0.0076939
2.5300	0.9996006,-0.0055801,-0.0163588,0.0223586	0.9999355,-0.0057775,-0.0060413,0.0076939
2.5400	0.9996006,-0.0055785,-0.0163579,0.0223586	0.9999355,-0.0057775,-0.0060413,0.0076939
2.5500	0.9996006,-0.0055770,-0.0163573,0.0223586	0.9999355,-0.0057775,-0.0060413,0.0076939
2.5600	0.9996007,-0.0055749,-0.0163566,0.0223586	0.9999355,-0.0057775,-0.0060413,0.0076939
2.5700	0.9996007,-0.0055720,-0.0163555,0.0223585	0.9999355,-0.0057775,-0.0060413,0.0076939
2.5800	0.9996007,-0.0055691,-0.0163544,0.0223585	0.9999355,-0.0057775,-0.0060413,0.0076939
2.5900	0.9996008,-0.0055657,-0.0163527,0.0223584	0.9999355,-0.0057775,-0.0060413,0.0076939
2.6000	0.9996008,-0.0055624,-0.0163509,0.0223584	0.9999355,-0.0057775,-0.0060413,0.0076939
2.6100	0.9996009,-0.0055579,-0.0163478,0.0223583	0.9999355,-0.0057775,-0.0060413,0.0076939
2.6200	0.9996010,-0.0055526,-0.0163439,0.0223583	0.9999355,-0.0057775,-0.0060413,0.0076939
2.6300	0.9996011,-0.0055466,-0.0163401,0.0223582	0.9999355,-0.0057775,-0.0060413,0.0076939
2.6400	0.9996012,-0.0055410,-0.0163370,0.0223581	0.9999355,-0.0057775,-0.0060413,0.0076939
2.6500	0.9996013,-0.0055354,-0.0163328,0.0223581	0.9999355,-0.0057775,-0.0060413,0.0076939
2.6600	0.9996014,-0.0055313,-0.0163287,0.0223580	0.9999355,-0.0057775,-0.0060413,0.0076939
2.6700	0.9996014,-0.0055284,-0.0163253,0.0223580	0.9999355,-0.0057775,-0.0060413,0.0076939
2.6800	0.9996015,-0.0055248,-0.0163221,0.0223579	0.9999355,-0.0057775,-0.0060413,0.0076939
2.6900	0.9996016,-0.0055221,-0.0163199,0.0223579	0.9999355,-0.0057775,-0.0060413,0.0076939
2.7000	0.9996016,-0.0055196,-0.0163184,0.0223579	0.9999355,-0.0057775,-0.0060413,0.0076939
2.7100	0.9996016,-0.0055179,-0.0163179,0.0223579	0.9999355,-0.0057775,-0.0060413,0.0076939
2.7200	0.9996017,-0.0055155,-0.0163170,0.0223578	0.9999355,-0.0057775,-0.0060413,0.0076939
2.7300	0.9996017,-0.0055131,-0.0163164,0.0223578	0.9999355,-0.0057775,-0.0060413,0.0076939
2.7400	0.9996017,-0.0055105,-0.0163155,0.0223578	0.9999355,-0.0057775,-0.0060413,0.0076939
2.7500	0.9996018,-0.0055074,-0.0163138,0.0223577	0.9999355,-0.0057775,-0.0060413,0.0076939
2.7600	0.9996018,-0.0055045,-0.0163126,0.0223577	0.9999355,-0.0057775,-0.0060413,0.0076939
2.7700	0.9996018,-0.0055020,-0.0163112,0.0223576	0.9999355,-0.0057775,-0.0060413,0.0076939
2.7800	0.9996018,-0.0055020,-0.0163112,0.0223576	0.9999355,-0.0057775,-0.0060413,0.0076939
2.7900	0.9996018,-0.0055020,-0.0163112,0.0223576	0.9999355,-0.0057775,-0.0060413,0.0076939
2.8000	0.9996018,-0.0055020,-0.0163112,0.0223576	0.9999355,-0.0057775,-0.0060413,0.0076939
2.8100	0.9996018,-0.0055020,-0.0163112,0.0223576	0.9999355,-0.0057775,-0.0060413,0.0076939
2.8200	0.9996018,-0.0055020,-0.0163112,0.0223576	0.9999355,-0.0057775,-0.0060413,0.0076939
2.8300	0.9996018,-0.0055020,-0.0163112,0.0223576	0.9999355,-0.0057775,-0.0060413,0.0076939
2.8400	0.9996018,-0.0055020,-0.0163112,0.0223576	0.9999355,-0.0057775,-0.0060413,0.0076939
2.8500	0.9996018,-0.0055020,-0.0163112,0.0223576	0.9999355,-0.0057775,-0.0060413,0.0076939
2.8600	0.9996018,-0.0055020,-0.0163112,0.0223576	0.9999355,-0.0057775,-0.0060413,0.0076939
2.8700	0.9996018,-0.0055020,-0.0163112,0.0223576	0.9999355,-0.0057775,-0.0060413,0.0076939
2.8800	0.9996018,-0.0055020,-0.0163112,0.0223576	0.9999355,-0.0057775,-0.0060413,0.0076939
2.8900	0.9996018,-0.0055020,-0.0163112,0.0223576	0.9999355,-0.0057775,-0.0060413,0.0076939
2.9000	0.9996018,-0.0055020,-0.0163112,0.0223576	0.9999355,-0.0057775,-0.0060413,0.0076939
2.9100	0.9996018,-0.0055020,-0.0163112,0.0223576	0.9999355,-0.0057775,-0.0060413,0.0076939
2.9200	0.9996018,-0.0055020,-0.0163112,0.0223576	0.9999355,-0.0057775,-0.0060413,0.0076939
2.9300	0.9996018,-0.0055020,-0.0163112,0.0223576	0.9999355,-0.0057775,-0.0060413,0.0076939
2.9400	0.9996018,-0.0055020,-0.0163112,0.0223576	0.9999355,-0.0057775,-0.0060413,0.0076939
2.9500	0.9996018,-0.0055020,-0.0163112,0.0223576	0.9999355,-0.0057775,-0.0060413,0.0076939
2.9600	0.9996018,-0.0055020,-0.0163112,0.0223576	0.9999355,-0.0057775,-0.0060413,0.0076939
2.9700	0.9996018,-0.0055020,-0.0163112,0.0223576	0.9999355,-0.0057775,-0.0060413,0.0076939
2.9800	0.9996018,-0.0055020,-0.0163112,0.0223576	0.9999355,-0.0057775,-0.0060413,0.0076939
2.9900	0.9996018,-0.0055020,-0.0163112,0.0223576	0.9999355,-0.0057775,-0.0060413,0.0076939
3.0000	0.9996018,-0.0055020,-0.0163112,0.0223576	0.9999355,-0.0057775,-0.0060413,0.0076939
3.0100	0.9996018,-0.0055020,-0.0163112,0.0223576	0.9999355,-0.0057775,-0.0060413,0.0076939
3.0200	0.9996018,-0.0055020,-0.0163112,0.0223576	0.9999355,-0.0057775,-0.0060413,0.0076939
3.0300	0.9996018,-0.0055020,-0.0163112,0.0223576	0.9999355,-0.0057775,-0.0060413,0.0076939
3.0400	0.9996018,-0.0055020,-0.0163112,0.0223576	0.9999355,-0.0057775,-0.0060413,0.0076939
3.0500	0.9996018,-0.0055020,-0.0163112,0.0223576	0.9999355,-0.0057775,-0.0060413,0.0076939
3.0600	0.9996018,-0.0055020,-0.0163112,0.0223576	0.9999355,-0.0057775,-0.0060413,0.0076939
3.0700	0.9996018,-0.0055020,-0.0163112,0.0223576	0.9999355,-0.0057775,-0.0060413,0.0076939
3.0800	0.9996018,-0.0055020,-0.0163112,0.0223576	0.9999355,-0.0057775,-0.0060413,0.0076939
3.0900	0.9996018,-0.0055020,-0.0163112,0.0223576	0.9999355,-0.0057775,-0.0060413,0.0076939
3.1000	0.9996018,-0.0055020,-0.0163112,0.0223576	0.9999355,-0.0057775,-0.0060413,0.0076939
3.1100	0.9996018,-0.0055020,-0.0163112,0.0223576	0.9999355,-0.0057775,-0.0060413,0.0076939
3.1200	0.9996018,-0.0055020,-0.0163112,0.0223576	0.9999355,-0.0057775,-0.0060413,0.0076939
3.1300	0.9996018,-0.0055020,-0.0163112,0.0223576	0.9999355,-0.0057775,-0.0060413,0.0076939
3.1400	0.9996018,-0.0055020,-0.0163112,0.0223576	0.9999355,-0.0057775,-0.0060413,0.0076939
3.1500	0.9996018,-0.0055020,-0.0163112,0.0223576	0.9999355,-0.0057775,-0.0060413,0.0076939
3.1600	0.9996018,-0.0055020,-0.0163112,0.0223576	0.9999355,-0.0057775,-0.0060413,0.0076939
3.1700	0.9996018,-0.0055020,-0.0163112,0.0223576	0.9999355,-0.0057775,-0.0060413,0.0076939
3.1800	0.9996018,-0.0055020,-0.0163112,0.0223576	0.9999355,-0.0057775,-0.0060413,0.0076939
3.1900	0.9996018,-0.0055020,-0.0163112,0.0223576	0.9999355,-0.0057775,-0.0060413,0.0076939
3.2000	0.9996018,-0.0055020,-0.0163112,0.0223576	0.9999355,-0.0057775,-0.0060413,0.0076939
3.2100	0.9996018,-0.0055020,-0.0163112,0.0223576	0.9999355,-0.0057775,-0.0060413,0.0076939
3.2200	0.9996018,-0.0055020,-0.0163112,0.0223576	0.9999355,-0.0057775,-0.0060413,0.0076939
3.2300	0.9996018,-0.0055020,-0.0163112,0.0223576	0.9999355,-0.0057775,-0.0060413,0.0076939
3.2400	0.9996018,-0.0055020,-0.0163112,0.0223576	0.9999355,-0.0057775,-0.0060413,0.0076939
3.2500	0.9996018,-0.0055020,-0.0163112,0.0223576	0.9999355,-0.0057775,-0.0060413,0.0076939
3.2600	0.9996018,-0.0055020,-0.0163112,0.0223576	0.9999355,-0.0057775,-0.0060413,0.0076939
3.2700	0.9996018,-0.0055020,-0.0163112,0.0223576	0.9999355,-0.0057775,-0.0060413,0.0076939
3.2800	0.9996018,-0.0055020,-0.0163112,0.0223576	0.9999355,-0.0057775,-0.0060413,0.0076939
3.2900	0.9996018,-0.0055020,-0.0163112,0.0223576	0.9999355,-0.0057775,-0.0060413,0.0076939
3.3000	0.9996018,-0.0055020,-0.0163112,0.0223576	0.9999355,-0.0057775,-0.0060413,0.0076939
3.3100	0.9996018,-0.0055020,-0.0163112,0.0223576	0.9999355,-0.0057775,-0.0060413,0.0076939
3.3200	0.9996018,-0.0055020,-0.0163112,0.0223576	0.9999355,-0.0057775,-0.0060413,0.0076939
3.3300	0.9996018,-0.0055020,-0.0163112,0.0223576	0.9999355,-0.0057775,-0.0060413,0.0076939
3.3400	0.9996018,-0.0055020,-0.0163112,0.0223576	0.9999355,-0.0057775,-0.0060413,0.0076939
3.3500	0.9996018,-0.0055020,-0.0163112,0.0223576	0.9999355,-0.0057775,-0.0060413,0.0076939
3.3600	0.9996018,-0.0055020,-0.0163112,0.0223576	0.9999355,-0.0057775,-0.0060413,0.0076939
3.3700	0.9996018,-0.0055020,-0.0163112,0.0223576	0.9999355,-0.0057775,-0.0060413,0.0076939
3.3800	0.9996018,-0.0055020,-0.0163112,0.0223576	0.9999355,-0.0057775,-0.0060413,0.0076939
3.3900	0.9996018,-0.0055020,-0.0163112,0.0223576	0.9999355,-0.0057775,-0.0060413,0.0076939
3.4000	0.9996018,-0.0055020,-0.0163112,0.0223576	0.9999355,-0.0057775,-0.0060413,0.0076939
3.4100	0.9996018,-0.0055020,-0.0163112,0.0223576	0.9999355,-0.0057775,-0.0060413,0.0076939
3.4200	0.9996018,-0.0055020,-0.0163112,0.0223576	0.9999355,-0.0057775,-0.0060413,0.0076939
3.4300	0.9996018,-0.0055020,-0.0163112,0.0223576	0.9999355,-0.0057775,-0.0060413,0.0076939
3.4400	0.9996018,-0.0055020,-0.0163112,0.0223576	0.9999355,-0.0057775,-0.0060413,0.0076939
3.4500	0.9996018,-0.0055020,-0.0163112,0.0223576	0.9999355,-0.0057775,-0.0060413,0.0076939
3.4600	0.9996018,-0.0055020,-0.0163112,0.0223576	0.9999355,-0.0057775,-0.0060413,0.0076939
3.4700	0.9996018,-0.0055020,-0.0163112,0.0223576	0.9999355,-0.0057775,-0.0060413,0.0076939
3.4800	0.9996018,-0.0055020,-0.0163112,0.0223576	0.9999355,-0.0057775,-0.0060413,0.0076939
3.4900	0.9996018,-0.0055020,-0.0163112,0.0223576	0.9999355,-0.0057775,-0.0060413,0.0076939
3.5000	0.9996018,-0.0055020,-0.0163112,0.0223576	0.9999355,-0.0057775,-0.0060413,0.0076939
3.5100	0.9996018,-0.0055020,-0.0163112,0.0223576	0.9999355,-0.0057775,-0.0060413,0.0076939
3.5200	0.9996018,-0.0055020,-0.0163112,0.0223576	0.9999355,-0.0057775,-0.0060413,0.0076939
3.5300	0.9996018,-0.0055020,-0.0163112,0.0223576	0.9999355,-0.0057775,-0.0060413,0.0076939
3.5400	0.9996018,-0.0055020,-0.0163112,0.0223576	0.9999355,-0.0057775,-0.0060413,0.0076939
3.5500	0.9996018,-0.0055020,-0.0163112,0.0223576	0.9999355,-0.0057775,-0.0060413,0.0076939
3.5600	0.9996018,-0.0055020,-0.0163112,0.0223576	0.9999355,-0.0057775,-0.0060413,0.0076939
3.5700	0.9996018,-0.0055020,-0.0163112,0.0223576	0.9999355,-0.0057775,-0.0060413,0.0076939
3.5800	0.9996018,-0.0055020,-0.0163112,0.0223576	0.9999355,-0.0057775,-0.0060413,0.0076939
3.5900	0.9996018,-0.0055020,-0.0163112,0.0223576	0.9999355,-0.0057775,-0.0060413,0.0076939
3.6000	0.9996018,-0.0055020,-0.0163112,0.0223576	0.9999355,-0.0057775,-0.0060413,0.0076939
3.6100	0.9996018,-0.0055020,-0.0163112,0.0223576	0.9999355,-0.0057775,-0.0060413,0.0076939
3.6200	0.9996018,-0.0055020,-0.0163112,0.0223576	0.9999355,-0.0057775,-0.0060413,0.0076939
3.6300	0.9996018,-0.0055020,-0.0163112,0.0223576	0.9999355,-0.0057775,-0.0060413,0.0076939
3.6400	0.9996018,-0.0055020,-0.0163112,0.0223576	0.9999355,-0.0057775,-0.0060413,0.0076939
3.6500	0.9996018,-0.0055020,-0.0163112,0.0223576	0.9999355,-0.0057775,-0.0060413,0.0076939
3.6600	0.9996018,-0.0055020,-0.0163112,0.0223576	0.9999355,-0.0057775,-0.0060413,0.0076939
3.6700	0.9996018,-0.0055020,-0.0163112,0.0223576	0.9999355,-0.0057775,-0.0060413,0.0076939
3.6800	0.9996018,-0.0055020,-0.0163112,0.0223576	0.9999355,-0.0057775,-0.0060413,0.0076939
3.6900	0.9996018,-0.0055020,-0.0163112,0.0223576	0.9999355,-0.0057775,-0.0060413,0.0076939
3.7000	0.9996018,-0.0055020,-0.0163112,0.0223576	0.9999355,-0.0057775,-0.0060413,0.0076939
3.7100	0.9996018,-0.0055020,-0.0163112,0.0223576	0.9999355,-0.0057775,-0.0060413,0.0076939
3.7200	0.9996018,-0.0055020,-0.0163112,0.0223576	0.9999355,-0.0057775,-0.0060413,0.0076939
3.7300	0.9996018,-0.0055020,-0.0163112,0.0223576	0.9999355,-0.0057775,-0.0060413,0.0076939
3.7400	0.9996018,-0.0055020,-0.0163112,0.0223576	0.9999355,-0.0057775,-0.0060413,0.0076939
3.7500	0.9996018,-0.0055020,-0.0163112,0.0223576	0.9999355,-0.0057775,-0.0060413,0.0076939
3.7600	0.9996018,-0.0055020,-0.0163112,0.0223576	0.9999355,-0.0057775,-0.0060413,0.0076939
3.7700	0.9996018,-0.0055020,-0.0163112,0.0223576	0.9999355,-0.0057775,-0.0060413,0.0076939
3.7800	0.9996018,-0.0055020,-0.0163112,0.0223576	0.9999355,-0.0057775,-0.0060413,0.0076939
3.7900	0.9996018,-0.0055020,-0.0163112,0.0223576	0.9999355,-0.0057775,-0.0060413,0.0076939
3.8000	0.9996018,-0.0055020,-0.0163112,0.0223576	0.9999355,-0.0057775,-0.0060413,0.0076939
3.8100	0.9996018,-0.0055020,-0.0163112,0.0223576	0.9999355,-0.0057775,-0.0060413,0.0076939
3.8200	0.9996018,-0.0055020,-0.0163112,0.0223576	0.9999355,-0.0057775,-0.0060413,0.0076939
3.8300	0.9996018,-0.0055020,-0.0163112,0.0223576	0.9999355,-0.0057775,-0.0060413,0.0076939
3.8400	0.9996018,-0.0055020,-0.0163112,0.0223576	0.9999355,-0.0057775,-0.0060413,0.0076939
3.8500	0.9996018,-0.0055020,-0.0163112,0.0223576	0.9999355,-0.0057775,-0.0060413,0.0076939
3.8600	0.9996018,-0.0055020,-0.0163112,0.0223576	0.9999355,-0.0057775,-0.0060413,0.0076939
3.8700	0.9996018,-0.0055020,-0.0163112,0.0223576	0.9999355,-0.0057775,-0.0060413,0.0076939
3.8800	0.9996018,-0.0055020,-0.0163112,0.0223576	0.9999355,-0.0057775,-0.0060413,0.0076939
3.8900	0.9996018,-0.0055020,-0.0163112,0.0223576	0.9999355,-0.0057775,-0.0060413,0.0076939
3.9000	0.9996018,-0.0055020,-0.0163112,0.0223576	0.9999355,-0.0057775,-0.0060413,0.0076939
3.9100	0.9996018,-0.0055020,-0.0163112,0.0223576	0.9999355,-0.0057775,-0.0060413,0.0076939
3.9200	0.9996018,-0.0055020,-0.0163112,0.0223576	0.9999355,-0.0057775,-0.0060413,0.0076939
3.9300	0.9996018,-0.0055020,-0.0163112,0.0223576	0.9999355,-0.0057775,-0.0060413,0.0076939
3.9400	0.9996018,-0.0055020,-0.0163112,0.0223576	0.9999355,-0.0057775,-0.0060413,0.0076939
3.9500	0.9996018,-0.0055020,-0.0163112,0.0223576	0.9999355,-0.0057775,-0.0060413,0.0076939
3.9600	0.9996018,-0.0055020,-0.0163112,0.0223576	0.9999355,-0.0057775,-0.0060413,0.0076939
3.9700	0.9996018,-0.0055020,-0.0163112,0.0223576	0.9999355,-0.0057775,-0.0060413,0.0076939
3.9800	0.9996018,-0.0055020,-0.0163112,0.0223576	0.9999355,-0.0057775,-0.0060413,0.0076939
3.9900	0.9996018,-0.0055020,-0.0163112,0.0223576	0.9999355,-0.0057775,-0.0060413,0.0076939
4.0000	0.9996018,-0.0055020,-0.0163112,0.0223576	0.9999355,-0.0057775,-0.0060413,0.0076939
4.0100	0.9996018,-0.0055020,-0.0163112,0.0223576	0.9999355,-0.0057775,-0.0060413,0.0076939
4.0200	0.9996018,-0.0055020,-0.0163112,0.0223576	0.9999355,-0.0057775,-0.0060413,0.0076939
4.0300	0.9996018,-0.0055020,-0.0163112,0.0223576	0.9999355,-0.0057775,-0.0060413,0.0076939
4.0400	0.9996018,-0.0055020,-0.0163112,0.0223576	0.9999355,-0.0057775,-0.0060413,0.0076939
4.0500	0.9996018,-0.0055020,-0.0163112,0.0223576	0.9999355,-0.0057775,-0.0060413,0.0076939
4.0600	0.9996018,-0.0055020,-0.0163112,0.0223576	0.9999355,-0.0057775,-0.0060413,0.0076939
4.0700	0.9996018,-0.0055020,-0.0163112,0.0223576	0.9999355,-0.0057775,-0.0060413,0.0076939
4.0800	0.9996018,-0.0055020,-0.0163112,0.0223576	0.9999355,-0.0057775,-0.0060413,0.0076939
4.0900	0.9996018,-0.0055020,-0.0163112,0.0223576	0.9999355,-0.0057775,-0.0060413,0.0076939
4.1000	0.9996018,-0.0055020,-0.0163112,0.0223576	0.9999355,-0.0057775,-0.0060413,0.0076939
4.1100	0.9996018,-0.0055020,-0.0163112,0.0223576	0.9999355,-0.0057775,-0.0060413,0.0076939
4.1200	0.9996018,-0.0055020,-0.0163112,0.0223576	0.9999355,-0.0057775,-0.0060413,0.0076939
4.1300	0.9996018,-0.0055020,-0.0163112,0.0223576	0.9999355,-0.0057775,-0.0060413,0.0076939
4.1400	0.9996018,-0.0055020,-0.0163112,0.0223576	0.9999355,-0.0057775,-0.0060413,0.0076939
4.1500	0.9996018,-0.0055020,-0.0163112,0.0223576	0.9999355,-0.0057775,-0.0060413,0.0076939
4.1600	0.9996018,-0.0055020,-0.0163112,0.0223576	0.9999355,-0.0057775,-0.0060413,0.0076939
4.1700	0.9996018,-0.0055020,-0.0163112,0.0223576	0.9999355,-0.0057775,-0.0060413,0.0076939
4.1800	0.9996018,-0.0055020,-0.0163112,0.0223576	0.9999355,-0.0057775,-0.0060413,0.0076939
4.1900	0.9996018,-0.0055020,-0.0163112,0.0223576	0.9999355,-0.0057775,-0.0060413,0.0076939
4.2000	0.9996018,-0.0055020,-0.0163112,0.0223576	0.9999355,-0.0057775,-0.0060413,0.0076939
4.2100	0.9996018,-0.0055020,-0.0163112,0.0223576	0.9999355,-0.0057775,-0.0060413,0.0076939
4.2200	0.9996018,-0.0055020,-0.0163112,0.0223576	0.9999355,-0.0057775,-0.0060413,0.0076939
4.2300	0.9996018,-0.0055020,-0.0163112,0.0223576	0.9999355,-0.0057775,-0.0060413,0.0076939
4.2400	0.9996018,-0.0055020,-0.0163112,0.0223576	0.9999355,-0.0057775,-0.0060413,0.0076939
4.2500	0.9996018,-0.0055020,-0.0163112,0.0223576	0.9999355,-0.0057775,-0.0060413,0.0076939
4.2600	0.9996018,-0.0055020,-0.0163112,0.0223576	0.9999355,-0.0057775,-0.0060413,0.0076939
4.2700	0.9996018,-0.0055020,-0.0163112,0.0223576	0.9999355,-0.0057775,-0.0060413,0.0076939
4.2800	0.9996018,-0.0055020,-0.0163112,0.0223576	0.9999355,-0.0057775,-0.0060413,0.0076939
4.2900	0.9996018,-0.0055020,-0.0163112,0.0223576	0.9999355,-0.0057775,-0.0060413,0.0076939
4.3000	0.9996018,-0.0055020,-0.0163112,0.0223576	0.9999355,-0.0057775,-0.0060413,0.0076939
4.3100	0.9996018,-0.0055020,-0.0163112,0.0223576	0.9999355,-0.0057775,-0.0060413,0.0076939
4.3200	0.9996018,-0.0055020,-0.0163112,0.0223576	0.9999355,-0.0057775,-0.0060413,0.0076939
4.3300	0.9996018,-0.0055020,-0.0163112,0.0223576	0.9999355,-0.0057775,-0.0060413,0.0076939
4.3400	0.9996018,-0.0055020,-0.0163112,0.0223576	0.9999355,-0.0057775,-0.0060413,0.0076939
4.3500	0.9996018,-0.0055020,-0.0163112,0.0223576	0.9999355,-0.0057775,-0.0060413,0.0076939
4.3600	0.9996018,-0.0055020,-0.0163112,0.0223576	0.9999355,-0.0057775,-0.0060413,0.0076939
4.3700	0.9996018,-0.0055020,-0.0163112,0.0223576	0.9999355,-0.0057775,-0.0060413,0.0076939
4.3800	0.9996018,-0.0055020,-0.0163112,0.0223576	0.9999355,-0.0057775,-0.0060413,0.0076939
4.3900	0.9996018,-0.0055020,-0.0163112,0.0223576	0.9999355,-0.0057775,-0.0060413,0.0076939
4.4000	0.9996018,-0.0055020,-0.0163112,0.0223576	0.9999355,-0.0057775,-0.0060413,0.0076939
4.4100	0.9996018,-0.0055020,-0.0163112,0.0223576	0.9999355,-0.0057775,-0.0060413,0.0076939
4.4200	0.9996018,-0.0055020,-0.0163112,0.0223576	0.9999355,-0.0057775,-0.0060413,0.0076939
4.4300	0.9996018,-0.0055020,-0.0163112,0.0223576	0.9999355,-0.0057775,-0.0060413,0.0076939
4.4400	0.9996018,-0.0055020,-0.0163112,0.0223576	0.9999355,-0.0057775,-0.0060413,0.0076939
4.4500	0.9996018,-0.0055020,-0.0163112,0.0223576	0.9999355,-0.0057775,-0.0060413,0.0076939
4.4600	0.9996018,-0.0055020,-0.0163112,0.0223576	0.9999355,-0.0057775,-0.0060413,0.0076939
4.4700	0.9996018,-0.0055020,-0.0163112,0.0223576	0.9999355,-0.0057775,-0.0060413,0.0076939
4.4800	0.9996018,-0.0055020,-0.0163112,0.0223576	0.9999355,-0.0057775,-0.0060413,0.0076939
4.4900	0.9996018,-0.0055020,-0.0163112,0.0223576	0.9999355,-0.0057775,-0.0060413,0.0076939
4.5000	0.9996018,-0.0055020,-0.0163112,0.0223576	0.9999355,-0.0057775,-0.0060413,0.0076939
4.5100	0.9996018,-0.0055020,-0.0163112,0.0223576	0.9999355,-0.0057775,-0.0060413,0.0076939
4.5200	0.9996018,-0.0055020,-0.0163112,0.0223576	0.9999355,-0.0057775,-0.0060413,0.0076939
4.5300	0.9996018,-0.0055020,-0.0163112,0.0223576	0.9999355,-0.0057775,-0.0060413,0.0076939
4.5400	0.9996018,-0.0055020,-0.0163112,0.0223576	0.9999355,-0.0057775,-0.0060413,0.0076939
4.5500	0.9996018,-0.0055020,-0.0163112,0.0223576	0.9999355,-0.0057775,-0.0060413,0.0076939
4.5600	0.9996018,-0.0055020,-0.0163112,0.0223576	0.9999355,-0.0057775,-0.0060413,0.0076939
4.5700	0.9996018,-0.0055020,-0.0163112,0.0223576	0.9999355,-0.0057775,-0.0060413,0.0076939
4.5800	0.9996018,-0.0055020,-0.0163112,0.0223576	0.9999355,-0.0057775,-0.0060413,0.0076939
4.5900	0.9996018,-0.0055020,-0.0163112,0.0223576	0.9999355,-0.0057775,-0.0060413,0.0076939
4.6000	0.9996018,-0.0055020,-0.0163112,0.0223576	0.9999355,-0.0057775,-0.0060413,0.0076939
4.6100	0.9996018,-0.0055020,-0.0163112,0.0223576	0.9999355,-0.0057775,-0.0060413,0.0076939
4.6200	0.9996018,-0.0055020,-0.0163112,0.0223576	0.9999355,-0.0057775,-0.0060413,0.0076939
4.6300	0.9996018,-0.0055020,-0.0163112,0.0223576	0.9999355,-0.0057775,-0.0060413,0.0076939
4.6400	0.9996018,-0.0055020,-0.0163112,0.0223576	0.9999355,-0.0057775,-0.0060413,0.0076939
4.6500	0.9996018,-0.0055020,-0.0163112,0.0223576	0.9999355,-0.0057775,-0.0060413,0.0076939
4.6600	0.9996018,-0.0055020,-0.0163112,0.0223576	0.9999355,-0.0057775,-0.0060413,0.0076939
4.6700	0.9996018,-0.0055020,-0.0163112,0.0223576	0.9999355,-0.0057775,-0.0060413,0.0076939
4.6800	0.9996018,-0.0055020,-0.0163112,0.0223576	0.9999355,-0.0057775,-0.0060413,0.0076939
4.6900	0.9996018,-0.0055020,-0.0163112,0.0223576	0.9999355,-0.0057775,-0.0060413,0.0076939
4.7000	0.9996018,-0.0055020,-0.0163112,0.0223576	0.9999355,-0.0057775,-0.0060413,0.0076939
4.7100	0.9996018,-0.0055020,-0.0163112,0.0223576	0.9999355,-0.0057775,-0.0060413,0.0076939
4.7200	0.9996018,-0.0055020,-0.0163112,0.0223576	0.9999355,-0.0057775,-0.0060413,0.0076939
4.7300	0.9996018,-0.0055020,-0.0163112,0.0223576	0.9999355,-0.0057775,-0.0060413,0.0076939
4.7400	0.9996018,-0.0055020,-0.0163112,0.0223576	0.9999355,-0.0057775,-0.0060413,0.0076939
4.7500	0.9996018,-0.0055020,-0.0163112,0.0223576	0.9999355,-0.0057775,-0.0060413,0.0076939
4.7600	0.9996018,-0.0055020,-0.0163112,0.0223576	0.9999355,-0.0057775,-0.0060413,0.0076939
4.7700	0.9996018,-0.0055020,-0.0163112,0.0223576	0.9999355,-0.0057775,-0.0060413,0.0076939
4.7800	0.9996018,-0.0055020,-0.0163112,0.0223576	0.9999355,-0.0057775,-0.0060413,0.0076939
4.7900	0.9996018,-0.0055020,-0.0163112,0.0223576	0.9999355,-0.0057775,-0.0060413,0.0076939
4.8000	0.9996018,-0.0055020,-0.0163112,0.0223576	0.9999355,-0.0057775,-0.0060413,0.0076939
4.8100	0.9996018,-0.0055020,-0.0163112,0.0223576	0.9999355,-0.0057775,-0.0060413,0.0076939
4.8200	0.9996018,-0.0055020,-0.0163112,0.0223576	0.9999355,-0.0057775,-0.0060413,0.0076939
4.8300	0.9996018,-0.0055020,-0.0163112,0.0223576	0.9999355,-0.0057775,-0.0060413,0.0076939
4.8400	0.9996018,-0.0055020,-0.0163112,0.0223576	0.9999355,-0.0057775,-0.0060413,0.0076939
4.8500	0.9996018,-0.0055020,-0.0163112,0.0223576	0.9999355,-0.0057775,-0.0060413,0.0076939
4.8600	0.9996018,-0.0055020,-0.0163112,0.0223576	0.9999355,-0.0057775,-0.0060413,0.0076939
4.8700	0.9996018,-0.0055020,-0.0163112,0.0223576	0.9999355,-0.0057775,-0.0060413,0.0076939
4.8800	0.9996018,-0.0055020,-0.0163112,0.0223576	0.9999355,-0.0057775,-0.0060413,0.0076939
4.8900	0.9996018,-0.0055020,-0.0163112,0.0223576	0.9999355,-0.0057775,-0.0060413,0.0076939
4.9000	0.9996018,-0.0055020,-0.0163112,0.0223576	0.9999355,-0.0057775,-0.0060413,0.0076939
4.9100	0.9996018,-0.0055020,-0.0163112,0.0223576	0.9999355,-0.0057775,-0.0060413,0.0076939
4.9200	0.9996018,-0.0055020,-0.0163112,0.0223576	0.9999355,-0.0057775,-0.0060413,0.0076939
4.9300	0.9996018,-0.0055020,-0.0163112,0.0223576	0.9999355,-0.0057775,-0.0060413,0.0076939
4.9400	0.9996018,-0.0055020,-0.0163112,0.0223576	0.9999355,-0.0057775,-0.0060413,0.0076939
4.9500	0.9996018,-0.0055020,-0.0163112,0.0223576	0.9999355,-0.0057775,-0.0060413,0.0076939
4.9600	0.9996018,-0.0055020,-0.0163112,0.0223576	0.9999355,-0.0057775,-0.0060413,0.0076939
4.9700	0.9996018,-0.0055020,-0.0163112,0.0223576	0.9999355,-0.0057775,-0.0060413,0.0076939
4.9800	0.9996018,-0.0055020,-0.0163112,0.0223576	0.9999355,-0.0057775,-0.0060413,0.0076939
4.9900	0.9996018,-0.0055020,-0.0163112,0.0223576	0.9999355,-0.0057775,-0.0060413,0.0076939
5.0000	0.9996018,-0.0055020,-0.0163112,0.0223576	0.9999355,-0.0057775,-0.0060413,0.0076939
5.0100	0.9996018,-0.0055020,-0.0163112,0.0223576	0.9999355,-0.0057775,-0.0060413,0.0076939
5.0200	0.9996018,-0.0055020,-0.0163112,0.0223576	0.9999355,-0.0057775,-0.0060413,0.0076939
5.0300	0.9996018,-0.0055020,-0.0163112,0.0223576	0.9999355,-0.0057775,-0.0060413,0.0076939
5.0400	0.9996018,-0.0055020,-0.0163112,0.0223576	0.9999355,-0.0057775,-0.0060413,0.0076939
5.0500	0.9996018,-0.0055020,-0.0163112,0.0223576	0.9999355,-0.0057775,-0.0060413,0.0076939
5.0600	0.9996018,-0.0055020,-0.0163112,0.0223576	0.9999355,-0.0057775,-0.0060413,0.0076939
5.0700	0.9996018,-0.0055020,-0.0163112,0.0223576	0.9999355,-0.0057775,-0.0060413,0.0076939
5.0800	0.9996018,-0.0055020,-0.0163112,0.0223576	0.9999355,-0.0057775,-0.0060413,0.0076939
5.0900	0.9996018,-0.0055020,-0.0163112,0.0223576	0.9999355,-0.0057775,-0.0060413,0.0076939
5.1000	0.9996018,-0.0055020,-0.0163112,0.0223576	0.9999355,-0.0057775,-0.0060413,0.0076939
5.1100	0.9996018,-0.0055020,-0.0163112,0.0223576	0.9999355,-0.0057775,-0.0060413,0.0076939
5.1200	0.9996018,-0.0055020,-0.0163112,0.0223576	0.9999355,-0.0057775,-0.0060413,0.0076939
5.1300	0.9996018,-0.0055020,-0.0163112,0.0223576	0.9999355,-0.0057775,-0.0060413,0.0076939
5.1400	0.9996018,-0.0055020,-0.0163112,0.0223576	0.9999355,-0.0057775,-0.0060413,0.0076939
5.1500	0.9996018,-0.0055020,-0.0163112,0.0223576	0.9999355,-0.0057775,-0.0060413,0.0076939
5.1600	0.9996018,-0.0055020,-0.0163112,0.0223576	0.9999355,-0.0057775,-0.0060413,0.0076939
5.1700	0.9996018,-0.0055020,-0.0163112,0.0223576	0.9999355,-0.0057775,-0.0060413,0.0076939
5.1800	0.9996018,-0.0055020,-0.0163112,0.0223576	0.9999355,-0.0057775,-0.0060413,0.0076939
5.1900	0.9996018,-0.0055020,-0.0163112,0.0223576	0.9999355,-0.0057775,-0.0060413,0.0076939
5.2000	0.9996018,-0.0055020,-0.0163112,0.0223576	0.9999355,-0.0057775,-0.0060413,0.0076939
5.2100	0.9996018,-0.0055020,-0.0163112,0.0223576	0.9999355,-0.0057775,-0.0060413,0.0076939
5.2200	0.9996018,-0.0055020,-0.0163112,0.0223576	0.9999355,-0.0057775,-0.0060413,0.0076939
5.2300	0.9996018,-0.0055020,-0.0163112,0.0223576	0.9999355,-0.0057775,-0.0060413,0.0076939
5.2400	0.9996018,-0.0055020,-0.0163112,0.0223576	0.9999355,-0.0057775,-0.0060413,0.0076939
5.2500	0.9996018,-0.0055020,-0.0163112,0.0223576	0.9999355,-0.0057775,-0.0060413,0.0076939
5.2600	0.9996018,-0.0055020,-0.0163112,0.0223576	0.9999355,-0.0057775,-0.0060413,0.0076939
5.2700	0.9996018,-0.0055020,-0.0163112,0.0223576	0.9999355,-0.0057775,-0.0060413,0.0076939
5.2800	0.9996018,-0.0055020,-0.0163112,0.0223576	0.9999355,-0.0057775,-0.0060413,0.0076939
5.2900	0.9996018,-0.0055020,-0.0163112,0.0223576	0.9999355,-0.0057775,-0.0060413,0.0076939
5.3000	0.9996018,-0.0055020,-0.0163112,0.0223576	0.9999355,-0.0057775,-0.0060413,0.0076939
5.3100	0.9996018,-0.0055020,-0.0163112,0.0223576	0.9999355,-0.0057775,-0.0060413,0.0076939
5.3200	0.9996018,-0.0055020,-0.0163112,0.0223576	0.9999355,-0.0057775,-0.0060413,0.0076939
5.3300	0.9996018,-0.0055020,-0.0163112,0.0223576	0.9999355,-0.0057775,-0.0060413,0.0076939
5.3400	0.9996018,-0.0055020,-0.0163112,0.0223576	0.9999355,-0.0057775,-0.0060413,0.0076939
5.3500	0.9996018,-0.0055020,-0.0163112,0.0223576	0.9999355,-0.0057775,-0.0060413,0.0076939
5.3600	0.9996018,-0.0055020,-0.0163112,0.0223576	0.9999355,-0.0057775,-0.0060413,0.0076939
5.3700	0.9996018,-0.0055020,-0.0163112,0.0223576	0.9999355,-0.0057775,-0.0060413,0.0076939
5.3800	0.9996018,-0.0055020,-0.0163112,0.0223576	0.9999355,-0.0057775,-0.0060413,0.0076939
5.3900	0.9996018,-0.0055020,-0.0163112,0.0223576	0.9999355,-0.0057775,-0.0060413,0.0076939
5.4000	0.9996018,-0.0055020,-0.0163112,0.0223576	0.9999355,-0.0057775,-0.0060413,0.0076939
5.4100	0.9996018,-0.0055020,-0.0163112,0.0223576	0.9999355,-0.0057775,-0.0060413,0.0076939
5.4200	0.9996018,-0.0055020,-0.0163112,0.0223576	0.9999355,-0.0057775,-0.0060413,0.0076939
5.4300	0.9996018,-0.0055020,-0.0163112,0.0223576	0.9999355,-0.0057775,-0.0060413,0.0076939
5.4400	0.9996018,-0.0055020,-0.0163112,0.0223576	0.9999355,-0.0057775,-0.0060413,0.0076939
5.4500	0.9996018,-0.0055020,-0.0163112,0.0223576	0.9999355,-0.0057775,-0.0060413,0.0076939
5.4600	0.9996018,-0.0055020,-0.0163112,0.0223576	0.9999355,-0.0057775,-0.0060413,0.0076939
5.4700	0.9996018,-0.0055020,-0.0163112,0.0223576	0.9999355,-0.0057775,-0.0060413,0.0076939
5.4800	0.9996018,-0.0055020,-0.0163112,0.0223576	0.9999355,-0.0057775,-0.0060413,0.0076939
5.4900	0.9996018,-0.0055020,-0.0163112,0.0223576	0.9999355,-0.0057775,-0.0060413,0.0076939
5.5000	0.9996018,-0.0055020,-0.0163112,0.0223576	0.9999355,-0.0057775,-0.0060413,0.0076939
5.5100	0.9996018,-0.0055020,-0.0163112,0.0223576	0.9999355,-0.0057775,-0.0060413,0.0076939
5.5200	0.9996018,-0.0055020,-0.0163112,0.0223576	0.9999355,-0.0057775,-0.0060413,0.0076939
5.5300	0.9996018,-0.0055020,-0.0163112,0.0223576	0.9999355,-0.0057775,-0.0060413,0.0076939
5.5400	0.9996018,-0.0055020,-0.0163112,0.0223576	0.9999355,-0.0057775,-0.0060413,0.0076939
5.5500	0.9996018,-0.0055020,-0.0163112,0.0223576	0.9999355,-0.0057775,-0.0060413,0.0076939
5.5600	0.9996018,-0.0055020,-0.0163112,0.0223576	0.9999355,-0.0057775,-0.0060413,0.0076939
5.5700	0.9996018,-0.0055020,-0.0163112,0.0223576	0.9999355,-0.0057775,-0.0060413,0.0076939
5.5800	0.9996018,-0.0055020,-0.0163112,0.0223576	0.9999355,-0.0057775,-0.0060413,0.0076939
5.5900	0.9996018,-0.0055020,-0.0163112,0.0223576	0.9999355,-0.0057775,-0.0060413,0.0076939
5.6000	0.9996018,-0.0055020,-0.0163112,0.0223576	0.9999355,-0.0057775,-0.0060413,0.0076939
5.6100	0.9996018,-0.0055020,-0.0163112,0.0223576	0.9999355,-0.0057775,-0.0060413,0.0076939
5.6200	0.9996018,-0.0055020,-0.0163112,0.0223576	0.9999355,-0.0057775,-0.0060413,0.0076939
5.6300	0.9996018,-0.0055020,-0.0163112,0.0223576	0.9999355,-0.0057775,-0.0060413,0.0076939
5.6400	0.9996018,-0.0055020,-0.0163112,0.0223576	0.9999355,-0.0057775,-0.0060413,0.0076939
5.6500	0.9996018,-0.0055020,-0.0163112,0.0223576	0.9999355,-0.0057775,-0.0060413,0.0076939
5.6600	0.9996018,-0.0055020,-0.0163112,0.0223576	0.9999355,-0.0057775,-0.0060413,0.0076939
5.6700	0.9996018,-0.0055020,-0.0163112,0.0223576	0.9999355,-0.0057775,-0.0060413,0.0076939
5.6800	0.9996018,-0.0055020,-0.0163112,0.0223576	0.9999355,-0.0057775,-0.0060413,0.0076939
5.6900	0.9996018,-0.0055020,-0.0163112,0.0223576	0.9999355,-0.0057775,-0.0060413,0.0076939
5.7000	0.9996192,-0.0054707,-0.0164622,0.0214594	0.9999355,-0.0057775,-0.0060413,0.0076939
5.7100	0.9996942,-0.0053380,-0.0170779,0.0170706	0.9999355,-0.0057775,-0.0060413,0.0076939
5.7200	0.9997438,-0.0053634,-0.0166778,0.0143297	0.9999355,-0.0057775,-0.0060413,0.0076939
5.7300	0.9997557,-0.0052886,-0.0168642,0.0132755	0.9999355,-0.0057775,-0.0060413,0.0076939
5.7400	0.9997611,-0.0054488,-0.0171541,0.0123977	0.9999355,-0.0057775,-0.0060413,0.0076939
5.7500	0.9997572,-0.0059455,-0.0173261,0.0122492	0.9999355,-0.0057775,-0.0060413,0.0076939
5.7600	0.9997568,-0.0063486,-0.0174684,0.0118689	0.9999355,-0.0057775,-0.0060413,0.0076939
5.7700	0.9997658,-0.0063389,-0.0172620,0.0114072	0.9999355,-0.0057775,-0.0060413,0.0076939
5.7800	0.9997867,-0.0052879,-0.0165576,0.0111526	0.9999355,-0.0057775,-0.0060413,0.0076939
5.7900	0.9998033,-0.0047346,-0.0158360,0.0109620	0.9999355,-0.0057775,-0.0060413,0.0076939
5.8000	0.9998199,-0.0049716,-0.0148229,0.0107579	0.9999355,-0.0057775,-0.0060413,0.0076939
5.8100	0.9998447,-0.0058565,-0.0132621,0.0100213	0.9999355,-0.0057775,-0.0060413,0.0076939
5.8200	0.9998836,-0.0067873,-0.0112423,0.0077609	0.9999355,-0.0057775,-0.0060413,0.0076939
5.8300	0.9999187,-0.0076904,-0.0092694,0.0041805	0.9999355,-0.0057775,-0.0060413,0.0076939
5.8400	0.9999291,-0.0098325,-0.0065080,0.0016392	0.9999355,-0.0057775,-0.0060413,0.0076939
5.8500	0.9999372,-0.0107071,-0.0014120,0.0029856	0.9999355,-0.0057775,-0.0060413,0.0076939
5.8600	0.9998746,-0.0140330,0.0032058,0.0066047	0.9999355,-0.0057775,-0.0060413,0.0076939
5.8700	0.9995435,-0.0287592,0.0042088,0.0082463	0.9999355,-0.0057775,-0.0060413,0.0076939
5.8800	0.9990332,-0.0429077,0.0019367,0.0093686	0.9999355,-0.0057775,-0.0060413,0.0076939
5.8900	0.9981563,-0.0596368,-0.0015960,0.0111778	0.9999355,-0.0057775,-0.0060413,0.0076939
5.9000	0.9966527,-0.0804722,-0.0057088,0.0132304	0.9999355,-0.0057775,-0.0060413,0.0076939
5.9100	0.9943345,-0.1046837,-0.0112064,0.0146489	0.9999355,-0.0057775,-0.0060413,0.0076939
5.9200	0.9908801,-0.1326103,-0.0182132,0.0154706	0.9999355,-0.0057775,-0.0060413,0.0076939
5.9300	0.9859247,-0.1643789,-0.0258213,0.0162889	0.9999355,-0.0057775,-0.0060413,0.0076939
5.9400	0.9803477,-0.1939731,-0.0314044,0.0175118	0.9999355,-0.0057775,-0.0060413,0.0076939
5.9500	0.9737096,-0.2240754,-0.0362214,0.0191806	0.9999355,-0.0057775,-0.0060413,0.0076939
5.9600	0.9671151,-0.2501061,-0.0413429,0.0206415	0.9999355,-0.0057775,-0.0060413,0.0076939
5.9700	0.9609339,-0.2716487,-0.0488661,0.0206163	0.9999355,-0.0057775,-0.0060413,0.0076939
5.9800	0.9557140,-0.2878234,-0.0587532,0.0177908	0.9999355,-0.0057775,-0.0060413,0.0076939
5.9900	0.9512747,-0.3001739,-0.0692238,0.0134196	0.9999355,-0.0057775,-0.0060413,0.0076939
6.0000	0.9461465,-0.3134060,-0.0807242,0.0081867	0.9999355,-0.0057775,-0.0060413,0.0076939
6.0100	0.9393215,-0.3301925,-0.0929720,0.0020653	0.9999355,-0.0057775,-0.0060413,0.0076939
6.0200	0.9313546,-0.3485424,-0.1052678,-0.0039320	0.9999355,-0.0057775,-0.0060413,0.0076939
6.0300	0.9235515,-0.3651855,-0.1166722,-0.0089298	0.9999355,-0.0057775,-0.0060413,0.0076939
6.0400	0.9159055,-0.3806508,-0.1267116,-0.0128919	0.9999355,-0.0057775,-0.0060413,0.0076939
6.0500	0.9077902,-0.3965266,-0.1357088,-0.0163325	0.9999355,-0.0057775,-0.0060413,0.0076939
6.0600	0.8971321,-0.4165756,-0.1455935,-0.0205246	0.9999355,-0.0057775,-0.0060413,0.0076939
6.0700	0.8833587,-0.4410122,-0.1565774,-0.0258668	0.9999355,-0.0057775,-0.0060413,0.0076939
6.0800	0.8676007,-0.4672565,-0.1673089,-0.0307918	0.9999355,-0.0057775,-0.0060413,0.0076939
6.0900	0.8505391,-0.4936164,-0.1780076,-0.0352042	0.9999355,-0.0057775,-0.0060413,0.0076939
6.1000	0.8330719,-0.5186257,-0.1884250,-0.0389192	0.9999355,-0.0057775,-0.0060413,0.0076939
6.1100	0.8172707,-0.5400463,-0.1968163,-0.0410102	0.9999355,-0.0057775,-0.0060413,0.0076939
6.1200	0.8031834,-0.5583597,-0.2034043,-0.0419237	0.9999355,-0.0057775,-0.0060413,0.0076939
6.1300	0.7882094,-0.5771719,-0.2093541,-0.0420639	0.9999355,-0.0057775,-0.0060413,0.0076939
6.1400	0.7723216,-0.5964964,-0.2144963,-0.0412640	0.9999355,-0.0057775,-0.0060413,0.0076939
6.1500	0.7569426,-0.6141378,-0.2197622,-0.0397141	0.9999355,-0.0057775,-0.0060413,0.0076939
6.1600	0.7402962,-0.6321215,-0.2256695,-0.0381728	0.9999355,-0.0057775,-0.0060413,0.0076939
6.1700	0.7209325,-0.6526321,-0.2301024,-0.0371544	0.9999355,-0.0057775,-0.0060413,0.0076939
6.1800	0.7008018,-0.6732573,-0.2328788,-0.0369987	0.9999355,-0.0057775,-0.0060413,0.0076939
6.1900	0.6784505,-0.6951709,-0.2346552,-0.0371388	0.9999355,-0.0057775,-0.0060413,0.0076939
6.2000	0.6563320,-0.7158650,-0.2354232,-0.0366272	0.9999355,-0.0057775,-0.0060413,0.0076939
6.2100	0.6368919,-0.7329054,-0.2364596,-0.0361284	0.9999355,-0.0057775,-0.0060413,0.0076939
6.2200	0.6172002,-0.7493356,-0.2373196,-0.0352069	0.9999355,-0.0057775,-0.0060413,0.0076939
6.2300	0.5977902,-0.7651880,-0.2365935,-0.0340264	0.9999355,-0.0057775,-0.0060413,0.0076939
6.2400	0.5758884,-0.7824399,-0.2347095,-0.0324316	0.9999355,-0.0057775,-0.0060413,0.0076939
6.2500	0.5563665,-0.7970268,-0.2329997,-0.0302617	0.9999355,-0.0057775,-0.0060413,0.0076939
6.2600	0.5394232,-0.8089656,-0.2320528,-0.0273636	0.9999355,-0.0057775,-0.0060413,0.0076939
6.2700	0.5235131,-0.8197157,-0.2311746,-0.0236327	0.9999355,-0.0057775,-0.0060413,0.0076939
6.2800	0.5079476,-0.8302314,-0.2288079,-0.0187606	0.9999355,-0.0057775,-0.0060413,0.0076939
6.2900	0.4951336,-0.8389490,-0.2254624,-0.0131917	0.9999355,-0.0057775,-0.0060413,0.0076939
6.3000	0.4856499,-0.8453481,-0.2224385,-0.0072009	0.9999355,-0.0057775,-0.0060413,0.0076939
6.3100	0.4768122,-0.8510404,-0.2199479,-0.0018097	0.9999355,-0.0057775,-0.0060413,0.0076939
6.3200	0.4670504,-0.8570257,-0.2176276,0.0030080	0.9999355,-0.0057775,-0.0060413,0.0076939
6.3300	0.4561818,-0.8634420,-0.2151565,0.0085835	0.9999355,-0.0057775,-0.0060413,0.0076939
6.3400	0.4462702,-0.8691502,-0.2126562,0.0140783	0.9999355,-0.0057775,-0.0060413,0.0076939
6.3500	0.4368693,-0.8745134,-0.2098092,0.0187516	0.9999355,-0.0057775,-0.0060413,0.0076939
6.3600	0.4274939,-0.8797578,-0.2068144,0.0224279	0.9999355,-0.0057775,-0.0060413,0.0076939
6.3700	0.4184574,-0.8846507,-0.2039686,0.0261393	0.9999355,-0.0057775,-0.0060413,0.0076939
6.3800	0.4112191,-0.8885346,-0.2012160,0.0302856	0.9999355,-0.0057775,-0.0060413,0.0076939
6.3900	0.4057142,-0.8916833,-0.1976588,0.0350405	0.9999355,-0.0057775,-0.0060413,0.0076939
6.4000	0.4010242,-0.8944496,-0.1937354,0.0400768	0.9999355,-0.0057775,-0.0060413,0.0076939
6.4100	0.3979696,-0.8963515,-0.1900992,0.0451275	0.9999355,-0.0057775,-0.0060413,0.0076939
6.4200	0.3954587,-0.8979526,-0.1864987,0.0501182	0.9999355,-0.0057775,-0.0060413,0.0076939
6.4300	0.3927396,-0.8995050,-0.1836641,0.0539808	0.9999355,-0.0057775,-0.0060413,0.0076939
6.4400	0.3899326,-0.9009338,-0.1817713,0.0568343	0.9999355,-0.0057775,-0.0060413,0.0076939
6.4500	0.3868526,-0.9024637,-0.1799192,0.0594419	0.9999355,-0.0057775,-0.0060413,0.0076939
6.4600	0.3836781,-0.9040307,-0.1777905,0.0625317	0.9999355,-0.0057775,-0.0060413,0.0076939
6.4700	0.3810644,-0.9052830,-0.1757661,0.0660219	0.9999355,-0.0057775,-0.0060413,0.0076939
6.4800	0.3791533,-0.9061742,-0.1739983,0.0693959	0.9999355,-0.0057775,-0.0060413,0.0076939
6.4900	0.3778692,-0.9067590,-0.1723688,0.0727452	0.9999355,-0.0057775,-0.0060413,0.0076939
6.5000	0.3772736,-0.9070462,-0.1707513,0.0759993	0.9999355,-0.0057775,-0.0060413,0.0076939
6.5100	0.3773296,-0.9070630,-0.1686470,0.0801080	0.9999355,-0.0057775,-0.0060413,0.0076939
6.5200	0.3775192,-0.9069721,-0.1675402,0.0825294	0.9999355,-0.0057775,-0.0060413,0.0076939
6.5300	0.3774020,-0.9069757,-0.1667260,0.0846482	0.9999355,-0.0057775,-0.0060413,0.0076939
6.5400	0.3771326,-0.9070497,-0.1657580,0.0869259	0.9999355,-0.0057775,-0.0060413,0.0076939
6.5500	0.3767570,-0.9072081,-0.1644847,0.0892889	0.9999355,-0.0057775,-0.0060413,0.0076939
6.5600	0.3763740,-0.9073809,-0.1635011,0.0909393	0.9999355,-0.0057775,-0.0060413,0.0076939
6.5700	0.3760692,-0.9074810,-0.1630814,0.0919486	0.9999355,-0.0057775,-0.0060413,0.0076939
6.5800	0.3756829,-0.9076578,-0.1624524,0.0928921	0.9999355,-0.0057775,-0.0060413,0.0076939
6.5900	0.3751106,-0.9080004,-0.1606631,0.0949450	0.9999355,-0.0057775,-0.0060413,0.0076939
6.6000	0.3749395,-0.9081634,-0.1592276,0.0964688	0.9999355,-0.0057775,-0.0060413,0.0076939
6.6100	0.3748132,-0.9082851,-0.1577609,0.0982080	0.9999355,-0.0057775,-0.0060413,0.0076939
6.6200	0.3748337,-0.9083153,-0.1567303,0.0994920	0.9999355,-0.0057775,-0.0060413,0.0076939
6.6300	0.3751066,-0.9082124,-0.1563182,0.1000499	0.9999355,-0.0057775,-0.0060413,0.0076939
6.6400	0.3816584,-0.9050964,-0.1518147,0.1099532	0.9999355,-0.0057775,-0.0060413,0.0076939
6.6500	0.3837714,-0.9041654,-0.1493631,0.1135562	0.9999355,-0.0057775,-0.0060413,0.0076939
6.6600	0.3843300,-0.9040058,-0.1483247,0.1142966	0.9999355,-0.0057775,-0.0060413,0.0076939
6.6700	0.3847971,-0.9038659,-0.1477015,0.1146385	0.9999355,-0.0057775,-0.0060413,0.0076939
6.6800	0.3847241,-0.9039063,-0.1468248,0.1156864	0.9999355,-0.0057775,-0.0060413,0.0076939
6.6900	0.3844180,-0.9040356,-0.1467409,0.1157996	0.9999355,-0.0057775,-0.0060413,0.0076939
6.7000	0.3841590,-0.9041044,-0.1470579,0.1157201	0.9999355,-0.0057775,-0.0060413,0.0076939
6.7100	0.3839192,-0.9042025,-0.1469106,0.1159363	0.9999355,-0.0057775,-0.0060413,0.0076939
6.7200	0.3834801,-0.9044028,-0.1469877,0.1157292	0.9999355,-0.0057775,-0.0060413,0.0076939
6.7300	0.3829378,-0.9046269,-0.1471291,0.1155935	0.9999355,-0.0057775,-0.0060413,0.0076939
6.7400	0.3827284,-0.9047192,-0.1469289,0.1158190	0.9999355,-0.0057775,-0.0060413,0.0076939
6.7500	0.3828763,-0.9046730,-0.1465390,0.1161846	0.9999355,-0.0057775,-0.0060413,0.0076939
6.7600	0.3836708,-0.9044015,-0.1461830,0.1161261	0.9999355,-0.0057775,-0.0060413,0.0076939
6.7700	0.3851715,-0.9038278,-0.1460389,0.1158049	0.9999355,-0.0057775,-0.0060413,0.0076939
6.7800	0.3870110,-0.9030956,-0.1459612,0.1154825	0.9999355,-0.0057775,-0.0060413,0.0076939
6.7900	0.3892552,-0.9021817,-0.1456040,0.1155340	0.9999355,-0.0057775,-0.0060413,0.0076939
6.8000	0.3924006,-0.9009352,-0.1451560,0.1151839	0.9999355,-0.0057775,-0.0060413,0.0076939
6.8100	0.3955924,-0.8996018,-0.1451910,0.1146420	0.9999355,-0.0057775,-0.0060413,0.0076939
6.8200	0.3989861,-0.8981719,-0.1453246,0.1139212	0.9999355,-0.0057775,-0.0060413,0.0076939
6.8300	0.4014660,-0.8971413,-0.1455984,0.1129767	0.9999355,-0.0057775,-0.0060413,0.0076939
6.8400	0.4043945,-0.8959662,-0.1452160,0.1123472	0.9999355,-0.0057775,-0.0060413,0.0076939
6.8500	0.4079560,-0.8945524,-0.1439575,0.1123576	0.9999355,-0.0057775,-0.0060413,0.0076939
6.8600	0.4126576,-0.8926997,-0.1425339,0.1117362	0.9999355,-0.0057775,-0.0060413,0.0076939
6.8700	0.4152137,-0.8919636,-0.1430510,0.1074005	0.9999355,-0.0057775,-0.0060413,0.0076939
6.8800	0.4160139,-0.8923443,-0.1465388,0.0958148	0.9999355,-0.0057775,-0.0060413,0.0076939
6.8900	0.4179935,-0.8919465,-0.1457706,0.0919992	0.9999355,-0.0057775,-0.0060413,0.0076939
6.9000	0.4212382,-0.8914058,-0.1419219,0.0883870	0.9999355,-0.0057775,-0.0060413,0.0076939
6.9100	0.4244497,-0.8910243,-0.1380365,0.0828500	0.9999355,-0.0057775,-0.0060413,0.0076939
6.9200	0.4263113,-0.8910011,-0.1348371,0.0787059	0.9999355,-0.0057775,-0.0060413,0.0076939
6.9300	0.4279055,-0.8911847,-0.1314112,0.0736058	0.9999355,-0.0057775,-0.0060413,0.0076939
6.9400	0.4285820,-0.8916435,-0.1277272,0.0705342	0.9999355,-0.0057775,-0.0060413,0.0076939
6.9500	0.4290964,-0.8923023,-0.1213027,0.0704172	0.9999355,-0.0057775,-0.0060413,0.0076939
6.9600	0.4293412,-0.8931753,-0.1133459,0.0711105	0.9999355,-0.0057775,-0.0060413,0.0076939
6.9700	0.4291312,-0.8941942,-0.1055571,0.0715602	0.9999355,-0.0057775,-0.0060413,0.0076939
6.9800	0.4288120,-0.8952678,-0.0970893,0.0720376	0.9999355,-0.0057775,-0.0060413,0.0076939
6.9900	0.4283340,-0.8966057,-0.0849700,0.0735405	0.9999355,-0.0057775,-0.0060413,0.0076939
7.0000	0.4275412,-0.8981106,-0.0698164,0.0757068	0.9999355,-0.0057775,-0.0060413,0.0076939
7.0100	0.4255193,-0.8999177,-0.0555646,0.0774206	0.9999355,-0.0057775,-0.0060413,0.0076939
7.0200	0.4216855,-0.9024087,-0.0420665,0.0779123	0.9999355,-0.0057775,-0.0060413,0.0076939
7.0300	0.4164165,-0.9054021,-0.0287442,0.0775768	0.9999355,-0.0057775,-0.0060413,0.0076939
7.0400	0.4108121,-0.9083296,-0.0140205,0.0772921	0.9999355,-0.0057775,-0.0060413,0.0076939
7.0500	0.4061803,-0.9104853,0.0005573,0.0776778	0.9999355,-0.0057775,-0.0060413,0.0076939
7.0600	0.4018858,-0.9119783,0.0189440,0.0801532	0.9999355,-0.0057775,-0.0060413,0.0076939
7.0700	0.3981201,-0.9125936,0.0396676,0.0842598	0.9999355,-0.0057775,-0.0060413,0.0076939
7.0800	0.3947227,-0.9124381,0.0611674,0.0889344	0.9999355,-0.0057775,-0.0060413,0.0076939
7.0900	0.3905266,-0.9123329,0.0787300,0.0945471	0.9999355,-0.0057775,-0.0060413,0.0076939
7.1000	0.3865405,-0.9117479,0.0935597,0.1027069	0.9999355,-0.0057775,-0.0060413,0.0076939
7.1100	0.3834914,-0.9104351,0.1072415,0.1119893	0.9999355,-0.0057775,-0.0060413,0.0076939
7.1200	0.3824924,-0.9075831,0.1220220,0.1228948	0.9999355,-0.0057775,-0.0060413,0.0076939
7.1300	0.3863081,-0.9023943,0.1362922,0.1336975	0.9999355,-0.0057775,-0.0060413,0.0076939
7.1400	0.3902583,-0.8973744,0.1481620,0.1430582	0.9999355,-0.0057775,-0.0060413,0.0076939
7.1500	0.3976658,-0.8907048,0.1593462,0.1520382	0.9999355,-0.0057775,-0.0060413,0.0076939
7.1600	0.4069694,-0.8829166,0.1706249,0.1603789	0.9999355,-0.0057775,-0.0060413,0.0076939
7.1700	0.4183703,-0.8737145,0.1806717,0.1701380	0.9999355,-0.0057775,-0.0060413,0.0076939
7.1800	0.4301907,-0.8644813,0.1869989,0.1806641	0.9999355,-0.0057775,-0.0060413,0.0076939
7.1900	0.4420919,-0.8553995,0.1900512,0.1916427	0.9999355,-0.0057775,-0.0060413,0.0076939
7.2000	0.4541691,-0.8462226,0.1902118,0.2036104	0.9999355,-0.0057775,-0.0060413,0.0076939
7.2100	0.4660700,-0.8373771,0.1877561,0.2152345	0.9999355,-0.0057775,-0.0060413,0.0076939
7.2200	0.4810821,-0.8262983,0.1851521,0.2269578	0.9999355,-0.0057775,-0.0060413,0.0076939
7.2300	0.4995328,-0.8119359,0.1837353,0.2397255	0.9999355,-0.0057775,-0.0060413,0.0076939
7.2400	0.5168330,-0.7977901,0.1819689,0.2515988	0.9999355,-0.0057775,-0.0060413,0.0076939
7.2500	0.5338369,-0.7837557,0.1791502,0.2620122	0.9999355,-0.0057775,-0.0060413,0.0076939
7.2600	0.5529760,-0.7684755,0.1750475,0.2702245	0.9999355,-0.0057775,-0.0060413,0.0076939
7.2700	0.5749658,-0.7504171,0.1723715,0.2767247	0.9999355,-0.0057775,-0.0060413,0.0076939
7.2800	0.5965822,-0.7306517,0.1716858,0.2841862	0.9999355,-0.0057775,-0.0060413,0.0076939
7.2900	0.6169430,-0.7098236,0.1732117,0.2924544	0.9999355,-0.0057775,-0.0060413,0.0076939
7.3000	0.6373026,-0.6859754,0.1767141,0.3034060	0.9999355,-0.0057775,-0.0060413,0.0076939
7.3100	0.6579497,-0.6579642,0.1821002,0.3178439	0.9999355,-0.0057775,-0.0060413,0.0076939
7.3200	0.6753324,-0.6308429,0.1881157,0.3325295	0.9999355,-0.0057775,-0.0060413,0.0076939
7.3300	0.6920752,-0.6008783,0.1941466,0.3496918	0.9999355,-0.0057775,-0.0060413,0.0076939
7.3400	0.7078976,-0.5689536,0.1992992,0.3680389	0.9999355,-0.0057775,-0.0060413,0.0076939
7.3500	0.7226610,-0.5350687,0.2049816,0.3865813	0.9999355,-0.0057775,-0.0060413,0.0076939
7.3600	0.7355797,-0.5027013,0.2107565,0.4022382	0.9999355,-0.0057775,-0.0060413,0.0076939
7.3700	0.7471998,-0.4732194,0.2156339,0.4138332	0.9999355,-0.0057775,-0.0060413,0.0076939
7.3800	0.7574781,-0.4479832,0.2197001,0.4210341	0.9999355,-0.0057775,-0.0060413,0.0076939
7.3900	0.7674298,-0.4256446,0.2234548,0.4242004	0.9999355,-0.0057775,-0.0060413,0.0076939
7.4000	0.7767593,-0.4076059,0.2259950,0.4235902	0.9999355,-0.0057775,-0.0060413,0.0076939
7.4100	0.7838623,-0.3962952,0.2273191,0.4205187	0.9999355,-0.0057775,-0.0060413,0.0076939
7.4200	0.7895071,-0.3905420,0.2287445,0.4145256	0.9999355,-0.0057775,-0.0060413,0.0076939
7.4300	0.7946673,-0.3895058,0.2306460,0.4044646	0.9999355,-0.0057775,-0.0060413,0.0076939
7.4400	0.7988853,-0.3921953,0.2323364,0.3924091	0.9999355,-0.0057775,-0.0060413,0.0076939
7.4500	0.8023700,-0.3964260,0.2344267,0.3795957	0.9999355,-0.0057775,-0.0060413,0.0076939
7.4600	0.8051266,-0.4018271,0.2381140,0.3655240	0.9999355,-0.0057775,-0.0060413,0.0076939
7.4700	0.8070448,-0.4074732,0.2435130,0.3512061	0.9999355,-0.0057775,-0.0060413,0.0076939
7.4800	0.8085655,-0.4125662,0.2512602,0.3359752	0.9999355,-0.0057775,-0.0060413,0.0076939
7.4900	0.8099772,-0.4163404,0.2609568,0.3201550	0.9999355,-0.0057775,-0.0060413,0.0076939
7.5000	0.8115855,-0.4190173,0.2703484,0.3044097	0.9999355,-0.0057775,-0.0060413,0.0076939
7.5100	0.8136235,-0.4218734,0.2788118,0.2868861	0.9999355,-0.0057775,-0.0060413,0.0076939
7.5200	0.8162700,-0.4253430,0.2859296,0.2665163	0.9999355,-0.0057775,-0.0060413,0.0076939
7.5300	0.8190157,-0.4282181,0.2916102,0.2465890	0.9999355,-0.0057775,-0.0060413,0.0076939
7.5400	0.8216111,-0.4301660,0.2966389,0.2278547	0.9999355,-0.0057775,-0.0060413,0.0076939
7.5500	0.8240724,-0.4312526,0.3017213,0.2094997	0.9999355,-0.0057775,-0.0060413,0.0076939
7.5600	0.8262880,-0.4307555,0.3071963,0.1932052	0.9999355,-0.0057775,-0.0060413,0.0076939
7.5700	0.8291879,-0.4282362,0.3134188,0.1755844	0.9999355,-0.0057775,-0.0060413,0.0076939
7.5800	0.8329902,-0.4236707,0.3180159,0.1596759	0.9999355,-0.0057775,-0.0060413,0.0076939
7.5900	0.8380007,-0.4164408,0.3212558,0.1453503	0.9999355,-0.0057775,-0.0060413,0.0076939
7.6000	0.8446079,-0.4060629,0.3235206,0.1307087	0.9999355,-0.0057775,-0.0060413,0.0076939
7.6100	0.8527974,-0.3921665,0.3253961,0.1142780	0.9999355,-0.0057775,-0.0060413,0.0076939
7.6200	0.8609036,-0.3769190,0.3273298,0.0981439	0.9999355,-0.0057775,-0.0060413,0.0076939
7.6300	0.8681367,-0.3626632,0.3284819,0.0831486	0.9999355,-0.0057775,-0.0060413,0.0076939
7.6400	0.8734528,-0.3529678,0.3278403,0.0708150	0.9999355,-0.0057775,-0.0060413,0.0076939
7.6500	0.8781195,-0.3460432,0.3249105,0.0599445	0.9999355,-0.0057775,-0.0060413,0.0076939
7.6600	0.8828274,-0.3396973,0.3200082,0.0530676	0.9999355,-0.0057775,-0.0060413,0.0076939
7.6700	0.8878946,-0.3333805,0.3133735,0.0479351	0.9999355,-0.0057775,-0.0060413,0.0076939
7.6800	0.8933678,-0.3275395,0.3046289,0.0425801	0.9999355,-0.0057775,-0.0060413,0.0076939
7.6900	0.8987244,-0.3222300,0.2950769,0.0373075	0.9999355,-0.0057775,-0.0060413,0.0076939
7.7000	0.9043022,-0.3168275,0.2843589,0.0315889	0.9999355,-0.0057775,-0.0060413,0.0076939
7.7100	0.9106061,-0.3098972,0.2723110,0.0246364	0.9999355,-0.0057775,-0.0060413,0.0076939
7.7200	0.9171162,-0.3009123,0.2608702,0.0172171	0.9999355,-0.0057775,-0.0060413,0.0076939
7.7300	0.9238195,-0.2901011,0.2496090,0.0097036	0.9999355,-0.0057775,-0.0060413,0.0076939
7.7400	0.9304236,-0.2780517,0.2387342,0.0022781	0.9999355,-0.0057775,-0.0060413,0.0076939
7.7500	0.9372046,-0.2650442,0.2266509,-0.0053403	0.9999355,-0.0057775,-0.0060413,0.0076939
7.7600	0.9432006,-0.2543080,0.2134764,-0.0113075	0.9999355,-0.0057775,-0.0060413,0.0076939
7.7700	0.9477178,-0.2471968,0.2011906,-0.0157158	0.9999355,-0.0057775,-0.0060413,0.0076939
7.7800	0.9516475,-0.2418012,0.1884989,-0.0191659	0.9999355,-0.0057775,-0.0060413,0.0076939
7.7900	0.9553005,-0.2372276,0.1750842,-0.0216699	0.9999355,-0.0057775,-0.0060413,0.0076939
7.8000	0.9582491,-0.2333729,0.1636480,-0.0226962	0.9999355,-0.0057775,-0.0060413,0.0076939
7.8100	0.9609370,-0.2295195,0.1529057,-0.0232531	0.9999355,-0.0057775,-0.0060413,0.0076939
7.8200	0.9637363,-0.2247682,0.1418260,-0.0240228	0.9999355,-0.0057775,-0.0060413,0.0076939
7.8300	0.9670003,-0.2179321,0.1294803,-0.0255123	0.9999355,-0.0057775,-0.0060413,0.0076939
7.8400	0.9703170,-0.2099757,0.1170664,-0.0262774	0.9999355,-0.0057775,-0.0060413,0.0076939
7.8500	0.9732086,-0.2020706,0.1065388,-0.0261169	0.9999355,-0.0057775,-0.0060413,0.0076939
7.8600	0.9759376,-0.1939129,0.0964355,-0.0253738	0.9999355,-0.0057775,-0.0060413,0.0076939
7.8700	0.9779804,-0.1884815,0.0861466,-0.0246525	0.9999355,-0.0057775,-0.0060413,0.0076939
7.8800	0.9792117,-0.1869987,0.0749073,-0.0237673	0.9999355,-0.0057775,-0.0060413,0.0076939
7.8900	0.9798115,-0.1877524,0.0652880,-0.0213536	0.9999355,-0.0057775,-0.0060413,0.0076939
7.9000	0.9804937,-0.1874247,0.0568252,-0.0165818	0.9999355,-0.0057775,-0.0060413,0.0076939
7.9100	0.9813068,-0.1861481,0.0478052,-0.0100226	0.9999355,-0.0057775,-0.0060413,0.0076939
7.9200	0.9821325,-0.1842452,0.0382887,-0.0018740	0.9999355,-0.0057775,-0.0060413,0.0076939
7.9300	0.9827919,-0.1821239,0.0302295,0.0060970	0.9999355,-0.0057775,-0.0060413,0.0076939
7.9400	0.9832894,-0.1800529,0.0228298,0.0142048	0.9999355,-0.0057775,-0.0060413,0.0076939
7.9500	0.9836262,-0.1782828,0.0162734,0.0207365	0.9999355,-0.0057775,-0.0060413,0.0076939
7.9600	0.9840348,-0.1757090,0.0119615,0.0256657	0.9999355,-0.0057775,-0.0060413,0.0076939
7.9700	0.9846012,-0.1716339,0.0089847,0.0319625	0.9999355,-0.0057775,-0.0060413,0.0076939
7.9800	0.9852694,-0.1669084,0.0087709,0.0361773	0.9999355,-0.0057775,-0.0060413,0.0076939
7.9900	0.9860362,-0.1611758,0.0083131,0.0410595	0.9999355,-0.0057775,-0.0060413,0.0076939
8.0000	0.9865687,-0.1562192,0.0078201,0.0470816	0.9999355,-0.0057775,-0.0060413,0.0076939
8.0100	0.9867419,-0.1524959,0.0069380,0.0551110	0.9999355,-0.0057775,-0.0060413,0.0076939
8.0200	0.9863767,-0.1514281,0.0057095,0.0640156	0.9999355,-0.0057775,-0.0060413,0.0076939
8.0300	0.9856968,-0.1517697,0.0038593,0.0731635	0.9999355,-0.0057775,-0.0060413,0.0076939
8.0400	0.9850276,-0.1521447,0.0021780,0.0810423	0.9999355,-0.0057775,-0.0060413,0.0076939
8.0500	0.9843988,-0.1520882,0.0004077,0.0884756	0.9999355,-0.0057775,-0.0060413,0.0076939
8.0600	0.9837598,-0.1519212,-0.0004994,0.0955842	0.9999355,-0.0057775,-0.0060413,0.0076939
8.0700	0.9831924,-0.1518214,0.0008316,0.1014017	0.9999355,-0.0057775,-0.0060413,0.0076939
8.0800	0.9826853,-0.1514113,0.0037831,0.1067233	0.9999355,-0.0057775,-0.0060413,0.0076939
8.0900	0.9823348,-0.1501190,0.0078213,0.1114512	0.9999355,-0.0057775,-0.0060413,0.0076939
8.1000	0.9820061,-0.1486140,0.0134783,0.1157422	0.9999355,-0.0057775,-0.0060413,0.0076939
8.1100	0.9815786,-0.1481390,0.0190333,0.1191472	0.9999355,-0.0057775,-0.0060413,0.0076939
8.1200	0.9807808,-0.1490800,0.0259039,0.1231794	0.9999355,-0.0057775,-0.0060413,0.0076939
8.1300	0.9797872,-0.1507205,0.0333708,0.1272276	0.9999355,-0.0057775,-0.0060413,0.0076939
8.1400	0.9786996,-0.1523343,0.0409776,0.1313856	0.9999355,-0.0057775,-0.0060413,0.0076939
8.1500	0.9775325,-0.1536994,0.0488669,0.1357155	0.9999355,-0.0057775,-0.0060413,0.0076939
8.1600	0.9765565,-0.1546650,0.0565794,0.1386177	0.9999355,-0.0057775,-0.0060413,0.0076939
8.1700	0.9757465,-0.1554308,0.0642779,0.1401011	0.9999355,-0.0057775,-0.0060413,0.0076939
8.1800	0.9749478,-0.1562230,0.0736433,0.1401704	0.9999355,-0.0057775,-0.0060413,0.0076939
8.1900	0.9743421,-0.1564186,0.0842173,0.1381961	0.9999355,-0.0057775,-0.0060413,0.0076939
8.2000	0.9740049,-0.1558546,0.0962426,0.1332711	0.9999355,-0.0057775,-0.0060413,0.0076939
8.2100	0.9737883,-0.1545932,0.1073422,0.1277303	0.9999355,-0.0057775,-0.0060413,0.0076939
8.2200	0.9733805,-0.1526259,0.1175867,0.1241330	0.9999355,-0.0057775,-0.0060413,0.0076939
8.2300	0.9728870,-0.1501499,0.1261538,0.1226018	0.9999355,-0.0057775,-0.0060413,0.0076939
8.2400	0.9726668,-0.1448094,0.1351841,0.1211395	0.9999355,-0.0057775,-0.0060413,0.0076939
8.2500	0.9730885,-0.1391867,0.1397187,0.1191829	0.9999355,-0.0057775,-0.0060413,0.0076939
8.2600	0.9743690,-0.1316452,0.1415249,0.1150879	0.9999355,-0.0057775,-0.0060413,0.0076939
8.2700	0.9763782,-0.1226873,0.1405964,0.1089313	0.9999355,-0.0057775,-0.0060413,0.0076939
8.2800	0.9787776,-0.1129096,0.1375809,0.1015745	0.9999355,-0.0057775,-0.0060413,0.0076939
8.2900	0.9812882,-0.1035448,0.1327658,0.0934091	0.9999355,-0.0057775,-0.0060413,0.0076939
8.3000	0.9832366,-0.0971566,0.1279256,0.0862641	0.9999355,-0.0057775,-0.0060413,0.0076939
8.3100	0.9851457,-0.0910556,0.1222959,0.0789971	0.9999355,-0.0057775,-0.0060413,0.0076939
8.3200	0.9870233,-0.0846364,0.1153661,0.0728859	0.9999355,-0.0057775,-0.0060413,0.0076939
8.3300	0.9888427,-0.0776370,0.1073447,0.0681150	0.9999355,-0.0057775,-0.0060413,0.0076939
8.3400	0.9902459,-0.0708508,0.1015860,0.0638235	0.9999355,-0.0057775,-0.0060413,0.0076939
8.3500	0.9912896,-0.0644177,0.0980721,0.0598088	0.9999355,-0.0057775,-0.0060413,0.0076939
8.3600	0.9922236,-0.0573545,0.0953707,0.0557432	0.9999355,-0.0057775,-0.0060413,0.0076939
8.3700	0.9933987,-0.0477073,0.0920734,0.0490454	0.9999355,-0.0057775,-0.0060413,0.0076939
8.3800	0.9943011,-0.0394676,0.0893470,0.0427160	0.9999355,-0.0057775,-0.0060413,0.0076939
8.3900	0.9952335,-0.0299673,0.0861382,0.0345318	0.9999355,-0.0057775,-0.0060413,0.0076939
8.4000	0.9960336,-0.0203455,0.0828532,0.0252680	0.9999355,-0.0057775,-0.0060413,0.0076939
8.4100	0.9964947,-0.0121960,0.0812165,0.0159224	0.9999355,-0.0057775,-0.0060413,0.0076939
8.4200	0.9966316,-0.0065125,0.0813588,0.0079824	0.9999355,-0.0057775,-0.0060413,0.0076939
8.4300	0.9965830,-0.0019029,0.0825748,0.0002634	0.9999355,-0.0057775,-0.0060413,0.0076939
8.4400	0.9964380,0.0023441,0.0839751,-0.0073487	0.9999355,-0.0057775,-0.0060413,0.0076939
8.4500	0.9961581,0.0072569,0.0857953,-0.0159860	0.9999355,-0.0057775,-0.0060413,0.0076939
8.4600	0.9955957,0.0127516,0.0895871,-0.0245107	0.9999355,-0.0057775,-0.0060413,0.0076939
8.4700	0.9948402,0.0178684,0.0945220,-0.0322390	0.9999355,-0.0057775,-0.0060413,0.0076939
8.4800	0.9939101,0.0228836,0.0998709,-0.0405566	0.9999355,-0.0057775,-0.0060413,0.0076939
8.4900	0.9927936,0.0272815,0.1054735,-0.0499193	0.9999355,-0.0057775,-0.0060413,0.0076939
8.5000	0.9914779,0.0306118,0.1118258,-0.0594097	0.9999355,-0.0057775,-0.0060413,0.0076939
8.5100	0.9900790,0.0330530,0.1187420,-0.0674647	0.9999355,-0.0057775,-0.0060413,0.0076939
8.5200	0.9884519,0.0353019,0.1268777,-0.0749573	0.9999355,-0.0057775,-0.0060413,0.0076939
8.5300	0.9868806,0.0373172,0.1346859,-0.0808320	0.9999355,-0.0057775,-0.0060413,0.0076939
8.5400	0.9854127,0.0389319,0.1422407,-0.0849335	0.9999355,-0.0057775,-0.0060413,0.0076939
8.5500	0.9838173,0.0397262,0.1505702,-0.0886223	0.9999355,-0.0057775,-0.0060413,0.0076939
8.5600	0.9821193,0.0395253,0.1591293,-0.0925060	0.9999355,-0.0057775,-0.0060413,0.0076939
8.5700	0.9802716,0.0390624,0.1681783,-0.0962169	0.9999355,-0.0057775,-0.0060413,0.0076939
8.5800	0.9781564,0.0394061,0.1780766,-0.0997289	0.9999355,-0.0057775,-0.0060413,0.0076939
8.5900	0.9758466,0.0404698,0.1878291,-0.1039513	0.9999355,-0.0057775,-0.0060413,0.0076939
8.6000	0.9733912,0.0409235,0.1970030,-0.1096573	0.9999355,-0.0057775,-0.0060413,0.0076939
8.6100	0.9704467,0.0406210,0.2068843,-0.1173968	0.9999355,-0.0057775,-0.0060413,0.0076939
8.6200	0.9672259,0.0398648,0.2161946,-0.1270620	0.9999355,-0.0057775,-0.0060413,0.0076939
8.6300	0.9635034,0.0386770,0.2249588,-0.1398528	0.9999355,-0.0057775,-0.0060413,0.0076939
8.6400	0.9591902,0.0366312,0.2346070,-0.1535312	0.9999355,-0.0057775,-0.0060413,0.0076939
8.6500	0.9555010,0.0349297,0.2438796,-0.1622362	0.9999355,-0.0057775,-0.0060413,0.0076939
8.6600	0.9520124,0.0343738,0.2537573,-0.1676250	0.9999355,-0.0057775,-0.0060413,0.0076939
8.6700	0.9491824,0.0345404,0.2625867,-0.1700233	0.9999355,-0.0057775,-0.0060413,0.0076939
8.6800	0.9471097,0.0348227,0.2699558,-0.1699838	0.9999355,-0.0057775,-0.0060413,0.0076939
8.6900	0.9455756,0.0354055,0.2765789,-0.1677417	0.9999355,-0.0057775,-0.0060413,0.0076939
8.7000	0.9442595,0.0362880,0.2827996,-0.1645650	0.9999355,-0.0057775,-0.0060413,0.0076939
8.7100	0.9430073,0.0367881,0.2885868,-0.1615600	0.9999355,-0.0057775,-0.0060413,0.0076939
8.7200	0.9416751,0.0362471,0.2943327,-0.1590673	0.9999355,-0.0057775,-0.0060413,0.0076939
8.7300	0.9404486,0.0349643,0.2991919,-0.1575376	0.9999355,-0.0057775,-0.0060413,0.0076939
8.7400	0.9392830,0.0334066,0.3034072,-0.1567654	0.9999355,-0.0057775,-0.0060413,0.0076939
8.7500	0.9382058,0.0314415,0.3073669,-0.1559066	0.9999355,-0.0057775,-0.0060413,0.0076939
8.7600	0.9375060,0.0291946,0.3106371,-0.1540609	0.9999355,-0.0057775,-0.0060413,0.0076939
8.7700	0.9373789,0.0268140,0.3129609,-0.1505237	0.9999355,-0.0057775,-0.0060413,0.0076939
8.7800	0.9378789,0.0245470,0.3138945,-0.1457766	0.9999355,-0.0057775,-0.0060413,0.0076939
8.7900	0.9388713,0.0220280,0.3133767,-0.1408205	0.9999355,-0.0057775,-0.0060413,0.0076939
8.8000	0.9404148,0.0188544,0.3113074,-0.1354705	0.9999355,-0.0057775,-0.0060413,0.0076939
8.8100	0.9427312,0.0154118,0.3072757,-0.1288489	0.9999355,-0.0057775,-0.0060413,0.0076939
8.8200	0.9456326,0.0128035,0.3014452,-0.1214322	0.9999355,-0.0057775,-0.0060413,0.0076939
8.8300	0.9487421,0.0115352,0.2943501,-0.1145133	0.9999355,-0.0057775,-0.0060413,0.0076939
8.8400	0.9522693,0.0118684,0.2854831,-0.1074322	0.9999355,-0.0057775,-0.0060413,0.0076939
8.8500	0.9564244,0.0155334,0.2745070,-0.0982700	0.9999355,-0.0057775,-0.0060413,0.0076939
8.8600	0.9604796,0.0246677,0.2636104,-0.0859070	0.9999355,-0.0057775,-0.0060413,0.0076939
8.8700	0.9635136,0.0395900,0.2547727,-0.0718679	0.9999355,-0.0057775,-0.0060413,0.0076939
8.8800	0.9651241,0.0590757,0.2482137,-0.0586134	0.9999355,-0.0057775,-0.0060413,0.0076939
8.8900	0.9658036,0.0814281,0.2414553,-0.0478767	0.9999355,-0.0057775,-0.0060413,0.0076939
8.9000	0.9664941,0.1008598,0.2323673,-0.0414965	0.9999355,-0.0057775,-0.0060413,0.0076939
8.9100	0.9677215,0.1145886,0.2211594,-0.0383801	0.9999355,-0.0057775,-0.0060413,0.0076939
8.9200	0.9693785,0.1280908,0.2060771,-0.0378183	0.9999355,-0.0057775,-0.0060413,0.0076939
8.9300	0.9717742,0.1371555,0.1882107,-0.0376842	0.9999355,-0.0057775,-0.0060413,0.0076939
8.9400	0.9750764,0.1411929,0.1672537,-0.0362886	0.9999355,-0.0057775,-0.0060413,0.0076939
8.9500	0.9781303,0.1453731,0.1446532,-0.0346886	0.9999355,-0.0057775,-0.0060413,0.0076939
8.9600	0.9803295,0.1490633,0.1258421,-0.0299669	0.9999355,-0.0057775,-0.0060413,0.0076939
8.9700	0.9822441,0.1509858,0.1095013,-0.0202305	0.9999355,-0.0057775,-0.0060413,0.0076939
8.9800	0.9838760,0.1519979,0.0940155,-0.0067605	0.9999355,-0.0057775,-0.0060413,0.0076939
8.9900	0.9849809,0.1524393,0.0808637,0.0059935	0.9999355,-0.0057775,-0.0060413,0.0076939
9.0000	0.9859368,0.1512923,0.0687627,0.0176358	0.9999355,-0.0057775,-0.0060413,0.0076939
9.0100	0.9868115,0.1488340,0.0569664,0.0283950	0.9999355,-0.0057775,-0.0060413,0.0076939
9.0200	0.9876114,0.1448325,0.0461339,0.0389741	0.9999355,-0.0057775,-0.0060413,0.0076939
9.0300	0.9887072,0.1368700,0.0321007,0.0519053	0.9999355,-0.0057775,-0.0060413,0.0076939
9.0400	0.9897534,0.1269765,0.0192736,0.0623999	0.9999355,-0.0057775,-0.0060413,0.0076939
9.0500	0.9907698,0.1145659,0.0077161,0.0720439	0.9999355,-0.0057775,-0.0060413,0.0076939
9.0600	0.9917443,0.0995782,-0.0022966,0.0807599	0.9999355,-0.0057775,-0.0060413,0.0076939
9.0700	0.9924248,0.0813383,-0.0125690,0.0912088	0.9999355,-0.0057775,-0.0060413,0.0076939
9.0800	0.9922737,0.0627225,-0.0229726,0.1045514	0.9999355,-0.0057775,-0.0060413,0.0076939
9.0900	0.9913277,0.0438052,-0.0320652,0.1196761	0.9999355,-0.0057775,-0.0060413,0.0076939
9.1000	0.9897406,0.0246424,-0.0386837,0.1353140	0.9999355,-0.0057775,-0.0060413,0.0076939
9.1100	0.9873225,0.0033067,-0.0443075,0.1523819	0.9999355,-0.0057775,-0.0060413,0.0076939
9.1200	0.9836575,-0.0218491,-0.0484387,0.1720300	0.9999355,-0.0057775,-0.0060413,0.0076939
9.1300	0.9792027,-0.0498012,-0.0514617,0.1898252	0.9999355,-0.0057775,-0.0060413,0.0076939
9.1400	0.9740189,-0.0837907,-0.0541097,0.2033187	0.9999355,-0.0057775,-0.0060413,0.0076939
9.1500	0.9686468,-0.1208848,-0.0573414,0.2093374	0.9999355,-0.0057775,-0.0060413,0.0076939
9.1600	0.9597916,-0.1734227,-0.0621950,0.2117932	0.9999355,-0.0057775,-0.0060413,0.0076939
9.1700	0.9501543,-0.2188989,-0.0654615,0.2121436	0.9999355,-0.0057775,-0.0060413,0.0076939
9.1800	0.9360639,-0.2734684,-0.0683165,0.2105523	0.9999355,-0.0057775,-0.0060413,0.0076939
9.1900	0.9194521,-0.3261111,-0.0708847,0.2079295	0.9999355,-0.0057775,-0.0060413,0.0076939
9.2000	0.9014300,-0.3732196,-0.0728808,0.2069286	0.9999355,-0.0057775,-0.0060413,0.0076939
9.2100	0.8790264,-0.4213856,-0.0748028,0.2101222	0.9999355,-0.0057775,-0.0060413,0.0076939
9.2200	0.8546686,-0.4666447,-0.0756582,0.2146163	0.9999355,-0.0057775,-0.0060413,0.0076939
9.2300	0.8303125,-0.5069768,-0.0758562,0.2186358	0.9999355,-0.0057775,-0.0060413,0.0076939
9.2400	0.8035518,-0.5471528,-0.0772774,0.2212612	0.9999355,-0.0057775,-0.0060413,0.0076939
9.2500	0.7767993,-0.5847450,-0.0825843,0.2187142	0.9999355,-0.0057775,-0.0060413,0.0076939
9.2600	0.7476462,-0.6233339,-0.0924317,0.2096100	0.9999355,-0.0057775,-0.0060413,0.0076939
9.2700	0.7193373,-0.6582353,-0.1020760,0.1971309	0.9999355,-0.0057775,-0.0060413,0.0076939
9.2800	0.6908739,-0.6911327,-0.1099364,0.1815016	0.9999355,-0.0057775,-0.0060413,0.0076939
9.2900	0.6652441,-0.7186079,-0.1155706,0.1664223	0.9999355,-0.0057775,-0.0060413,0.0076939
9.3000	0.6333856,-0.7497430,-0.1214344,0.1481955	0.9999355,-0.0057775,-0.0060413,0.0076939
9.3100	0.6084517,-0.7708401,-0.1270811,0.1394365	0.9999355,-0.0057775,-0.0060413,0.0076939
9.3200	0.5805394,-0.7918570,-0.1336123,0.1344775	0.9999355,-0.0057775,-0.0060413,0.0076939
9.3300	0.5529901,-0.8106961,-0.1403273,0.1314609	0.9999355,-0.0057775,-0.0060413,0.0076939
9.3400	0.5235483,-0.8290266,-0.1478062,0.1294817	0.9999355,-0.0057775,-0.0060413,0.0076939
9.3500	0.4985877,-0.8425391,-0.1578744,0.1288944	0.9999355,-0.0057775,-0.0060413,0.0076939
9.3600	0.4781111,-0.8524626,-0.1675962,0.1289527	0.9999355,-0.0057775,-0.0060413,0.0076939
9.3700	0.4575474,-0.8621072,-0.1745681,0.1301824	0.9999355,-0.0057775,-0.0060413,0.0076939
9.3800	0.4390108,-0.8708214,-0.1776014,0.1318992	0.9999355,-0.0057775,-0.0060413,0.0076939
9.3900	0.4213492,-0.8786451,-0.1800315,0.1342992	0.9999355,-0.0057775,-0.0060413,0.0076939
9.4000	0.4069538,-0.8842919,-0.1834359,0.1369955	0.9999355,-0.0057775,-0.0060413,0.0076939
9.4100	0.3942488,-0.8889685,-0.1861799,0.1401425	0.9999355,-0.0057775,-0.0060413,0.0076939
9.4200	0.3838561,-0.8927530,-0.1877543,0.1428108	0.9999355,-0.0057775,-0.0060413,0.0076939
9.4300	0.3723456,-0.8966834,-0.1898786,0.1458208	0.9999355,-0.0057775,-0.0060413,0.0076939
9.4400	0.3648829,-0.8989824,-0.1916722,0.1481654	0.9999355,-0.0057775,-0.0060413,0.0076939
9.4500	0.3575074,-0.9011706,-0.1935888,0.1503443	0.9999355,-0.0057775,-0.0060413,0.0076939
9.4600	0.3509795,-0.9030084,-0.1956540,0.1520156	0.9999355,-0.0057775,-0.0060413,0.0076939
9.4700	0.3447007,-0.9048808,-0.1969290,0.1535939	0.9999355,-0.0057775,-0.0060413,0.0076939
9.4800	0.3392333,-0.9064355,-0.1976105,0.1557100	0.9999355,-0.0057775,-0.0060413,0.0076939
9.4900	0.3340418,-0.9079220,-0.1975234,0.1583608	0.9999355,-0.0057775,-0.0060413,0.0076939
9.5000	0.3293863,-0.9095112,-0.1962824,0.1605219	0.9999355,-0.0057775,-0.0060413,0.0076939
9.5100	0.3248878,-0.9112111,-0.1942021,0.1625665	0.9999355,-0.0057775,-0.0060413,0.0076939
9.5200	0.3197023,-0.9132175,-0.1909345,0.1654336	0.9999355,-0.0057775,-0.0060413,0.0076939
9.5300	0.3151613,-0.9149888,-0.1876446,0.1681024	0.9999355,-0.0057775,-0.0060413,0.0076939
9.5400	0.3114822,-0.9164033,-0.1849482,0.1702294	0.9999355,-0.0057775,-0.0060413,0.0076939
9.5500	0.3085976,-0.9174979,-0.1825465,0.1721680	0.9999355,-0.0057775,-0.0060413,0.0076939
9.5600	0.3063319,-0.9182928,-0.1805908,0.1740288	0.9999355,-0.0057775,-0.0060413,0.0076939
9.5700	0.3046899,-0.9187888,-0.1791133,0.1758114	0.9999355,-0.0057775,-0.0060413,0.0076939
9.5800	0.3026048,-0.9192765,-0.1780751,0.1779054	0.9999355,-0.0057775,-0.0060413,0.0076939
9.5900	0.3006038,-0.9198275,-0.1766972,0.1798134	0.9999355,-0.0057775,-0.0060413,0.0076939
9.6000	0.2991964,-0.9202447,-0.1747278,0.1819382	0.9999355,-0.0057775,-0.0060413,0.0076939
9.6100	0.2980188,-0.9206208,-0.1728694,0.1837344	0.9999355,-0.0057775,-0.0060413,0.0076939
9.6200	0.2969227,-0.9210986,-0.1710309,0.1848318	0.9999355,-0.0057775,-0.0060413,0.0076939
9.6300	0.2962171,-0.9214842,-0.1692692,0.1856615	0.9999355,-0.0057775,-0.0060413,0.0076939
9.6400	0.2962874,-0.9216943,-0.1670722,0.1864948	0.9999355,-0.0057775,-0.0060413,0.0076939
9.6500	0.2970792,-0.9216822,-0.1646564,0.1874411	0.9999355,-0.0057775,-0.0060413,0.0076939
9.6600	0.2984511,-0.9213752,-0.1628473,0.1883492	0.9999355,-0.0057775,-0.0060413,0.0076939
9.6700	0.3008447,-0.9208477,-0.1598193,0.1897100	0.9999355,-0.0057775,-0.0060413,0.0076939
9.6800	0.3033461,-0.9202637,-0.1569099,0.1909850	0.9999355,-0.0057775,-0.0060413,0.0076939
9.6900	0.3057144,-0.9194471,-0.1551882,0.1925418	0.9999355,-0.0057775,-0.0060413,0.0076939
9.7000	0.3091748,-0.9177838,-0.1548629,0.1951957	0.9999355,-0.0057775,-0.0060413,0.0076939
9.7100	0.3126650,-0.9159586,-0.1552711,0.1978668	0.9999355,-0.0057775,-0.0060413,0.0076939
9.7200	0.3170548,-0.9136330,-0.1558455,0.2011545	0.9999355,-0.0057775,-0.0060413,0.0076939
9.7300	0.3221380,-0.9111995,-0.1563619,0.2036994	0.9999355,-0.0057775,-0.0060413,0.0076939
9.7400	0.3276097,-0.9088817,-0.1569896,0.2048419	0.9999355,-0.0057775,-0.0060413,0.0076939
9.7500	0.3329198,-0.9068986,-0.1571837,0.2049208	0.9999355,-0.0057775,-0.0060413,0.0076939
9.7600	0.3389980,-0.9048348,-0.1570692,0.2041658	0.9999355,-0.0057775,-0.0060413,0.0076939
9.7700	0.3459246,-0.9025561,-0.1568458,0.2028005	0.9999355,-0.0057775,-0.0060413,0.0076939
9.7800	0.3546206,-0.8995084,-0.1571588,0.2010722	0.9999355,-0.0057775,-0.0060413,0.0076939
9.7900	0.3646643,-0.8960286,-0.1575478,0.1983212	0.9999355,-0.0057775,-0.0060413,0.0076939
9.8000	0.3737239,-0.8932358,-0.1563275,0.1949922	0.9999355,-0.0057775,-0.0060413,0.0076939
9.8100	0.3821135,-0.8909411,-0.1536805,0.1912995	0.9999355,-0.0057775,-0.0060413,0.0076939
9.8200	0.3898939,-0.8887909,-0.1510279,0.1876805	0.9999355,-0.0057775,-0.0060413,0.0076939
9.8300	0.3976934,-0.8865188,-0.1487773,0.1838196	0.9999355,-0.0057775,-0.0060413,0.0076939
9.8400	0.4061798,-0.8838834,-0.1459931,0.1801505	0.9999355,-0.0057775,-0.0060413,0.0076939
9.8500	0.4151740,-0.8810515,-0.1417231,0.1768996	0.9999355,-0.0057775,-0.0060413,0.0076939
9.8600	0.4250855,-0.8778691,-0.1352539,0.1742255	0.9999355,-0.0057775,-0.0060413,0.0076939
9.8700	0.4353292,-0.8742100,-0.1283510,0.1725438	0.9999355,-0.0057775,-0.0060413,0.0076939
9.8800	0.4444848,-0.8704935,-0.1240295,0.1711463	0.9999355,-0.0057775,-0.0060413,0.0076939
9.8900	0.4519442,-0.8672356,-0.1221433,0.1694988	0.9999355,-0.0057775,-0.0060413,0.0076939
9.9000	0.4591516,-0.8640481,-0.1206982,0.1674295	0.9999355,-0.0057775,-0.0060413,0.0076939
9.9100	0.4671277,-0.8606103,-0.1184870,0.1646279	0.9999355,-0.0057775,-0.0060413,0.0076939
9.9200	0.4753054,-0.8570800,-0.1161203,0.1612908	0.9999355,-0.0057775,-0.0060413,0.0076939
9.9300	0.4829484,-0.8538562,-0.1130952,0.1577972	0.9999355,-0.0057775,-0.0060413,0.0076939
9.9400	0.4906400,-0.8507274,-0.1083063,0.1542884	0.9999355,-0.0057775,-0.0060413,0.0076939
9.9500	0.4984677,-0.8473958,-0.1022322,0.1516538	0.9999355,-0.0057775,-0.0060413,0.0076939
9.9600	0.5056051,-0.8440387,-0.0957553,0.1509738	0.9999355,-0.0057775,-0.0060413,0.0076939
9.9700	0.5111907,-0.8411827,-0.0892950,0.1520596	0.9999355,-0.0057775,-0.0060413,0.0076939
9.9800	0.5162532,-0.8382961,-0.0833823,0.1542390	0.9999355,-0.0057775,-0.0060413,0.0076939
9.9900	0.5213684,-0.8350506,-0.0785003,0.1571726	0.9999355,-0.0057775,-0.0060413,0.0076939
10.0000	0.5264600,-0.8316822,-0.0738021,0.1603054	0.9999355,-0.0057775,-0.0060413,0.0076939
10.0100	0.5313828,-0.8284399,-0.0684562,0.1631976	0.9999355,-0.0057775,-0.0060413,0.0076939
10.0200	0.5356294,-0.8255950,-0.0635223,0.1657076	0.9999353,-0.0058011,-0.0060414,0.0076937
10.0300	0.5396446,-0.8227169,-0.0594998,0.1684647	0.9999350,-0.0058600,-0.0060419,0.0076934
10.0400	0.5437776,-0.8194992,-0.0564101,0.1718860	0.9999348,-0.0058893,-0.0060421,0.0076932
10.0500	0.5470208,-0.8166811,-0.0538199,0.1757943	0.9999348,-0.0058893,-0.0060421,0.0076932
10.0600	0.5490132,-0.8145721,-0.0514451,0.1800284	0.9999348,-0.0058893,-0.0060421,0.0076932
10.0700	0.5503404,-0.8127845,-0.0489453,0.1846921	0.9999348,-0.0058893,-0.0060421,0.0076932
10.0800	0.5512759,-0.8112063,-0.0458909,0.1895606	0.9999348,-0.0058893,-0.0060421,0.0076932
10.0900	0.5523367,-0.8093776,-0.0415202,0.1952129	0.9999348,-0.0058893,-0.0060421,0.0076932
10.1000	0.5537068,-0.8072488,-0.0368916,0.2009905	0.9999348,-0.0058893,-0.0060421,0.0076932
10.1100	0.5545598,-0.8054468,-0.0329968,0.2064707	0.9999348,-0.0058893,-0.0060421,0.0076932
10.1200	0.5546022,-0.8040205,-0.0288383,0.2124518	0.9999348,-0.0058893,-0.0060421,0.0076932
10.1300	0.5539990,-0.8029112,-0.0242148,0.2187059	0.9999348,-0.0058893,-0.0060421,0.0076932
10.1400	0.5530796,-0.8020490,-0.0197127,0.2245701	0.9999348,-0.0058893,-0.0060421,0.0076932
10.1500	0.5517470,-0.8015102,-0.0154678,0.2300379	0.9999348,-0.0058893,-0.0060421,0.0076932
10.1600	0.5496672,-0.8015442,-0.0116608,0.2350676	0.9999348,-0.0058893,-0.0060421,0.0076932
10.1700	0.5466567,-0.8021664,-0.0083006,0.2400554	0.9999348,-0.0058893,-0.0060421,0.0076932
10.1800	0.5426327,-0.8033223,-0.0054319,0.2453437	0.9999348,-0.0058893,-0.0060421,0.0076932
10.1900	0.5382250,-0.8047502,-0.0030106,0.2503637	0.9999348,-0.0058893,-0.0060421,0.0076932
10.2000	0.5336698,-0.8062480,-0.0005530,0.2552653	0.9999348,-0.0058893,-0.0060421,0.0076932
10.2100	0.5293402,-0.8076765,0.0016246,0.2597210	0.9999348,-0.0058893,-0.0060421,0.0076932
10.2200	0.5245300,-0.8092351,0.0042690,0.2645537	0.9999348,-0.0058893,-0.0060421,0.0076932
10.2300	0.5205107,-0.8104777,0.0067361,0.2686058	0.9999348,-0.0058893,-0.0060421,0.0076932
10.2400	0.5169679,-0.8115023,0.0085588,0.2722773	0.9999348,-0.0058893,-0.0060421,0.0076932
10.2500	0.5137351,-0.8124263,0.0095595,0.2755874	0.9999348,-0.0058893,-0.0060421,0.0076932
10.2600	0.5107899,-0.8134263,0.0100011,0.2780852	0.9999348,-0.0058893,-0.0060421,0.0076932
10.2700	0.5076213,-0.8146282,0.0102626,0.2803501	0.9999348,-0.0058893,-0.0060421,0.0076932
10.2800	0.5044548,-0.8158858,0.0107800,0.2823819	0.9999348,-0.0058893,-0.0060421,0.0076932
10.2900	0.5016425,-0.8170530,0.0111735,0.2839971	0.9999348,-0.0058893,-0.0060421,0.0076932
10.3000	0.4988331,-0.8182624,0.0111904,0.2854592	0.9999348,-0.0058893,-0.0060421,0.0076932
10.3100	0.4960012,-0.8195204,0.0108461,0.2867952	0.9999348,-0.0058893,-0.0060421,0.0076932
10.3200	0.4931794,-0.8208553,0.0103122,0.2878615	0.9999348,-0.0058893,-0.0060421,0.0076932
10.3300	0.4907882,-0.8221088,0.0096466,0.2883937	0.9999348,-0.0058893,-0.0060421,0.0076932
10.3400	0.4891101,-0.8231634,0.0088483,0.2882621	0.9999348,-0.0058893,-0.0060421,0.0076932
10.3500	0.4882364,-0.8240039,0.0081377,0.2873615	0.9999348,-0.0058893,-0.0060421,0.0076932
10.3600	0.4878195,-0.8249861,0.0075140,0.2852607	0.9999348,-0.0058893,-0.0060421,0.0076932
10.3700	0.4877844,-0.8259382,0.0067236,0.2825726	0.9999348,-0.0058893,-0.0060421,0.0076932
10.3800	0.4875292,-0.8271006,0.0060400,0.2796129	0.9999348,-0.0058893,-0.0060421,0.0076932
10.3900	0.4864864,-0.8286038,0.0061006,0.2769647	0.9999348,-0.0058893,-0.0060421,0.0076932
10.4000	0.4851103,-0.8302089,0.0058492,0.2745669	0.9999348,-0.0058893,-0.0060421,0.0076932
10.4100	0.4841611,-0.8315787,0.0041671,0.2721167	0.9999348,-0.0058893,-0.0060421,0.0076932
10.4200	0.4836670,-0.8327516,0.0017843,0.2694213	0.9999348,-0.0058893,-0.0060421,0.0076932
10.4300	0.4835994,-0.8337226,-0.0006535,0.2665294	0.9999348,-0.0058893,-0.0060421,0.0076932
10.4400	0.4837431,-0.8343365,-0.0016142,0.2643341	0.9999348,-0.0058893,-0.0060421,0.0076932
10.4500	0.4837480,-0.8348329,0.0006929,0.2627574	0.9999348,-0.0058893,-0.0060421,0.0076932
10.4600	0.4843975,-0.8351914,0.0048084,0.2603676	0.9999348,-0.0058893,-0.0060421,0.0076932
10.4700	0.4856752,-0.8353296,0.0088842,0.2574201	0.9999348,-0.0058893,-0.0060421,0.0076932
10.4800	0.4870955,-0.8353320,0.0127738,0.2545490	0.9999348,-0.0058893,-0.0060421,0.0076932
10.4900	0.4888977,-0.8353227,0.0177655,0.2507975	0.9999348,-0.0058893,-0.0060421,0.0076932
10.5000	0.4900503,-0.8354698,0.0216329,0.2477357	0.9999348,-0.0058893,-0.0060421,0.0076932
10.5100	0.4909490,-0.8358534,0.0249217,0.2443300	0.9999348,-0.0058893,-0.0060421,0.0076932
10.5200	0.4920291,-0.8362498,0.0267203,0.2405818	0.9999348,-0.0058893,-0.0060421,0.0076932
10.5300	0.4929315,-0.8367530,0.0283645,0.2367666	0.9999348,-0.0058893,-0.0060421,0.0076932
10.5400	0.4931835,-0.8373218,0.0307618,0.2339144	0.9999348,-0.0058893,-0.0060421,0.0076932
10.5500	0.4931413,-0.8379278,0.0334933,0.2314453	0.9999348,-0.0058893,-0.0060421,0.0076932
10.5600	0.4930881,-0.8385390,0.0356659,0.2290075	0.9999348,-0.0058893,-0.0060421,0.0076932
10.5700	0.4934572,-0.8390349,0.0377095,0.2260496	0.9999348,-0.0058893,-0.0060421,0.0076932
10.5800	0.4938246,-0.8395449,0.0409233,0.2227710	0.9999348,-0.0058893,-0.0060421,0.0076932
10.5900	0.4940015,-0.8398593,0.0458263,0.2202246	0.9999348,-0.0058893,-0.0060421,0.0076932
10.6000	0.4943576,-0.8399087,0.0520576,0.2178393	0.9999348,-0.0058893,-0.0060421,0.0076932
10.6100	0.4950041,-0.8396615,0.0587644,0.2156070	0.9999348,-0.0058893,-0.0060421,0.0076932
10.6200	0.4955340,-0.8393473,0.0657665,0.2135813	0.9999348,-0.0058893,-0.0060421,0.0076932
10.6300	0.4959191,-0.8390308,0.0705880,0.2123885	0.9999348,-0.0058893,-0.0060421,0.0076932
10.6400	0.4963534,-0.8386875,0.0742685,0.2114728	0.9999348,-0.0058893,-0.0060421,0.0076932
10.6500	0.4965403,-0.8384880,0.0765421,0.2110138	0.9999348,-0.0058893,-0.0060421,0.0076932
10.6600	0.4964762,-0.8384120,0.0779809,0.2109399	0.9999348,-0.0058893,-0.0060421,0.0076932
10.6700	0.4961971,-0.8384616,0.0793104,0.2109038	0.9999348,-0.0058893,-0.0060421,0.0076932
10.6800	0.4958909,-0.8385331,0.0811741,0.2106307	0.9999348,-0.0058893,-0.0060421,0.0076932
10.6900	0.4957286,-0.8385276,0.0838331,0.2099920	0.9999348,-0.0058893,-0.0060421,0.0076932
10.7000	0.4956705,-0.8384486,0.0869789,0.2091634	0.9999348,-0.0058893,-0.0060421,0.0076932
10.7100	0.4958748,-0.8382291,0.0904543,0.2080822	0.9999348,-0.0058893,-0.0060421,0.0076932
10.7200	0.4961481,-0.8380605,0.0933695,0.2068184	0.9999348,-0.0058893,-0.0060421,0.0076932
10.7300	0.4964075,-0.8379644,0.0964505,0.2051647	0.9999348,-0.0058893,-0.0060421,0.0076932
10.7400	0.4966140,-0.8379068,0.0987100,0.2038210	0.9999348,-0.0058893,-0.0060421,0.0076932
10.7500	0.4969521,-0.8378255,0.1004787,0.2024626	0.9999348,-0.0058893,-0.0060421,0.0076932
10.7600	0.4984055,-0.8362465,0.1040034,0.2036344	0.9999348,-0.0058893,-0.0060421,0.0076932
10.7700	0.5087016,-0.8205582,0.1190369,0.2318127	0.9999348,-0.0058893,-0.0060421,0.0076932
10.7800	0.5081813,-0.8211681,0.1211175,0.2297069	0.9999348,-0.0058893,-0.0060421,0.0076932
10.7900	0.5077812,-0.8218860,0.1224883,0.2272843	0.9999348,-0.0058893,-0.0060421,0.0076932
10.8000	0.5075598,-0.8228758,0.1230914,0.2238458	0.9999348,-0.0058893,-0.0060421,0.0076932
10.8100	0.5070867,-0.8242532,0.1238100,0.2194101	0.9999348,-0.0058893,-0.0060421,0.0076932
10.8200	0.5063507,-0.8256816,0.1245460,0.2152838	0.9999348,-0.0058893,-0.0060421,0.0076932
10.8300	0.5051009,-0.8276261,0.1252515,0.2102859	0.9999348,-0.0058893,-0.0060421,0.0076932
10.8400	0.5037128,-0.8295641,0.1263095,0.2052871	0.9999348,-0.0058893,-0.0060421,0.0076932
10.8500	0.5026570,-0.8312533,0.1276937,0.2001204	0.9999348,-0.0058893,-0.0060421,0.0076932
10.8600	0.5021381,-0.8323819,0.1289274,0.1958965	0.9999348,-0.0058893,-0.0060421,0.0076932
10.8700	0.5022200,-0.8329989,0.1297206,0.1925113	0.9999348,-0.0058893,-0.0060421,0.0076932
10.8800	0.5029051,-0.8330471,0.1299312,0.1903599	0.9999348,-0.0058893,-0.0060421,0.0076932
10.8900	0.5043237,-0.8325722,0.1296220,0.1888895	0.9999348,-0.0058893,-0.0060421,0.0076932
10.9000	0.5063286,-0.8314606,0.1293707,0.1885942	0.9999348,-0.0058893,-0.0060421,0.0076932
10.9100	0.5084247,-0.8300180,0.1295715,0.1891711	0.9999348,-0.0058893,-0.0060421,0.0076932
10.9200	0.5111539,-0.8280928,0.1297914,0.1901006	0.9999348,-0.0058893,-0.0060421,0.0076932
10.9300	0.5145881,-0.8257538,0.1297969,0.1910039	0.9999348,-0.0058893,-0.0060421,0.0076932
10.9400	0.5188498,-0.8228104,0.1303991,0.1917656	0.9999348,-0.0058893,-0.0060421,0.0076932
10.9500	0.5229700,-0.8197945,0.1318438,0.1925007	0.9999348,-0.0058893,-0.0060421,0.0076932
10.9600	0.5269903,-0.8166795,0.1340562,0.1932480	0.9999348,-0.0058893,-0.0060421,0.0076932
10.9700	0.5316611,-0.8129702,0.1369454,0.1940667	0.9999348,-0.0058893,-0.0060421,0.0076932
10.9800	0.5367818,-0.8089117,0.1397276,0.1949447	0.9999348,-0.0058893,-0.0060421,0.0076932
10.9900	0.5413288,-0.8052095,0.1420273,0.1960334	0.9999348,-0.0058893,-0.0060421,0.0076932
11.0000	0.5455008,-0.8017714,0.1436740,0.1973554	0.9999348,-0.0058893,-0.0060421,0.0076932
11.0100	0.5492584,-0.7987754,0.1440662,0.1987914	0.9999348,-0.0058893,-0.0060421,0.0076932
11.0200	0.5525740,-0.7962370,0.1433418,0.2003042	0.9999348,-0.0058893,-0.0060421,0.0076932
11.0300	0.5560256,-0.7936059,0.1420663,0.2020951	0.9999345,-0.0059341,-0.0060425,0.0076929
11.0400	0.5587679,-0.7914266,0.1411672,0.2037011	0.9999344,-0.0059532,-0.0060426,0.0076928
11.0500	0.5613511,-0.7893939,0.1404781,0.2049589	0.9999344,-0.0059532,-0.0060426,0.0076928
11.0600	0.5639260,-0.7874072,0.1402615,0.2056795	0.9999344,-0.0059532,-0.0060426,0.0076928
11.0700	0.5664649,-0.7854128,0.1410821,0.2057672	0.9999344,-0.0059532,-0.0060426,0.0076928
11.0800	0.5687247,-0.7836420,0.1425240,0.2052907	0.9999344,-0.0059532,-0.0060426,0.0076928
11.0900	0.5708629,-0.7819753,0.1443011,0.2044687	0.9999344,-0.0059532,-0.0060426,0.0076928
11.1000	0.5730073,-0.7803270,0.1460330,0.2035358	0.9999344,-0.0059532,-0.0060426,0.0076928
11.1100	0.5747288,-0.7790740,0.1473336,0.2025422	0.9999344,-0.0059532,-0.0060426,0.0076928
11.1200	0.5762746,-0.7781031,0.1485297,0.2010025	0.9999344,-0.0059532,-0.0060426,0.0076928
11.1300	0.5776710,-0.7773487,0.1491970,0.1994129	0.9999344,-0.0059532,-0.0060426,0.0076928
11.1400	0.5789612,-0.7767076,0.1494907,0.1979440	0.9999344,-0.0059532,-0.0060426,0.0076928
11.1500	0.5799708,-0.7761638,0.1502449,0.1965453	0.9999344,-0.0059532,-0.0060426,0.0076928
11.1600	0.5809692,-0.7755861,0.1514908,0.1949144	0.9999344,-0.0059532,-0.0060426,0.0076928
11.1700	0.5818289,-0.7751926,0.1519870,0.1935240	0.9999344,-0.0059532,-0.0060426,0.0076928
11.1800	0.5826345,-0.7749117,0.1519030,0.1922871	0.9999344,-0.0059532,-0.0060426,0.0076928
11.1900	0.5831259,-0.7747272,0.1521426,0.1913490	0.9999344,-0.0059532,-0.0060426,0.0076928
11.2000	0.5834763,-0.7745864,0.1528124,0.1903146	0.9999344,-0.0059532,-0.0060426,0.0076928
11.2100	0.5837955,-0.7745397,0.1530610,0.1893236	0.9999344,-0.0059532,-0.0060426,0.0076928
11.2200	0.5839801,-0.7745528,0.1531771,0.1886055	0.9999344,-0.0059532,-0.0060426,0.0076928
11.2300	0.5839081,-0.7746373,0.1537619,0.1880046	0.9999344,-0.0059532,-0.0060426,0.0076928
11.2400	0.5836789,-0.7748245,0.1546448,0.1872189	0.9999344,-0.0059532,-0.0060426,0.0076928
11.2500	0.5835416,-0.7750316,0.1550530,0.1864507	0.9999344,-0.0059532,-0.0060426,0.0076928
11.2600	0.5834198,-0.7752290,0.1551559,0.1859247	0.9999344,-0.0059532,-0.0060426,0.0076928
11.2700	0.5832627,-0.7754102,0.1554570,0.1854096	0.9999344,-0.0059532,-0.0060426,0.0076928
11.2800	0.5831970,-0.7755612,0.1556876,0.1847904	0.9999344,-0.0059532,-0.0060426,0.0076928
11.2900	0.5832363,-0.7756793,0.1556005,0.1842433	0.9999344,-0.0059532,-0.0060426,0.0076928
11.3000	0.5832332,-0.7757685,0.1555993,0.1838782	0.9999344,-0.0059532,-0.0060426,0.0076928
11.3100	0.5830869,-0.7759095,0.1557561,0.1836142	0.9999344,-0.0059532,-0.0060426,0.0076928
11.3200	0.5830256,-0.7759962,0.1557722,0.1834286	0.9999343,-0.0059745,-0.0060428,0.0076927
11.3300	0.5829934,-0.7760493,0.1558890,0.1832071	0.9999341,-0.0060065,-0.0060430,0.0076925
11.3400	0.5829821,-0.7760460,0.1562765,0.1829266	0.9999341,-0.0060065,-0.0060430,0.0076925
11.3500	0.5831007,-0.7759644,0.1566804,0.1825487	0.9999341,-0.0060065,-0.0060430,0.0076925
11.3600	0.5832406,-0.7758834,0.1570601,0.1821197	0.9999341,-0.0060065,-0.0060430,0.0076925
11.3700	0.5832968,-0.7758393,0.1575248,0.1817255	0.9999341,-0.0060065,-0.0060430,0.0076925
11.3800	0.5832851,-0.7759488,0.1578169,0.1810408	0.9999341,-0.0060065,-0.0060430,0.0076925
11.3900	0.5832584,-0.7762149,0.1578951,0.1799145	0.9999341,-0.0060065,-0.0060430,0.0076925
11.4000	0.5833804,-0.7763550,0.1579725,0.1788434	0.9999341,-0.0060065,-0.0060430,0.0076925
11.4100	0.5837361,-0.7763541,0.1577797,0.1778538	0.9999341,-0.0060065,-0.0060430,0.0076925
11.4200	0.5841923,-0.7762620,0.1575325,0.1769750	0.9999341,-0.0060065,-0.0060430,0.0076925
11.4300	0.5843215,-0.7762130,0.1577633,0.1765571	0.9999341,-0.0060065,-0.0060430,0.0076925
11.4400	0.5843279,-0.7761949,0.1579864,0.1764164	0.9999341,-0.0060065,-0.0060430,0.0076925
11.4500	0.5844242,-0.7761508,0.1579907,0.1762871	0.9999341,-0.0060065,-0.0060430,0.0076925
11.4600	0.5845272,-0.7760861,0.1580376,0.1761889	0.9999341,-0.0060065,-0.0060430,0.0076925
11.4700	0.5846394,-0.7761947,0.1578528,0.1755024	0.9999341,-0.0060065,-0.0060430,0.0076925
11.4800	0.5849103,-0.7762172,0.1575902,0.1747346	0.9999341,-0.0060065,-0.0060430,0.0076925
11.4900	0.5853007,-0.7760398,0.1576942,0.1741203	0.9999341,-0.0060065,-0.0060430,0.0076925
11.5000	0.5856921,-0.7758754,0.1579722,0.1732830	0.9999341,-0.0060065,-0.0060430,0.0076925
11.5100	0.5860252,-0.7756962,0.1582493,0.1727049	0.9999341,-0.0060065,-0.0060430,0.0076925
11.5200	0.5862380,-0.7754874,0.1585623,0.1726332	0.9999341,-0.0060065,-0.0060430,0.0076925
11.5300	0.5863628,-0.7753396,0.1589786,0.1724905	0.9999341,-0.0060065,-0.0060430,0.0076925
11.5400	0.5867322,-0.7751952,0.1590053,0.1718575	0.9999341,-0.0060065,-0.0060430,0.0076925
11.5500	0.5873546,-0.7749995,0.1587476,0.1708498	0.9999341,-0.0060065,-0.0060430,0.0076925
11.5600	0.5879360,-0.7747979,0.1587328,0.1697748	0.9999341,-0.0060065,-0.0060430,0.0076925
11.5700	0.5884928,-0.7745985,0.1588998,0.1685948	0.9999341,-0.0060065,-0.0060430,0.0076925
11.5800	0.5889354,-0.7744306,0.1592317,0.1675043	0.9999341,-0.0060065,-0.0060430,0.0076925
11.5900	0.5892131,-0.7742214,0.1598757,0.1668800	0.9999341,-0.0060065,-0.0060430,0.0076925
11.6000	0.5894761,-0.7739687,0.1605449,0.1664803	0.9999341,-0.0060065,-0.0060430,0.0076925
11.6100	0.5896606,-0.7738096,0.1610475,0.1660805	0.9999341,-0.0060065,-0.0060430,0.0076925
11.6200	0.5897436,-0.7737220,0.1614174,0.1658348	0.9999341,-0.0060065,-0.0060430,0.0076925
11.6300	0.5898560,-0.7736180,0.1616936,0.1656511	0.9999341,-0.0060065,-0.0060430,0.0076925
11.6400	0.5901577,-0.7733082,0.1622619,0.1654673	0.9999341,-0.0060065,-0.0060430,0.0076925
11.6500	0.5908452,-0.7726360,0.1632426,0.1651888	0.9999341,-0.0060065,-0.0060430,0.0076925
11.6600	0.5919255,-0.7715595,0.1648090,0.1647976	0.9999341,-0.0060065,-0.0060430,0.0076925
11.6700	0.5932205,-0.7701586,0.1672339,0.1642496	0.9999341,-0.0060065,-0.0060430,0.0076925
11.6800	0.5949782,-0.7680954,0.1715596,0.1630876	0.9999341,-0.0060065,-0.0060430,0.0076925
11.6900	0.5965873,-0.7660127,0.1765739,0.1616471	0.9999341,-0.0060065,-0.0060430,0.0076925
11.7000	0.5983724,-0.7636368,0.1821871,0.1600538	0.9999341,-0.0060065,-0.0060430,0.0076925
11.7100	0.6003222,-0.7611352,0.1878553,0.1581042	0.9999341,-0.0060065,-0.0060430,0.0076925
11.7200	0.6023110,-0.7586812,0.1932103,0.1558657	0.9999341,-0.0060065,-0.0060430,0.0076925
11.7300	0.6045596,-0.7560361,0.1986829,0.1531084	0.9999341,-0.0060065,-0.0060430,0.0076925
11.7400	0.6068482,-0.7534555,0.2035414,0.1503693	0.9999341,-0.0060065,-0.0060430,0.0076925
11.7500	0.6088708,-0.7508780,0.2085252,0.1482424	0.9999341,-0.0060065,-0.0060430,0.0076925
11.7600	0.6109794,-0.7478856,0.2143716,0.1463423	0.9999341,-0.0060065,-0.0060430,0.0076925
11.7700	0.6136035,-0.7442712,0.2207951,0.1442240	0.9999341,-0.0060065,-0.0060430,0.0076925
11.7800	0.6163541,-0.7406418,0.2265592,0.1422263	0.9999341,-0.0060065,-0.0060430,0.0076925
11.7900	0.6197069,-0.7361896,0.2330509,0.1402692	0.9999341,-0.0060065,-0.0060430,0.0076925
11.8000	0.6232034,-0.7316370,0.2388687,0.1388039	0.9999341,-0.0060065,-0.0060430,0.0076925
11.8100	0.6265538,-0.7274726,0.2432440,0.1380084	0.9999341,-0.0060065,-0.0060430,0.0076925
11.8200	0.6309272,-0.7222433,0.2476147,0.1377768	0.9999341,-0.0060065,-0.0060430,0.0076925
11.8300	0.6347229,-0.7178133,0.2506490,0.1380072	0.9999341,-0.0060065,-0.0060430,0.0076925
11.8400	0.6387799,-0.7131492,0.2532572,0.1387055	0.9999341,-0.0060065,-0.0060430,0.0076925
11.8500	0.6430553,-0.7083353,0.2551482,0.1401443	0.9999341,-0.0060065,-0.0060430,0.0076925
11.8600	0.6473356,-0.7036252,0.2562754,0.1420956	0.9999341,-0.0060065,-0.0060430,0.0076925
11.8700	0.6518902,-0.6984848,0.2572544,0.1448388	0.9999341,-0.0060065,-0.0060430,0.0076925
11.8800	0.6555801,-0.6941174,0.2579227,0.1479583	0.9999341,-0.0060065,-0.0060430,0.0076925
11.8900	0.6592291,-0.6895928,0.2585921,0.1516867	0.9999341,-0.0060065,-0.0060430,0.0076925
11.9000	0.6626416,-0.6848051,0.2600358,0.1559791	0.9999341,-0.0060065,-0.0060430,0.0076925
11.9100	0.6660170,-0.6793966,0.2621713,0.1615790	0.9999341,-0.0060065,-0.0060430,0.0076925
11.9200	0.6686379,-0.6746613,0.2639657,0.1675638	0.9999341,-0.0060065,-0.0060430,0.0076925
11.9300	0.6707404,-0.6704619,0.2650593,0.1741600	0.9999341,-0.0060065,-0.0060430,0.0076925
11.9400	0.6722602,-0.6674027,0.2645049,0.1807679	0.9999341,-0.0060065,-0.0060430,0.0076925
11.9500	0.6738642,-0.6649427,0.2617015,0.1878046	0.9999341,-0.0060065,-0.0060430,0.0076925
11.9600	0.6755257,-0.6628717,0.2568512,0.1956875	0.9999341,-0.0060065,-0.0060430,0.0076925
11.9700	0.6766860,-0.6613452,0.2519417,0.2030862	0.9999341,-0.0060065,-0.0060430,0.0076925
11.9800	0.6777143,-0.6595498,0.2479900,0.2102339	0.9999341,-0.0060065,-0.0060430,0.0076925
11.9900	0.6788592,-0.6570931,0.2451430,0.2174484	0.9999341,-0.0060065,-0.0060430,0.0076925
12.0000	0.6802001,-0.6539272,0.2427810,0.2253095	0.9999341,-0.0060065,-0.0060430,0.0076925
12.0100	0.6811375,-0.6509923,0.2413577,0.2323944	0.9999341,-0.0060065,-0.0060430,0.0076925
12.0200	0.6814800,-0.6484292,0.2408142,0.2390252	0.9999341,-0.0060065,-0.0060430,0.0076925
12.0300	0.6815528,-0.6457198,0.2408774,0.2459872	0.9999341,-0.0060065,-0.0060430,0.0076925
12.0400	0.6813822,-0.6429357,0.2410410,0.2534784	0.9999341,-0.0060065,-0.0060430,0.0076925
12.0500	0.6810708,-0.6409279,0.2406682,0.2596784	0.9999341,-0.0060065,-0.0060430,0.0076925
12.0600	0.6803961,-0.6396168,0.2399304,0.2653015	0.9999341,-0.0060065,-0.0060430,0.0076925
12.0700	0.6794625,-0.6388685,0.2387610,0.2705013	0.9999341,-0.0060065,-0.0060430,0.0076925
12.0800	0.6786197,-0.6386391,0.2372184,0.2744864	0.9999341,-0.0060065,-0.0060430,0.0076925
12.0900	0.6774439,-0.6389873,0.2351008,0.2783750	0.9999341,-0.0060065,-0.0060430,0.0076925
12.1000	0.6763705,-0.6395054,0.2337960,0.2808828	0.9999341,-0.0060065,-0.0060430,0.0076925
12.1100	0.6754321,-0.6401846,0.2329286,0.2823107	0.9999341,-0.0060065,-0.0060430,0.0076925
12.1200	0.6744275,-0.6409520,0.2329052,0.2829899	0.9999341,-0.0060065,-0.0060430,0.0076925
12.1300	0.6730557,-0.6421395,0.2341189,0.2825619	0.9999341,-0.0060065,-0.0060430,0.0076925
12.1400	0.6716518,-0.6435842,0.2359157,0.2811175	0.9999341,-0.0060065,-0.0060430,0.0076925
12.1500	0.6703133,-0.6451287,0.2380231,0.2789877	0.9999341,-0.0060065,-0.0060430,0.0076925
12.1600	0.6686707,-0.6471893,0.2410202,0.2755624	0.9999341,-0.0060065,-0.0060430,0.0076925
12.1700	0.6671081,-0.6496128,0.2439015,0.2710756	0.9999341,-0.0060065,-0.0060430,0.0076925
12.1800	0.6653922,-0.6528406,0.2463562,0.2652565	0.9999341,-0.0060065,-0.0060430,0.0076925
12.1900	0.6636634,-0.6563001,0.2482097,0.2592548	0.9999341,-0.0060065,-0.0060430,0.0076925
12.2000	0.6619448,-0.6598101,0.2499755,0.2529663	0.9999341,-0.0060065,-0.0060430,0.0076925
12.2100	0.6604097,-0.6630589,0.2516566,0.2467406	0.9999341,-0.0060065,-0.0060430,0.0076925
12.2200	0.6584050,-0.6674965,0.2543707,0.2371641	0.9999341,-0.0060065,-0.0060430,0.0076925
12.2300	0.6568624,-0.6709327,0.2568881,0.2288876	0.9999341,-0.0060065,-0.0060430,0.0076925
12.2400	0.6553253,-0.6745232,0.2604801,0.2184429	0.9999341,-0.0060065,-0.0060430,0.0076925
12.2500	0.6535174,-0.6776956,0.2668180,0.2060385	0.9999341,-0.0060065,-0.0060430,0.0076925
12.2600	0.6510894,-0.6800493,0.2773865,0.1915003	0.9999341,-0.0060065,-0.0060430,0.0076925
12.2700	0.6488434,-0.6813331,0.2871450,0.1798199	0.9999341,-0.0060065,-0.0060430,0.0076925
12.2800	0.6455296,-0.6823516,0.3014950,0.1636723	0.9999341,-0.0060065,-0.0060430,0.0076925
12.2900	0.6429902,-0.6826111,0.3120747,0.1523650	0.9999341,-0.0060065,-0.0060430,0.0076925
12.3000	0.6406780,-0.6823941,0.3221687,0.1416946	0.9999341,-0.0060065,-0.0060430,0.0076925
12.3100	0.6389907,-0.6820368,0.3302000,0.1322294	0.9999341,-0.0060065,-0.0060430,0.0076925
12.3200	0.6379322,-0.6820372,0.3347337,0.1257819	0.9999341,-0.0060065,-0.0060430,0.0076925
12.3300	0.6371053,-0.6826841,0.3364292,0.1218799	0.9999341,-0.0060065,-0.0060430,0.0076925
12.3400	0.6365091,-0.6839219,0.3355160,0.1205657	0.9999341,-0.0060065,-0.0060430,0.0076925
12.3500	0.6362875,-0.6854533,0.3321752,0.1222767	0.9999341,-0.0060065,-0.0060430,0.0076925
12.3600	0.6365184,-0.6861354,0.3290267,0.1257135	0.9999341,-0.0060065,-0.0060430,0.0076925
12.3700	0.6375878,-0.6857484,0.3254560,0.1315651	0.9999341,-0.0060065,-0.0060430,0.0076925
12.3800	0.6392268,-0.6844201,0.3226965,0.1372050	0.9999341,-0.0060065,-0.0060430,0.0076925
12.3900	0.6410668,-0.6826243,0.3199328,0.1438765	0.9999341,-0.0060065,-0.0060430,0.0076925
12.4000	0.6428160,-0.6800356,0.3179367,0.1524974	0.9999341,-0.0060065,-0.0060430,0.0076925
12.4100	0.6439165,-0.6771114,0.3171359,0.1622235	0.9999341,-0.0060065,-0.0060430,0.0076925
12.4200	0.6444854,-0.6742489,0.3162493,0.1732438	0.9999341,-0.0060065,-0.0060430,0.0076925
12.4300	0.6448985,-0.6718118,0.3130963,0.1864014	0.9999341,-0.0060065,-0.0060430,0.0076925
12.4400	0.6456413,-0.6697876,0.3072321,0.2003506	0.9999341,-0.0060065,-0.0060430,0.0076925
12.4500	0.6470135,-0.6678018,0.2985125,0.2151852	0.9999341,-0.0060065,-0.0060430,0.0076925
12.4600	0.6487049,-0.6655236,0.2897486,0.2287053	0.9999341,-0.0060065,-0.0060430,0.0076925
12.4700	0.6506114,-0.6627649,0.2820409,0.2406250	0.9999341,-0.0060065,-0.0060430,0.0076925
12.4800	0.6529687,-0.6591362,0.2758583,0.2511445	0.9999341,-0.0060065,-0.0060430,0.0076925
12.4900	0.6558299,-0.6539793,0.2709220,0.2622964	0.9999341,-0.0060065,-0.0060430,0.0076925
12.5000	0.6579786,-0.6492150,0.2678915,0.2716950	0.9999341,-0.0060065,-0.0060430,0.0076925
12.5100	0.6599215,-0.6440050,0.2653225,0.2817180	0.9999341,-0.0060065,-0.0060430,0.0076925
12.5200	0.6618758,-0.6390176,0.2618727,0.2915470	0.9999341,-0.0060065,-0.0060430,0.0076925
12.5300	0.6644099,-0.6346780,0.2556204,0.3006685	0.9999341,-0.0060065,-0.0060430,0.0076925
12.5400	0.6673612,-0.6310684,0.2483244,0.3077609	0.9999341,-0.0060065,-0.0060430,0.0076925
12.5500	0.6703838,-0.6272966,0.2417770,0.3140517	0.9999341,-0.0060065,-0.0060430,0.0076925
12.5600	0.6732546,-0.6230761,0.2366018,0.3201935	0.9999341,-0.0060065,-0.0060430,0.0076925
12.5700	0.6762821,-0.6182558,0.2328026,0.3258914	0.9999341,-0.0060065,-0.0060430,0.0076925
12.5800	0.6801150,-0.6127107,0.2298804,0.3304302	0.9999341,-0.0060065,-0.0060430,0.0076925
12.5900	0.6843311,-0.6070898,0.2279101,0.3334514	0.9999341,-0.0060065,-0.0060430,0.0076925
12.6000	0.6887925,-0.6014999,0.2260463,0.3356573	0.9999341,-0.0060065,-0.0060430,0.0076925
12.6100	0.6935572,-0.5959140,0.2231689,0.3377286	0.9999341,-0.0060065,-0.0060430,0.0076925
12.6200	0.6989359,-0.5905001,0.2182224,0.3393777	0.9999341,-0.0060065,-0.0060430,0.0076925
12.6300	0.7040794,-0.5863282,0.2123006,0.3397351	0.9999341,-0.0060065,-0.0060430,0.0076925
12.6400	0.7099546,-0.5823475,0.2051412,0.3387521	0.9999341,-0.0060065,-0.0060430,0.0076925
12.6500	0.7159827,-0.5790565,0.1975143,0.3362298	0.9999341,-0.0060065,-0.0060430,0.0076925
12.6600	0.7218165,-0.5769012,0.1896390,0.3319684	0.9999341,-0.0060065,-0.0060430,0.0076925
12.6700	0.7273199,-0.5750563,0.1828382,0.3269344	0.9999341,-0.0060065,-0.0060430,0.0076925
12.6800	0.7322063,-0.5728292,0.1782685,0.3224297	0.9999341,-0.0060065,-0.0060430,0.0076925
12.6900	0.7369304,-0.5701645,0.1748452,0.3182376	0.9999341,-0.0060065,-0.0060430,0.0076925
12.7000	0.7419223,-0.5669549,0.1717615,0.3140245	0.9999341,-0.0060065,-0.0060430,0.0076925
12.7100	0.7470739,-0.5632515,0.1689662,0.3099657	0.9999341,-0.0060065,-0.0060430,0.0076925
12.7200	0.7522817,-0.5594421,0.1656362,0.3060414	0.9999341,-0.0060065,-0.0060430,0.0076925
12.7300	0.7576133,-0.5560308,0.1609651,0.3015660	0.9999341,-0.0060065,-0.0060430,0.0076925
12.7400	0.7633505,-0.5529996,0.1549042,0.2957908	0.9999341,-0.0060065,-0.0060430,0.0076925
12.7500	0.7696388,-0.5505580,0.1474589,0.2877461	0.9999341,-0.0060065,-0.0060430,0.0076925
12.7600	0.7750253,-0.5497152,0.1400753,0.2784384	0.9999341,-0.0060065,-0.0060430,0.0076925
12.7700	0.7790331,-0.5496968,0.1343049,0.2700057	0.9999341,-0.0060065,-0.0060430,0.0076925
12.7800	0.7820786,-0.5495468,0.1303368,0.2633698	0.9999341,-0.0060065,-0.0060430,0.0076925
12.7900	0.7840842,-0.5490977,0.1287087,0.2591095	0.9999341,-0.0060065,-0.0060430,0.0076925
12.8000	0.7854322,-0.5480109,0.1295048,0.2569217	0.9999341,-0.0060065,-0.0060430,0.0076925
12.8100	0.7868193,-0.5464328,0.1307729,0.2553917	0.9999341,-0.0060065,-0.0060430,0.0076925
12.8200	0.7884130,-0.5448907,0.1316061,0.2533355	0.9999341,-0.0060065,-0.0060430,0.0076925
12.8300	0.7906375,-0.5431427,0.1320613,0.2498962	0.9999341,-0.0060065,-0.0060430,0.0076925
12.8400	0.7933952,-0.5411006,0.1323376,0.2453996	0.9999341,-0.0060065,-0.0060430,0.0076925
12.8500	0.7964634,-0.5391501,0.1324294,0.2396367	0.9999341,-0.0060065,-0.0060430,0.0076925
12.8600	0.7994216,-0.5378084,0.1323409,0.2327511	0.9999341,-0.0060065,-0.0060430,0.0076925
12.8700	0.8017437,-0.5371644,0.1324615,0.2260871	0.9999341,-0.0060065,-0.0060430,0.0076925
12.8800	0.8040692,-0.5367071,0.1337213,0.2180295	0.9999341,-0.0060065,-0.0060430,0.0076925
12.8900	0.8061390,-0.5361599,0.1366418,0.2097653	0.9999341,-0.0060065,-0.0060430,0.0076925
12.9000	0.8080688,-0.5353949,0.1412433,0.2010659	0.9999341,-0.0060065,-0.0060430,0.0076925
12.9100	0.8100943,-0.5342091,0.1478637,0.1910607	0.9999341,-0.0060065,-0.0060430,0.0076925
12.9200	0.8121553,-0.5325700,0.1562985,0.1798436	0.9999341,-0.0060065,-0.0060430,0.0076925
12.9300	0.8144072,-0.5300086,0.1675174,0.1666425	0.9999341,-0.0060065,-0.0060430,0.0076925
12.9400	0.8163622,-0.5266705,0.1798972,0.1542983	0.9999341,-0.0060065,-0.0060430,0.0076925
12.9500	0.8182570,-0.5222470,0.1938478,0.1419031	0.9999341,-0.0060065,-0.0060430,0.0076925
12.9600	0.8202559,-0.5163968,0.2095242,0.1288962	0.9999341,-0.0060065,-0.0060430,0.0076925
12.9700	0.8223829,-0.5089687,0.2269106,0.1146682	0.9999341,-0.0060065,-0.0060430,0.0076925
12.9800	0.8242917,-0.5008421,0.2443430,0.0999842	0.9999341,-0.0060065,-0.0060430,0.0076925
12.9900	0.8256991,-0.4923904,0.2618056,0.0850327	0.9999341,-0.0060065,-0.0060430,0.0076925
13.0000	0.8264409,-0.4841681,0.2785638,0.0705621	0.9999341,-0.0060065,-0.0060430,0.0076925
13.0100	0.8265250,-0.4747396,0.2976475,0.0537096	0.9999341,-0.0060065,-0.0060430,0.0076925
13.0200	0.8261886,-0.4674281,0.3119722,0.0399595	0.9999341,-0.0060065,-0.0060430,0.0076925
13.0300	0.8256388,-0.4610760,0.3239853,0.0276234	0.9999341,-0.0060065,-0.0060430,0.0076925
13.0400	0.8247641,-0.4554209,0.3347509,0.0172594	0.9999341,-0.0060065,-0.0060430,0.0076925
13.0500	0.8238750,-0.4504932,0.3438238,0.0084240	0.9999341,-0.0060065,-0.0060430,0.0076925
13.0600	0.8233422,-0.4451843,0.3520200,-0.0006661	0.9999341,-0.0060065,-0.0060430,0.0076925
13.0700	0.8233895,-0.4388203,0.3597031,-0.0089542	0.9999341,-0.0060065,-0.0060430,0.0076925
13.0800	0.8235042,-0.4312884,0.3682042,-0.0160254	0.9999341,-0.0060065,-0.0060430,0.0076925
13.0900	0.8237151,-0.4221132,0.3778741,-0.0229139	0.9999341,-0.0060065,-0.0060430,0.0076925
13.1000	0.8243296,-0.4108413,0.3883727,-0.0292701	0.9999341,-0.0060065,-0.0060430,0.0076925
13.1100	0.8254293,-0.3996893,0.3971488,-0.0344632	0.9999341,-0.0060065,-0.0060430,0.0076925
13.1200	0.8268080,-0.3895714,0.4037358,-0.0402495	0.9999341,-0.0060065,-0.0060430,0.0076925
13.1300	0.8281892,-0.3806161,0.4086917,-0.0469580	0.9999341,-0.0060065,-0.0060430,0.0076925
13.1400	0.8297101,-0.3727904,0.4119468,-0.0539292	0.9999341,-0.0060065,-0.0060430,0.0076925
13.1500	0.8316635,-0.3640715,0.4146701,-0.0619401	0.9999341,-0.0060065,-0.0060430,0.0076925
13.1600	0.8336117,-0.3550817,0.4174377,-0.0689514	0.9999341,-0.0060065,-0.0060430,0.0076925
13.1700	0.8355374,-0.3456178,0.4205269,-0.0747180	0.9999341,-0.0060065,-0.0060430,0.0076925
13.1800	0.8375546,-0.3359847,0.4235063,-0.0791137	0.9999341,-0.0060065,-0.0060430,0.0076925
13.1900	0.8398075,-0.3258580,0.4263164,-0.0824278	0.9999341,-0.0060065,-0.0060430,0.0076925
13.2000	0.8419277,-0.3171436,0.4283466,-0.0842430	0.9999341,-0.0060065,-0.0060430,0.0076925
13.2100	0.8439583,-0.3099452,0.4293877,-0.0854080	0.9999341,-0.0060065,-0.0060430,0.0076925
13.2200	0.8460242,-0.3033966,0.4297020,-0.0868893	0.9999341,-0.0060065,-0.0060430,0.0076925
13.2300	0.8480242,-0.2980281,0.4290437,-0.0891945	0.9999341,-0.0060065,-0.0060430,0.0076925
13.2400	0.8502245,-0.2930333,0.4274633,-0.0923307	0.9999341,-0.0060065,-0.0060430,0.0076925
13.2500	0.8525242,-0.2889355,0.4249951,-0.0953835	0.9999341,-0.0060065,-0.0060430,0.0076925
13.2600	0.8549036,-0.2850959,0.4221934,-0.0980451	0.9999341,-0.0060065,-0.0060430,0.0076925
13.2700	0.8570262,-0.2818715,0.4194953,-0.1003909	0.9999341,-0.0060065,-0.0060430,0.0076925
13.2800	0.8596829,-0.2782641,0.4159517,-0.1024628	0.9999341,-0.0060065,-0.0060430,0.0076925
13.2900	0.8618399,-0.2756773,0.4131423,-0.1027004	0.9999341,-0.0060065,-0.0060430,0.0076925
13.3000	0.8642375,-0.2730587,0.4098282,-0.1028265	0.9999341,-0.0060065,-0.0060430,0.0076925
13.3100	0.8663982,-0.2709971,0.4065783,-0.1029993	0.9999341,-0.0060065,-0.0060430,0.0076925
13.3200	0.8684798,-0.2690072,0.4032305,-0.1038415	0.9999341,-0.0060065,-0.0060430,0.0076925
13.3300	0.8702343,-0.2668451,0.4005084,-0.1052571	0.9999341,-0.0060065,-0.0060430,0.0076925
13.3400	0.8724838,-0.2630489,0.3975371,-0.1074315	0.9999341,-0.0060065,-0.0060430,0.0076925
13.3500	0.8741975,-0.2592012,0.3957597,-0.1093973	0.9999341,-0.0060065,-0.0060430,0.0076925
13.3600	0.8760026,-0.2541183,0.3945605,-0.1111997	0.9999341,-0.0060065,-0.0060430,0.0076925
13.3700	0.8780059,-0.2480175,0.3935883,-0.1126111	0.9999341,-0.0060065,-0.0060430,0.0076925
13.3800	0.8799126,-0.2432553,0.3919139,-0.1139479	0.9999341,-0.0060065,-0.0060430,0.0076925
13.3900	0.8819439,-0.2394918,0.3892327,-0.1153973	0.9999341,-0.0060065,-0.0060430,0.0076925
13.4000	0.8836691,-0.2369163,0.3862927,-0.1173774	0.9999341,-0.0060065,-0.0060430,0.0076925
13.4100	0.8853938,-0.2344482,0.3830838,-0.1198272	0.9999341,-0.0060065,-0.0060430,0.0076925
13.4200	0.8873237,-0.2315493,0.3797397,-0.1218169	0.9999341,-0.0060065,-0.0060430,0.0076925
13.4300	0.8890840,-0.2283943,0.3772235,-0.1227521	0.9999341,-0.0060065,-0.0060430,0.0076925
13.4400	0.8907330,-0.2252263,0.3749477,-0.1236209	0.9999341,-0.0060065,-0.0060430,0.0076925
13.4500	0.8924099,-0.2222548,0.3724437,-0.1244713	0.9999341,-0.0060065,-0.0060430,0.0076925
13.4600	0.8942937,-0.2190960,0.3695194,-0.1252644	0.9999341,-0.0060065,-0.0060430,0.0076925
13.4700	0.8959408,-0.2163605,0.3668884,-0.1259809	0.9999341,-0.0060065,-0.0060430,0.0076925
13.4800	0.8974019,-0.2139194,0.3645229,-0.1266147	0.9999341,-0.0060065,-0.0060430,0.0076925
13.4900	0.8989566,-0.2117945,0.3616618,-0.1273613	0.9999341,-0.0060065,-0.0060430,0.0076925
13.5000	0.9005668,-0.2100690,0.3586376,-0.1273954	0.9999341,-0.0060065,-0.0060430,0.0076925
13.5100	0.9024262,-0.2086613,0.3551664,-0.1262702	0.9999341,-0.0060065,-0.0060430,0.0076925
13.5200	0.9041299,-0.2085173,0.3514481,-0.1247152	0.9999341,-0.0060065,-0.0060430,0.0076925
13.5300	0.9057320,-0.2098305,0.3473677,-0.1222961	0.9999341,-0.0060065,-0.0060430,0.0076925
13.5400	0.9072006,-0.2119513,0.3436280,-0.1182523	0.9999341,-0.0060065,-0.0060430,0.0076925
13.5500	0.9088487,-0.2150187,0.3404041,-0.1090237	0.9999341,-0.0060065,-0.0060430,0.0076925
13.5600	0.9100382,-0.2190575,0.3381530,-0.0974516	0.9999341,-0.0060065,-0.0060430,0.0076925
13.5700	0.9110005,-0.2252331,0.3351671,-0.0837330	0.9999341,-0.0060065,-0.0060430,0.0076925
13.5800	0.9115122,-0.2341840,0.3311682,-0.0680514	0.9999341,-0.0060065,-0.0060430,0.0076925
13.5900	0.9117615,-0.2456202,0.3256424,-0.0481538	0.9999341,-0.0060065,-0.0060430,0.0076925
13.6000	0.9117212,-0.2563823,0.3198435,-0.0270696	0.9999341,-0.0060065,-0.0060430,0.0076925
13.6100	0.9113159,-0.2668529,0.3134624,-0.0058544	0.9999341,-0.0060065,-0.0060430,0.0076925
13.6200	0.9103163,-0.2795028,0.3048431,0.0165228	0.9999341,-0.0060065,-0.0060430,0.0076925
13.6300	0.9090088,-0.2932080,0.2936851,0.0384853	0.9999341,-0.0060065,-0.0060430,0.0076925
13.6400	0.9076097,-0.3072016,0.2793707,0.0618369	0.9999341,-0.0060065,-0.0060430,0.0076925
13.6500	0.9064720,-0.3192617,0.2639400,0.0819525	0.9999341,-0.0060065,-0.0060430,0.0076925
13.6600	0.9056777,-0.3297748,0.2472088,0.0994195	0.9999341,-0.0060065,-0.0060430,0.0076925
13.6700	0.9052338,-0.3382937,0.2303644,0.1141989	0.9999341,-0.0060065,-0.0060430,0.0076925
13.6800	0.9050025,-0.3465226,0.2098815,0.1297779	0.9999341,-0.0060065,-0.0060430,0.0076925
13.6900	0.9047349,-0.3518798,0.1939041,0.1415507	0.9999341,-0.0060065,-0.0060430,0.0076925
13.7000	0.9042495,-0.3563286,0.1777468,0.1541717	0.9999341,-0.0060065,-0.0060430,0.0076925
13.7100	0.9036247,-0.3596799,0.1628370,0.1660629	0.9999341,-0.0060065,-0.0060430,0.0076925
13.7200	0.9030710,-0.3619490,0.1486947,0.1770466	0.9999341,-0.0060065,-0.0060430,0.0076925
13.7300	0.9029093,-0.3624697,0.1349915,0.1874774	0.9999341,-0.0060065,-0.0060430,0.0076925
13.7400	0.9031587,-0.3609509,0.1241406,0.1964889	0.9999341,-0.0060065,-0.0060430,0.0076925
13.7500	0.9038879,-0.3576571,0.1147698,0.2046852	0.9999341,-0.0060065,-0.0060430,0.0076925
13.7600	0.9054167,-0.3523197,0.1048822,0.2123468	0.9999341,-0.0060065,-0.0060430,0.0076925
13.7700	0.9076401,-0.3457013,0.0943555,0.2185795	0.9999341,-0.0060065,-0.0060430,0.0076925
13.7800	0.9099889,-0.3391132,0.0845549,0.2230983	0.9999341,-0.0060065,-0.0060430,0.0076925
13.7900	0.9123255,-0.3326163,0.0749594,0.2267371	0.9999341,-0.0060065,-0.0060430,0.0076925
13.8000	0.9144538,-0.3262273,0.0659221,0.2302264	0.9999341,-0.0060065,-0.0060430,0.0076925
13.8100	0.9164334,-0.3191322,0.0561410,0.2348459	0.9999341,-0.0060065,-0.0060430,0.0076925
13.8200	0.9181097,-0.3119151,0.0452300,0.2402868	0.9999341,-0.0060065,-0.0060430,0.0076925
13.8300	0.9196034,-0.3054854,0.0340564,0.2446395	0.9999341,-0.0060065,-0.0060430,0.0076925
13.8400	0.9212306,-0.2993088,0.0217017,0.2475428	0.9999341,-0.0060065,-0.0060430,0.0076925
13.8500	0.9229120,-0.2934893,0.0077242,0.2490738	0.9999341,-0.0060065,-0.0060430,0.0076925
13.8600	0.9245639,-0.2879416,-0.0075434,0.2494282	0.9999341,-0.0060065,-0.0060430,0.0076925
13.8700	0.9261582,-0.2827768,-0.0218459,0.2485779	0.9999341,-0.0060065,-0.0060430,0.0076925
13.8800	0.9279283,-0.2774379,-0.0359737,0.2463396	0.9999341,-0.0060065,-0.0060430,0.0076925
13.8900	0.9302331,-0.2712394,-0.0509222,0.2418729	0.9999341,-0.0060065,-0.0060430,0.0076925
13.9000	0.9330357,-0.2644991,-0.0651527,0.2350314	0.9999341,-0.0060065,-0.0060430,0.0076925
13.9100	0.9363182,-0.2570782,-0.0778654,0.2261769	0.9999341,-0.0060065,-0.0060430,0.0076925
13.9200	0.9399041,-0.2487951,-0.0877308,0.2167593	0.9999341,-0.0060065,-0.0060430,0.0076925
13.9300	0.9432686,-0.2408802,-0.0940708,0.2082587	0.9999341,-0.0060065,-0.0060430,0.0076925
13.9400	0.9468798,-0.2326102,-0.0988273,0.1988576	0.9999341,-0.0060065,-0.0060430,0.0076925
13.9500	0.9506936,-0.2243376,-0.1021481,0.1882021	0.9999341,-0.0060065,-0.0060430,0.0076925
13.9600	0.9540937,-0.2176091,-0.1036721,0.1777743	0.9999341,-0.0060065,-0.0060430,0.0076925
13.9700	0.9579005,-0.2108257,-0.1040057,0.1648091	0.9999341,-0.0060065,-0.0060430,0.0076925
13.9800	0.9620857,-0.2037316,-0.1031073,0.1491756	0.9999341,-0.0060065,-0.0060430,0.0076925
13.9900	0.9669150,-0.1952820,-0.1008692,0.1294826	0.9999341,-0.0060065,-0.0060430,0.0076925
14.0000	0.9716795,-0.1861168,-0.0965654,0.1089710	0.9999341,-0.0060065,-0.0060430,0.0076925
14.0100	0.9758322,-0.1771933,-0.0887275,0.0920952	0.9999341,-0.0060065,-0.0060430,0.0076925
14.0200	0.9798917,-0.1671533,-0.0762821,0.0778015	0.9999341,-0.0060065,-0.0060430,0.0076925
14.0300	0.9840432,-0.1541256,-0.0603259,0.0653081	0.9999341,-0.0060065,-0.0060430,0.0076925
14.0400	0.9879282,-0.1385675,-0.0430830,0.0542288	0.9999341,-0.0060065,-0.0060430,0.0076925
14.0500	0.9909568,-0.1233505,-0.0273211,0.0451973	0.9999341,-0.0060065,-0.0060430,0.0076925
14.0600	0.9931260,-0.1094907,-0.0139483,0.0389614	0.9999341,-0.0060065,-0.0060430,0.0076925
14.0700	0.9946613,-0.0967369,-0.0025163,0.0358410	0.9999341,-0.0060065,-0.0060430,0.0076925
14.0800	0.9954124,-0.0884601,0.0040487,0.0362297	0.9999341,-0.0060065,-0.0060430,0.0076925
14.0900	0.9955249,-0.0858313,0.0044600,0.0392841	0.9999341,-0.0060065,-0.0060430,0.0076925
14.1000	0.9950384,-0.0885499,-0.0013434,0.0453401	0.9999341,-0.0060065,-0.0060430,0.0076925
14.1100	0.9938287,-0.0960747,-0.0135309,0.0537690	0.9999341,-0.0060065,-0.0060430,0.0076925
14.1200	0.9915705,-0.1072122,-0.0328680,0.0649090	0.9999341,-0.0060065,-0.0060430,0.0076925
14.1300	0.9879348,-0.1207036,-0.0577485,0.0779781	0.9999341,-0.0060065,-0.0060430,0.0076925
14.1400	0.9832517,-0.1346391,-0.0844193,0.0892291	0.9999341,-0.0060065,-0.0060430,0.0076925
14.1500	0.9772072,-0.1495780,-0.1139564,0.0985216	0.9999341,-0.0060065,-0.0060430,0.0076925
14.1600	0.9697555,-0.1649152,-0.1453566,0.1060600	0.9999341,-0.0060065,-0.0060430,0.0076925
14.1700	0.9616606,-0.1781852,-0.1754869,0.1125314	0.9999341,-0.0060065,-0.0060430,0.0076925
14.1800	0.9545856,-0.1870684,-0.1996351,0.1179731	0.9999341,-0.0060065,-0.0060430,0.0076925
14.1900	0.9496370,-0.1920002,-0.2153707,0.1222330	0.9999341,-0.0060065,-0.0060430,0.0076925
14.2000	0.9461480,-0.1947178,-0.2260918,0.1255845	0.9999341,-0.0060065,-0.0060430,0.0076925
14.2100	0.9434641,-0.1970863,-0.2341597,0.1272858	0.9999341,-0.0060065,-0.0060430,0.0076925
14.2200	0.9415444,-0.2006789,-0.2385357,0.1277611	0.9999341,-0.0060065,-0.0060430,0.0076925
14.2300	0.9405806,-0.2044939,-0.2387662,0.1283784	0.9999341,-0.0060065,-0.0060430,0.0076925
14.2400	0.9405837,-0.2075905,-0.2362236,0.1280897	0.9999341,-0.0060065,-0.0060430,0.0076925
14.2500	0.9415985,-0.2099036,-0.2312780,0.1258695	0.9999341,-0.0060065,-0.0060430,0.0076925
14.2600	0.9437487,-0.2109388,-0.2230485,0.1228523	0.9999341,-0.0060065,-0.0060430,0.0076925
14.2700	0.9470394,-0.2098195,-0.2120305,0.1188915	0.9999341,-0.0060065,-0.0060430,0.0076925
14.2800	0.9515655,-0.2063341,-0.1983154,0.1123407	0.9999341,-0.0060065,-0.0060430,0.0076925
14.2900	0.9570594,-0.2006595,-0.1823763,0.1025275	0.9999341,-0.0060065,-0.0060430,0.0076925
14.3000	0.9635095,-0.1926595,-0.1628496,0.0895081	0.9999341,-0.0060065,-0.0060430,0.0076925
14.3100	0.9702422,-0.1826591,-0.1391676,0.0767993	0.9999341,-0.0060065,-0.0060430,0.0076925
14.3200	0.9764431,-0.1723009,-0.1115911,0.0664732	0.9999341,-0.0060065,-0.0060430,0.0076925
14.3300	0.9809834,-0.1644922,-0.0838205,0.0599000	0.9999341,-0.0060065,-0.0060430,0.0076925
14.3400	0.9847228,-0.1569356,-0.0521530,0.0545185	0.9999341,-0.0060065,-0.0060430,0.0076925
14.3500	0.9866494,-0.1521015,-0.0295487,0.0501498	0.9999341,-0.0060065,-0.0060430,0.0076925
14.3600	0.9875637,-0.1497707,-0.0136412,0.0458333	0.9999341,-0.0060065,-0.0060430,0.0076925
14.3700	0.9878643,-0.1496082,-0.0043802,0.0415002	0.9999341,-0.0060065,-0.0060430,0.0076925
14.3800	0.9878210,-0.1509092,-0.0008767,0.0378846	0.9999341,-0.0060065,-0.0060430,0.0076925
14.3900	0.9875809,-0.1531918,-0.0005238,0.0348713	0.9999341,-0.0060065,-0.0060430,0.0076925
14.4000	0.9873204,-0.1557033,-0.0014107,0.0308703	0.9999341,-0.0060065,-0.0060430,0.0076925
14.4100	0.9872832,-0.1568461,-0.0019644,0.0258319	0.9999341,-0.0060065,-0.0060430,0.0076925
14.4200	0.9873300,-0.1571341,-0.0007995,0.0220846	0.9999341,-0.0060065,-0.0060430,0.0076925
14.4300	0.9874275,-0.1566265,0.0030606,0.0211121	0.9999341,-0.0060065,-0.0060430,0.0076925
14.4400	0.9876335,-0.1549000,0.0084538,0.0226828	0.9999341,-0.0060065,-0.0060430,0.0076925
14.4500	0.9879160,-0.1521952,0.0140764,0.0256974	0.9999341,-0.0060065,-0.0060430,0.0076925
14.4600	0.9883387,-0.1481988,0.0188165,0.0294902	0.9999341,-0.0060065,-0.0060430,0.0076925
14.4700	0.9889432,-0.1425392,0.0228162,0.0339596	0.9999341,-0.0060065,-0.0060430,0.0076925
14.4800	0.9896789,-0.1355717,0.0259103,0.0385306	0.9999341,-0.0060065,-0.0060430,0.0076925
14.4900	0.9903256,-0.1293733,0.0275364,0.0419470	0.9999341,-0.0060065,-0.0060430,0.0076925
14.5000	0.9909086,-0.1240089,0.0278427,0.0441222	0.9999341,-0.0060065,-0.0060430,0.0076925
14.5100	0.9914988,-0.1192607,0.0268812,0.0445467	0.9999341,-0.0060065,-0.0060430,0.0076925
14.5200	0.9921953,-0.1143497,0.0248820,0.0430518	0.9999341,-0.0060065,-0.0060430,0.0076925
14.5300	0.9941008,-0.0963363,0.0257200,0.0426774	0.9999341,-0.0060065,-0.0060430,0.0076925
14.5400	0.9959406,-0.0746761,0.0281854,0.0416106	0.9999341,-0.0060065,-0.0060430,0.0076925
14.5500	0.9970841,-0.0569903,0.0313385,0.0399160	0.9999341,-0.0060065,-0.0060430,0.0076925
14.5600	0.9977534,-0.0428939,0.0349778,0.0377474	0.9999341,-0.0060065,-0.0060430,0.0076925
14.5700	0.9981092,-0.0308031,0.0393509,0.0357867	0.9999341,-0.0060065,-0.0060430,0.0076925
14.5800	0.9981632,-0.0228032,0.0435503,0.0354053	0.9999341,-0.0060065,-0.0060430,0.0076925
14.5900	0.9981520,-0.0154375,0.0463523,0.0361359	0.9999341,-0.0060065,-0.0060430,0.0076925
14.6000	0.9981400,-0.0081929,0.0474824,0.0373477	0.9999341,-0.0060065,-0.0060430,0.0076925
14.6100	0.9981049,0.0000521,0.0476252,0.0389662	0.9999341,-0.0060065,-0.0060430,0.0076925
14.6200	0.9980743,0.0064853,0.0469483,0.0400177	0.9999341,-0.0060065,-0.0060430,0.0076925
14.6300	0.9980701,0.0107976,0.0459142,0.0403909	0.9999341,-0.0060065,-0.0060430,0.0076925
14.6400	0.9981130,0.0130537,0.0447935,0.0399189	0.9999341,-0.0060065,-0.0060430,0.0076925
14.6500	0.9981978,0.0147689,0.0432761,0.0388624	0.9999341,-0.0060065,-0.0060430,0.0076925
14.6600	0.9982511,0.0169734,0.0420710,0.0379027	0.9999341,-0.0060065,-0.0060430,0.0076925
14.6700	0.9982612,0.0201895,0.0410947,0.0371230	0.9999341,-0.0060065,-0.0060430,0.0076925
14.6800	0.9982036,0.0265481,0.0398834,0.0359748	0.9999341,-0.0060065,-0.0060430,0.0076925
14.6900	0.9979879,0.0358496,0.0388456,0.0350146	0.9999341,-0.0060065,-0.0060430,0.0076925
14.7000	0.9974327,0.0483996,0.0393738,0.0351455	0.9999341,-0.0060065,-0.0060430,0.0076925
14.7100	0.9965792,0.0618597,0.0413837,0.0359258	0.9999341,-0.0060065,-0.0060430,0.0076925
14.7200	0.9953214,0.0772579,0.0446527,0.0370493	0.9999341,-0.0060065,-0.0060430,0.0076925
14.7300	0.9937996,0.0931542,0.0475187,0.0377710	0.9999341,-0.0060065,-0.0060430,0.0076925
14.7400	0.9916457,0.1119055,0.0511210,0.0387636	0.9999341,-0.0060065,-0.0060430,0.0076925
14.7500	0.9899593,0.1248968,0.0533698,0.0391550	0.9999341,-0.0060065,-0.0060430,0.0076925
14.7600	0.9900621,0.1242656,0.0523996,0.0398670	0.9999341,-0.0060065,-0.0060430,0.0076925
14.7700	0.9901843,0.1241287,0.0513017,0.0386675	0.9999341,-0.0060065,-0.0060430,0.0076925
14.7800	0.9903314,0.1234925,0.0517243,0.0363032	0.9999341,-0.0060065,-0.0060430,0.0076925
14.7900	0.9903025,0.1240944,0.0528798,0.0332450	0.9999341,-0.0060065,-0.0060430,0.0076925
14.8000	0.9902643,0.1242694,0.0539909,0.0319173	0.9999341,-0.0060065,-0.0060430,0.0076925
14.8100	0.9903241,0.1237915,0.0545055,0.0310319	0.9999341,-0.0060065,-0.0060430,0.0076925
14.8200	0.9904583,0.1226138,0.0553562,0.0298998	0.9999341,-0.0060065,-0.0060430,0.0076925
14.8300	0.9906629,0.1205018,0.0571153,0.0283593	0.9999341,-0.0060065,-0.0060430,0.0076925
14.8400	0.9907730,0.1190504,0.0588800,0.0269989	0.9999341,-0.0060065,-0.0060430,0.0076925
14.8500	0.9908641,0.1180637,0.0599893,0.0255074	0.9999341,-0.0060065,-0.0060430,0.0076925
14.8600	0.9909489,0.1175118,0.0602891,0.0240093	0.9999341,-0.0060065,-0.0060430,0.0076925
14.8700	0.9909534,0.1168483,0.0619675,0.0227562	0.9999341,-0.0060065,-0.0060430,0.0076925
14.8800	0.9907280,0.1171230,0.0651688,0.0222083	0.9999341,-0.0060065,-0.0060430,0.0076925
14.8900	0.9904493,0.1174945,0.0684125,0.0229107	0.9999341,-0.0060065,-0.0060430,0.0076925
14.9000	0.9903568,0.1169872,0.0702873,0.0238130	0.9999341,-0.0060065,-0.0060430,0.0076925
14.9100	0.9902999,0.1165752,0.0715366,0.0244710	0.9999341,-0.0060065,-0.0060430,0.0076925
14.9200	0.9902312,0.1159670,0.0728292,0.0262634	0.9999341,-0.0060065,-0.0060430,0.0076925
14.9300	0.9904788,0.1131171,0.0732689,0.0280693	0.9999341,-0.0060065,-0.0060430,0.0076925
14.9400	0.9917826,0.1031156,0.0705885,0.0274182	0.9999341,-0.0060065,-0.0060430,0.0076925
14.9500	0.9938434,0.0874949,0.0640557,0.0227313	0.9999341,-0.0060065,-0.0060430,0.0076925
14.9600	0.9962114,0.0663298,0.0527545,0.0194975	0.9999341,-0.0060065,-0.0060430,0.0076925
14.9700	0.9975821,0.0498775,0.0447198,0.0185015	0.9999341,-0.0060065,-0.0060430,0.0076925
14.9800	0.9981410,0.0420636,0.0400814,0.0184042	0.9999341,-0.0060065,-0.0060430,0.0076925
14.9900	0.9982265,0.0396439,0.0402401,0.0187864	0.9999341,-0.0060065,-0.0060430,0.0076925
15.0000	0.9981441,0.0389521,0.0426964,0.0191849	0.9999341,-0.0060065,-0.0060430,0.0076925
15.0100	0.9979642,0.0384932,0.0470010,0.0194064	0.9999341,-0.0060065,-0.0060430,0.0076925
15.0200	0.9977880,0.0377052,0.0507597,0.0205147	0.9999341,-0.0060065,-0.0060430,0.0076925
15.0300	0.9976128,0.0365193,0.0540891,0.0225717	0.9999341,-0.0060065,-0.0060430,0.0076925
15.0400	0.9975383,0.0348456,0.0553965,0.0251852	0.9999341,-0.0060065,-0.0060430,0.0076925
15.0500	0.9976409,0.0329034,0.0537817,0.0271574	0.9999341,-0.0060065,-0.0060430,0.0076925
15.0600	0.9980111,0.0292762,0.0483168,0.0279680	0.9999341,-0.0060065,-0.0060430,0.0076925
15.0700	0.9983792,0.0255617,0.0427486,0.0275329	0.9999341,-0.0060065,-0.0060430,0.0076925
15.0800	0.9987842,0.0207835,0.0362175,0.0262009	0.9999341,-0.0060065,-0.0060430,0.0076925
15.0900	0.9991034,0.0159089,0.0301714,0.0250796	0.9999341,-0.0060065,-0.0060430,0.0076925
15.1000	0.9992713,0.0128066,0.0257685,0.0250787	0.9999341,-0.0060065,-0.0060430,0.0076925
15.1100	0.9992988,0.0134773,0.0232416,0.0260806	0.9999341,-0.0060065,-0.0060430,0.0076925
15.1200	0.9992892,0.0139205,0.0222218,0.0270820	0.9999341,-0.0060065,-0.0060430,0.0076925
15.1300	0.9992884,0.0142547,0.0213139,0.0276632	0.9999341,-0.0060065,-0.0060430,0.0076925
15.1400	0.9993383,0.0141673,0.0192311,0.0274299	0.9999341,-0.0060065,-0.0060430,0.0076925
15.1500	0.9993953,0.0138563,0.0169331,0.0270235	0.9999341,-0.0060065,-0.0060430,0.0076925
15.1600	0.9994327,0.0133041,0.0148610,0.0271381	0.9999341,-0.0060065,-0.0060430,0.0076925
15.1700	0.9994424,0.0132620,0.0133340,0.0275916	0.9999341,-0.0060065,-0.0060430,0.0076925
15.1800	0.9994573,0.0132055,0.0118590,0.0277507	0.9999341,-0.0060065,-0.0060430,0.0076925
15.1900	0.9994868,0.0130474,0.0104904,0.0273104	0.9999341,-0.0060065,-0.0060430,0.0076925
15.2000	0.9141048,0.0152137,0.0033642,-0.4051786	0.9999341,-0.0060065,-0.0060430,0.0076925
15.2100	0.2980230,0.0114675,-0.0093654,-0.9544439	0.9999341,-0.0060065,-0.0060430,0.0076925
15.2200	0.2958008,0.0108324,-0.0090804,-0.9551451	0.9999341,-0.0060065,-0.0060430,0.0076925
15.2300	0.2942997,0.0107595,-0.0090062,-0.9556102	0.9999341,-0.0060065,-0.0060430,0.0076925
15.2400	0.2932330,0.0106742,-0.0089404,-0.9559396	0.9999341,-0.0060065,-0.0060430,0.0076925
15.2500	0.2926529,0.0106073,-0.0088707,-0.9561188	0.9999340,-0.0059730,-0.0060925,0.0076930
15.2600	0.2926183,0.0105879,-0.0088060,-0.9561302	0.9999339,-0.0059311,-0.0061543,0.0076936
15.2700	0.2926202,0.0105363,-0.0086374,-0.9561317	0.9999337,-0.0059577,-0.0061545,0.0076935
15.2800	0.2926249,0.0104037,-0.0082042,-0.9561355	0.9999336,-0.0059843,-0.0061547,0.0076933
15.2900	0.2926058,0.0009482,-0.0053765,-0.9562176	0.9999334,-0.0060134,-0.0061549,0.0076931
15.3000	0.2925554,-0.0130401,-0.0017733,-0.9561580	0.9999330,-0.0060717,-0.0061554,0.0076928
15.3100	0.2928761,-0.0131270,-0.0019456,-0.9560583	0.9999328,-0.0061389,-0.0061325,0.0076922
15.3200	0.2940943,-0.0131600,-0.0016926,-0.9556843	0.9999331,-0.0062254,-0.0060643,0.0076337
15.3300	0.2946250,-0.0129755,-0.0015795,-0.9555236	0.9999350,-0.0063269,-0.0059778,0.0073616
15.3400	0.2943577,-0.0129725,-0.0015860,-0.9556060	0.9999385,-0.0063805,-0.0059340,0.0068612
15.3500	0.2945906,-0.0129641,-0.0016203,-0.9555342	0.9999403,-0.0063789,-0.0059357,0.0065923
15.3600	0.2945914,-0.0129515,-0.0016765,-0.9555341	0.9999402,-0.0063788,-0.0059592,0.0065924
15.3700	0.2936490,-0.0129598,-0.0016629,-0.9558240	0.9999400,-0.0063143,-0.0060472,0.0065934
15.3800	0.2927059,-0.0129790,-0.0016170,-0.9561130	0.9999401,-0.0061557,-0.0061900,0.0065952
15.3900	0.2927051,-0.0130043,-0.0015592,-0.9561131	0.9999402,-0.0060430,-0.0062851,0.0065965
15.4000	0.2927041,-0.0130343,-0.0014900,-0.9561131	0.9999404,-0.0060091,-0.0062849,0.0065967
15.4100	0.2910323,-0.0130485,-0.0014589,-0.9566231	0.9999404,-0.0060091,-0.0062849,0.0065967
15.4200	0.2896398,-0.0130293,-0.0015351,-0.9570458	0.9999404,-0.0060091,-0.0062849,0.0065967
15.4300	0.2896416,-0.0129949,-0.0016684,-0.9570455	0.9999404,-0.0060091,-0.0062849,0.0065967
15.4400	0.2896430,-0.0129659,-0.0017760,-0.9570453	0.9999404,-0.0060091,-0.0062849,0.0065967
15.4500	0.2883050,-0.0129468,-0.0018356,-0.9574493	0.9999404,-0.0060091,-0.0062849,0.0065967
15.4600	0.2872346,-0.0129225,-0.0019115,-0.9577712	0.9999404,-0.0060091,-0.0062849,0.0065967
15.4700	0.2872372,-0.0128233,-0.0020863,-0.9577714	0.9999404,-0.0060091,-0.0062849,0.0065967
15.4800	0.2872939,-0.0126623,-0.0023298,-0.9577559	0.9999404,-0.0060091,-0.0062849,0.0065967
15.4900	0.2873787,-0.0125178,-0.0024699,-0.9577320	0.9999404,-0.0060091,-0.0062849,0.0065967
15.5000	0.2887433,-0.0123958,-0.0025087,-0.9573230	0.9999404,-0.0060091,-0.0062849,0.0065967
15.5100	0.2908879,-0.0123113,-0.0024955,-0.9566747	0.9999404,-0.0060091,-0.0062849,0.0065967
15.5200	0.2925691,-0.0122887,-0.0024660,-0.9561622	0.9999404,-0.0060091,-0.0062849,0.0065967
15.5300	0.2930240,-0.0122278,-0.0024541,-0.9560237	0.9999404,-0.0060091,-0.0062849,0.0065967
15.5400	0.2927728,-0.0121641,-0.0024508,-0.9561015	0.9999404,-0.0060091,-0.0062849,0.0065967
15.5500	0.2928371,-0.0120873,-0.0024859,-0.9560827	0.9999404,-0.0060091,-0.0062849,0.0065967
15.5600	0.2931753,-0.0120498,-0.0024633,-0.9559796	0.9999404,-0.0060091,-0.0062849,0.0065967
15.5700	0.2944919,-0.0121117,-0.0023737,-0.9555743	0.9999404,-0.0060091,-0.0062849,0.0065967
15.5800	0.2963218,-0.0120527,-0.0023605,-0.9550092	0.9999404,-0.0060091,-0.0062849,0.0065967
15.5900	0.2978589,-0.0120081,-0.0023611,-0.9545314	0.9999404,-0.0060091,-0.0062849,0.0065967
15.6000	0.2984675,-0.0120088,-0.0023652,-0.9543413	0.9999404,-0.0060091,-0.0062849,0.0065967
15.6100	0.2970643,-0.0120123,-0.0023517,-0.9547790	0.9999404,-0.0060091,-0.0062849,0.0065967
15.6200	0.2960594,-0.0120053,-0.0023696,-0.9550912	0.9999404,-0.0060091,-0.0062849,0.0065967
15.6300	0.2960605,-0.0119772,-0.0024603,-0.9550909	0.9999404,-0.0060091,-0.0062849,0.0065967
15.6400	0.2961532,-0.0119048,-0.0025374,-0.9550629	0.9999401,-0.0060089,-0.0063313,0.0066086
15.6500	0.2973543,-0.0118359,-0.0024994,-0.9546906	0.9999388,-0.0059515,-0.0065227,0.0066720
15.6600	0.2996278,-0.0117928,-0.0024293,-0.9539802	0.9999421,-0.0053980,-0.0063548,0.0068024
15.6700	0.3016482,-0.0116270,-0.0025296,-0.9533450	0.9999406,-0.0049703,-0.0062683,0.0073986
15.6800	0.3031776,-0.0114886,-0.0026526,-0.9528611	0.9999325,-0.0047007,-0.0062603,0.0085812
15.6900	0.3049440,-0.0114856,-0.0026636,-0.9522973	0.9999343,-0.0042659,-0.0062811,0.0085841
15.7000	0.3039336,-0.0117223,-0.0025379,-0.9526177	0.9999362,-0.0036062,-0.0063918,0.0085887
15.7100	0.3028941,-0.0119101,-0.0024492,-0.9529467	0.9999375,-0.0030642,-0.0064700,0.0085925
15.7200	0.3026356,-0.0121338,-0.0023174,-0.9530263	0.9999382,-0.0027952,-0.0064677,0.0085942
15.7300	0.3026179,-0.0122073,-0.0022295,-0.9530312	0.9999377,-0.0029987,-0.0064609,0.0085929
15.7400	0.3024086,-0.0122308,-0.0021544,-0.9530975	0.9999356,-0.0037907,-0.0063838,0.0085875
15.7500	0.3023190,-0.0122382,-0.0021304,-0.9531259	0.9999326,-0.0046096,-0.0063182,0.0085820
15.7600	0.3023185,-0.0122520,-0.0020869,-0.9531259	0.9999312,-0.0049026,-0.0063207,0.0085801
15.7700	0.3023183,-0.0122559,-0.0020745,-0.9531260	0.9999312,-0.0048935,-0.0063206,0.0085802
15.7800	0.3006464,-0.0122596,-0.0020530,-0.9536547	0.9999317,-0.0047928,-0.0063198,0.0085808
15.7900	0.3002282,-0.0122618,-0.0020478,-0.9537864	0.9999326,-0.0045999,-0.0063181,0.0085821
15.8000	0.3002290,-0.0122461,-0.0021052,-0.9537862	0.9999335,-0.0043966,-0.0063164,0.0085833
15.8100	0.3002291,-0.0122454,-0.0021135,-0.9537862	0.9999347,-0.0041356,-0.0063141,0.0085850
15.8200	0.2996144,-0.0122488,-0.0021065,-0.9539794	0.9999353,-0.0039705,-0.0063127,0.0085860
15.8300	0.2994607,-0.0122505,-0.0021055,-0.9540276	0.9999353,-0.0039705,-0.0063127,0.0085860
15.8400	0.2994607,-0.0122519,-0.0021063,-0.9540276	0.9999354,-0.0039465,-0.0063125,0.0085862
15.8500	0.2994607,-0.0122529,-0.0021073,-0.9540276	0.9999363,-0.0037177,-0.0063105,0.0085876
15.8600	0.2973074,-0.0122587,-0.0020808,-0.9547008	0.9999368,-0.0035870,-0.0063094,0.0085885
15.8700	0.2970680,-0.0122607,-0.0020788,-0.9547753	0.9999355,-0.0039172,-0.0063122,0.0085864
15.8800	0.2970680,-0.0122629,-0.0020803,-0.9547753	0.9999338,-0.0043326,-0.0063158,0.0085838
15.8900	0.2970680,-0.0122659,-0.0020821,-0.9547753	0.9999329,-0.0045404,-0.0063176,0.0085824
15.9000	0.2966009,-0.0122697,-0.0020790,-0.9549204	0.9999323,-0.0046759,-0.0063188,0.0085816
15.9100	0.2965489,-0.0122731,-0.0020829,-0.9549365	0.9999322,-0.0046895,-0.0063189,0.0085815
15.9200	0.2965489,-0.0122762,-0.0020865,-0.9549365	0.9999322,-0.0046895,-0.0063189,0.0085815
15.9300	0.2964931,-0.0122669,-0.0021310,-0.9549538	0.9999322,-0.0046895,-0.0063189,0.0085815
15.9400	0.2948905,-0.0122367,-0.0022591,-0.9554500	0.9999316,-0.0047529,-0.0063727,0.0085813
15.9500	0.2919032,-0.0121490,-0.0027065,-0.9563669	0.9999309,-0.0048861,-0.0063738,0.0085805
15.9600	0.2904681,-0.0120529,-0.0030561,-0.9568039	0.9999304,-0.0050023,-0.0063748,0.0085798
15.9700	0.2903474,-0.0119895,-0.0032285,-0.9568408	0.9999303,-0.0050139,-0.0063749,0.0085797
15.9800	0.2886384,-0.0119681,-0.0032938,-0.9573577	0.9999301,-0.0050618,-0.0063753,0.0085794
15.9900	0.2882596,-0.0119391,-0.0033922,-0.9574718	0.9999300,-0.0050672,-0.0063754,0.0085793
16.0000	0.2882596,-0.0119402,-0.0033908,-0.9574718	0.9999300,-0.0050672,-0.0063754,0.0085793
16.0100	0.2882589,-0.0119573,-0.0033362,-0.9574720	0.9999298,-0.0051204,-0.0063759,0.0085790
16.0200	0.2882576,-0.0119906,-0.0032311,-0.9574724	0.9999298,-0.0051204,-0.0063759,0.0085790
16.0300	0.2872002,-0.0120322,-0.0031009,-0.9577900	0.9999298,-0.0051204,-0.0063759,0.0085790
16.0400	0.2870827,-0.0120396,-0.0030889,-0.9578252	0.9999298,-0.0051204,-0.0063759,0.0085790
16.0500	0.2870838,-0.0120147,-0.0031813,-0.9578248	0.9999298,-0.0051204,-0.0063759,0.0085790
16.0600	0.2870117,-0.0119867,-0.0032839,-0.9578464	0.9999301,-0.0050507,-0.0063753,0.0085794
16.0700	0.2863380,-0.0119481,-0.0034351,-0.9580480	0.9999302,-0.0050352,-0.0063751,0.0085795
16.0800	0.2861536,-0.0118975,-0.0036211,-0.9581030	0.9999302,-0.0050352,-0.0063751,0.0085795
16.0900	0.2861546,-0.0118761,-0.0037020,-0.9581027	0.9999302,-0.0050352,-0.0063751,0.0085795
16.1000	0.2861546,-0.0118792,-0.0037040,-0.9581027	0.9999302,-0.0050352,-0.0063751,0.0085795
16.1100	0.2845274,-0.0119031,-0.0036354,-0.9585871	0.9999302,-0.0050352,-0.0063751,0.0085795
16.1200	0.2843635,-0.0120053,-0.0035810,-0.9586347	0.9999302,-0.0050352,-0.0063751,0.0085795
16.1300	0.2843627,-0.0120268,-0.0035179,-0.9586349	0.9999302,-0.0050352,-0.0063751,0.0085795
16.1400	0.2843619,-0.0120471,-0.0034583,-0.9586351	0.9999302,-0.0050352,-0.0063751,0.0085795
16.1500	0.2840197,-0.0120812,-0.0033532,-0.9587365	0.9999302,-0.0050352,-0.0063751,0.0085795
16.1600	0.2840197,-0.0120832,-0.0033542,-0.9587364	0.9999302,-0.0050352,-0.0063751,0.0085795
16.1700	0.2840197,-0.0120846,-0.0033548,-0.9587364	0.9999302,-0.0050352,-0.0063751,0.0085795
16.1800	0.2838652,-0.0120887,-0.0033492,-0.9587821	0.9999302,-0.0050352,-0.0063751,0.0085795
16.1900	0.2823202,-0.0121100,-0.0032847,-0.9592382	0.9999302,-0.0050352,-0.0063751,0.0085795
16.2000	0.2823189,-0.0121399,-0.0031898,-0.9592385	0.9999302,-0.0050352,-0.0063751,0.0085795
16.2100	0.2823189,-0.0121414,-0.0031903,-0.9592385	0.9999302,-0.0050352,-0.0063751,0.0085795
16.2200	0.2822057,-0.0121433,-0.0031894,-0.9592718	0.9999302,-0.0050352,-0.0063751,0.0085795
16.2300	0.2811865,-0.0121503,-0.0031717,-0.9595710	0.9999302,-0.0050352,-0.0063751,0.0085795
16.2400	0.2811858,-0.0121677,-0.0031228,-0.9595711	0.9999302,-0.0050352,-0.0063751,0.0085795
16.2500	0.2811858,-0.0121709,-0.0031242,-0.9595711	0.9999302,-0.0050352,-0.0063751,0.0085795
16.2600	0.2811220,-0.0121738,-0.0031242,-0.9595897	0.9999302,-0.0050352,-0.0063751,0.0085795
16.2700	0.2808349,-0.0121773,-0.0031212,-0.9596738	0.9999309,-0.0050347,-0.0063755,0.0084943
16.2800	0.2808349,-0.0121795,-0.0031223,-0.9596737	0.9999330,-0.0050331,-0.0063768,0.0082461
16.2900	0.2808349,-0.0121813,-0.0031230,-0.9596737	0.9999365,-0.0050309,-0.0063378,0.0078475
16.3000	0.2806618,-0.0121838,-0.0031220,-0.9597243	0.9999380,-0.0050306,-0.0062612,0.0077161
16.3100	0.2799694,-0.0121880,-0.0031145,-0.9599265	0.9999385,-0.0050313,-0.0061747,0.0077157
16.3200	0.2799694,-0.0121900,-0.0031157,-0.9599265	0.9999389,-0.0050318,-0.0061079,0.0077154
16.3300	0.2799694,-0.0121926,-0.0031181,-0.9599264	0.9999391,-0.0050320,-0.0060866,0.0077153
16.3400	0.2797987,-0.0121981,-0.0031193,-0.9599761	0.9999391,-0.0050320,-0.0060866,0.0077153
16.3500	0.2791159,-0.0122048,-0.0031127,-0.9601748	0.9999392,-0.0049947,-0.0060863,0.0077155
16.3600	0.2791157,-0.0122120,-0.0031016,-0.9601748	0.9999392,-0.0049794,-0.0060412,0.0077676
16.3700	0.2791148,-0.0122354,-0.0030379,-0.9601750	0.9999393,-0.0049356,-0.0060216,0.0077901
16.3800	0.2791142,-0.0122525,-0.0029921,-0.9601751	0.9999395,-0.0049104,-0.0060214,0.0077902
16.3900	0.2790239,-0.0122546,-0.0029911,-0.9602013	0.9999395,-0.0049104,-0.0060214,0.0077902
16.4000	0.2787830,-0.0122569,-0.0029881,-0.9602712	0.9999393,-0.0049102,-0.0060533,0.0077904
16.4100	0.2787830,-0.0122593,-0.0029883,-0.9602712	0.9999391,-0.0049100,-0.0060800,0.0077905
16.4200	0.2787830,-0.0122617,-0.0029881,-0.9602712	0.9999391,-0.0049100,-0.0060800,0.0077905
16.4300	0.2786153,-0.0122712,-0.0029609,-0.9603198	0.9999391,-0.0049100,-0.0060800,0.0077905
16.4400	0.2782241,-0.0122914,-0.0028987,-0.9604332	0.9999389,-0.0049097,-0.0061215,0.0077907
16.4500	0.2782243,-0.0122901,-0.0029129,-0.9604331	0.9999385,-0.0049091,-0.0061876,0.0077911
16.4600	0.2782247,-0.0122822,-0.0029505,-0.9604329	0.9999380,-0.0049086,-0.0062538,0.0077914
16.4700	0.2775372,-0.0122875,-0.0029431,-0.9606318	0.9999378,-0.0049084,-0.0062877,0.0077916
16.4800	0.2763337,-0.0122936,-0.0029291,-0.9609786	0.9999378,-0.0049084,-0.0062877,0.0077916
16.4900	0.2763337,-0.0122961,-0.0029308,-0.9609786	0.9999378,-0.0049084,-0.0062877,0.0077916
16.5000	0.2763337,-0.0122986,-0.0029334,-0.9609786	0.9999378,-0.0049084,-0.0062877,0.0077916
16.5100	0.2759970,-0.0123014,-0.0029317,-0.9610753	0.9999376,-0.0049081,-0.0063197,0.0077917
16.5200	0.2753232,-0.0123114,-0.0029047,-0.9612685	0.9999375,-0.0049079,-0.0063410,0.0077918
16.5300	0.2753223,-0.0123329,-0.0028405,-0.9612687	0.9999375,-0.0049079,-0.0063410,0.0077918
16.5400	0.2753210,-0.0123642,-0.0027447,-0.9612689	0.9999375,-0.0049079,-0.0063410,0.0077918
16.5500	0.2752608,-0.0123898,-0.0026648,-0.9612861	0.9999373,-0.0049399,-0.0063413,0.0077916
16.5600	0.2751221,-0.0124029,-0.0026244,-0.9613257	0.9999369,-0.0050178,-0.0063419,0.0077911
16.5700	0.2751218,-0.0124108,-0.0026019,-0.9613258	0.9999367,-0.0050730,-0.0063423,0.0077908
16.5800	0.2751213,-0.0124217,-0.0025680,-0.9613258	0.9999367,-0.0050730,-0.0063423,0.0077908
16.5900	0.2751648,-0.0124227,-0.0025684,-0.9613134	0.9999367,-0.0050730,-0.0063423,0.0077908
16.6000	0.2752663,-0.0124244,-0.0025701,-0.9612843	0.9999367,-0.0050730,-0.0063423,0.0077908
16.6100	0.2752663,-0.0124272,-0.0025713,-0.9612843	0.9999367,-0.0050730,-0.0063423,0.0077908
16.6200	0.2752662,-0.0124300,-0.0025726,-0.9612842	0.9999367,-0.0050730,-0.0063423,0.0077908
16.6300	0.2750083,-0.0124341,-0.0025711,-0.9613580	0.9999367,-0.0050730,-0.0063423,0.0077908
16.6400	0.2746213,-0.0124389,-0.0025684,-0.9614686	0.9999367,-0.0050730,-0.0063423,0.0077908
16.6500	0.2746212,-0.0124419,-0.0025702,-0.9614685	0.9999367,-0.0050730,-0.0063423,0.0077908
16.6600	0.2746212,-0.0124444,-0.0025716,-0.9614685	0.9999365,-0.0051038,-0.0063425,0.0077906
16.6700	0.2746776,-0.0124466,-0.0025735,-0.9614524	0.9999361,-0.0051849,-0.0063432,0.0077901
16.6800	0.2747625,-0.0124414,-0.0025999,-0.9614281	0.9999352,-0.0052714,-0.0063435,0.0078476
16.6900	0.2747632,-0.0124260,-0.0026623,-0.9614279	0.9999338,-0.0053755,-0.0063438,0.0079508
16.7000	0.2747636,-0.0124197,-0.0026949,-0.9614278	0.9999328,-0.0054909,-0.0063445,0.0080012
16.7100	0.2742012,-0.0124243,-0.0026897,-0.9615883	0.9999324,-0.0055697,-0.0063451,0.0080007
16.7200	0.2736388,-0.0124289,-0.0026851,-0.9617485	0.9999321,-0.0056070,-0.0063454,0.0080004
16.7300	0.2736387,-0.0124318,-0.0026885,-0.9617484	0.9999321,-0.0056070,-0.0063454,0.0080004
16.7400	0.2736387,-0.0124357,-0.0026928,-0.9617484	0.9999321,-0.0056070,-0.0063454,0.0080004
16.7500	0.2736386,-0.0124394,-0.0026968,-0.9617484	0.9999321,-0.0056070,-0.0063454,0.0080004
16.7600	0.2736218,-0.0124319,-0.0027379,-0.9617531	0.9999321,-0.0056070,-0.0063454,0.0080004
16.7700	0.2736053,-0.0124160,-0.0028082,-0.9617578	0.9999321,-0.0056070,-0.0063454,0.0080004
16.7800	0.2736064,-0.0123945,-0.0028961,-0.9617575	0.9999321,-0.0056070,-0.0063454,0.0080004
16.7900	0.2736084,-0.0123532,-0.0030488,-0.9617570	0.9999321,-0.0056070,-0.0063454,0.0080004
16.8000	0.2734524,-0.0122876,-0.0032880,-0.9618014	0.9999321,-0.0056070,-0.0063454,0.0080004
16.8100	0.2732969,-0.0122102,-0.0035701,-0.9618456	0.9999321,-0.0056070,-0.0063454,0.0080004
16.8200	0.2732999,-0.0121445,-0.0038089,-0.9618447	0.9999321,-0.0056070,-0.0063454,0.0080004
16.8300	0.2733027,-0.0120836,-0.0040296,-0.9618437	0.9999322,-0.0056069,-0.0063454,0.0079886
16.8400	0.2731528,-0.0120449,-0.0041733,-0.9618862	0.9999327,-0.0056065,-0.0063458,0.0079264
16.8500	0.2730525,-0.0120252,-0.0042498,-0.9619146	0.9999331,-0.0056062,-0.0063461,0.0078780
16.8600	0.2730544,-0.0119836,-0.0044056,-0.9619138	0.9999331,-0.0056062,-0.0063461,0.0078780
16.8700	0.2730571,-0.0119253,-0.0046222,-0.9619128	0.9999332,-0.0055902,-0.0063459,0.0078781
16.8800	0.2730612,-0.0118836,-0.0047801,-0.9619114	0.9999335,-0.0055327,-0.0063455,0.0078784
16.8900	0.2730632,-0.0118709,-0.0048379,-0.9619107	0.9999339,-0.0054731,-0.0063450,0.0078788
16.9000	0.2730637,-0.0118619,-0.0048841,-0.9619104	0.9999339,-0.0054731,-0.0063450,0.0078788
16.9100	0.2730640,-0.0118570,-0.0049162,-0.9619102	0.9999339,-0.0054731,-0.0063450,0.0078788
16.9200	0.2730857,-0.0118707,-0.0048808,-0.9619041	0.9999339,-0.0054731,-0.0063450,0.0078788
16.9300	0.2730975,-0.0118950,-0.0048062,-0.9619008	0.9999339,-0.0054731,-0.0063450,0.0078788
16.9400	0.2730962,-0.0119264,-0.0047043,-0.9619013	0.9999339,-0.0054731,-0.0063450,0.0078788
16.9500	0.2730952,-0.0119494,-0.0046265,-0.9619017	0.9999339,-0.0054731,-0.0063450,0.0078788
16.9600	0.2731639,-0.0119538,-0.0046104,-0.9618822	0.9999339,-0.0054731,-0.0063450,0.0078788
16.9700	0.2731934,-0.0119537,-0.0046108,-0.9618738	0.9999339,-0.0054731,-0.0063450,0.0078788
16.9800	0.2731934,-0.0119537,-0.0046108,-0.9618738	0.9999339,-0.0054731,-0.0063450,0.0078788
16.9900	0.2731934,-0.0119537,-0.0046108,-0.9618738	0.9999339,-0.0054660,-0.0063450,0.0078789
17.0000	0.2731326,-0.0119693,-0.0045561,-0.9618911	0.9999342,-0.0054091,-0.0063445,0.0078792
17.0100	0.2731015,-0.0119944,-0.0044677,-0.9619001	0.9999342,-0.0054091,-0.0063445,0.0078792
17.0200	0.2731006,-0.0120149,-0.0043955,-0.9619004	0.9999342,-0.0054091,-0.0063445,0.0078792
17.0300	0.2731004,-0.0120206,-0.0043758,-0.9619005	0.9999342,-0.0054091,-0.0063445,0.0078792
17.0400	0.2732709,-0.0120198,-0.0043779,-0.9618521	0.9999344,-0.0054090,-0.0063447,0.0078520
17.0500	0.2733683,-0.0120193,-0.0043791,-0.9618244	0.9999364,-0.0054073,-0.0063461,0.0075953
17.0600	0.2733683,-0.0120193,-0.0043791,-0.9618244	0.9999372,-0.0054066,-0.0063466,0.0074851
17.0700	0.2733678,-0.0120314,-0.0043366,-0.9618246	0.9999372,-0.0054066,-0.0063466,0.0074851
17.0800	0.2728615,-0.0120529,-0.0042624,-0.9619684	0.9999372,-0.0054066,-0.0063466,0.0074851
17.0900	0.2726446,-0.0120599,-0.0042384,-0.9620299	0.9999372,-0.0054066,-0.0063466,0.0074851
17.1000	0.2726446,-0.0120599,-0.0042384,-0.9620299	0.9999372,-0.0054066,-0.0063466,0.0074851
17.1100	0.2726446,-0.0120599,-0.0042384,-0.9620299	0.9999372,-0.0054152,-0.0063467,0.0074850
17.1200	0.2726439,-0.0120756,-0.0041832,-0.9620301	0.9999367,-0.0054919,-0.0063472,0.0074908
17.1300	0.2726638,-0.0121005,-0.0040954,-0.9620246	0.9999362,-0.0054923,-0.0063469,0.0075538
17.1400	0.2726724,-0.0121086,-0.0040666,-0.9620221	0.9999362,-0.0054923,-0.0063469,0.0075538
17.1500	0.2726724,-0.0121086,-0.0040666,-0.9620221	0.9999362,-0.0054923,-0.0063469,0.0075538
17.1600	0.2726724,-0.0121086,-0.0040666,-0.9620221	0.9999362,-0.0054923,-0.0063469,0.0075538
17.1700	0.2726646,-0.0121086,-0.0040665,-0.9620243	0.9999362,-0.0054923,-0.0063469,0.0075538
17.1800	0.2726617,-0.0121086,-0.0040665,-0.9620252	0.9999362,-0.0054923,-0.0063469,0.0075538
17.1900	0.2726617,-0.0121086,-0.0040665,-0.9620252	0.9999362,-0.0054923,-0.0063469,0.0075538
17.2000	0.2726617,-0.0121086,-0.0040665,-0.9620252	0.9999362,-0.0054923,-0.0063469,0.0075538
17.2100	0.2725877,-0.0121090,-0.0040655,-0.9620462	0.9999362,-0.0054923,-0.0063469,0.0075538
17.2200	0.2724026,-0.0121083,-0.0040674,-0.9620986	0.9999362,-0.0054923,-0.0063469,0.0075538
17.2300	0.2720080,-0.0121067,-0.0040724,-0.9622102	0.9999362,-0.0054923,-0.0063469,0.0075538
17.2400	0.2716839,-0.0121053,-0.0040765,-0.9623018	0.9999362,-0.0054923,-0.0063469,0.0075538
17.2500	0.2709033,-0.0121049,-0.0040776,-0.9625218	0.9999362,-0.0054923,-0.0063469,0.0075538
17.2600	0.2702828,-0.0121029,-0.0040834,-0.9626962	0.9999362,-0.0054923,-0.0063469,0.0075538
17.2700	0.2697098,-0.0121005,-0.0040906,-0.9628569	0.9999362,-0.0054923,-0.0063469,0.0075538
17.2800	0.2693000,-0.0121243,-0.0040045,-0.9629717	0.9999362,-0.0054923,-0.0063469,0.0075538
17.2900	0.2689752,-0.0121415,-0.0039424,-0.9630625	0.9999362,-0.0054923,-0.0063469,0.0075538
17.3000	0.2688590,-0.0121712,-0.0038361,-0.9630950	0.9999362,-0.0054923,-0.0063469,0.0075538
17.3100	0.2688484,-0.0122026,-0.0037235,-0.9630980	0.9999362,-0.0054923,-0.0063469,0.0075538
17.3200	0.2688466,-0.0122408,-0.0035866,-0.9630985	0.9999362,-0.0054923,-0.0063469,0.0075538
17.3300	0.2671061,-0.0122664,-0.0034953,-0.9635827	0.9999362,-0.0054923,-0.0063469,0.0075538
17.3400	0.2669308,-0.0122959,-0.0033892,-0.9636313	0.9999365,-0.0054439,-0.0063465,0.0075541
17.3500	0.2669307,-0.0122989,-0.0033784,-0.9636313	0.9999365,-0.0054390,-0.0063465,0.0075541
17.3600	0.2669307,-0.0122989,-0.0033784,-0.9636313	0.9999365,-0.0054390,-0.0063465,0.0075541
17.3700	0.2666716,-0.0122998,-0.0033751,-0.9637031	0.9999365,-0.0054390,-0.0063465,0.0075541
17.3800	0.2666716,-0.0122998,-0.0033751,-0.9637031	0.9999368,-0.0053954,-0.0063462,0.0075544
17.3900	0.2666716,-0.0122998,-0.0033751,-0.9637031	0.9999371,-0.0053855,-0.0063463,0.0075119
17.4000	0.2666716,-0.0122998,-0.0033751,-0.9637031	0.9999372,-0.0053854,-0.0063464,0.0075012
17.4100	0.2665036,-0.0123003,-0.0033730,-0.9637495	0.9999372,-0.0053854,-0.0063464,0.0075012
17.4200	0.2665046,-0.0122793,-0.0034491,-0.9637493	0.9999372,-0.0053854,-0.0063464,0.0075012
17.4300	0.2665046,-0.0122793,-0.0034491,-0.9637493	0.9999369,-0.0053857,-0.0063461,0.0075492
17.4400	0.2665046,-0.0122793,-0.0034491,-0.9637493	0.9999368,-0.0053858,-0.0063461,0.0075545
17.4500	0.2658965,-0.0122800,-0.0034468,-0.9639172	0.9999368,-0.0053858,-0.0063461,0.0075545
17.4600	0.2658973,-0.0122647,-0.0035022,-0.9639170	0.9999368,-0.0053858,-0.0063461,0.0075545
17.4700	0.2658973,-0.0122647,-0.0035022,-0.9639170	0.9999373,-0.0053863,-0.0062737,0.0075541
17.4800	0.2658973,-0.0122647,-0.0035022,-0.9639170	0.9999376,-0.0053477,-0.0062553,0.0075542
17.4900	0.2657918,-0.0122669,-0.0034942,-0.9639461	0.9999379,-0.0052922,-0.0062549,0.0075546
17.5000	0.2648429,-0.0122866,-0.0034228,-0.9642072	0.9999380,-0.0052746,-0.0062547,0.0075547
17.5100	0.2648429,-0.0122866,-0.0034228,-0.9642072	0.9999383,-0.0052149,-0.0062543,0.0075551
17.5200	0.2648429,-0.0122866,-0.0034228,-0.9642072	0.9999387,-0.0051318,-0.0062536,0.0075556
17.5300	0.2647962,-0.0122868,-0.0034222,-0.9642200	0.9999397,-0.0051159,-0.0061129,0.0075550
17.5400	0.2645859,-0.0122891,-0.0034139,-0.9642778	0.9999402,-0.0051165,-0.0060236,0.0075545
17.5500	0.2645852,-0.0123029,-0.0033637,-0.9642780	0.9999404,-0.0051167,-0.0060032,0.0075544
17.5600	0.2645852,-0.0123029,-0.0033637,-0.9642780	0.9999398,-0.0051178,-0.0059467,0.0076697
17.5700	0.2645852,-0.0123029,-0.0033637,-0.9642780	0.9999383,-0.0051193,-0.0059217,0.0078832
17.5800	0.2640015,-0.0123049,-0.0033562,-0.9644379	0.9999351,-0.0051216,-0.0059196,0.0082766
17.5900	0.2640015,-0.0123049,-0.0033562,-0.9644379	0.9999321,-0.0051237,-0.0059178,0.0086374
17.6000	0.2640015,-0.0123049,-0.0033562,-0.9644379	0.9999300,-0.0051251,-0.0059166,0.0088710
17.6100	0.2640170,-0.0123048,-0.0033564,-0.9644337	0.9999277,-0.0051266,-0.0059153,0.0091237
17.6200	0.2641562,-0.0123044,-0.0033582,-0.9643956	0.9999256,-0.0051280,-0.0059141,0.0093580
17.6300	0.2641562,-0.0123044,-0.0033582,-0.9643956	0.9999235,-0.0051293,-0.0059130,0.0095794
17.6400	0.2641562,-0.0123044,-0.0033582,-0.9643956	0.9999220,-0.0051652,-0.0059126,0.0097099
17.6500	0.2641562,-0.0123044,-0.0033582,-0.9643956	0.9999216,-0.0051888,-0.0059127,0.0097374
17.6600	0.2641562,-0.0123044,-0.0033582,-0.9643956	0.9999216,-0.0051888,-0.0059127,0.0097374
17.6700	0.2641562,-0.0122931,-0.0033551,-0.9643957	0.9999216,-0.0051888,-0.0059127,0.0097374
17.6800	0.2641564,-0.0122479,-0.0033428,-0.9643963	0.9999216,-0.0051888,-0.0059127,0.0097374
17.6900	0.2641564,-0.0122479,-0.0033428,-0.9643963	0.9999212,-0.0051891,-0.0059125,0.0097815
17.7000	0.2641564,-0.0122479,-0.0033428,-0.9643963	0.9999136,-0.0051935,-0.0059086,0.0105321
17.7100	0.2641564,-0.0122479,-0.0033428,-0.9643963	0.9999040,-0.0051987,-0.0059040,0.0114088
17.7200	0.2641564,-0.0122479,-0.0033428,-0.9643963	0.9998959,-0.0052027,-0.0059005,0.0120926
17.7300	0.2641564,-0.0122479,-0.0033428,-0.9643963	0.9998904,-0.0052054,-0.0058981,0.0125423
17.7400	0.2641564,-0.0122479,-0.0033428,-0.9643963	0.9998875,-0.0052067,-0.0058970,0.0127680
17.7500	0.2641564,-0.0122479,-0.0033428,-0.9643963	0.9998843,-0.0052082,-0.0058956,0.0130218
17.7600	0.2641564,-0.0122479,-0.0033428,-0.9643963	0.9998802,-0.0052100,-0.0058940,0.0133293
17.7700	0.2641564,-0.0122479,-0.0033428,-0.9643963	0.9998780,-0.0052110,-0.0058932,0.0134955
17.7800	0.2641564,-0.0122479,-0.0033428,-0.9643963	0.9998775,-0.0052112,-0.0058930,0.0135296
17.7900	0.2641564,-0.0122479,-0.0033428,-0.9643963	0.9998775,-0.0052112,-0.0058930,0.0135296
17.8000	0.2641564,-0.0122479,-0.0033428,-0.9643963	0.9998775,-0.0052112,-0.0058930,0.0135296
17.8100	0.2641562,-0.0122521,-0.0033275,-0.9643963	0.9998775,-0.0052112,-0.0058930,0.0135296
17.8200	0.2641556,-0.0122660,-0.0032766,-0.9643965	0.9998775,-0.0052112,-0.0058930,0.0135296
17.8300	0.2641551,-0.0122759,-0.0032406,-0.9643966	0.9998775,-0.0052112,-0.0058930,0.0135296
17.8400	0.2641551,-0.0122759,-0.0032406,-0.9643966	0.9998779,-0.0052105,-0.0059252,0.0134882
17.8500	0.2641551,-0.0122759,-0.0032406,-0.9643966	0.9998786,-0.0052099,-0.0059468,0.0134258
17.8600	0.2641554,-0.0122688,-0.0032665,-0.9643966	0.9998790,-0.0052097,-0.0059470,0.0133967
17.8700	0.2641564,-0.0122476,-0.0033439,-0.9643963	0.9998790,-0.0052097,-0.0059470,0.0133967
17.8800	0.2641569,-0.0122368,-0.0033834,-0.9643962	0.9998790,-0.0052097,-0.0059470,0.0133967
17.8900	0.2641567,-0.0122423,-0.0033631,-0.9643962	0.9998790,-0.0052097,-0.0059470,0.0133967
17.9000	0.2641563,-0.0122507,-0.0033326,-0.9643963	0.9998790,-0.0052097,-0.0059470,0.0133967
17.9100	0.2641563,-0.0122507,-0.0033326,-0.9643963	0.9998790,-0.0052097,-0.0059470,0.0133967
17.9200	0.2641563,-0.0122507,-0.0033326,-0.9643963	0.9998790,-0.0052097,-0.0059470,0.0133967
17.9300	0.2641563,-0.0122507,-0.0033326,-0.9643963	0.9998790,-0.0052097,-0.0059470,0.0133967
17.9400	0.2641563,-0.0122507,-0.0033326,-0.9643963	0.9998790,-0.0052097,-0.0059470,0.0133967
17.9500	0.2641563,-0.0122507,-0.0033326,-0.9643963	0.9998790,-0.0052097,-0.0059470,0.0133967
17.9600	0.2641563,-0.0122507,-0.0033326,-0.9643963	0.9998790,-0.0052097,-0.0059470,0.0133967
17.9700	0.2641563,-0.0122507,-0.0033326,-0.9643963	0.9998790,-0.0052097,-0.0059470,0.0133967
17.9800	0.2641563,-0.0122507,-0.0033326,-0.9643963	0.9998790,-0.0052097,-0.0059470,0.0133967
17.9900	0.2641563,-0.0122507,-0.0033326,-0.9643963	0.9998792,-0.0052096,-0.0059470,0.0133807
18.0000	0.2641563,-0.0122507,-0.0033326,-0.9643963	0.9998797,-0.0052094,-0.0059472,0.0133435
18.0100	0.2641563,-0.0122507,-0.0033326,-0.9643963	0.9998797,-0.0052094,-0.0059472,0.0133435
18.0200	0.2641563,-0.0122507,-0.0033326,-0.9643963	0.9998797,-0.0052094,-0.0059472,0.0133435
18.0300	0.2641563,-0.0122507,-0.0033326,-0.9643963	0.9998797,-0.0052094,-0.0059472,0.0133435
18.0400	0.2641563,-0.0122507,-0.0033326,-0.9643963	0.9998797,-0.0052094,-0.0059472,0.0133435
18.0500	0.2641563,-0.0122507,-0.0033326,-0.9643963	0.9998797,-0.0052094,-0.0059472,0.0133435
18.0600	0.2641558,-0.0122601,-0.0032984,-0.9643964	0.9998797,-0.0052094,-0.0059472,0.0133435
18.0700	0.2641549,-0.0122808,-0.0032226,-0.9643967	0.9998797,-0.0052094,-0.0059472,0.0133435
18.0800	0.2641540,-0.0123003,-0.0031515,-0.9643969	0.9998797,-0.0052094,-0.0059472,0.0133435
18.0900	0.2641530,-0.0123204,-0.0030779,-0.9643972	0.9998797,-0.0052094,-0.0059472,0.0133435
18.1000	0.2641526,-0.0123302,-0.0030424,-0.9643973	0.9998797,-0.0052094,-0.0059472,0.0133435
18.1100	0.2641526,-0.0123302,-0.0030424,-0.9643973	0.9998797,-0.0052094,-0.0059472,0.0133435
18.1200	0.2641526,-0.0123302,-0.0030424,-0.9643973	0.9998797,-0.0052094,-0.0059472,0.0133435
18.1300	0.2641526,-0.0123302,-0.0030424,-0.9643973	0.9998797,-0.0052094,-0.0059472,0.0133435
18.1400	0.2641526,-0.0123302,-0.0030424,-0.9643973	0.9998797,-0.0052094,-0.0059472,0.0133435
18.1500	0.2641526,-0.0123302,-0.0030424,-0.9643973	0.9998797,-0.0052094,-0.0059472,0.0133435
18.1600	0.2641526,-0.0123302,-0.0030424,-0.9643973	0.9998797,-0.0052094,-0.0059472,0.0133435
18.1700	0.2641526,-0.0123302,-0.0030424,-0.9643973	0.9998797,-0.0052094,-0.0059472,0.0133435
18.1800	0.2641526,-0.0123302,-0.0030424,-0.9643973	0.9998797,-0.0052094,-0.0059472,0.0133435
18.1900	0.2641526,-0.0123302,-0.0030424,-0.9643973	0.9998797,-0.0052094,-0.0059472,0.0133435
18.2000	0.2641530,-0.0123209,-0.0030763,-0.9643972	0.9998797,-0.0052094,-0.0059472,0.0133435
18.2100	0.2641533,-0.0123147,-0.0030989,-0.9643971	0.9998797,-0.0052094,-0.0059472,0.0133435
18.2200	0.2641533,-0.0123147,-0.0030989,-0.9643971	0.9998797,-0.0052094,-0.0059472,0.0133435
18.2300	0.2641533,-0.0123147,-0.0030989,-0.9643971	0.9998797,-0.0052094,-0.0059472,0.0133435
18.2400	0.2641533,-0.0123147,-0.0030989,-0.9643971	0.9998797,-0.0052094,-0.0059472,0.0133435
18.2500	0.2641533,-0.0123147,-0.0030989,-0.9643971	0.9998797,-0.0052094,-0.0059472,0.0133435
18.2600	0.2641533,-0.0123147,-0.0030989,-0.9643971	0.9998797,-0.0052094,-0.0059472,0.0133435
18.2700	0.2641533,-0.0123147,-0.0030989,-0.9643971	0.9998797,-0.0052094,-0.0059472,0.0133435
18.2800	0.2641533,-0.0123147,-0.0030989,-0.9643971	0.9998797,-0.0052094,-0.0059472,0.0133435
18.2900	0.2641533,-0.0123147,-0.0030989,-0.9643971	0.9998797,-0.0052094,-0.0059472,0.0133435
18.3000	0.2641528,-0.0123255,-0.0030593,-0.9643972	0.9998797,-0.0052094,-0.0059472,0.0133435
18.3100	0.2641526,-0.0123302,-0.0030424,-0.9643973	0.9998797,-0.0052094,-0.0059472,0.0133435
18.3200	0.2641520,-0.0123427,-0.0029967,-0.9643974	0.9998797,-0.0052094,-0.0059472,0.0133435
18.3300	0.2641511,-0.0123612,-0.0029290,-0.9643976	0.9998797,-0.0052094,-0.0059472,0.0133435
18.3400	0.2641509,-0.0123663,-0.0029104,-0.9643977	0.9998797,-0.0052094,-0.0059472,0.0133435
18.3500	0.2641509,-0.0123663,-0.0029104,-0.9643977	0.9998797,-0.0052094,-0.0059472,0.0133435
18.3600	0.2641509,-0.0123663,-0.0029104,-0.9643977	0.9998797,-0.0052094,-0.0059472,0.0133435
18.3700	0.2641509,-0.0123663,-0.0029104,-0.9643977	0.9998797,-0.0052094,-0.0059472,0.0133435
18.3800	0.2641509,-0.0123663,-0.0029104,-0.9643977	0.9998797,-0.0052094,-0.0059472,0.0133435
18.3900	0.2641516,-0.0123512,-0.0029658,-0.9643975	0.9998797,-0.0052094,-0.0059472,0.0133435
18.4000	0.2641525,-0.0123307,-0.0030405,-0.9643973	0.9998797,-0.0052094,-0.0059472,0.0133435
18.4100	0.2641534,-0.0123117,-0.0031098,-0.9643971	0.9998797,-0.0052094,-0.0059472,0.0133435
18.4200	0.2641537,-0.0123063,-0.0031296,-0.9643970	0.9998797,-0.0052094,-0.0059472,0.0133435
18.4300	0.2641537,-0.0123063,-0.0031296,-0.9643970	0.9998797,-0.0052094,-0.0059472,0.0133435
18.4400	0.2641537,-0.0123063,-0.0031296,-0.9643970	0.9998797,-0.0052094,-0.0059472,0.0133435
18.4500	0.2641537,-0.0123063,-0.0031296,-0.9643970	0.9998797,-0.0052094,-0.0059472,0.0133435
18.4600	0.2641537,-0.0123063,-0.0031296,-0.9643970	0.9998797,-0.0052094,-0.0059472,0.0133435
18.4700	0.2641537,-0.0123063,-0.0031296,-0.9643970	0.9998797,-0.0052094,-0.0059472,0.0133435
18.4800	0.2641537,-0.0123063,-0.0031296,-0.9643970	0.9998797,-0.0052094,-0.0059472,0.0133435
18.4900	0.2641537,-0.0123063,-0.0031296,-0.9643970	0.9998797,-0.0052094,-0.0059472,0.0133435
18.5000	0.2641537,-0.0123063,-0.0031296,-0.9643970	0.9998797,-0.0052094,-0.0059472,0.0133435
18.5100	0.2641537,-0.0123063,-0.0031296,-0.9643970	0.9998797,-0.0052094,-0.0059472,0.0133435
18.5200	0.2641531,-0.0123188,-0.0030839,-0.9643972	0.9998797,-0.0052094,-0.0059472,0.0133435
18.5300	0.2641530,-0.0123216,-0.0030737,-0.9643972	0.9998797,-0.0052094,-0.0059472,0.0133435
18.5400	0.2641530,-0.0123216,-0.0030737,-0.9643972	0.9998797,-0.0052094,-0.0059472,0.0133435
18.5500	0.2641530,-0.0123216,-0.0030737,-0.9643972	0.9998797,-0.0052094,-0.0059472,0.0133435
18.5600	0.2641530,-0.0123216,-0.0030737,-0.9643972	0.9998797,-0.0052094,-0.0059472,0.0133435
18.5700	0.2641530,-0.0123216,-0.0030737,-0.9643972	0.9998797,-0.0052094,-0.0059472,0.0133435
18.5800	0.2641530,-0.0123216,-0.0030737,-0.9643972	0.9998797,-0.0052094,-0.0059472,0.0133435
18.5900	0.2641530,-0.0123216,-0.0030737,-0.9643972	0.9998797,-0.0052094,-0.0059472,0.0133435
18.6000	0.2641530,-0.0123216,-0.0030737,-0.9643972	0.9998797,-0.0052094,-0.0059472,0.0133435
18.6100	0.2641530,-0.0123216,-0.0030737,-0.9643972	0.9998797,-0.0052094,-0.0059472,0.0133435
18.6200	0.2641524,-0.0123341,-0.0030280,-0.9643973	0.9998797,-0.0052094,-0.0059472,0.0133435
18.6300	0.2641523,-0.0123355,-0.0030230,-0.9643974	0.9998797,-0.0052094,-0.0059472,0.0133435
18.6400	0.2641523,-0.0123355,-0.0030230,-0.9643974	0.9998797,-0.0052094,-0.0059472,0.0133435
18.6500	0.2641523,-0.0123355,-0.0030230,-0.9643974	0.9998797,-0.0052094,-0.0059472,0.0133435
18.6600	0.2641523,-0.0123355,-0.0030230,-0.9643974	0.9998797,-0.0052094,-0.0059472,0.0133435
18.6700	0.2641523,-0.0123355,-0.0030230,-0.9643974	0.9998797,-0.0052094,-0.0059472,0.0133435
18.6800	0.2641523,-0.0123355,-0.0030230,-0.9643974	0.9998797,-0.0052094,-0.0059472,0.0133435
18.6900	0.2641523,-0.0123355,-0.0030230,-0.9643974	0.9998797,-0.0052094,-0.0059472,0.0133435
18.7000	0.2641523,-0.0123355,-0.0030230,-0.9643974	0.9998797,-0.0052094,-0.0059472,0.0133435
18.7100	0.2641523,-0.0123355,-0.0030230,-0.9643974	0.9998797,-0.0052094,-0.0059472,0.0133435
18.7200	0.2641523,-0.0123355,-0.0030230,-0.9643974	0.9998797,-0.0052094,-0.0059472,0.0133435
18.7300	0.2641523,-0.0123355,-0.0030230,-0.9643974	0.9998797,-0.0052094,-0.0059472,0.0133435
18.7400	0.2641523,-0.0123355,-0.0030230,-0.9643974	0.9998797,-0.0052094,-0.0059472,0.0133435
18.7500	0.2641523,-0.0123355,-0.0030230,-0.9643974	0.9998797,-0.0052094,-0.0059472,0.0133435
18.7600	0.2641523,-0.0123355,-0.0030230,-0.9643974	0.9998797,-0.0052094,-0.0059472,0.0133435
18.7700	0.2641523,-0.0123355,-0.0030230,-0.9643974	0.9998797,-0.0052094,-0.0059472,0.0133435
18.7800	0.2641523,-0.0123355,-0.0030230,-0.9643974	0.9998797,-0.0052094,-0.0059472,0.0133435
18.7900	0.2641523,-0.0123355,-0.0030230,-0.9643974	0.9998797,-0.0052094,-0.0059472,0.0133435
18.8000	0.2641523,-0.0123355,-0.0030230,-0.9643974	0.9998797,-0.0052094,-0.0059472,0.0133435
18.8100	0.2641523,-0.0123355,-0.0030230,-0.9643974	0.9998797,-0.0052094,-0.0059472,0.0133435
18.8200	0.2641523,-0.0123355,-0.0030230,-0.9643974	0.9998797,-0.0052094,-0.0059472,0.0133435
18.8300	0.2641523,-0.0123355,-0.0030230,-0.9643974	0.9998797,-0.0052094,-0.0059472,0.0133435
18.8400	0.2641523,-0.0123355,-0.0030230,-0.9643974	0.9998797,-0.0052094,-0.0059472,0.0133435
18.8500	0.2641523,-0.0123355,-0.0030230,-0.9643974	0.9998797,-0.0052094,-0.0059472,0.0133435
18.8600	0.2641523,-0.0123355,-0.0030230,-0.9643974	0.9998797,-0.0052094,-0.0059472,0.0133435
18.8700	0.2641523,-0.0123355,-0.0030230,-0.9643974	0.9998802,-0.0052092,-0.0059474,0.0133062
18.8800	0.2641523,-0.0123355,-0.0030230,-0.9643974	0.9998804,-0.0052091,-0.0059475,0.0132902
18.8900	0.2641523,-0.0123355,-0.0030230,-0.9643974	0.9998804,-0.0052091,-0.0059475,0.0132902
18.9000	0.2641523,-0.0123355,-0.0030230,-0.9643974	0.9998804,-0.0052091,-0.0059475,0.0132902
18.9100	0.2641523,-0.0123355,-0.0030230,-0.9643974	0.9998804,-0.0052091,-0.0059475,0.0132902
18.9200	0.2641523,-0.0123355,-0.0030230,-0.9643974	0.9998804,-0.0052091,-0.0059475,0.0132902
18.9300	0.2641523,-0.0123355,-0.0030230,-0.9643974	0.9998804,-0.0052091,-0.0059475,0.0132902
18.9400	0.2641523,-0.0123355,-0.0030230,-0.9643974	0.9998804,-0.0052091,-0.0059475,0.0132902
18.9500	0.2641523,-0.0123355,-0.0030230,-0.9643974	0.9998804,-0.0052091,-0.0059475,0.0132902
18.9600	0.2641523,-0.0123355,-0.0030230,-0.9643974	0.9998804,-0.0052091,-0.0059475,0.0132902
18.9700	0.2641523,-0.0123355,-0.0030230,-0.9643974	0.9998804,-0.0052091,-0.0059475,0.0132902
18.9800	0.2641523,-0.0123355,-0.0030230,-0.9643974	0.9998804,-0.0052091,-0.0059475,0.0132902
18.9900	0.2641523,-0.0123355,-0.0030230,-0.9643974	0.9998804,-0.0052091,-0.0059475,0.0132902
19.0000	0.2641523,-0.0123355,-0.0030230,-0.9643974	0.9998804,-0.0052091,-0.0059475,0.0132902
19.0100	0.2641523,-0.0123355,-0.0030230,-0.9643974	0.9998804,-0.0052091,-0.0059475,0.0132902
19.0200	0.2641523,-0.0123355,-0.0030230,-0.9643974	0.9998804,-0.0052091,-0.0059475,0.0132902
19.0300	0.2641523,-0.0123355,-0.0030230,-0.9643974	0.9998804,-0.0052091,-0.0059475,0.0132902
19.0400	0.2641523,-0.0123355,-0.0030230,-0.9643974	0.9998804,-0.0052091,-0.0059475,0.0132902
19.0500	0.2641523,-0.0123355,-0.0030230,-0.9643974	0.9998804,-0.0052091,-0.0059475,0.0132902
19.0600	0.2641523,-0.0123355,-0.0030230,-0.9643974	0.9998804,-0.0052091,-0.0059475,0.0132902
19.0700	0.2641523,-0.0123355,-0.0030230,-0.9643974	0.9998804,-0.0052091,-0.0059475,0.0132902
19.0800	0.2641523,-0.0123355,-0.0030230,-0.9643974	0.9998804,-0.0052091,-0.0059475,0.0132902
19.0900	0.2641523,-0.0123355,-0.0030230,-0.9643974	0.9998804,-0.0052091,-0.0059475,0.0132902
19.1000	0.2641523,-0.0123355,-0.0030230,-0.9643974	0.9998804,-0.0052091,-0.0059475,0.0132902
19.1100	0.2641523,-0.0123355,-0.0030230,-0.9643974	0.9998804,-0.0052091,-0.0059475,0.0132902
19.1200	0.2641523,-0.0123355,-0.0030230,-0.9643974	0.9998804,-0.0052091,-0.0059475,0.0132902
19.1300	0.2641523,-0.0123355,-0.0030230,-0.9643974	0.9998804,-0.0052091,-0.0059475,0.0132902
19.1400	0.2641523,-0.0123355,-0.0030230,-0.9643974	0.9998804,-0.0052091,-0.0059475,0.0132902
19.1500	0.2641523,-0.0123355,-0.0030230,-0.9643974	0.9998804,-0.0052091,-0.0059475,0.0132902
19.1600	0.2641523,-0.0123355,-0.0030230,-0.9643974	0.9998804,-0.0052091,-0.0059475,0.0132902
19.1700	0.2641523,-0.0123355,-0.0030230,-0.9643974	0.9998804,-0.0052091,-0.0059475,0.0132902
19.1800	0.2641523,-0.0123355,-0.0030230,-0.9643974	0.9998804,-0.0052091,-0.0059475,0.0132902
19.1900	0.2641523,-0.0123355,-0.0030230,-0.9643974	0.9998804,-0.0052091,-0.0059475,0.0132902
19.2000	0.2641523,-0.0123355,-0.0030230,-0.9643974	0.9998804,-0.0052091,-0.0059475,0.0132902
19.2100	0.2641523,-0.0123355,-0.0030230,-0.9643974	0.9998804,-0.0052091,-0.0059475,0.0132902
19.2200	0.2641523,-0.0123355,-0.0030230,-0.9643974	0.9998804,-0.0052091,-0.0059475,0.0132902
19.2300	0.2641523,-0.0123355,-0.0030230,-0.9643974	0.9998804,-0.0052091,-0.0059475,0.0132902
19.2400	0.2641523,-0.0123355,-0.0030230,-0.9643974	0.9998804,-0.0052091,-0.0059475,0.0132902
19.2500	0.2641523,-0.0123355,-0.0030230,-0.9643974	0.9998804,-0.0052091,-0.0059475,0.0132902
19.2600	0.2641523,-0.0123355,-0.0030230,-0.9643974	0.9998804,-0.0052091,-0.0059475,0.0132902
19.2700	0.2641523,-0.0123355,-0.0030230,-0.9643974	0.9998804,-0.0052091,-0.0059475,0.0132902
19.2800	0.2641523,-0.0123355,-0.0030230,-0.9643974	0.9998804,-0.0052091,-0.0059475,0.0132902
19.2900	0.2641523,-0.0123355,-0.0030230,-0.9643974	0.9998804,-0.0052091,-0.0059475,0.0132902
19.3000	0.2641523,-0.0123355,-0.0030230,-0.9643974	0.9998804,-0.0052091,-0.0059475,0.0132902
19.3100	0.2641523,-0.0123355,-0.0030230,-0.9643974	0.9998804,-0.0052091,-0.0059475,0.0132902
19.3200	0.2641523,-0.0123355,-0.0030230,-0.9643974	0.9998804,-0.0052091,-0.0059475,0.0132902
19.3300	0.2641523,-0.0123355,-0.0030230,-0.9643974	0.9998804,-0.0052091,-0.0059475,0.0132902
19.3400	0.2641519,-0.0123435,-0.0029936,-0.9643974	0.9998804,-0.0052091,-0.0059475,0.0132902
19.3500	0.2641511,-0.0123606,-0.0029313,-0.9643976	0.9998810,-0.0051833,-0.0059473,0.0132584
19.3600	0.2641508,-0.0123676,-0.0029056,-0.9643977	0.9998818,-0.0051447,-0.0059471,0.0132107
19.3700	0.2641508,-0.0123676,-0.0029056,-0.9643977	0.9998818,-0.0051447,-0.0059471,0.0132107
19.3800	0.2641508,-0.0123676,-0.0029056,-0.9643977	0.9998818,-0.0051447,-0.0059471,0.0132107
19.3900	0.2641508,-0.0123676,-0.0029056,-0.9643977	0.9998818,-0.0051447,-0.0059471,0.0132107
19.4000	0.2641508,-0.0123676,-0.0029056,-0.9643977	0.9998818,-0.0051447,-0.0059471,0.0132107
19.4100	0.2641513,-0.0123572,-0.0029437,-0.9643976	0.9998818,-0.0051447,-0.0059471,0.0132107
19.4200	0.2641518,-0.0123468,-0.0029817,-0.9643975	0.9998818,-0.0051447,-0.0059471,0.0132107
19.4300	0.2641518,-0.0123468,-0.0029817,-0.9643975	0.9998818,-0.0051447,-0.0059471,0.0132107
19.4400	0.2641518,-0.0123468,-0.0029817,-0.9643975	0.9998818,-0.0051447,-0.0059471,0.0132107
19.4500	0.2641518,-0.0123468,-0.0029817,-0.9643975	0.9998818,-0.0051447,-0.0059471,0.0132107
19.4600	0.2641518,-0.0123468,-0.0029817,-0.9643975	0.9998818,-0.0051447,-0.0059471,0.0132107
19.4700	0.2641518,-0.0123468,-0.0029817,-0.9643975	0.9998818,-0.0051447,-0.0059471,0.0132107
19.4800	0.2641518,-0.0123468,-0.0029817,-0.9643975	0.9998818,-0.0051447,-0.0059471,0.0132107
19.4900	0.2641518,-0.0123468,-0.0029817,-0.9643975	0.9998818,-0.0051447,-0.0059471,0.0132107
19.5000	0.2641518,-0.0123468,-0.0029817,-0.9643975	0.9998818,-0.0051447,-0.0059471,0.0132107
19.5100	0.2641518,-0.0123468,-0.0029817,-0.9643975	0.9998818,-0.0051447,-0.0059471,0.0132107
19.5200	0.2641518,-0.0123468,-0.0029817,-0.9643975	0.9998818,-0.0051447,-0.0059471,0.0132107
19.5300	0.2641518,-0.0123468,-0.0029817,-0.9643975	0.9998818,-0.0051447,-0.0059471,0.0132107
19.5400	0.2641522,-0.0123385,-0.0030122,-0.9643974	0.9998818,-0.0051447,-0.0059471,0.0132107
19.5500	0.2641525,-0.0123329,-0.0030325,-0.9643973	0.9998818,-0.0051447,-0.0059471,0.0132107
19.5600	0.2641525,-0.0123329,-0.0030325,-0.9643973	0.9998818,-0.0051447,-0.0059471,0.0132107
19.5700	0.2641525,-0.0123329,-0.0030325,-0.9643973	0.9998818,-0.0051447,-0.0059471,0.0132107
19.5800	0.2641525,-0.0123329,-0.0030325,-0.9643973	0.9998818,-0.0051447,-0.0059471,0.0132107
19.5900	0.2641525,-0.0123329,-0.0030325,-0.9643973	0.9998818,-0.0051447,-0.0059471,0.0132107
19.6000	0.2641525,-0.0123329,-0.0030325,-0.9643973	0.9998818,-0.0051447,-0.0059471,0.0132107
19.6100	0.2641525,-0.0123329,-0.0030325,-0.9643973	0.9998818,-0.0051447,-0.0059471,0.0132107
19.6200	0.2641525,-0.0123329,-0.0030325,-0.9643973	0.9998818,-0.0051447,-0.0059471,0.0132107
19.6300	0.2641525,-0.0123329,-0.0030325,-0.9643973	0.9998818,-0.0051447,-0.0059471,0.0132107
19.6400	0.2641525,-0.0123329,-0.0030325,-0.9643973	0.9998818,-0.0051447,-0.0059471,0.0132107
19.6500	0.2641525,-0.0123329,-0.0030325,-0.9643973	0.9998818,-0.0051447,-0.0059471,0.0132107
19.6600	0.2641525,-0.0123329,-0.0030325,-0.9643973	0.9998818,-0.0051447,-0.0059471,0.0132107
19.6700	0.2641525,-0.0123329,-0.0030325,-0.9643973	0.9998818,-0.0051447,-0.0059471,0.0132107
19.6800	0.2641525,-0.0123329,-0.0030325,-0.9643973	0.9998818,-0.0051447,-0.0059471,0.0132107
19.6900	0.2641525,-0.0123329,-0.0030325,-0.9643973	0.9998818,-0.0051447,-0.0059471,0.0132107
19.7000	0.2641525,-0.0123329,-0.0030325,-0.9643973	0.9998818,-0.0051447,-0.0059471,0.0132107
19.7100	0.2641525,-0.0123329,-0.0030325,-0.9643973	0.9998818,-0.0051447,-0.0059471,0.0132107
19.7200	0.2641525,-0.0123329,-0.0030325,-0.9643973	0.9998818,-0.0051447,-0.0059471,0.0132107
19.7300	0.2641525,-0.0123329,-0.0030325,-0.9643973	0.9998818,-0.0051447,-0.0059471,0.0132107
19.7400	0.2641525,-0.0123329,-0.0030325,-0.9643973	0.9998818,-0.0051447,-0.0059471,0.0132107
19.7500	0.2641525,-0.0123329,-0.0030325,-0.9643973	0.9998818,-0.0051447,-0.0059471,0.0132107
19.7600	0.2641525,-0.0123329,-0.0030325,-0.9643973	0.9998818,-0.0051447,-0.0059471,0.0132107
19.7700	0.2641525,-0.0123329,-0.0030325,-0.9643973	0.9998818,-0.0051447,-0.0059471,0.0132107
19.7800	0.2641525,-0.0123329,-0.0030325,-0.9643973	0.9998818,-0.0051447,-0.0059471,0.0132107
19.7900	0.2641525,-0.0123329,-0.0030325,-0.9643973	0.9998818,-0.0051447,-0.0059471,0.0132107
19.8000	0.2641525,-0.0123329,-0.0030325,-0.9643973	0.9998818,-0.0051447,-0.0059471,0.0132107
19.8100	0.2641525,-0.0123329,-0.0030325,-0.9643973	0.9998818,-0.0051447,-0.0059471,0.0132107
19.8200	0.2641525,-0.0123329,-0.0030325,-0.9643973	0.9998818,-0.0051447,-0.0059471,0.0132107
19.8300	0.2641525,-0.0123329,-0.0030325,-0.9643973	0.9998818,-0.0051447,-0.0059471,0.0132107
19.8400	0.2641525,-0.0123329,-0.0030325,-0.9643973	0.9998818,-0.0051447,-0.0059471,0.0132107
19.8500	0.2641525,-0.0123329,-0.0030325,-0.9643973	0.9998818,-0.0051447,-0.0059471,0.0132107
19.8600	0.2641525,-0.0123329,-0.0030325,-0.9643973	0.9998818,-0.0051447,-0.0059471,0.0132107
19.8700	0.2641525,-0.0123329,-0.0030325,-0.9643973	0.9998818,-0.0051447,-0.0059471,0.0132107
19.8800	0.2641525,-0.0123329,-0.0030325,-0.9643973	0.9998818,-0.0051447,-0.0059471,0.0132107
19.8900	0.2641525,-0.0123329,-0.0030325,-0.9643973	0.9998818,-0.0051447,-0.0059471,0.0132107
19.9000	0.2641525,-0.0123329,-0.0030325,-0.9643973	0.9998818,-0.0051447,-0.0059471,0.0132107
19.9100	0.2641525,-0.0123329,-0.0030325,-0.9643973	0.9998818,-0.0051447,-0.0059471,0.0132107
19.9200	0.2641525,-0.0123329,-0.0030325,-0.9643973	0.9998818,-0.0051447,-0.0059471,0.0132107
19.9300	0.2641525,-0.0123329,-0.0030325,-0.9643973	0.9998818,-0.0051447,-0.0059471,0.0132107
19.9400	0.2641525,-0.0123329,-0.0030325,-0.9643973	0.9998818,-0.0051447,-0.0059471,0.0132107
19.9500	0.2641525,-0.0123329,-0.0030325,-0.9643973	0.9998818,-0.0051447,-0.0059471,0.0132107
19.9600	0.2641525,-0.0123329,-0.0030325,-0.9643973	0.9998818,-0.0051447,-0.0059471,0.0132107
19.9700	0.2641525,-0.0123329,-0.0030325,-0.9643973	0.9998818,-0.0051447,-0.0059471,0.0132107
19.9800	0.2641525,-0.0123329,-0.0030325,-0.9643973	0.9998818,-0.0051447,-0.0059471,0.0132107
19.9900	0.2641525,-0.0123329,-0.0030325,-0.9643973	0.9998818,-0.0051447,-0.0059471,0.0132107
20.0000	0.2641525,-0.0123329,-0.0030325,-0.9643973	0.9998818,-0.0051447,-0.0059471,0.0132107
20.0100	0.2641525,-0.0123329,-0.0030325,-0.9643973	0.9998818,-0.0051447,-0.0059471,0.0132107
20.0200	0.2641525,-0.0123329,-0.0030325,-0.9643973	0.9998818,-0.0051447,-0.0059471,0.0132107
20.0300	0.2641525,-0.0123329,-0.0030325,-0.9643973	0.9998818,-0.0051447,-0.0059471,0.0132107
20.0400	0.2641525,-0.0123329,-0.0030325,-0.9643973	0.9998818,-0.0051447,-0.0059471,0.0132107
20.0500	0.2641525,-0.0123329,-0.0030325,-0.9643973	0.9998818,-0.0051447,-0.0059471,0.0132107
20.0600	0.2641525,-0.0123329,-0.0030325,-0.9643973	0.9998818,-0.0051447,-0.0059471,0.0132107
20.0700	0.2641525,-0.0123329,-0.0030325,-0.9643973	0.9998818,-0.0051447,-0.0059471,0.0132107
20.0800	0.2641525,-0.0123329,-0.0030325,-0.9643973	0.9998818,-0.0051447,-0.0059471,0.0132107
20.0900	0.2641525,-0.0123329,-0.0030325,-0.9643973	0.9998818,-0.0051447,-0.0059471,0.0132107
20.1000	0.2641525,-0.0123329,-0.0030325,-0.9643973	0.9998818,-0.0051447,-0.0059471,0.0132107
20.1100	0.2641525,-0.0123329,-0.0030325,-0.9643973	0.9998818,-0.0051447,-0.0059471,0.0132107
20.1200	0.2641525,-0.0123329,-0.0030325,-0.9643973	0.9998818,-0.0051447,-0.0059471,0.0132107
20.1300	0.2641525,-0.0123329,-0.0030325,-0.9643973	0.9998818,-0.0051447,-0.0059471,0.0132107
20.1400	0.2641525,-0.0123329,-0.0030325,-0.9643973	0.9998818,-0.0051447,-0.0059471,0.0132107
20.1500	0.2641525,-0.0123329,-0.0030325,-0.9643973	0.9998818,-0.0051447,-0.0059471,0.0132107
20.1600	0.2641525,-0.0123329,-0.0030325,-0.9643973	0.9998818,-0.0051447,-0.0059471,0.0132107
20.1700	0.2641525,-0.0123329,-0.0030325,-0.9643973	0.9998818,-0.0051447,-0.0059471,0.0132107
20.1800	0.2641525,-0.0123329,-0.0030325,-0.9643973	0.9998818,-0.0051447,-0.0059471,0.0132107
20.1900	0.2641525,-0.0123329,-0.0030325,-0.9643973	0.9998818,-0.0051447,-0.0059471,0.0132107
20.2000	0.2641525,-0.0123329,-0.0030325,-0.9643973	0.9998818,-0.0051447,-0.0059471,0.0132107
20.2100	0.2641525,-0.0123329,-0.0030325,-0.9643973	0.9998818,-0.0051447,-0.0059471,0.0132107
20.2200	0.2641525,-0.0123329,-0.0030325,-0.9643973	0.9998818,-0.0051447,-0.0059471,0.0132107
20.2300	0.2641525,-0.0123329,-0.0030325,-0.9643973	0.9998818,-0.0051447,-0.0059471,0.0132107
20.2400	0.2641525,-0.0123329,-0.0030325,-0.9643973	0.9998818,-0.0051447,-0.0059471,0.0132107
20.2500	0.2641525,-0.0123329,-0.0030325,-0.9643973	0.9998818,-0.0051447,-0.0059471,0.0132107
20.2600	0.2641525,-0.0123329,-0.0030325,-0.9643973	0.9998818,-0.0051447,-0.0059471,0.0132107
20.2700	0.2641525,-0.0123329,-0.0030325,-0.9643973	0.9998818,-0.0051447,-0.0059471,0.0132107
20.2800	0.2641525,-0.0123329,-0.0030325,-0.9643973	0.9998818,-0.0051447,-0.0059471,0.0132107
20.2900	0.2641525,-0.0123329,-0.0030325,-0.9643973	0.9998818,-0.0051447,-0.0059471,0.0132107
20.3000	0.2641525,-0.0123329,-0.0030325,-0.9643973	0.9998818,-0.0051447,-0.0059471,0.0132107
20.3100	0.2641525,-0.0123329,-0.0030325,-0.9643973	0.9998818,-0.0051447,-0.0059471,0.0132107
20.3200	0.2641525,-0.0123329,-0.0030325,-0.9643973	0.9998818,-0.0051447,-0.0059471,0.0132107
20.3300	0.2641525,-0.0123329,-0.0030325,-0.9643973	0.9998818,-0.0051447,-0.0059471,0.0132107
20.3400	0.2641525,-0.0123329,-0.0030325,-0.9643973	0.9998818,-0.0051447,-0.0059471,0.0132107
20.3500	0.2641525,-0.0123329,-0.0030325,-0.9643973	0.9998818,-0.0051447,-0.0059471,0.0132107
20.3600	0.2641525,-0.0123329,-0.0030325,-0.9643973	0.9998818,-0.0051447,-0.0059471,0.0132107
20.3700	0.2641525,-0.0123329,-0.0030325,-0.9643973	0.9998818,-0.0051447,-0.0059471,0.0132107
20.3800	0.2641525,-0.0123329,-0.0030325,-0.9643973	0.9998818,-0.0051447,-0.0059471,0.0132107
20.3900	0.2641525,-0.0123329,-0.0030325,-0.9643973	0.9998818,-0.0051447,-0.0059471,0.0132107
20.4000	0.2641525,-0.0123329,-0.0030325,-0.9643973	0.9998818,-0.0051447,-0.0059471,0.0132107
20.4100	0.2641525,-0.0123329,-0.0030325,-0.9643973	0.9998818,-0.0051447,-0.0059471,0.0132107
20.4200	0.2641525,-0.0123329,-0.0030325,-0.9643973	0.9998818,-0.0051447,-0.0059471,0.0132107
20.4300	0.2641525,-0.0123329,-0.0030325,-0.9643973	0.9998818,-0.0051447,-0.0059471,0.0132107
20.4400	0.2641525,-0.0123329,-0.0030325,-0.9643973	0.9998818,-0.0051447,-0.0059471,0.0132107
20.4500	0.2641525,-0.0123329,-0.0030325,-0.9643973	0.9998818,-0.0051447,-0.0059471,0.0132107
20.4600	0.2641525,-0.0123329,-0.0030325,-0.9643973	0.9998818,-0.0051447,-0.0059471,0.0132107
20.4700	0.2641525,-0.0123329,-0.0030325,-0.9643973	0.9998818,-0.0051447,-0.0059471,0.0132107
20.4800	0.2641525,-0.0123329,-0.0030325,-0.9643973	0.9998818,-0.0051447,-0.0059471,0.0132107
20.4900	0.2641525,-0.0123329,-0.0030325,-0.9643973	0.9998818,-0.0051447,-0.0059471,0.0132107
20.5000	0.2641525,-0.0123329,-0.0030325,-0.9643973	0.9998818,-0.0051447,-0.0059471,0.0132107
20.5100	0.2641525,-0.0123329,-0.0030325,-0.9643973	0.9998818,-0.0051447,-0.0059471,0.0132107
20.5200	0.2641525,-0.0123329,-0.0030325,-0.9643973	0.9998818,-0.0051447,-0.0059471,0.0132107
20.5300	0.2641525,-0.0123329,-0.0030325,-0.9643973	0.9998818,-0.0051447,-0.0059471,0.0132107
20.5400	0.2641525,-0.0123329,-0.0030325,-0.9643973	0.9998818,-0.0051447,-0.0059471,0.0132107
20.5500	0.2641525,-0.0123329,-0.0030325,-0.9643973	0.9998818,-0.0051447,-0.0059471,0.0132107
20.5600	0.2641525,-0.0123329,-0.0030325,-0.9643973	0.9998818,-0.0051447,-0.0059471,0.0132107
20.5700	0.2641525,-0.0123329,-0.0030325,-0.9643973	0.9998818,-0.0051447,-0.0059471,0.0132107
20.5800	0.2641525,-0.0123329,-0.0030325,-0.9643973	0.9998818,-0.0051447,-0.0059471,0.0132107
20.5900	0.2641525,-0.0123329,-0.0030325,-0.9643973	0.9998818,-0.0051447,-0.0059471,0.0132107
20.6000	0.2641525,-0.0123329,-0.0030325,-0.9643973	0.9998818,-0.0051447,-0.0059471,0.0132107
20.6100	0.2641522,-0.0123390,-0.0030102,-0.9643974	0.9998818,-0.0051447,-0.0059471,0.0132107
20.6200	0.2641517,-0.0123482,-0.0029766,-0.9643975	0.9998818,-0.0051447,-0.0059471,0.0132107
20.6300	0.2641517,-0.0123482,-0.0029766,-0.9643975	0.9998818,-0.0051447,-0.0059471,0.0132107
20.6400	0.2641517,-0.0123482,-0.0029766,-0.9643975	0.9998818,-0.0051447,-0.0059471,0.0132107
20.6500	0.2641517,-0.0123482,-0.0029766,-0.9643975	0.9998818,-0.0051447,-0.0059471,0.0132107
20.6600	0.2641517,-0.0123482,-0.0029766,-0.9643975	0.9998818,-0.0051447,-0.0059471,0.0132107
20.6700	0.2641517,-0.0123482,-0.0029766,-0.9643975	0.9998818,-0.0051447,-0.0059471,0.0132107
20.6800	0.2641517,-0.0123482,-0.0029766,-0.9643975	0.9998818,-0.0051447,-0.0059471,0.0132107
20.6900	0.2641517,-0.0123482,-0.0029766,-0.9643975	0.9998818,-0.0051447,-0.0059471,0.0132107
20.7000	0.2641517,-0.0123482,-0.0029766,-0.9643975	0.9998818,-0.0051447,-0.0059471,0.0132107
20.7100	0.2641517,-0.0123482,-0.0029766,-0.9643975	0.9998818,-0.0051447,-0.0059471,0.0132107
20.7200	0.2641517,-0.0123482,-0.0029766,-0.9643975	0.9998818,-0.0051447,-0.0059471,0.0132107
20.7300	0.2641517,-0.0123482,-0.0029766,-0.9643975	0.9998818,-0.0051447,-0.0059471,0.0132107
20.7400	0.2641517,-0.0123482,-0.0029766,-0.9643975	0.9998818,-0.0051447,-0.0059471,0.0132107
20.7500	0.2641517,-0.0123482,-0.0029766,-0.9643975	0.9998818,-0.0051447,-0.0059471,0.0132107
20.7600	0.2641517,-0.0123482,-0.0029766,-0.9643975	0.9998818,-0.0051447,-0.0059471,0.0132107
20.7700	0.2641517,-0.0123482,-0.0029766,-0.9643975	0.9998818,-0.0051447,-0.0059471,0.0132107
20.7800	0.2641517,-0.0123482,-0.0029766,-0.9643975	0.9998818,-0.0051447,-0.0059471,0.0132107
20.7900	0.2641517,-0.0123482,-0.0029766,-0.9643975	0.9998818,-0.0051447,-0.0059471,0.0132107
20.8000	0.2641517,-0.0123482,-0.0029766,-0.9643975	0.9998818,-0.0051447,-0.0059471,0.0132107
20.8100	0.2641517,-0.0123482,-0.0029766,-0.9643975	0.9998818,-0.0051447,-0.0059471,0.0132107
20.8200	0.2641517,-0.0123482,-0.0029766,-0.9643975	0.9998818,-0.0051447,-0.0059471,0.0132107
20.8300	0.2641517,-0.0123482,-0.0029766,-0.9643975	0.9998818,-0.0051447,-0.0059471,0.0132107
20.8400	0.2641517,-0.0123482,-0.0029766,-0.9643975	0.9998818,-0.0051447,-0.0059471,0.0132107
20.8500	0.2641517,-0.0123482,-0.0029766,-0.9643975	0.9998818,-0.0051447,-0.0059471,0.0132107
20.8600	0.2641517,-0.0123482,-0.0029766,-0.9643975	0.9998818,-0.0051447,-0.0059471,0.0132107
20.8700	0.2641517,-0.0123482,-0.0029766,-0.9643975	0.9998818,-0.0051447,-0.0059471,0.0132107
20.8800	0.2641517,-0.0123482,-0.0029766,-0.9643975	0.9998818,-0.0051447,-0.0059471,0.0132107
20.8900	0.2641517,-0.0123482,-0.0029766,-0.9643975	0.9998818,-0.0051447,-0.0059471,0.0132107
20.9000	0.2641517,-0.0123482,-0.0029766,-0.9643975	0.9998818,-0.0051447,-0.0059471,0.0132107
20.9100	0.2641517,-0.0123482,-0.0029766,-0.9643975	0.9998818,-0.0051447,-0.0059471,0.0132107
20.9200	0.2641517,-0.0123482,-0.0029766,-0.9643975	0.9998818,-0.0051447,-0.0059471,0.0132107
20.9300	0.2641517,-0.0123482,-0.0029766,-0.9643975	0.9998818,-0.0051447,-0.0059471,0.0132107
20.9400	0.2641517,-0.0123482,-0.0029766,-0.9643975	0.9998818,-0.0051447,-0.0059471,0.0132107
20.9500	0.2641517,-0.0123482,-0.0029766,-0.9643975	0.9998818,-0.0051447,-0.0059471,0.0132107
20.9600	0.2641517,-0.0123482,-0.0029766,-0.9643975	0.9998818,-0.0051447,-0.0059471,0.0132107
20.9700	0.2641517,-0.0123482,-0.0029766,-0.9643975	0.9998818,-0.0051447,-0.0059471,0.0132107
20.9800	0.2641517,-0.0123482,-0.0029766,-0.9643975	0.9998818,-0.0051447,-0.0059471,0.0132107
20.9900	0.2641517,-0.0123482,-0.0029766,-0.9643975	0.9998818,-0.0051447,-0.0059471,0.0132107
21.0000	0.2641517,-0.0123482,-0.0029766,-0.9643975	0.9998818,-0.0051447,-0.0059471,0.0132107
21.0100	0.2641517,-0.0123482,-0.0029766,-0.9643975	0.9998818,-0.0051447,-0.0059471,0.0132107
21.0200	0.2641517,-0.0123482,-0.0029766,-0.9643975	0.9998818,-0.0051447,-0.0059471,0.0132107
21.0300	0.2641517,-0.0123482,-0.0029766,-0.9643975	0.9998818,-0.0051447,-0.0059471,0.0132107
21.0400	0.2641517,-0.0123482,-0.0029766,-0.9643975	0.9998818,-0.0051447,-0.0059471,0.0132107
21.0500	0.2641517,-0.0123482,-0.0029766,-0.9643975	0.9998818,-0.0051447,-0.0059471,0.0132107
21.0600	0.2641517,-0.0123482,-0.0029766,-0.9643975	0.9998818,-0.0051447,-0.0059471,0.0132107
21.0700	0.2641517,-0.0123482,-0.0029766,-0.9643975	0.9998818,-0.0051447,-0.0059471,0.0132107
21.0800	0.2641517,-0.0123482,-0.0029766,-0.9643975	0.9998818,-0.0051447,-0.0059471,0.0132107
21.0900	0.2641517,-0.0123482,-0.0029766,-0.9643975	0.9998818,-0.0051447,-0.0059471,0.0132107
21.1000	0.2641517,-0.0123482,-0.0029766,-0.9643975	0.9998818,-0.0051447,-0.0059471,0.0132107
21.1100	0.2641517,-0.0123482,-0.0029766,-0.9643975	0.9998818,-0.0051447,-0.0059471,0.0132107
21.1200	0.2641517,-0.0123482,-0.0029766,-0.9643975	0.9998818,-0.0051447,-0.0059471,0.0132107
21.1300	0.2641517,-0.0123482,-0.0029766,-0.9643975	0.9998818,-0.0051447,-0.0059471,0.0132107
21.1400	0.2641517,-0.0123482,-0.0029766,-0.9643975	0.9998818,-0.0051447,-0.0059471,0.0132107
21.1500	0.2641517,-0.0123482,-0.0029766,-0.9643975	0.9998818,-0.0051447,-0.0059471,0.0132107
21.1600	0.2641517,-0.0123482,-0.0029766,-0.9643975	0.9998818,-0.0051447,-0.0059471,0.0132107
21.1700	0.2641517,-0.0123482,-0.0029766,-0.9643975	0.9998818,-0.0051447,-0.0059471,0.0132107
21.1800	0.2641517,-0.0123482,-0.0029766,-0.9643975	0.9998818,-0.0051447,-0.0059471,0.0132107
21.1900	0.2641517,-0.0123482,-0.0029766,-0.9643975	0.9998818,-0.0051447,-0.0059471,0.0132107
21.2000	0.2641517,-0.0123482,-0.0029766,-0.9643975	0.9998818,-0.0051447,-0.0059471,0.0132107
21.2100	0.2641517,-0.0123482,-0.0029766,-0.9643975	0.9998818,-0.0051447,-0.0059471,0.0132107
21.2200	0.2641517,-0.0123482,-0.0029766,-0.9643975	0.9998818,-0.0051447,-0.0059471,0.0132107
21.2300	0.2641517,-0.0123482,-0.0029766,-0.9643975	0.9998818,-0.0051447,-0.0059471,0.0132107
21.2400	0.2641517,-0.0123482,-0.0029766,-0.9643975	0.9998818,-0.0051447,-0.0059471,0.0132107
21.2500	0.2641517,-0.0123482,-0.0029766,-0.9643975	0.9998818,-0.0051447,-0.0059471,0.0132107
21.2600	0.2641517,-0.0123482,-0.0029766,-0.9643975	0.9998818,-0.0051447,-0.0059471,0.0132107
21.2700	0.2641517,-0.0123482,-0.0029766,-0.9643975	0.9998818,-0.0051447,-0.0059471,0.0132107
21.2800	0.2641517,-0.0123482,-0.0029766,-0.9643975	0.9998818,-0.0051447,-0.0059471,0.0132107
21.2900	0.2641517,-0.0123482,-0.0029766,-0.9643975	0.9998818,-0.0051447,-0.0059471,0.0132107
21.3000	0.2641517,-0.0123482,-0.0029766,-0.9643975	0.9998818,-0.0051447,-0.0059471,0.0132107
21.3100	0.2641517,-0.0123482,-0.0029766,-0.9643975	0.9998818,-0.0051447,-0.0059471,0.0132107
21.3200	0.2641517,-0.0123482,-0.0029766,-0.9643975	0.9998818,-0.0051447,-0.0059471,0.0132107
21.3300	0.2641517,-0.0123482,-0.0029766,-0.9643975	0.9998818,-0.0051447,-0.0059471,0.0132107
21.3400	0.2641517,-0.0123482,-0.0029766,-0.9643975	0.9998818,-0.0051447,-0.0059471,0.0132107
21.3500	0.2641517,-0.0123482,-0.0029766,-0.9643975	0.9998818,-0.0051447,-0.0059471,0.0132107
21.3600	0.2641517,-0.0123482,-0.0029766,-0.9643975	0.9998818,-0.0051447,-0.0059471,0.0132107
21.3700	0.2641517,-0.0123482,-0.0029766,-0.9643975	0.9998818,-0.0051447,-0.0059471,0.0132107
21.3800	0.2641517,-0.0123482,-0.0029766,-0.9643975	0.9998818,-0.0051447,-0.0059471,0.0132107
21.3900	0.2641517,-0.0123482,-0.0029766,-0.9643975	0.9998818,-0.0051447,-0.0059471,0.0132107
21.4000	0.2641517,-0.0123482,-0.0029766,-0.9643975	0.9998818,-0.0051447,-0.0059471,0.0132107
21.4100	0.2641517,-0.0123482,-0.0029766,-0.9643975	0.9998818,-0.0051447,-0.0059471,0.0132107
21.4200	0.2641517,-0.0123482,-0.0029766,-0.9643975	0.9998818,-0.0051447,-0.0059471,0.0132107
21.4300	0.2641517,-0.0123482,-0.0029766,-0.9643975	0.9998818,-0.0051447,-0.0059471,0.0132107
21.4400	0.2641517,-0.0123482,-0.0029766,-0.9643975	0.9998818,-0.0051447,-0.0059471,0.0132107
21.4500	0.2641517,-0.0123482,-0.0029766,-0.9643975	0.9998818,-0.0051447,-0.0059471,0.0132107
21.4600	0.2641517,-0.0123482,-0.0029766,-0.9643975	0.9998818,-0.0051447,-0.0059471,0.0132107
21.4700	0.2641517,-0.0123482,-0.0029766,-0.9643975	0.9998818,-0.0051447,-0.0059471,0.0132107
21.4800	0.2641517,-0.0123482,-0.0029766,-0.9643975	0.9998818,-0.0051447,-0.0059471,0.0132107
21.4900	0.2641517,-0.0123482,-0.0029766,-0.9643975	0.9998818,-0.0051447,-0.0059471,0.0132107
21.5000	0.2641517,-0.0123482,-0.0029766,-0.9643975	0.9998818,-0.0051447,-0.0059471,0.0132107
21.5100	0.2641517,-0.0123482,-0.0029766,-0.9643975	0.9998818,-0.0051447,-0.0059471,0.0132107
21.5200	0.2641517,-0.0123482,-0.0029766,-0.9643975	0.9998818,-0.0051447,-0.0059471,0.0132107
21.5300	0.2641517,-0.0123482,-0.0029766,-0.9643975	0.9998818,-0.0051447,-0.0059471,0.0132107
21.5400	0.2641517,-0.0123482,-0.0029766,-0.9643975	0.9998818,-0.0051447,-0.0059471,0.0132107
21.5500	0.2641517,-0.0123482,-0.0029766,-0.9643975	0.9998818,-0.0051447,-0.0059471,0.0132107
21.5600	0.2641517,-0.0123482,-0.0029766,-0.9643975	0.9998818,-0.0051447,-0.0059471,0.0132107
21.5700	0.2641517,-0.0123482,-0.0029766,-0.9643975	0.9998818,-0.0051447,-0.0059471,0.0132107
21.5800	0.2641517,-0.0123482,-0.0029766,-0.9643975	0.9998818,-0.0051447,-0.0059471,0.0132107
21.5900	0.2641517,-0.0123482,-0.0029766,-0.9643975	0.9998818,-0.0051447,-0.0059471,0.0132107
21.6000	0.2641517,-0.0123482,-0.0029766,-0.9643975	0.9998818,-0.0051447,-0.0059471,0.0132107
21.6100	0.2641517,-0.0123482,-0.0029766,-0.9643975	0.9998818,-0.0051447,-0.0059471,0.0132107
21.6200	0.2641517,-0.0123482,-0.0029766,-0.9643975	0.9998818,-0.0051447,-0.0059471,0.0132107
21.6300	0.2641517,-0.0123482,-0.0029766,-0.9643975	0.9998818,-0.0051447,-0.0059471,0.0132107
21.6400	0.2641517,-0.0123482,-0.0029766,-0.9643975	0.9998818,-0.0051447,-0.0059471,0.0132107
21.6500	0.2641517,-0.0123482,-0.0029766,-0.9643975	0.9998818,-0.0051447,-0.0059471,0.0132107
21.6600	0.2641517,-0.0123482,-0.0029766,-0.9643975	0.9998818,-0.0051447,-0.0059471,0.0132107
21.6700	0.2641517,-0.0123482,-0.0029766,-0.9643975	0.9998818,-0.0051447,-0.0059471,0.0132107
21.6800	0.2641517,-0.0123482,-0.0029766,-0.9643975	0.9998818,-0.0051447,-0.0059471,0.0132107
21.6900	0.2641517,-0.0123482,-0.0029766,-0.9643975	0.9998818,-0.0051447,-0.0059471,0.0132107
21.7000	0.2641517,-0.0123482,-0.0029766,-0.9643975	0.9998818,-0.0051447,-0.0059471,0.0132107
21.7100	0.2641517,-0.0123482,-0.0029766,-0.9643975	0.9998818,-0.0051447,-0.0059471,0.0132107
21.7200	0.2641517,-0.0123482,-0.0029766,-0.9643975	0.9998818,-0.0051447,-0.0059471,0.0132107
21.7300	0.2641517,-0.0123482,-0.0029766,-0.9643975	0.9998818,-0.0051447,-0.0059471,0.0132107
21.7400	0.2641517,-0.0123482,-0.0029766,-0.9643975	0.9998818,-0.0051447,-0.0059471,0.0132107
21.7500	0.2641517,-0.0123482,-0.0029766,-0.9643975	0.9998818,-0.0051447,-0.0059471,0.0132107
21.7600	0.2641517,-0.0123482,-0.0029766,-0.9643975	0.9998818,-0.0051447,-0.0059471,0.0132107
21.7700	0.2641517,-0.0123482,-0.0029766,-0.9643975	0.9998818,-0.0051447,-0.0059471,0.0132107
21.7800	0.2641517,-0.0123482,-0.0029766,-0.9643975	0.9998818,-0.0051447,-0.0059471,0.0132107
21.7900	0.2641517,-0.0123482,-0.0029766,-0.9643975	0.9998818,-0.0051447,-0.0059471,0.0132107
21.8000	0.2641517,-0.0123482,-0.0029766,-0.9643975	0.9998818,-0.0051447,-0.0059471,0.0132107
21.8100	0.2641517,-0.0123482,-0.0029766,-0.9643975	0.9998818,-0.0051447,-0.0059471,0.0132107
21.8200	0.2641517,-0.0123482,-0.0029766,-0.9643975	0.9998818,-0.0051447,-0.0059471,0.0132107
21.8300	0.2641517,-0.0123482,-0.0029766,-0.9643975	0.9998818,-0.0051447,-0.0059471,0.0132107
21.8400	0.2641517,-0.0123482,-0.0029766,-0.9643975	0.9998818,-0.0051447,-0.0059471,0.0132107
21.8500	0.2641517,-0.0123482,-0.0029766,-0.9643975	0.9998818,-0.0051447,-0.0059471,0.0132107
21.8600	0.2641517,-0.0123482,-0.0029766,-0.9643975	0.9998818,-0.0051447,-0.0059471,0.0132107
21.8700	0.2641517,-0.0123482,-0.0029766,-0.9643975	0.9998818,-0.0051447,-0.0059471,0.0132107
21.8800	0.2641517,-0.0123482,-0.0029766,-0.9643975	0.9998818,-0.0051447,-0.0059471,0.0132107
21.8900	0.2641517,-0.0123482,-0.0029766,-0.9643975	0.9998818,-0.0051447,-0.0059471,0.0132107
21.9000	0.2641517,-0.0123482,-0.0029766,-0.9643975	0.9998818,-0.0051447,-0.0059471,0.0132107
21.9100	0.2641517,-0.0123482,-0.0029766,-0.9643975	0.9998818,-0.0051447,-0.0059471,0.0132107
21.9200	0.2641517,-0.0123482,-0.0029766,-0.9643975	0.9998818,-0.0051447,-0.0059471,0.0132107
21.9300	0.2641517,-0.0123482,-0.0029766,-0.9643975	0.9998818,-0.0051447,-0.0059471,0.0132107
21.9400	0.2641517,-0.0123482,-0.0029766,-0.9643975	0.9998818,-0.0051447,-0.0059471,0.0132107
21.9500	0.2641517,-0.0123482,-0.0029766,-0.9643975	0.9998818,-0.0051447,-0.0059471,0.0132107
21.9600	0.2641517,-0.0123482,-0.0029766,-0.9643975	0.9998818,-0.0051447,-0.0059471,0.0132107
21.9700	0.2641517,-0.0123482,-0.0029766,-0.9643975	0.9998818,-0.0051447,-0.0059471,0.0132107
21.9800	0.2641517,-0.0123482,-0.0029766,-0.9643975	0.9998818,-0.0051447,-0.0059471,0.0132107
21.9900	0.2641517,-0.0123482,-0.0029766,-0.9643975	0.9998818,-0.0051447,-0.0059471,0.0132107
22.0000	0.2641517,-0.0123482,-0.0029766,-0.9643975	0.9998818,-0.0051447,-0.0059471,0.0132107
22.0100	0.2641517,-0.0123482,-0.0029766,-0.9643975	0.9998818,-0.0051447,-0.0059471,0.0132107
22.0200	0.2641517,-0.0123482,-0.0029766,-0.9643975	0.9998818,-0.0051447,-0.0059471,0.0132107
22.0300	0.2641517,-0.0123482,-0.0029766,-0.9643975	0.9998818,-0.0051447,-0.0059471,0.0132107
22.0400	0.2641517,-0.0123482,-0.0029766,-0.9643975	0.9998818,-0.0051447,-0.0059471,0.0132107
22.0500	0.2641517,-0.0123482,-0.0029766,-0.9643975	0.9998818,-0.0051447,-0.0059471,0.0132107
22.0600	0.2641517,-0.0123482,-0.0029766,-0.9643975	0.9998818,-0.0051447,-0.0059471,0.0132107
22.0700	0.2641517,-0.0123482,-0.0029766,-0.9643975	0.9998818,-0.0051447,-0.0059471,0.0132107
22.0800	0.2641517,-0.0123482,-0.0029766,-0.9643975	0.9998818,-0.0051447,-0.0059471,0.0132107
22.0900	0.2641517,-0.0123482,-0.0029766,-0.9643975	0.9998818,-0.0051447,-0.0059471,0.0132107
22.1000	0.2641517,-0.0123482,-0.0029766,-0.9643975	0.9998818,-0.0051447,-0.0059471,0.0132107
22.1100	0.2641517,-0.0123482,-0.0029766,-0.9643975	0.9998818,-0.0051447,-0.0059471,0.0132107
22.1200	0.2641517,-0.0123482,-0.0029766,-0.9643975	0.9998818,-0.0051447,-0.0059471,0.0132107
22.1300	0.2641517,-0.0123482,-0.0029766,-0.9643975	0.9998818,-0.0051447,-0.0059471,0.0132107
22.1400	0.2641517,-0.0123482,-0.0029766,-0.9643975	0.9998818,-0.0051447,-0.0059471,0.0132107
22.1500	0.2641517,-0.0123482,-0.0029766,-0.9643975	0.9998818,-0.0051447,-0.0059471,0.0132107
22.1600	0.2641517,-0.0123482,-0.0029766,-0.9643975	0.9998818,-0.0051447,-0.0059471,0.0132107
22.1700	0.2641517,-0.0123482,-0.0029766,-0.9643975	0.9998818,-0.0051447,-0.0059471,0.0132107
22.1800	0.2641517,-0.0123482,-0.0029766,-0.9643975	0.9998818,-0.0051447,-0.0059471,0.0132107
22.1900	0.2641517,-0.0123482,-0.0029766,-0.9643975	0.9998818,-0.0051447,-0.0059471,0.0132107
22.2000	0.2641517,-0.0123482,-0.0029766,-0.9643975	0.9998818,-0.0051447,-0.0059471,0.0132107
22.2100	0.2641517,-0.0123482,-0.0029766,-0.9643975	0.9998818,-0.0051447,-0.0059471,0.0132107
22.2200	0.2641517,-0.0123482,-0.0029766,-0.9643975	0.9998818,-0.0051447,-0.0059471,0.0132107
22.2300	0.2641517,-0.0123482,-0.0029766,-0.9643975	0.9998818,-0.0051447,-0.0059471,0.0132107
22.2400	0.2641517,-0.0123482,-0.0029766,-0.9643975	0.9998818,-0.0051447,-0.0059471,0.0132107
22.2500	0.2641517,-0.0123482,-0.0029766,-0.9643975	0.9998818,-0.0051447,-0.0059471,0.0132107
22.2600	0.2641517,-0.0123482,-0.0029766,-0.9643975	0.9998818,-0.0051447,-0.0059471,0.0132107
22.2700	0.2641517,-0.0123482,-0.0029766,-0.9643975	0.9998818,-0.0051447,-0.0059471,0.0132107
22.2800	0.2641517,-0.0123482,-0.0029766,-0.9643975	0.9998818,-0.0051447,-0.0059471,0.0132107
22.2900	0.2641517,-0.0123482,-0.0029766,-0.9643975	0.9998818,-0.0051447,-0.0059471,0.0132107
22.3000	0.2641517,-0.0123482,-0.0029766,-0.9643975	0.9998818,-0.0051447,-0.0059471,0.0132107
22.3100	0.2641517,-0.0123482,-0.0029766,-0.9643975	0.9998818,-0.0051447,-0.0059471,0.0132107
22.3200	0.2641517,-0.0123482,-0.0029766,-0.9643975	0.9998818,-0.0051447,-0.0059471,0.0132107
22.3300	0.2641517,-0.0123482,-0.0029766,-0.9643975	0.9998818,-0.0051447,-0.0059471,0.0132107
22.3400	0.2641517,-0.0123482,-0.0029766,-0.9643975	0.9998818,-0.0051447,-0.0059471,0.0132107
22.3500	0.2641517,-0.0123482,-0.0029766,-0.9643975	0.9998818,-0.0051447,-0.0059471,0.0132107
22.3600	0.2641517,-0.0123482,-0.0029766,-0.9643975	0.9998818,-0.0051447,-0.0059471,0.0132107
22.3700	0.2641517,-0.0123482,-0.0029766,-0.9643975	0.9998818,-0.0051447,-0.0059471,0.0132107
22.3800	0.2641517,-0.0123482,-0.0029766,-0.9643975	0.9998818,-0.0051447,-0.0059471,0.0132107
22.3900	0.2641517,-0.0123482,-0.0029766,-0.9643975	0.9998818,-0.0051447,-0.0059471,0.0132107
22.4000	0.2641517,-0.0123482,-0.0029766,-0.9643975	0.9998818,-0.0051447,-0.0059471,0.0132107
22.4100	0.2641517,-0.0123482,-0.0029766,-0.9643975	0.9998818,-0.0051447,-0.0059471,0.0132107
22.4200	0.2641517,-0.0123482,-0.0029766,-0.9643975	0.9998818,-0.0051447,-0.0059471,0.0132107
22.4300	0.2641517,-0.0123482,-0.0029766,-0.9643975	0.9998818,-0.0051447,-0.0059471,0.0132107
22.4400	0.2641517,-0.0123482,-0.0029766,-0.9643975	0.9998818,-0.0051447,-0.0059471,0.0132107
22.4500	0.2641517,-0.0123482,-0.0029766,-0.9643975	0.9998818,-0.0051447,-0.0059471,0.0132107
22.4600	0.2641517,-0.0123482,-0.0029766,-0.9643975	0.9998818,-0.0051447,-0.0059471,0.0132107
22.4700	0.2641512,-0.0123594,-0.0029356,-0.9643976	0.9998818,-0.0051447,-0.0059471,0.0132107
22.4800	0.2641511,-0.0123623,-0.0029253,-0.9643976	0.9998818,-0.0051447,-0.0059471,0.0132107
22.4900	0.2641511,-0.0123623,-0.0029253,-0.9643976	0.9998818,-0.0051447,-0.0059471,0.0132107
22.5000	0.2641511,-0.0123623,-0.0029253,-0.9643976	0.9998818,-0.0051447,-0.0059471,0.0132107
22.5100	0.2641511,-0.0123623,-0.0029253,-0.9643976	0.9998818,-0.0051447,-0.0059471,0.0132107
22.5200	0.2641511,-0.0123623,-0.0029253,-0.9643976	0.9998818,-0.0051447,-0.0059471,0.0132107
22.5300	0.2641511,-0.0123623,-0.0029253,-0.9643976	0.9998818,-0.0051447,-0.0059471,0.0132107
22.5400	0.2641511,-0.0123623,-0.0029253,-0.9643976	0.9998818,-0.0051447,-0.0059471,0.0132107
22.5500	0.2641511,-0.0123623,-0.0029253,-0.9643976	0.9998818,-0.0051447,-0.0059471,0.0132107
22.5600	0.2641511,-0.0123623,-0.0029253,-0.9643976	0.9998818,-0.0051447,-0.0059471,0.0132107
22.5700	0.2641511,-0.0123623,-0.0029253,-0.9643976	0.9998818,-0.0051447,-0.0059471,0.0132107
22.5800	0.2641511,-0.0123623,-0.0029253,-0.9643976	0.9998818,-0.0051447,-0.0059471,0.0132107
22.5900	0.2641511,-0.0123623,-0.0029253,-0.9643976	0.9998818,-0.0051447,-0.0059471,0.0132107
22.6000	0.2641511,-0.0123623,-0.0029253,-0.9643976	0.9998818,-0.0051447,-0.0059471,0.0132107
22.6100	0.2641511,-0.0123623,-0.0029253,-0.9643976	0.9998818,-0.0051447,-0.0059471,0.0132107
22.6200	0.2641511,-0.0123623,-0.0029253,-0.9643976	0.9998818,-0.0051447,-0.0059471,0.0132107
22.6300	0.2641511,-0.0123623,-0.0029253,-0.9643976	0.9998818,-0.0051447,-0.0059471,0.0132107
22.6400	0.2641511,-0.0123623,-0.0029253,-0.9643976	0.9998818,-0.0051447,-0.0059471,0.0132107
22.6500	0.2641511,-0.0123623,-0.0029253,-0.9643976	0.9998818,-0.0051447,-0.0059471,0.0132107
22.6600	0.2641511,-0.0123623,-0.0029253,-0.9643976	0.9998818,-0.0051447,-0.0059471,0.0132107
22.6700	0.2641511,-0.0123623,-0.0029253,-0.9643976	0.9998818,-0.0051447,-0.0059471,0.0132107
22.6800	0.2641511,-0.0123623,-0.0029253,-0.9643976	0.9998818,-0.0051447,-0.0059471,0.0132107
22.6900	0.2641511,-0.0123623,-0.0029253,-0.9643976	0.9998818,-0.0051447,-0.0059471,0.0132107
22.7000	0.2641511,-0.0123623,-0.0029253,-0.9643976	0.9998818,-0.0051447,-0.0059471,0.0132107
22.7100	0.2641511,-0.0123623,-0.0029253,-0.9643976	0.9998818,-0.0051447,-0.0059471,0.0132107
22.7200	0.2641511,-0.0123623,-0.0029253,-0.9643976	0.9998818,-0.0051447,-0.0059471,0.0132107
22.7300	0.2641511,-0.0123623,-0.0029253,-0.9643976	0.9998818,-0.0051447,-0.0059471,0.0132107
22.7400	0.2641511,-0.0123623,-0.0029253,-0.9643976	0.9998818,-0.0051447,-0.0059471,0.0132107
22.7500	0.2641511,-0.0123623,-0.0029253,-0.9643976	0.9998818,-0.0051447,-0.0059471,0.0132107
22.7600	0.2641511,-0.0123623,-0.0029253,-0.9643976	0.9998818,-0.0051447,-0.0059471,0.0132107
22.7700	0.2641511,-0.0123623,-0.0029253,-0.9643976	0.9998818,-0.0051447,-0.0059471,0.0132107
22.7800	0.2641511,-0.0123623,-0.0029253,-0.9643976	0.9998818,-0.0051447,-0.0059471,0.0132107
22.7900	0.2641511,-0.0123623,-0.0029253,-0.9643976	0.9998818,-0.0051447,-0.0059471,0.0132107
22.8000	0.2641511,-0.0123623,-0.0029253,-0.9643976	0.9998818,-0.0051447,-0.0059471,0.0132107
22.8100	0.2641511,-0.0123623,-0.0029253,-0.9643976	0.9998818,-0.0051447,-0.0059471,0.0132107
22.8200	0.2641511,-0.0123623,-0.0029253,-0.9643976	0.9998818,-0.0051447,-0.0059471,0.0132107
22.8300	0.2641511,-0.0123623,-0.0029253,-0.9643976	0.9998818,-0.0051447,-0.0059471,0.0132107
22.8400	0.2641511,-0.0123623,-0.0029253,-0.9643976	0.9998818,-0.0051447,-0.0059471,0.0132107
22.8500	0.2641511,-0.0123623,-0.0029253,-0.9643976	0.9998818,-0.0051447,-0.0059471,0.0132107
22.8600	0.2641511,-0.0123623,-0.0029253,-0.9643976	0.9998818,-0.0051447,-0.0059471,0.0132107
22.8700	0.2641511,-0.0123623,-0.0029253,-0.9643976	0.9998818,-0.0051447,-0.0059471,0.0132107
22.8800	0.2641511,-0.0123623,-0.0029253,-0.9643976	0.9998818,-0.0051447,-0.0059471,0.0132107
22.8900	0.2641511,-0.0123623,-0.0029253,-0.9643976	0.9998818,-0.0051447,-0.0059471,0.0132107
22.9000	0.2641511,-0.0123623,-0.0029253,-0.9643976	0.9998818,-0.0051447,-0.0059471,0.0132107
22.9100	0.2641511,-0.0123623,-0.0029253,-0.9643976	0.9998818,-0.0051447,-0.0059471,0.0132107
22.9200	0.2641511,-0.0123623,-0.0029253,-0.9643976	0.9998818,-0.0051447,-0.0059471,0.0132107
22.9300	0.2641511,-0.0123623,-0.0029253,-0.9643976	0.9998818,-0.0051447,-0.0059471,0.0132107
22.9400	0.2641511,-0.0123623,-0.0029253,-0.9643976	0.9998818,-0.0051447,-0.0059471,0.0132107
22.9500	0.2641511,-0.0123623,-0.0029253,-0.9643976	0.9998818,-0.0051447,-0.0059471,0.0132107
22.9600	0.2641511,-0.0123623,-0.0029253,-0.9643976	0.9998818,-0.0051447,-0.0059471,0.0132107
22.9700	0.2641511,-0.0123623,-0.0029253,-0.9643976	0.9998818,-0.0051447,-0.0059471,0.0132107
22.9800	0.2641511,-0.0123623,-0.0029253,-0.9643976	0.9998818,-0.0051447,-0.0059471,0.0132107
22.9900	0.2641511,-0.0123623,-0.0029253,-0.9643976	0.9998818,-0.0051447,-0.0059471,0.0132107
23.0000	0.2641511,-0.0123623,-0.0029253,-0.9643976	0.9998818,-0.0051447,-0.0059471,0.0132107
23.0100	0.2641511,-0.0123623,-0.0029253,-0.9643976	0.9998818,-0.0051447,-0.0059471,0.0132107
23.0200	0.2641511,-0.0123623,-0.0029253,-0.9643976	0.9998818,-0.0051447,-0.0059471,0.0132107
23.0300	0.2641511,-0.0123623,-0.0029253,-0.9643976	0.9998818,-0.0051447,-0.0059471,0.0132107
23.0400	0.2641511,-0.0123623,-0.0029253,-0.9643976	0.9998818,-0.0051447,-0.0059471,0.0132107
23.0500	0.2641511,-0.0123623,-0.0029253,-0.9643976	0.9998818,-0.0051447,-0.0059471,0.0132107
23.0600	0.2641511,-0.0123623,-0.0029253,-0.9643976	0.9998818,-0.0051447,-0.0059471,0.0132107
23.0700	0.2641511,-0.0123623,-0.0029253,-0.9643976	0.9998818,-0.0051447,-0.0059471,0.0132107
23.0800	0.2641511,-0.0123623,-0.0029253,-0.9643976	0.9998818,-0.0051447,-0.0059471,0.0132107
23.0900	0.2641511,-0.0123623,-0.0029253,-0.9643976	0.9998818,-0.0051447,-0.0059471,0.0132107
23.1000	0.2641511,-0.0123623,-0.0029253,-0.9643976	0.9998818,-0.0051447,-0.0059471,0.0132107
23.1100	0.2641511,-0.0123623,-0.0029253,-0.9643976	0.9998818,-0.0051447,-0.0059471,0.0132107
23.1200	0.2641511,-0.0123623,-0.0029253,-0.9643976	0.9998818,-0.0051447,-0.0059471,0.0132107
23.1300	0.2641511,-0.0123623,-0.0029253,-0.9643976	0.9998818,-0.0051447,-0.0059471,0.0132107
23.1400	0.2641511,-0.0123623,-0.0029253,-0.9643976	0.9998818,-0.0051447,-0.0059471,0.0132107
23.1500	0.2641511,-0.0123623,-0.0029253,-0.9643976	0.9998818,-0.0051447,-0.0059471,0.0132107
23.1600	0.2641511,-0.0123623,-0.0029253,-0.9643976	0.9998818,-0.0051447,-0.0059471,0.0132107
23.1700	0.2641511,-0.0123623,-0.0029253,-0.9643976	0.9998818,-0.0051447,-0.0059471,0.0132107
23.1800	0.2641511,-0.0123623,-0.0029253,-0.9643976	0.9998818,-0.0051447,-0.0059471,0.0132107
23.1900	0.2641511,-0.0123623,-0.0029253,-0.9643976	0.9998818,-0.0051447,-0.0059471,0.0132107
23.2000	0.2641511,-0.0123623,-0.0029253,-0.9643976	0.9998818,-0.0051447,-0.0059471,0.0132107
23.2100	0.2641511,-0.0123623,-0.0029253,-0.9643976	0.9998818,-0.0051447,-0.0059471,0.0132107
23.2200	0.2641511,-0.0123623,-0.0029253,-0.9643976	0.9998818,-0.0051447,-0.0059471,0.0132107
23.2300	0.2641511,-0.0123623,-0.0029253,-0.9643976	0.9998818,-0.0051447,-0.0059471,0.0132107
23.2400	0.2641511,-0.0123623,-0.0029253,-0.9643976	0.9998818,-0.0051447,-0.0059471,0.0132107
23.2500	0.2641511,-0.0123623,-0.0029253,-0.9643976	0.9998818,-0.0051447,-0.0059471,0.0132107
23.2600	0.2641511,-0.0123623,-0.0029253,-0.9643976	0.9998818,-0.0051447,-0.0059471,0.0132107
23.2700	0.2641511,-0.0123623,-0.0029253,-0.9643976	0.9998818,-0.0051447,-0.0059471,0.0132107
23.2800	0.2641511,-0.0123623,-0.0029253,-0.9643976	0.9998818,-0.0051447,-0.0059471,0.0132107
23.2900	0.2641511,-0.0123623,-0.0029253,-0.9643976	0.9998818,-0.0051447,-0.0059471,0.0132107
23.3000	0.2641511,-0.0123623,-0.0029253,-0.9643976	0.9998818,-0.0051447,-0.0059471,0.0132107
23.3100	0.2641511,-0.0123623,-0.0029253,-0.9643976	0.9998818,-0.0051447,-0.0059471,0.0132107
23.3200	0.2641511,-0.0123623,-0.0029253,-0.9643976	0.9998818,-0.0051447,-0.0059471,0.0132107
23.3300	0.2641511,-0.0123623,-0.0029253,-0.9643976	0.9998818,-0.0051447,-0.0059471,0.0132107
23.3400	0.2641511,-0.0123623,-0.0029253,-0.9643976	0.9998818,-0.0051447,-0.0059471,0.0132107
23.3500	0.2641511,-0.0123623,-0.0029253,-0.9643976	0.9998818,-0.0051447,-0.0059471,0.0132107
23.3600	0.2641511,-0.0123623,-0.0029253,-0.9643976	0.9998818,-0.0051447,-0.0059471,0.0132107
23.3700	0.2641511,-0.0123623,-0.0029253,-0.9643976	0.9998818,-0.0051447,-0.0059471,0.0132107
23.3800	0.2641511,-0.0123623,-0.0029253,-0.9643976	0.9998818,-0.0051447,-0.0059471,0.0132107
23.3900	0.2641511,-0.0123623,-0.0029253,-0.9643976	0.9998818,-0.0051447,-0.0059471,0.0132107
23.4000	0.2641511,-0.0123623,-0.0029253,-0.9643976	0.9998818,-0.0051447,-0.0059471,0.0132107
23.4100	0.2641511,-0.0123623,-0.0029253,-0.9643976	0.9998818,-0.0051447,-0.0059471,0.0132107
23.4200	0.2641511,-0.0123623,-0.0029253,-0.9643976	0.9998818,-0.0051447,-0.0059471,0.0132107
23.4300	0.2641511,-0.0123623,-0.0029253,-0.9643976	0.9998818,-0.0051447,-0.0059471,0.0132107
23.4400	0.2641511,-0.0123623,-0.0029253,-0.9643976	0.9998818,-0.0051447,-0.0059471,0.0132107
23.4500	0.2641511,-0.0123623,-0.0029253,-0.9643976	0.9998818,-0.0051447,-0.0059471,0.0132107
23.4600	0.2641511,-0.0123623,-0.0029253,-0.9643976	0.9998818,-0.0051447,-0.0059471,0.0132107
23.4700	0.2641511,-0.0123623,-0.0029253,-0.9643976	0.9998818,-0.0051447,-0.0059471,0.0132107
23.4800	0.2641511,-0.0123623,-0.0029253,-0.9643976	0.9998819,-0.0051287,-0.0059469,0.0132108
23.4900	0.2641511,-0.0123623,-0.0029253,-0.9643976	0.9998821,-0.0050914,-0.0059464,0.0132110
23.5000	0.2641511,-0.0123623,-0.0029253,-0.9643976	0.9998821,-0.0050914,-0.0059464,0.0132110
23.5100	0.2641511,-0.0123623,-0.0029253,-0.9643976	0.9998821,-0.0050914,-0.0059464,0.0132110
23.5200	0.2641511,-0.0123623,-0.0029253,-0.9643976	0.9998821,-0.0050914,-0.0059464,0.0132110
23.5300	0.2641511,-0.0123623,-0.0029253,-0.9643976	0.9998821,-0.0050914,-0.0059464,0.0132110
23.5400	0.2641511,-0.0123623,-0.0029253,-0.9643976	0.9998821,-0.0050914,-0.0059464,0.0132110
23.5500	0.2641511,-0.0123623,-0.0029253,-0.9643976	0.9998821,-0.0050914,-0.0059464,0.0132110
23.5600	0.2641511,-0.0123623,-0.0029253,-0.9643976	0.9998821,-0.0050914,-0.0059464,0.0132110
23.5700	0.2641511,-0.0123623,-0.0029253,-0.9643976	0.9998821,-0.0050914,-0.0059464,0.0132110
23.5800	0.2641511,-0.0123623,-0.0029253,-0.9643976	0.9998821,-0.0050914,-0.0059464,0.0132110
23.5900	0.2641511,-0.0123623,-0.0029253,-0.9643976	0.9998821,-0.0050914,-0.0059464,0.0132110
23.6000	0.2641511,-0.0123623,-0.0029253,-0.9643976	0.9998821,-0.0050914,-0.0059464,0.0132110
23.6100	0.2641511,-0.0123623,-0.0029253,-0.9643976	0.9998821,-0.0050914,-0.0059464,0.0132110
23.6200	0.2641511,-0.0123623,-0.0029253,-0.9643976	0.9998821,-0.0050914,-0.0059464,0.0132110
23.6300	0.2641511,-0.0123623,-0.0029253,-0.9643976	0.9998821,-0.0050914,-0.0059464,0.0132110
23.6400	0.2641511,-0.0123623,-0.0029253,-0.9643976	0.9998821,-0.0050914,-0.0059464,0.0132110
23.6500	0.2641511,-0.0123623,-0.0029253,-0.9643976	0.9998821,-0.0050914,-0.0059464,0.0132110
23.6600	0.2641511,-0.0123623,-0.0029253,-0.9643976	0.9998821,-0.0050914,-0.0059464,0.0132110
23.6700	0.2641511,-0.0123623,-0.0029253,-0.9643976	0.9998821,-0.0050914,-0.0059464,0.0132110
23.6800	0.2641511,-0.0123623,-0.0029253,-0.9643976	0.9998821,-0.0050914,-0.0059464,0.0132110
23.6900	0.2641511,-0.0123623,-0.0029253,-0.9643976	0.9998821,-0.0050914,-0.0059464,0.0132110
23.7000	0.2641511,-0.0123623,-0.0029253,-0.9643976	0.9998821,-0.0050914,-0.0059464,0.0132110
23.7100	0.2641511,-0.0123623,-0.0029253,-0.9643976	0.9998821,-0.0050914,-0.0059464,0.0132110
23.7200	0.2641511,-0.0123623,-0.0029253,-0.9643976	0.9998821,-0.0050914,-0.0059464,0.0132110
23.7300	0.2641511,-0.0123623,-0.0029253,-0.9643976	0.9998821,-0.0050914,-0.0059464,0.0132110
23.7400	0.2641511,-0.0123623,-0.0029253,-0.9643976	0.9998821,-0.0050914,-0.0059464,0.0132110
23.7500	0.2641511,-0.0123623,-0.0029253,-0.9643976	0.9998821,-0.0050914,-0.0059464,0.0132110
23.7600	0.2641511,-0.0123623,-0.0029253,-0.9643976	0.9998821,-0.0050914,-0.0059464,0.0132110
23.7700	0.2641511,-0.0123623,-0.0029253,-0.9643976	0.9998821,-0.0050914,-0.0059464,0.0132110
23.7800	0.2641511,-0.0123623,-0.0029253,-0.9643976	0.9998821,-0.0050914,-0.0059464,0.0132110
23.7900	0.2641511,-0.0123623,-0.0029253,-0.9643976	0.9998821,-0.0050914,-0.0059464,0.0132110
23.8000	0.2641511,-0.0123623,-0.0029253,-0.9643976	0.9998821,-0.0050914,-0.0059464,0.0132110
23.8100	0.2641511,-0.0123623,-0.0029253,-0.9643976	0.9998821,-0.0050914,-0.0059464,0.0132110
23.8200	0.2641511,-0.0123623,-0.0029253,-0.9643976	0.9998821,-0.0050914,-0.0059464,0.0132110
23.8300	0.2641511,-0.0123623,-0.0029253,-0.9643976	0.9998821,-0.0050914,-0.0059464,0.0132110
23.8400	0.2641511,-0.0123623,-0.0029253,-0.9643976	0.9998821,-0.0050914,-0.0059464,0.0132110
23.8500	0.2641511,-0.0123623,-0.0029253,-0.9643976	0.9998821,-0.0050914,-0.0059464,0.0132110
23.8600	0.2641511,-0.0123623,-0.0029253,-0.9643976	0.9998821,-0.0050914,-0.0059464,0.0132110
23.8700	0.2641511,-0.0123623,-0.0029253,-0.9643976	0.9998821,-0.0050914,-0.0059464,0.0132110
23.8800	0.2641511,-0.0123623,-0.0029253,-0.9643976	0.9998821,-0.0050914,-0.0059464,0.0132110
23.8900	0.2641511,-0.0123623,-0.0029253,-0.9643976	0.9998821,-0.0050914,-0.0059464,0.0132110
23.9000	0.2641511,-0.0123623,-0.0029253,-0.9643976	0.9998821,-0.0050914,-0.0059464,0.0132110
23.9100	0.2641511,-0.0123623,-0.0029253,-0.9643976	0.9998821,-0.0050914,-0.0059464,0.0132110
23.9200	0.2641511,-0.0123623,-0.0029253,-0.9643976	0.9998821,-0.0050914,-0.0059464,0.0132110
23.9300	0.2641511,-0.0123623,-0.0029253,-0.9643976	0.9998821,-0.0050914,-0.0059464,0.0132110
23.9400	0.2641511,-0.0123623,-0.0029253,-0.9643976	0.9998821,-0.0050914,-0.0059464,0.0132110
23.9500	0.2641511,-0.0123623,-0.0029253,-0.9643976	0.9998821,-0.0050914,-0.0059464,0.0132110
23.9600	0.2641511,-0.0123623,-0.0029253,-0.9643976	0.9998821,-0.0050914,-0.0059464,0.0132110
23.9700	0.2641511,-0.0123623,-0.0029253,-0.9643976	0.9998821,-0.0050914,-0.0059464,0.0132110
23.9800	0.2641511,-0.0123623,-0.0029253,-0.9643976	0.9998821,-0.0050914,-0.0059464,0.0132110
23.9900	0.2641511,-0.0123623,-0.0029253,-0.9643976	0.9998821,-0.0050914,-0.0059464,0.0132110
24.0000	0.2641511,-0.0123623,-0.0029253,-0.9643976	0.9998821,-0.0050914,-0.0059464,0.0132110
24.0100	0.2641511,-0.0123623,-0.0029253,-0.9643976	0.9998821,-0.0050914,-0.0059464,0.0132110
24.0200	0.2641511,-0.0123623,-0.0029253,-0.9643976	0.9998821,-0.0050914,-0.0059464,0.0132110
24.0300	0.2641511,-0.0123623,-0.0029253,-0.9643976	0.9998821,-0.0050914,-0.0059464,0.0132110
24.0400	0.2641511,-0.0123623,-0.0029253,-0.9643976	0.9998821,-0.0050914,-0.0059464,0.0132110
24.0500	0.2641511,-0.0123623,-0.0029253,-0.9643976	0.9998821,-0.0050914,-0.0059464,0.0132110
24.0600	0.2641511,-0.0123623,-0.0029253,-0.9643976	0.9998821,-0.0050914,-0.0059464,0.0132110
24.0700	0.2641511,-0.0123623,-0.0029253,-0.9643976	0.9998821,-0.0050914,-0.0059464,0.0132110
24.0800	0.2641511,-0.0123623,-0.0029253,-0.9643976	0.9998821,-0.0050914,-0.0059464,0.0132110
24.0900	0.2641511,-0.0123623,-0.0029253,-0.9643976	0.9998821,-0.0050914,-0.0059464,0.0132110
24.1000	0.2641511,-0.0123623,-0.0029253,-0.9643976	0.9998821,-0.0050914,-0.0059464,0.0132110
24.1100	0.2641511,-0.0123623,-0.0029253,-0.9643976	0.9998821,-0.0050914,-0.0059464,0.0132110
24.1200	0.2641511,-0.0123623,-0.0029253,-0.9643976	0.9998821,-0.0050914,-0.0059464,0.0132110
24.1300	0.2641511,-0.0123623,-0.0029253,-0.9643976	0.9998821,-0.0050914,-0.0059464,0.0132110
24.1400	0.2641511,-0.0123623,-0.0029253,-0.9643976	0.9998821,-0.0050914,-0.0059464,0.0132110
24.1500	0.2641511,-0.0123623,-0.0029253,-0.9643976	0.9998821,-0.0050914,-0.0059464,0.0132110
24.1600	0.2641511,-0.0123623,-0.0029253,-0.9643976	0.9998821,-0.0050914,-0.0059464,0.0132110
24.1700	0.2641511,-0.0123623,-0.0029253,-0.9643976	0.9998821,-0.0050914,-0.0059464,0.0132110
24.1800	0.2641511,-0.0123623,-0.0029253,-0.9643976	0.9998821,-0.0050914,-0.0059464,0.0132110
24.1900	0.2641511,-0.0123623,-0.0029253,-0.9643976	0.9998821,-0.0050914,-0.0059464,0.0132110
24.2000	0.2641511,-0.0123623,-0.0029253,-0.9643976	0.9998821,-0.0050914,-0.0059464,0.0132110
24.2100	0.2641511,-0.0123623,-0.0029253,-0.9643976	0.9998821,-0.0050914,-0.0059464,0.0132110
24.2200	0.2641511,-0.0123623,-0.0029253,-0.9643976	0.9998821,-0.0050914,-0.0059464,0.0132110
24.2300	0.2641511,-0.0123623,-0.0029253,-0.9643976	0.9998821,-0.0050914,-0.0059464,0.0132110
24.2400	0.2641511,-0.0123623,-0.0029253,-0.9643976	0.9998821,-0.0050914,-0.0059464,0.0132110
24.2500	0.2641511,-0.0123623,-0.0029253,-0.9643976	0.9998821,-0.0050914,-0.0059464,0.0132110
24.2600	0.2641511,-0.0123623,-0.0029253,-0.9643976	0.9998821,-0.0050914,-0.0059464,0.0132110
24.2700	0.2641511,-0.0123623,-0.0029253,-0.9643976	0.9998821,-0.0050914,-0.0059464,0.0132110
24.2800	0.2641511,-0.0123623,-0.0029253,-0.9643976	0.9998821,-0.0050914,-0.0059464,0.0132110
24.2900	0.2641511,-0.0123623,-0.0029253,-0.9643976	0.9998821,-0.0050914,-0.0059464,0.0132110
24.3000	0.2641511,-0.0123623,-0.0029253,-0.9643976	0.9998821,-0.0050914,-0.0059464,0.0132110
24.3100	0.2641511,-0.0123623,-0.0029253,-0.9643976	0.9998821,-0.0050914,-0.0059464,0.0132110
24.3200	0.2641511,-0.0123623,-0.0029253,-0.9643976	0.9998821,-0.0050914,-0.0059464,0.0132110
24.3300	0.2641511,-0.0123623,-0.0029253,-0.9643976	0.9998821,-0.0050914,-0.0059464,0.0132110
24.3400	0.2641511,-0.0123623,-0.0029253,-0.9643976	0.9998821,-0.0050914,-0.0059464,0.0132110
24.3500	0.2641511,-0.0123623,-0.0029253,-0.9643976	0.9998821,-0.0050914,-0.0059464,0.0132110
24.3600	0.2641511,-0.0123623,-0.0029253,-0.9643976	0.9998821,-0.0050914,-0.0059464,0.0132110
24.3700	0.2641511,-0.0123623,-0.0029253,-0.9643976	0.9998821,-0.0050914,-0.0059464,0.0132110
24.3800	0.2641511,-0.0123623,-0.0029253,-0.9643976	0.9998821,-0.0050914,-0.0059464,0.0132110
24.3900	0.2641511,-0.0123623,-0.0029253,-0.9643976	0.9998821,-0.0050914,-0.0059464,0.0132110
24.4000	0.2641511,-0.0123623,-0.0029253,-0.9643976	0.9998821,-0.0050914,-0.0059464,0.0132110
24.4100	0.2641511,-0.0123623,-0.0029253,-0.9643976	0.9998821,-0.0050914,-0.0059464,0.0132110
24.4200	0.2641511,-0.0123623,-0.0029253,-0.9643976	0.9998821,-0.0050914,-0.0059464,0.0132110
24.4300	0.2641511,-0.0123623,-0.0029253,-0.9643976	0.9998821,-0.0050914,-0.0059464,0.0132110
24.4400	0.2641511,-0.0123623,-0.0029253,-0.9643976	0.9998821,-0.0050914,-0.0059464,0.0132110
24.4500	0.2641511,-0.0123623,-0.0029253,-0.9643976	0.9998821,-0.0050914,-0.0059464,0.0132110
24.4600	0.2641511,-0.0123623,-0.0029253,-0.9643976	0.9998821,-0.0050914,-0.0059464,0.0132110
24.4700	0.2641511,-0.0123623,-0.0029253,-0.9643976	0.9998821,-0.0050914,-0.0059464,0.0132110
24.4800	0.2641511,-0.0123623,-0.0029253,-0.9643976	0.9998821,-0.0050914,-0.0059464,0.0132110
24.4900	0.2641511,-0.0123623,-0.0029253,-0.9643976	0.9998821,-0.0050914,-0.0059464,0.0132110
24.5000	0.2641511,-0.0123623,-0.0029253,-0.9643976	0.9998821,-0.0050914,-0.0059464,0.0132110
24.5100	0.2641511,-0.0123623,-0.0029253,-0.9643976	0.9998821,-0.0050914,-0.0059464,0.0132110
24.5200	0.2641511,-0.0123623,-0.0029253,-0.9643976	0.9998821,-0.0050914,-0.0059464,0.0132110
24.5300	0.2641511,-0.0123623,-0.0029253,-0.9643976	0.9998821,-0.0050914,-0.0059464,0.0132110
24.5400	0.2641511,-0.0123623,-0.0029253,-0.9643976	0.9998821,-0.0050914,-0.0059464,0.0132110
24.5500	0.2641511,-0.0123623,-0.0029253,-0.9643976	0.9998821,-0.0050914,-0.0059464,0.0132110
24.5600	0.2641511,-0.0123623,-0.0029253,-0.9643976	0.9998821,-0.0050914,-0.0059464,0.0132110
24.5700	0.2641511,-0.0123623,-0.0029253,-0.9643976	0.9998821,-0.0050914,-0.0059464,0.0132110
24.5800	0.2641511,-0.0123623,-0.0029253,-0.9643976	0.9998821,-0.0050914,-0.0059464,0.0132110
24.5900	0.2641511,-0.0123623,-0.0029253,-0.9643976	0.9998821,-0.0050914,-0.0059464,0.0132110
24.6000	0.2641511,-0.0123623,-0.0029253,-0.9643976	0.9998821,-0.0050914,-0.0059464,0.0132110
24.6100	0.2641511,-0.0123623,-0.0029253,-0.9643976	0.9998821,-0.0050914,-0.0059464,0.0132110
24.6200	0.2641511,-0.0123623,-0.0029253,-0.9643976	0.9998821,-0.0050914,-0.0059464,0.0132110
24.6300	0.2641511,-0.0123623,-0.0029253,-0.9643976	0.9998821,-0.0050914,-0.0059464,0.0132110
24.6400	0.2641511,-0.0123623,-0.0029253,-0.9643976	0.9998821,-0.0050914,-0.0059464,0.0132110
24.6500	0.2641511,-0.0123623,-0.0029253,-0.9643976	0.9998821,-0.0050914,-0.0059464,0.0132110
24.6600	0.2641511,-0.0123623,-0.0029253,-0.9643976	0.9998821,-0.0050914,-0.0059464,0.0132110
24.6700	0.2641511,-0.0123623,-0.0029253,-0.9643976	0.9998821,-0.0050914,-0.0059464,0.0132110
24.6800	0.2641511,-0.0123623,-0.0029253,-0.9643976	0.9998821,-0.0050914,-0.0059464,0.0132110
24.6900	0.2641511,-0.0123623,-0.0029253,-0.9643976	0.9998821,-0.0050914,-0.0059464,0.0132110
24.7000	0.2641511,-0.0123623,-0.0029253,-0.9643976	0.9998821,-0.0050914,-0.0059464,0.0132110
24.7100	0.2641511,-0.0123623,-0.0029253,-0.9643976	0.9998821,-0.0050914,-0.0059464,0.0132110
24.7200	0.2641511,-0.0123623,-0.0029253,-0.9643976	0.9998821,-0.0050914,-0.0059464,0.0132110
24.7300	0.2641511,-0.0123623,-0.0029253,-0.9643976	0.9998821,-0.0050914,-0.0059464,0.0132110
24.7400	0.2641511,-0.0123623,-0.0029253,-0.9643976	0.9998821,-0.0050914,-0.0059464,0.0132110
24.7500	0.2641511,-0.0123623,-0.0029253,-0.9643976	0.9998821,-0.0050914,-0.0059464,0.0132110
24.7600	0.2641511,-0.0123623,-0.0029253,-0.9643976	0.9998821,-0.0050914,-0.0059464,0.0132110
24.7700	0.2641511,-0.0123623,-0.0029253,-0.9643976	0.9998821,-0.0050914,-0.0059464,0.0132110
24.7800	0.2641511,-0.0123623,-0.0029253,-0.9643976	0.9998821,-0.0050914,-0.0059464,0.0132110
24.7900	0.2641511,-0.0123623,-0.0029253,-0.9643976	0.9998821,-0.0050914,-0.0059464,0.0132110
24.8000	0.2641511,-0.0123623,-0.0029253,-0.9643976	0.9998821,-0.0050914,-0.0059464,0.0132110
24.8100	0.2641511,-0.0123623,-0.0029253,-0.9643976	0.9998821,-0.0050914,-0.0059464,0.0132110
24.8200	0.2641511,-0.0123623,-0.0029253,-0.9643976	0.9998821,-0.0050914,-0.0059464,0.0132110
24.8300	0.2641511,-0.0123623,-0.0029253,-0.9643976	0.9998821,-0.0050914,-0.0059464,0.0132110
24.8400	0.2641511,-0.0123623,-0.0029253,-0.9643976	0.9998821,-0.0050914,-0.0059464,0.0132110
24.8500	0.2641511,-0.0123623,-0.0029253,-0.9643976	0.9998821,-0.0050914,-0.0059464,0.0132110
24.8600	0.2641511,-0.0123623,-0.0029253,-0.9643976	0.9998821,-0.0050914,-0.0059464,0.0132110
24.8700	0.2641511,-0.0123623,-0.0029253,-0.9643976	0.9998821,-0.0050914,-0.0059464,0.0132110
24.8800	0.2641511,-0.0123623,-0.0029253,-0.9643976	0.9998821,-0.0050914,-0.0059464,0.0132110
24.8900	0.2641511,-0.0123623,-0.0029253,-0.9643976	0.9998821,-0.0050914,-0.0059464,0.0132110
24.9000	0.2641511,-0.0123623,-0.0029253,-0.9643976	0.9998821,-0.0050914,-0.0059464,0.0132110
24.9100	0.2641511,-0.0123623,-0.0029253,-0.9643976	0.9998821,-0.0050914,-0.0059464,0.0132110
24.9200	0.2641511,-0.0123623,-0.0029253,-0.9643976	0.9998821,-0.0050914,-0.0059464,0.0132110
24.9300	0.2641511,-0.0123623,-0.0029253,-0.9643976	0.9998821,-0.0050914,-0.0059464,0.0132110
24.9400	0.2641511,-0.0123623,-0.0029253,-0.9643976	0.9998821,-0.0050914,-0.0059464,0.0132110
24.9500	0.2641511,-0.0123623,-0.0029253,-0.9643976	0.9998821,-0.0050914,-0.0059464,0.0132110
24.9600	0.2641511,-0.0123623,-0.0029253,-0.9643976	0.9998821,-0.0050914,-0.0059464,0.0132110
24.9700	0.2641511,-0.0123623,-0.0029253,-0.9643976	0.9998821,-0.0050914,-0.0059464,0.0132110
24.9800	0.2641511,-0.0123623,-0.0029253,-0.9643976	0.9998821,-0.0050914,-0.0059464,0.0132110
24.9900	0.2641511,-0.0123623,-0.0029253,-0.9643976	0.9998821,-0.0050914,-0.0059464,0.0132110
25.0000	0.2641511,-0.0123623,-0.0029253,-0.9643976	0.9998821,-0.0050914,-0.0059464,0.0132110
25.0100	0.2641511,-0.0123623,-0.0029253,-0.9643976	0.9998821,-0.0050914,-0.0059464,0.0132110
25.0200	0.2641511,-0.0123623,-0.0029253,-0.9643976	0.9998821,-0.0050914,-0.0059464,0.0132110
25.0300	0.2641511,-0.0123623,-0.0029253,-0.9643976	0.9998821,-0.0050914,-0.0059464,0.0132110
25.0400	0.2641511,-0.0123623,-0.0029253,-0.9643976	0.9998821,-0.0050914,-0.0059464,0.0132110
25.0500	0.2641511,-0.0123623,-0.0029253,-0.9643976	0.9998821,-0.0050914,-0.0059464,0.0132110
25.0600	0.2641511,-0.0123623,-0.0029253,-0.9643976	0.9998821,-0.0050914,-0.0059464,0.0132110
25.0700	0.2641511,-0.0123623,-0.0029253,-0.9643976	0.9998821,-0.0050914,-0.0059464,0.0132110
25.0800	0.2641511,-0.0123623,-0.0029253,-0.9643976	0.9998821,-0.0050914,-0.0059464,0.0132110
25.0900	0.2641511,-0.0123623,-0.0029253,-0.9643976	0.9998821,-0.0050914,-0.0059464,0.0132110
25.1000	0.2641511,-0.0123623,-0.0029253,-0.9643976	0.9998821,-0.0050914,-0.0059464,0.0132110
25.1100	0.2641511,-0.0123623,-0.0029253,-0.9643976	0.9998821,-0.0050914,-0.0059464,0.0132110
25.1200	0.2641511,-0.0123623,-0.0029253,-0.9643976	0.9998821,-0.0050914,-0.0059464,0.0132110
25.1300	0.2641511,-0.0123623,-0.0029253,-0.9643976	0.9998821,-0.0050914,-0.0059464,0.0132110
25.1400	0.2641511,-0.0123623,-0.0029253,-0.9643976	0.9998821,-0.0050914,-0.0059464,0.0132110
25.1500	0.2641511,-0.0123623,-0.0029253,-0.9643976	0.9998821,-0.0050914,-0.0059464,0.0132110
25.1600	0.2641511,-0.0123623,-0.0029253,-0.9643976	0.9998821,-0.0050914,-0.0059464,0.0132110
25.1700	0.2641511,-0.0123623,-0.0029253,-0.9643976	0.9998821,-0.0050914,-0.0059464,0.0132110
25.1800	0.2641511,-0.0123623,-0.0029253,-0.9643976	0.9998821,-0.0050914,-0.0059464,0.0132110
25.1900	0.2641511,-0.0123623,-0.0029253,-0.9643976	0.9998821,-0.0050914,-0.0059464,0.0132110
25.2000	0.2641511,-0.0123623,-0.0029253,-0.9643976	0.9998821,-0.0050914,-0.0059464,0.0132110
25.2100	0.2641511,-0.0123623,-0.0029253,-0.9643976	0.9998821,-0.0050914,-0.0059464,0.0132110
25.2200	0.2641511,-0.0123623,-0.0029253,-0.9643976	0.9998821,-0.0050914,-0.0059464,0.0132110
25.2300	0.2641511,-0.0123623,-0.0029253,-0.9643976	0.9998821,-0.0050914,-0.0059464,0.0132110
25.2400	0.2641511,-0.0123623,-0.0029253,-0.9643976	0.9998821,-0.0050914,-0.0059464,0.0132110
25.2500	0.2641517,-0.0123496,-0.0029715,-0.9643975	0.9998821,-0.0050914,-0.0059464,0.0132110
25.2600	0.2641517,-0.0123482,-0.0029766,-0.9643975	0.9998821,-0.0050914,-0.0059464,0.0132110
25.2700	0.2641517,-0.0123482,-0.0029766,-0.9643975	0.9998823,-0.0050435,-0.0059457,0.0132113
25.2800	0.2641517,-0.0123482,-0.0029766,-0.9643975	0.9998824,-0.0050381,-0.0059457,0.0132113
25.2900	0.2641517,-0.0123482,-0.0029766,-0.9643975	0.9998824,-0.0050381,-0.0059457,0.0132113
25.3000	0.2641517,-0.0123482,-0.0029766,-0.9643975	0.9998824,-0.0050381,-0.0059457,0.0132113
25.3100	0.2641517,-0.0123482,-0.0029766,-0.9643975	0.9998824,-0.0050381,-0.0059457,0.0132113
25.3200	0.2641517,-0.0123482,-0.0029766,-0.9643975	0.9998824,-0.0050381,-0.0059457,0.0132113
25.3300	0.2641517,-0.0123482,-0.0029766,-0.9643975	0.9998824,-0.0050381,-0.0059457,0.0132113
25.3400	0.2641517,-0.0123482,-0.0029766,-0.9643975	0.9998824,-0.0050381,-0.0059457,0.0132113
25.3500	0.2641517,-0.0123482,-0.0029766,-0.9643975	0.9998824,-0.0050381,-0.0059457,0.0132113
25.3600	0.2641517,-0.0123482,-0.0029766,-0.9643975	0.9998824,-0.0050381,-0.0059457,0.0132113
25.3700	0.2641517,-0.0123482,-0.0029766,-0.9643975	0.9998824,-0.0050381,-0.0059457,0.0132113
25.3800	0.2641517,-0.0123482,-0.0029766,-0.9643975	0.9998824,-0.0050381,-0.0059457,0.0132113
25.3900	0.2641517,-0.0123482,-0.0029766,-0.9643975	0.9998824,-0.0050381,-0.0059457,0.0132113
25.4000	0.2641517,-0.0123482,-0.0029766,-0.9643975	0.9998824,-0.0050381,-0.0059457,0.0132113
25.4100	0.2641517,-0.0123482,-0.0029766,-0.9643975	0.9998824,-0.0050381,-0.0059457,0.0132113
25.4200	0.2641517,-0.0123482,-0.0029766,-0.9643975	0.9998824,-0.0050381,-0.0059457,0.0132113
25.4300	0.2641517,-0.0123482,-0.0029766,-0.9643975	0.9998824,-0.0050381,-0.0059457,0.0132113
25.4400	0.2641517,-0.0123482,-0.0029766,-0.9643975	0.9998824,-0.0050381,-0.0059457,0.0132113
25.4500	0.2641517,-0.0123482,-0.0029766,-0.9643975	0.9998824,-0.0050381,-0.0059457,0.0132113
25.4600	0.2641517,-0.0123482,-0.0029766,-0.9643975	0.9998824,-0.0050381,-0.0059457,0.0132113
25.4700	0.2641517,-0.0123482,-0.0029766,-0.9643975	0.9998824,-0.0050381,-0.0059457,0.0132113
25.4800	0.2641517,-0.0123482,-0.0029766,-0.9643975	0.9998824,-0.0050381,-0.0059457,0.0132113
25.4900	0.2641517,-0.0123482,-0.0029766,-0.9643975	0.9998824,-0.0050381,-0.0059457,0.0132113
25.5000	0.2641517,-0.0123482,-0.0029766,-0.9643975	0.9998824,-0.0050381,-0.0059457,0.0132113
25.5100	0.2641517,-0.0123482,-0.0029766,-0.9643975	0.9998824,-0.0050381,-0.0059457,0.0132113
25.5200	0.2641517,-0.0123482,-0.0029766,-0.9643975	0.9998824,-0.0050381,-0.0059457,0.0132113
25.5300	0.2641517,-0.0123482,-0.0029766,-0.9643975	0.9998824,-0.0050381,-0.0059457,0.0132113
25.5400	0.2641517,-0.0123482,-0.0029766,-0.9643975	0.9998824,-0.0050381,-0.0059457,0.0132113
25.5500	0.2641517,-0.0123482,-0.0029766,-0.9643975	0.9998824,-0.0050381,-0.0059457,0.0132113
25.5600	0.2641517,-0.0123482,-0.0029766,-0.9643975	0.9998824,-0.0050381,-0.0059457,0.0132113
25.5700	0.2641517,-0.0123482,-0.0029766,-0.9643975	0.9998824,-0.0050381,-0.0059457,0.0132113
25.5800	0.2641517,-0.0123482,-0.0029766,-0.9643975	0.9998824,-0.0050381,-0.0059457,0.0132113
25.5900	0.2641517,-0.0123482,-0.0029766,-0.9643975	0.9998824,-0.0050381,-0.0059457,0.0132113
25.6000	0.2641517,-0.0123482,-0.0029766,-0.9643975	0.9998824,-0.0050381,-0.0059457,0.0132113
25.6100	0.2641517,-0.0123482,-0.0029766,-0.9643975	0.9998824,-0.0050381,-0.0059457,0.0132113
25.6200	0.2641517,-0.0123482,-0.0029766,-0.9643975	0.9998824,-0.0050381,-0.0059457,0.0132113
25.6300	0.2641517,-0.0123482,-0.0029766,-0.9643975	0.9998824,-0.0050381,-0.0059457,0.0132113
25.6400	0.2641517,-0.0123482,-0.0029766,-0.9643975	0.9998824,-0.0050381,-0.0059457,0.0132113
25.6500	0.2641517,-0.0123482,-0.0029766,-0.9643975	0.9998824,-0.0050381,-0.0059457,0.0132113
25.6600	0.2641517,-0.0123482,-0.0029766,-0.9643975	0.9998824,-0.0050381,-0.0059457,0.0132113
25.6700	0.2641517,-0.0123482,-0.0029766,-0.9643975	0.9998824,-0.0050381,-0.0059457,0.0132113
25.6800	0.2641517,-0.0123482,-0.0029766,-0.9643975	0.9998824,-0.0050381,-0.0059457,0.0132113
25.6900	0.2641517,-0.0123482,-0.0029766,-0.9643975	0.9998824,-0.0050381,-0.0059457,0.0132113
25.7000	0.2641517,-0.0123482,-0.0029766,-0.9643975	0.9998824,-0.0050381,-0.0059457,0.0132113
25.7100	0.2641517,-0.0123482,-0.0029766,-0.9643975	0.9998824,-0.0050381,-0.0059457,0.0132113
25.7200	0.2641517,-0.0123482,-0.0029766,-0.9643975	0.9998824,-0.0050381,-0.0059457,0.0132113
25.7300	0.2641517,-0.0123482,-0.0029766,-0.9643975	0.9998824,-0.0050381,-0.0059457,0.0132113
25.7400	0.2641517,-0.0123482,-0.0029766,-0.9643975	0.9998824,-0.0050381,-0.0059457,0.0132113
25.7500	0.2641517,-0.0123482,-0.0029766,-0.9643975	0.9998824,-0.0050381,-0.0059457,0.0132113
25.7600	0.2641517,-0.0123482,-0.0029766,-0.9643975	0.9998824,-0.0050381,-0.0059457,0.0132113
25.7700	0.2641517,-0.0123482,-0.0029766,-0.9643975	0.9998824,-0.0050381,-0.0059457,0.0132113
25.7800	0.2641517,-0.0123482,-0.0029766,-0.9643975	0.9998824,-0.0050381,-0.0059457,0.0132113
25.7900	0.2641517,-0.0123482,-0.0029766,-0.9643975	0.9998824,-0.0050381,-0.0059457,0.0132113
25.8000	0.2641517,-0.0123482,-0.0029766,-0.9643975	0.9998824,-0.0050381,-0.0059457,0.0132113
25.8100	0.2641517,-0.0123482,-0.0029766,-0.9643975	0.9998824,-0.0050381,-0.0059457,0.0132113
25.8200	0.2641517,-0.0123482,-0.0029766,-0.9643975	0.9998824,-0.0050381,-0.0059457,0.0132113
25.8300	0.2641517,-0.0123482,-0.0029766,-0.9643975	0.9998824,-0.0050381,-0.0059457,0.0132113
25.8400	0.2641517,-0.0123482,-0.0029766,-0.9643975	0.9998824,-0.0050381,-0.0059457,0.0132113
25.8500	0.2641517,-0.0123482,-0.0029766,-0.9643975	0.9998824,-0.0050381,-0.0059457,0.0132113
25.8600	0.2641517,-0.0123482,-0.0029766,-0.9643975	0.9998824,-0.0050381,-0.0059457,0.0132113
25.8700	0.2641517,-0.0123482,-0.0029766,-0.9643975	0.9998824,-0.0050381,-0.0059457,0.0132113
25.8800	0.2641517,-0.0123482,-0.0029766,-0.9643975	0.9998824,-0.0050381,-0.0059457,0.0132113
25.8900	0.2641517,-0.0123482,-0.0029766,-0.9643975	0.9998824,-0.0050381,-0.0059457,0.0132113
25.9000	0.2641517,-0.0123482,-0.0029766,-0.9643975	0.9998824,-0.0050381,-0.0059457,0.0132113
25.9100	0.2641517,-0.0123482,-0.0029766,-0.9643975	0.9998824,-0.0050381,-0.0059457,0.0132113
25.9200	0.2641517,-0.0123482,-0.0029766,-0.9643975	0.9998824,-0.0050381,-0.0059457,0.0132113
25.9300	0.2641517,-0.0123482,-0.0029766,-0.9643975	0.9998824,-0.0050381,-0.0059457,0.0132113
25.9400	0.2641517,-0.0123482,-0.0029766,-0.9643975	0.9998824,-0.0050381,-0.0059457,0.0132113
25.9500	0.2641517,-0.0123482,-0.0029766,-0.9643975	0.9998824,-0.0050381,-0.0059457,0.0132113
25.9600	0.2641517,-0.0123482,-0.0029766,-0.9643975	0.9998824,-0.0050381,-0.0059457,0.0132113
25.9700	0.2641517,-0.0123482,-0.0029766,-0.9643975	0.9998824,-0.0050381,-0.0059457,0.0132113
25.9800	0.2641517,-0.0123482,-0.0029766,-0.9643975	0.9998824,-0.0050381,-0.0059457,0.0132113
25.9900	0.2641517,-0.0123482,-0.0029766,-0.9643975	0.9998824,-0.0050381,-0.0059457,0.0132113
26.0000	0.2641517,-0.0123482,-0.0029766,-0.9643975	0.9998824,-0.0050381,-0.0059457,0.0132113
26.0100	0.2641517,-0.0123482,-0.0029766,-0.9643975	0.9998824,-0.0050381,-0.0059457,0.0132113
26.0200	0.2641517,-0.0123482,-0.0029766,-0.9643975	0.9998824,-0.0050381,-0.0059457,0.0132113
26.0300	0.2641517,-0.0123482,-0.0029766,-0.9643975	0.9998824,-0.0050381,-0.0059457,0.0132113
26.0400	0.2641517,-0.0123482,-0.0029766,-0.9643975	0.9998824,-0.0050381,-0.0059457,0.0132113
26.0500	0.2641517,-0.0123482,-0.0029766,-0.9643975	0.9998824,-0.0050381,-0.0059457,0.0132113
26.0600	0.2641517,-0.0123482,-0.0029766,-0.9643975	0.9998824,-0.0050381,-0.0059457,0.0132113
26.0700	0.2641517,-0.0123482,-0.0029766,-0.9643975	0.9998824,-0.0050381,-0.0059457,0.0132113
26.0800	0.2641517,-0.0123482,-0.0029766,-0.9643975	0.9998824,-0.0050381,-0.0059457,0.0132113
26.0900	0.2641517,-0.0123482,-0.0029766,-0.9643975	0.9998824,-0.0050381,-0.0059457,0.0132113
26.1000	0.2641517,-0.0123482,-0.0029766,-0.9643975	0.9998824,-0.0050381,-0.0059457,0.0132113
26.1100	0.2641517,-0.0123482,-0.0029766,-0.9643975	0.9998824,-0.0050381,-0.0059457,0.0132113
26.1200	0.2641517,-0.0123482,-0.0029766,-0.9643975	0.9998824,-0.0050381,-0.0059457,0.0132113
26.1300	0.2641517,-0.0123482,-0.0029766,-0.9643975	0.9998824,-0.0050381,-0.0059457,0.0132113
26.1400	0.2641517,-0.0123482,-0.0029766,-0.9643975	0.9998824,-0.0050381,-0.0059457,0.0132113
26.1500	0.2641517,-0.0123482,-0.0029766,-0.9643975	0.9998824,-0.0050381,-0.0059457,0.0132113
26.1600	0.2641517,-0.0123482,-0.0029766,-0.9643975	0.9998824,-0.0050381,-0.0059457,0.0132113
26.1700	0.2641517,-0.0123482,-0.0029766,-0.9643975	0.9998824,-0.0050381,-0.0059457,0.0132113
26.1800	0.2641517,-0.0123482,-0.0029766,-0.9643975	0.9998824,-0.0050381,-0.0059457,0.0132113
26.1900	0.2641517,-0.0123482,-0.0029766,-0.9643975	0.9998824,-0.0050381,-0.0059457,0.0132113
26.2000	0.2641517,-0.0123482,-0.0029766,-0.9643975	0.9998824,-0.0050381,-0.0059457,0.0132113
26.2100	0.2641517,-0.0123482,-0.0029766,-0.9643975	0.9998824,-0.0050381,-0.0059457,0.0132113
26.2200	0.2641517,-0.0123482,-0.0029766,-0.9643975	0.9998824,-0.0050381,-0.0059457,0.0132113
26.2300	0.2641517,-0.0123482,-0.0029766,-0.9643975	0.9998824,-0.0050381,-0.0059457,0.0132113
26.2400	0.2641517,-0.0123482,-0.0029766,-0.9643975	0.9998824,-0.0050381,-0.0059457,0.0132113
26.2500	0.2641517,-0.0123482,-0.0029766,-0.9643975	0.9998824,-0.0050381,-0.0059457,0.0132113
26.2600	0.2641517,-0.0123482,-0.0029766,-0.9643975	0.9998824,-0.0050381,-0.0059457,0.0132113
26.2700	0.2641517,-0.0123482,-0.0029766,-0.9643975	0.9998824,-0.0050381,-0.0059457,0.0132113
26.2800	0.2641517,-0.0123482,-0.0029766,-0.9643975	0.9998824,-0.0050381,-0.0059457,0.0132113
26.2900	0.2641517,-0.0123482,-0.0029766,-0.9643975	0.9998824,-0.0050381,-0.0059457,0.0132113
26.3000	0.2641517,-0.0123482,-0.0029766,-0.9643975	0.9998824,-0.0050381,-0.0059457,0.0132113
26.3100	0.2641517,-0.0123482,-0.0029766,-0.9643975	0.9998824,-0.0050381,-0.0059457,0.0132113
26.3200	0.2641517,-0.0123482,-0.0029766,-0.9643975	0.9998824,-0.0050381,-0.0059457,0.0132113
26.3300	0.2641517,-0.0123482,-0.0029766,-0.9643975	0.9998824,-0.0050381,-0.0059457,0.0132113
26.3400	0.2641517,-0.0123482,-0.0029766,-0.9643975	0.9998824,-0.0050381,-0.0059457,0.0132113
26.3500	0.2641517,-0.0123482,-0.0029766,-0.9643975	0.9998824,-0.0050381,-0.0059457,0.0132113
26.3600	0.2641517,-0.0123482,-0.0029766,-0.9643975	0.9998824,-0.0050381,-0.0059457,0.0132113
26.3700	0.2641517,-0.0123482,-0.0029766,-0.9643975	0.9998824,-0.0050381,-0.0059457,0.0132113
26.3800	0.2641517,-0.0123482,-0.0029766,-0.9643975	0.9998824,-0.0050381,-0.0059457,0.0132113
26.3900	0.2641517,-0.0123482,-0.0029766,-0.9643975	0.9998824,-0.0050381,-0.0059457,0.0132113
26.4000	0.2641517,-0.0123482,-0.0029766,-0.9643975	0.9998824,-0.0050381,-0.0059457,0.0132113
26.4100	0.2641517,-0.0123482,-0.0029766,-0.9643975	0.9998824,-0.0050381,-0.0059457,0.0132113
26.4200	0.2641517,-0.0123482,-0.0029766,-0.9643975	0.9998824,-0.0050381,-0.0059457,0.0132113
26.4300	0.2641517,-0.0123482,-0.0029766,-0.9643975	0.9998824,-0.0050381,-0.0059457,0.0132113
26.4400	0.2641517,-0.0123482,-0.0029766,-0.9643975	0.9998824,-0.0050381,-0.0059457,0.0132113
26.4500	0.2641517,-0.0123482,-0.0029766,-0.9643975	0.9998824,-0.0050381,-0.0059457,0.0132113
26.4600	0.2641517,-0.0123482,-0.0029766,-0.9643975	0.9998824,-0.0050381,-0.0059457,0.0132113
26.4700	0.2641517,-0.0123482,-0.0029766,-0.9643975	0.9998824,-0.0050381,-0.0059457,0.0132113
26.4800	0.2641517,-0.0123482,-0.0029766,-0.9643975	0.9998824,-0.0050381,-0.0059457,0.0132113
26.4900	0.2641517,-0.0123482,-0.0029766,-0.9643975	0.9998824,-0.0050381,-0.0059457,0.0132113
26.5000	0.2641517,-0.0123482,-0.0029766,-0.9643975	0.9998824,-0.0050381,-0.0059457,0.0132113
26.5100	0.2641517,-0.0123482,-0.0029766,-0.9643975	0.9998824,-0.0050381,-0.0059457,0.0132113
26.5200	0.2641517,-0.0123482,-0.0029766,-0.9643975	0.9998824,-0.0050381,-0.0059457,0.0132113
26.5300	0.2641517,-0.0123482,-0.0029766,-0.9643975	0.9998824,-0.0050381,-0.0059457,0.0132113
26.5400	0.2641517,-0.0123482,-0.0029766,-0.9643975	0.9998824,-0.0050381,-0.0059457,0.0132113
26.5500	0.2641517,-0.0123482,-0.0029766,-0.9643975	0.9998824,-0.0050381,-0.0059457,0.0132113
26.5600	0.2641517,-0.0123482,-0.0029766,-0.9643975	0.9998824,-0.0050381,-0.0059457,0.0132113
26.5700	0.2641517,-0.0123482,-0.0029766,-0.9643975	0.9998824,-0.0050381,-0.0059457,0.0132113
26.5800	0.2641517,-0.0123482,-0.0029766,-0.9643975	0.9998824,-0.0050381,-0.0059457,0.0132113
26.5900	0.2641517,-0.0123482,-0.0029766,-0.9643975	0.9998824,-0.0050381,-0.0059457,0.0132113
26.6000	0.2641517,-0.0123482,-0.0029766,-0.9643975	0.9998824,-0.0050381,-0.0059457,0.0132113
26.6100	0.2641517,-0.0123482,-0.0029766,-0.9643975	0.9998824,-0.0050381,-0.0059457,0.0132113
26.6200	0.2641517,-0.0123482,-0.0029766,-0.9643975	0.9998824,-0.0050381,-0.0059457,0.0132113
26.6300	0.2641517,-0.0123482,-0.0029766,-0.9643975	0.9998824,-0.0050381,-0.0059457,0.0132113
26.6400	0.2641517,-0.0123482,-0.0029766,-0.9643975	0.9998824,-0.0050381,-0.0059457,0.0132113
26.6500	0.2641517,-0.0123482,-0.0029766,-0.9643975	0.9998824,-0.0050381,-0.0059457,0.0132113
26.6600	0.2641517,-0.0123482,-0.0029766,-0.9643975	0.9998824,-0.0050381,-0.0059457,0.0132113
26.6700	0.2641517,-0.0123482,-0.0029766,-0.9643975	0.9998824,-0.0050381,-0.0059457,0.0132113
26.6800	0.2641517,-0.0123482,-0.0029766,-0.9643975	0.9998824,-0.0050381,-0.0059457,0.0132113
26.6900	0.2641517,-0.0123482,-0.0029766,-0.9643975	0.9998824,-0.0050381,-0.0059457,0.0132113
26.7000	0.2641517,-0.0123482,-0.0029766,-0.9643975	0.9998824,-0.0050381,-0.0059457,0.0132113
26.7100	0.2641517,-0.0123482,-0.0029766,-0.9643975	0.9998824,-0.0050381,-0.0059457,0.0132113
26.7200	0.2641517,-0.0123482,-0.0029766,-0.9643975	0.9998824,-0.0050381,-0.0059457,0.0132113
26.7300	0.2641517,-0.0123482,-0.0029766,-0.9643975	0.9998824,-0.0050381,-0.0059457,0.0132113
26.7400	0.2641517,-0.0123482,-0.0029766,-0.9643975	0.9998824,-0.0050381,-0.0059457,0.0132113
26.7500	0.2641517,-0.0123482,-0.0029766,-0.9643975	0.9998824,-0.0050381,-0.0059457,0.0132113
26.7600	0.2641517,-0.0123482,-0.0029766,-0.9643975	0.9998824,-0.0050381,-0.0059457,0.0132113
26.7700	0.2641517,-0.0123482,-0.0029766,-0.9643975	0.9998824,-0.0050381,-0.0059457,0.0132113
26.7800	0.2641517,-0.0123482,-0.0029766,-0.9643975	0.9998824,-0.0050381,-0.0059457,0.0132113
26.7900	0.2641517,-0.0123482,-0.0029766,-0.9643975	0.9998824,-0.0050381,-0.0059457,0.0132113
26.8000	0.2641517,-0.0123482,-0.0029766,-0.9643975	0.9998824,-0.0050381,-0.0059457,0.0132113
26.8100	0.2641517,-0.0123482,-0.0029766,-0.9643975	0.9998824,-0.0050381,-0.0059457,0.0132113
26.8200	0.2641517,-0.0123482,-0.0029766,-0.9643975	0.9998824,-0.0050381,-0.0059457,0.0132113
26.8300	0.2641517,-0.0123482,-0.0029766,-0.9643975	0.9998824,-0.0050381,-0.0059457,0.0132113
26.8400	0.2641517,-0.0123482,-0.0029766,-0.9643975	0.9998824,-0.0050381,-0.0059457,0.0132113
26.8500	0.2641517,-0.0123482,-0.0029766,-0.9643975	0.9998824,-0.0050381,-0.0059457,0.0132113
26.8600	0.2641517,-0.0123482,-0.0029766,-0.9643975	0.9998824,-0.0050381,-0.0059457,0.0132113
26.8700	0.2641517,-0.0123482,-0.0029766,-0.9643975	0.9998824,-0.0050381,-0.0059457,0.0132113
26.8800	0.2641517,-0.0123482,-0.0029766,-0.9643975	0.9998824,-0.0050381,-0.0059457,0.0132113
26.8900	0.2641517,-0.0123482,-0.0029766,-0.9643975	0.9998824,-0.0050381,-0.0059457,0.0132113
26.9000	0.2641517,-0.0123482,-0.0029766,-0.9643975	0.9998824,-0.0050381,-0.0059457,0.0132113
26.9100	0.2641517,-0.0123482,-0.0029766,-0.9643975	0.9998824,-0.0050381,-0.0059457,0.0132113
26.9200	0.2641517,-0.0123482,-0.0029766,-0.9643975	0.9998824,-0.0050381,-0.0059457,0.0132113
26.9300	0.2641517,-0.0123482,-0.0029766,-0.9643975	0.9998824,-0.0050381,-0.0059457,0.0132113
26.9400	0.2641517,-0.0123482,-0.0029766,-0.9643975	0.9998824,-0.0050381,-0.0059457,0.0132113
26.9500	0.2641517,-0.0123482,-0.0029766,-0.9643975	0.9998824,-0.0050381,-0.0059457,0.0132113
26.9600	0.2641517,-0.0123482,-0.0029766,-0.9643975	0.9998824,-0.0050381,-0.0059457,0.0132113
26.9700	0.2641517,-0.0123482,-0.0029766,-0.9643975	0.9998824,-0.0050381,-0.0059457,0.0132113
26.9800	0.2641517,-0.0123482,-0.0029766,-0.9643975	0.9998824,-0.0050381,-0.0059457,0.0132113
26.9900	0.2641517,-0.0123482,-0.0029766,-0.9643975	0.9998824,-0.0050381,-0.0059457,0.0132113
27.0000	0.2641517,-0.0123482,-0.0029766,-0.9643975	0.9998824,-0.0050381,-0.0059457,0.0132113
27.0100	0.2641517,-0.0123482,-0.0029766,-0.9643975	0.9998824,-0.0050381,-0.0059457,0.0132113
27.0200	0.2641517,-0.0123482,-0.0029766,-0.9643975	0.9998824,-0.0050381,-0.0059457,0.0132113
27.0300	0.2641517,-0.0123482,-0.0029766,-0.9643975	0.9998824,-0.0050381,-0.0059457,0.0132113
27.0400	0.2641517,-0.0123482,-0.0029766,-0.9643975	0.9998824,-0.0050381,-0.0059457,0.0132113
27.0500	0.2641517,-0.0123482,-0.0029766,-0.9643975	0.9998824,-0.0050381,-0.0059457,0.0132113
27.0600	0.2641517,-0.0123482,-0.0029766,-0.9643975	0.9998824,-0.0050381,-0.0059457,0.0132113
27.0700	0.2641517,-0.0123482,-0.0029766,-0.9643975	0.9998824,-0.0050381,-0.0059457,0.0132113
27.0800	0.2641519,-0.0123451,-0.0029878,-0.9643975	0.9998824,-0.0050381,-0.0059457,0.0132113
27.0900	0.2641525,-0.0123329,-0.0030325,-0.9643973	0.9998824,-0.0050381,-0.0059457,0.0132113
27.1000	0.2641525,-0.0123329,-0.0030325,-0.9643973	0.9998824,-0.0050381,-0.0059457,0.0132113
27.1100	0.2641525,-0.0123329,-0.0030325,-0.9643973	0.9998824,-0.0050381,-0.0059457,0.0132113
27.1200	0.2641525,-0.0123329,-0.0030325,-0.9643973	0.9998824,-0.0050381,-0.0059457,0.0132113
27.1300	0.2641525,-0.0123329,-0.0030325,-0.9643973	0.9998824,-0.0050381,-0.0059457,0.0132113
27.1400	0.2641525,-0.0123329,-0.0030325,-0.9643973	0.9998824,-0.0050381,-0.0059457,0.0132113
27.1500	0.2641525,-0.0123329,-0.0030325,-0.9643973	0.9998824,-0.0050381,-0.0059457,0.0132113
27.1600	0.2641525,-0.0123329,-0.0030325,-0.9643973	0.9998824,-0.0050381,-0.0059457,0.0132113
27.1700	0.2641525,-0.0123329,-0.0030325,-0.9643973	0.9998824,-0.0050381,-0.0059457,0.0132113
27.1800	0.2641525,-0.0123329,-0.0030325,-0.9643973	0.9998824,-0.0050381,-0.0059457,0.0132113
27.1900	0.2641525,-0.0123329,-0.0030325,-0.9643973	0.9998824,-0.0050381,-0.0059457,0.0132113
27.2000	0.2641525,-0.0123329,-0.0030325,-0.9643973	0.9998824,-0.0050381,-0.0059457,0.0132113
27.2100	0.2641525,-0.0123329,-0.0030325,-0.9643973	0.9998824,-0.0050381,-0.0059457,0.0132113
27.2200	0.2641525,-0.0123329,-0.0030325,-0.9643973	0.9998824,-0.0050381,-0.0059457,0.0132113
27.2300	0.2641525,-0.0123329,-0.0030325,-0.9643973	0.9998824,-0.0050381,-0.0059457,0.0132113
27.2400	0.2641525,-0.0123329,-0.0030325,-0.9643973	0.9998824,-0.0050381,-0.0059457,0.0132113
27.2500	0.2641525,-0.0123329,-0.0030325,-0.9643973	0.9998824,-0.0050381,-0.0059457,0.0132113
27.2600	0.2641525,-0.0123329,-0.0030325,-0.9643973	0.9998824,-0.0050381,-0.0059457,0.0132113
27.2700	0.2641525,-0.0123329,-0.0030325,-0.9643973	0.9998824,-0.0050381,-0.0059457,0.0132113
27.2800	0.2641525,-0.0123329,-0.0030325,-0.9643973	0.9998824,-0.0050381,-0.0059457,0.0132113
27.2900	0.2641525,-0.0123329,-0.0030325,-0.9643973	0.9998824,-0.0050381,-0.0059457,0.0132113
27.3000	0.2641525,-0.0123329,-0.0030325,-0.9643973	0.9998824,-0.0050381,-0.0059457,0.0132113
27.3100	0.2641525,-0.0123329,-0.0030325,-0.9643973	0.9998824,-0.0050381,-0.0059457,0.0132113
27.3200	0.2641525,-0.0123329,-0.0030325,-0.9643973	0.9998824,-0.0050381,-0.0059457,0.0132113
27.3300	0.2641525,-0.0123329,-0.0030325,-0.9643973	0.9998824,-0.0050381,-0.0059457,0.0132113
27.3400	0.2641525,-0.0123329,-0.0030325,-0.9643973	0.9998824,-0.0050381,-0.0059457,0.0132113
27.3500	0.2641525,-0.0123329,-0.0030325,-0.9643973	0.9998824,-0.0050381,-0.0059457,0.0132113
27.3600	0.2641525,-0.0123329,-0.0030325,-0.9643973	0.9998824,-0.0050381,-0.0059457,0.0132113
27.3700	0.2641525,-0.0123329,-0.0030325,-0.9643973	0.9998824,-0.0050381,-0.0059457,0.0132113
27.3800	0.2641525,-0.0123329,-0.0030325,-0.9643973	0.9998824,-0.0050381,-0.0059457,0.0132113
27.3900	0.2641525,-0.0123329,-0.0030325,-0.9643973	0.9998824,-0.0050381,-0.0059457,0.0132113
27.4000	0.2641525,-0.0123329,-0.0030325,-0.9643973	0.9998824,-0.0050381,-0.0059457,0.0132113
27.4100	0.2641525,-0.0123329,-0.0030325,-0.9643973	0.9998824,-0.0050381,-0.0059457,0.0132113
27.4200	0.2641525,-0.0123329,-0.0030325,-0.9643973	0.9998824,-0.0050381,-0.0059457,0.0132113
27.4300	0.2641525,-0.0123329,-0.0030325,-0.9643973	0.9998824,-0.0050381,-0.0059457,0.0132113
27.4400	0.2641525,-0.0123329,-0.0030325,-0.9643973	0.9998824,-0.0050381,-0.0059457,0.0132113
27.4500	0.2641525,-0.0123329,-0.0030325,-0.9643973	0.9998824,-0.0050381,-0.0059457,0.0132113
27.4600	0.2641525,-0.0123329,-0.0030325,-0.9643973	0.9998824,-0.0050381,-0.0059457,0.0132113
27.4700	0.2641525,-0.0123329,-0.0030325,-0.9643973	0.9998824,-0.0050381,-0.0059457,0.0132113
27.4800	0.2641525,-0.0123329,-0.0030325,-0.9643973	0.9998824,-0.0050381,-0.0059457,0.0132113
27.4900	0.2641525,-0.0123329,-0.0030325,-0.9643973	0.9998824,-0.0050381,-0.0059457,0.0132113
27.5000	0.2641525,-0.0123329,-0.0030325,-0.9643973	0.9998824,-0.0050381,-0.0059457,0.0132113
27.5100	0.2641525,-0.0123329,-0.0030325,-0.9643973	0.9998824,-0.0050381,-0.0059457,0.0132113
27.5200	0.2641525,-0.0123329,-0.0030325,-0.9643973	0.9998824,-0.0050381,-0.0059457,0.0132113
27.5300	0.2641525,-0.0123329,-0.0030325,-0.9643973	0.9998824,-0.0050381,-0.0059457,0.0132113
27.5400	0.2641525,-0.0123329,-0.0030325,-0.9643973	0.9998824,-0.0050381,-0.0059457,0.0132113
27.5500	0.2641525,-0.0123329,-0.0030325,-0.9643973	0.9998824,-0.0050381,-0.0059457,0.0132113
27.5600	0.2641525,-0.0123329,-0.0030325,-0.9643973	0.9998824,-0.0050381,-0.0059457,0.0132113
27.5700	0.2641525,-0.0123329,-0.0030325,-0.9643973	0.9998824,-0.0050381,-0.0059457,0.0132113
27.5800	0.2641525,-0.0123329,-0.0030325,-0.9643973	0.9998824,-0.0050381,-0.0059457,0.0132113
27.5900	0.2641525,-0.0123329,-0.0030325,-0.9643973	0.9998824,-0.0050381,-0.0059457,0.0132113
27.6000	0.2641525,-0.0123329,-0.0030325,-0.9643973	0.9998824,-0.0050381,-0.0059457,0.0132113
27.6100	0.2641525,-0.0123329,-0.0030325,-0.9643973	0.9998824,-0.0050381,-0.0059457,0.0132113
27.6200	0.2641525,-0.0123329,-0.0030325,-0.9643973	0.9998824,-0.0050381,-0.0059457,0.0132113
27.6300	0.2641525,-0.0123329,-0.0030325,-0.9643973	0.9998824,-0.0050381,-0.0059457,0.0132113
27.6400	0.2641525,-0.0123329,-0.0030325,-0.9643973	0.9998824,-0.0050381,-0.0059457,0.0132113
27.6500	0.2641525,-0.0123329,-0.0030325,-0.9643973	0.9998824,-0.0050381,-0.0059457,0.0132113
27.6600	0.2641525,-0.0123329,-0.0030325,-0.9643973	0.9998824,-0.0050381,-0.0059457,0.0132113
27.6700	0.2641525,-0.0123329,-0.0030325,-0.9643973	0.9998824,-0.0050381,-0.0059457,0.0132113
27.6800	0.2641525,-0.0123329,-0.0030325,-0.9643973	0.9998824,-0.0050381,-0.0059457,0.0132113
27.6900	0.2641525,-0.0123329,-0.0030325,-0.9643973	0.9998824,-0.0050381,-0.0059457,0.0132113
27.7000	0.2641525,-0.0123329,-0.0030325,-0.9643973	0.9998824,-0.0050381,-0.0059457,0.0132113
27.7100	0.2641525,-0.0123329,-0.0030325,-0.9643973	0.9998824,-0.0050381,-0.0059457,0.0132113
27.7200	0.2641525,-0.0123329,-0.0030325,-0.9643973	0.9998824,-0.0050381,-0.0059457,0.0132113
27.7300	0.2641525,-0.0123329,-0.0030325,-0.9643973	0.9998824,-0.0050381,-0.0059457,0.0132113
27.7400	0.2641525,-0.0123329,-0.0030325,-0.9643973	0.9998824,-0.0050381,-0.0059457,0.0132113
27.7500	0.2641525,-0.0123329,-0.0030325,-0.9643973	0.9998824,-0.0050381,-0.0059457,0.0132113
27.7600	0.2641525,-0.0123329,-0.0030325,-0.9643973	0.9998824,-0.0050381,-0.0059457,0.0132113
27.7700	0.2641525,-0.0123329,-0.0030325,-0.9643973	0.9998824,-0.0050381,-0.0059457,0.0132113
27.7800	0.2641525,-0.0123329,-0.0030325,-0.9643973	0.9998824,-0.0050381,-0.0059457,0.0132113
27.7900	0.2641525,-0.0123329,-0.0030325,-0.9643973	0.9998824,-0.0050381,-0.0059457,0.0132113
27.8000	0.2641525,-0.0123329,-0.0030325,-0.9643973	0.9998824,-0.0050381,-0.0059457,0.0132113
27.8100	0.2641525,-0.0123329,-0.0030325,-0.9643973	0.9998824,-0.0050381,-0.0059457,0.0132113
27.8200	0.2641525,-0.0123329,-0.0030325,-0.9643973	0.9998824,-0.0050381,-0.0059457,0.0132113
27.8300	0.2641525,-0.0123329,-0.0030325,-0.9643973	0.9998824,-0.0050381,-0.0059457,0.0132113
27.8400	0.2641525,-0.0123329,-0.0030325,-0.9643973	0.9998824,-0.0050381,-0.0059457,0.0132113
27.8500	0.2641525,-0.0123329,-0.0030325,-0.9643973	0.9998824,-0.0050381,-0.0059457,0.0132113
27.8600	0.2641525,-0.0123329,-0.0030325,-0.9643973	0.9998824,-0.0050381,-0.0059457,0.0132113
27.8700	0.2641525,-0.0123329,-0.0030325,-0.9643973	0.9998824,-0.0050381,-0.0059457,0.0132113
27.8800	0.2641525,-0.0123329,-0.0030325,-0.9643973	0.9998824,-0.0050381,-0.0059457,0.0132113
27.8900	0.2641525,-0.0123329,-0.0030325,-0.9643973	0.9998824,-0.0050381,-0.0059457,0.0132113
27.9000	0.2641525,-0.0123329,-0.0030325,-0.9643973	0.9998824,-0.0050381,-0.0059457,0.0132113
27.9100	0.2641525,-0.0123329,-0.0030325,-0.9643973	0.9998824,-0.0050381,-0.0059457,0.0132113
27.9200	0.2641525,-0.0123329,-0.0030325,-0.9643973	0.9998824,-0.0050381,-0.0059457,0.0132113
27.9300	0.2641525,-0.0123329,-0.0030325,-0.9643973	0.9998824,-0.0050381,-0.0059457,0.0132113
27.9400	0.2641525,-0.0123329,-0.0030325,-0.9643973	0.9998824,-0.0050381,-0.0059457,0.0132113
27.9500	0.2641525,-0.0123329,-0.0030325,-0.9643973	0.9998824,-0.0050381,-0.0059457,0.0132113
27.9600	0.2641525,-0.0123329,-0.0030325,-0.9643973	0.9998824,-0.0050381,-0.0059457,0.0132113
27.9700	0.2641525,-0.0123329,-0.0030325,-0.9643973	0.9998824,-0.0050381,-0.0059457,0.0132113
27.9800	0.2641525,-0.0123329,-0.0030325,-0.9643973	0.9998824,-0.0050381,-0.0059457,0.0132113
27.9900	0.2641525,-0.0123329,-0.0030325,-0.9643973	0.9998824,-0.0050381,-0.0059457,0.0132113
28.0000	0.2641525,-0.0123329,-0.0030325,-0.9643973	0.9998824,-0.0050381,-0.0059457,0.0132113
28.0100	0.2641525,-0.0123329,-0.0030325,-0.9643973	0.9998824,-0.0050381,-0.0059457,0.0132113
28.0200	0.2641525,-0.0123329,-0.0030325,-0.9643973	0.9998824,-0.0050381,-0.0059457,0.0132113
28.0300	0.2641525,-0.0123329,-0.0030325,-0.9643973	0.9998824,-0.0050381,-0.0059457,0.0132113
28.0400	0.2641525,-0.0123329,-0.0030325,-0.9643973	0.9998824,-0.0050381,-0.0059457,0.0132113
28.0500	0.2641525,-0.0123329,-0.0030325,-0.9643973	0.9998824,-0.0050381,-0.0059457,0.0132113
28.0600	0.2641525,-0.0123329,-0.0030325,-0.9643973	0.9998824,-0.0050381,-0.0059457,0.0132113
28.0700	0.2641525,-0.0123329,-0.0030325,-0.9643973	0.9998824,-0.0050381,-0.0059457,0.0132113
28.0800	0.2641525,-0.0123329,-0.0030325,-0.9643973	0.9998824,-0.0050381,-0.0059457,0.0132113
28.0900	0.2641525,-0.0123329,-0.0030325,-0.9643973	0.9998824,-0.0050381,-0.0059457,0.0132113
28.1000	0.2641525,-0.0123329,-0.0030325,-0.9643973	0.9998824,-0.0050381,-0.0059457,0.0132113
28.1100	0.2641525,-0.0123329,-0.0030325,-0.9643973	0.9998824,-0.0050381,-0.0059457,0.0132113
28.1200	0.2641525,-0.0123329,-0.0030325,-0.9643973	0.9998824,-0.0050381,-0.0059457,0.0132113
28.1300	0.2641525,-0.0123329,-0.0030325,-0.9643973	0.9998824,-0.0050381,-0.0059457,0.0132113
28.1400	0.2641525,-0.0123329,-0.0030325,-0.9643973	0.9998824,-0.0050381,-0.0059457,0.0132113
28.1500	0.2641525,-0.0123329,-0.0030325,-0.9643973	0.9998824,-0.0050381,-0.0059457,0.0132113
28.1600	0.2641525,-0.0123329,-0.0030325,-0.9643973	0.9998824,-0.0050381,-0.0059457,0.0132113
28.1700	0.2641525,-0.0123329,-0.0030325,-0.9643973	0.9998824,-0.0050381,-0.0059457,0.0132113
28.1800	0.2641525,-0.0123329,-0.0030325,-0.9643973	0.9998824,-0.0050381,-0.0059457,0.0132113
28.1900	0.2641525,-0.0123329,-0.0030325,-0.9643973	0.9998824,-0.0050381,-0.0059457,0.0132113
28.2000	0.2641525,-0.0123329,-0.0030325,-0.9643973	0.9998824,-0.0050381,-0.0059457,0.0132113
28.2100	0.2641525,-0.0123329,-0.0030325,-0.9643973	0.9998824,-0.0050381,-0.0059457,0.0132113
28.2200	0.2641525,-0.0123329,-0.0030325,-0.9643973	0.9998824,-0.0050381,-0.0059457,0.0132113
28.2300	0.2641525,-0.0123329,-0.0030325,-0.9643973	0.9998824,-0.0050381,-0.0059457,0.0132113
28.2400	0.2641525,-0.0123329,-0.0030325,-0.9643973	0.9998824,-0.0050381,-0.0059457,0.0132113
28.2500	0.2641525,-0.0123329,-0.0030325,-0.9643973	0.9998824,-0.0050381,-0.0059457,0.0132113
28.2600	0.2641525,-0.0123329,-0.0030325,-0.9643973	0.9998824,-0.0050381,-0.0059457,0.0132113
28.2700	0.2641525,-0.0123329,-0.0030325,-0.9643973	0.9998824,-0.0050381,-0.0059457,0.0132113
28.2800	0.2641525,-0.0123329,-0.0030325,-0.9643973	0.9998824,-0.0050381,-0.0059457,0.0132113
28.2900	0.2641525,-0.0123329,-0.0030325,-0.9643973	0.9998824,-0.0050381,-0.0059457,0.0132113
28.3000	0.2641525,-0.0123329,-0.0030325,-0.9643973	0.9998824,-0.0050381,-0.0059457,0.0132113
28.3100	0.2641525,-0.0123329,-0.0030325,-0.9643973	0.9998824,-0.0050381,-0.0059457,0.0132113
28.3200	0.2641525,-0.0123329,-0.0030325,-0.9643973	0.9998824,-0.0050381,-0.0059457,0.0132113
28.3300	0.2641525,-0.0123329,-0.0030325,-0.9643973	0.9998824,-0.0050381,-0.0059457,0.0132113
28.3400	0.2641525,-0.0123329,-0.0030325,-0.9643973	0.9998824,-0.0050381,-0.0059457,0.0132113
28.3500	0.2641525,-0.0123329,-0.0030325,-0.9643973	0.9998824,-0.0050381,-0.0059457,0.0132113
28.3600	0.2641525,-0.0123329,-0.0030325,-0.9643973	0.9998824,-0.0050381,-0.0059457,0.0132113
28.3700	0.2641525,-0.0123329,-0.0030325,-0.9643973	0.9998824,-0.0050381,-0.0059457,0.0132113
28.3800	0.2641525,-0.0123329,-0.0030325,-0.9643973	0.9998824,-0.0050381,-0.0059457,0.0132113
28.3900	0.2641525,-0.0123329,-0.0030325,-0.9643973	0.9998824,-0.0050381,-0.0059457,0.0132113
28.4000	0.2641525,-0.0123329,-0.0030325,-0.9643973	0.9998824,-0.0050381,-0.0059457,0.0132113
28.4100	0.2641525,-0.0123329,-0.0030325,-0.9643973	0.9998824,-0.0050381,-0.0059457,0.0132113
28.4200	0.2641525,-0.0123329,-0.0030325,-0.9643973	0.9998824,-0.0050381,-0.0059457,0.0132113
28.4300	0.2641525,-0.0123329,-0.0030325,-0.9643973	0.9998824,-0.0050381,-0.0059457,0.0132113
28.4400	0.2641525,-0.0123329,-0.0030325,-0.9643973	0.9998824,-0.0050381,-0.0059457,0.0132113
28.4500	0.2641525,-0.0123329,-0.0030325,-0.9643973	0.9998824,-0.0050381,-0.0059457,0.0132113
28.4600	0.2641525,-0.0123329,-0.0030325,-0.9643973	0.9998824,-0.0050381,-0.0059457,0.0132113
28.4700	0.2641525,-0.0123329,-0.0030325,-0.9643973	0.9998824,-0.0050381,-0.0059457,0.0132113
28.4800	0.2641525,-0.0123329,-0.0030325,-0.9643973	0.9998824,-0.0050381,-0.0059457,0.0132113
28.4900	0.2641525,-0.0123329,-0.0030325,-0.9643973	0.9998824,-0.0050381,-0.0059457,0.0132113
28.5000	0.2641525,-0.0123329,-0.0030325,-0.9643973	0.9998824,-0.0050381,-0.0059457,0.0132113
28.5100	0.2641525,-0.0123329,-0.0030325,-0.9643973	0.9998824,-0.0050381,-0.0059457,0.0132113
28.5200	0.2641525,-0.0123329,-0.0030325,-0.9643973	0.9998824,-0.0050381,-0.0059457,0.0132113
28.5300	0.2641525,-0.0123329,-0.0030325,-0.9643973	0.9998824,-0.0050381,-0.0059457,0.0132113
28.5400	0.2641525,-0.0123329,-0.0030325,-0.9643973	0.9998824,-0.0050381,-0.0059457,0.0132113
28.5500	0.2641525,-0.0123329,-0.0030325,-0.9643973	0.9998824,-0.0050381,-0.0059457,0.0132113
28.5600	0.2641525,-0.0123329,-0.0030325,-0.9643973	0.9998824,-0.0050381,-0.0059457,0.0132113
28.5700	0.2641525,-0.0123329,-0.0030325,-0.9643973	0.9998824,-0.0050381,-0.0059457,0.0132113
28.5800	0.2641525,-0.0123329,-0.0030325,-0.9643973	0.9998824,-0.0050381,-0.0059457,0.0132113
28.5900	0.2641525,-0.0123329,-0.0030325,-0.9643973	0.9998824,-0.0050381,-0.0059457,0.0132113
28.6000	0.2641525,-0.0123329,-0.0030325,-0.9643973	0.9998824,-0.0050381,-0.0059457,0.0132113
28.6100	0.2641525,-0.0123329,-0.0030325,-0.9643973	0.9998824,-0.0050381,-0.0059457,0.0132113
28.6200	0.2641525,-0.0123329,-0.0030325,-0.9643973	0.9998824,-0.0050381,-0.0059457,0.0132113
28.6300	0.2641525,-0.0123329,-0.0030325,-0.9643973	0.9998824,-0.0050381,-0.0059457,0.0132113
28.6400	0.2641525,-0.0123329,-0.0030325,-0.9643973	0.9998824,-0.0050381,-0.0059457,0.0132113
28.6500	0.2641525,-0.0123329,-0.0030325,-0.9643973	0.9998824,-0.0050381,-0.0059457,0.0132113
28.6600	0.2641525,-0.0123329,-0.0030325,-0.9643973	0.9998824,-0.0050381,-0.0059457,0.0132113
28.6700	0.2641525,-0.0123329,-0.0030325,-0.9643973	0.9998824,-0.0050381,-0.0059457,0.0132113
28.6800	0.2641525,-0.0123329,-0.0030325,-0.9643973	0.9998824,-0.0050381,-0.0059457,0.0132113
28.6900	0.2641525,-0.0123329,-0.0030325,-0.9643973	0.9998824,-0.0050381,-0.0059457,0.0132113
28.7000	0.2641525,-0.0123329,-0.0030325,-0.9643973	0.9998824,-0.0050381,-0.0059457,0.0132113
28.7100	0.2641525,-0.0123329,-0.0030325,-0.9643973	0.9998824,-0.0050381,-0.0059457,0.0132113
28.7200	0.2641525,-0.0123329,-0.0030325,-0.9643973	0.9998824,-0.0050381,-0.0059457,0.0132113
28.7300	0.2641525,-0.0123329,-0.0030325,-0.9643973	0.9998824,-0.0050381,-0.0059457,0.0132113
28.7400	0.2641525,-0.0123329,-0.0030325,-0.9643973	0.9998824,-0.0050381,-0.0059457,0.0132113
28.7500	0.2641525,-0.0123329,-0.0030325,-0.9643973	0.9998824,-0.0050381,-0.0059457,0.0132113
28.7600	0.2641525,-0.0123329,-0.0030325,-0.9643973	0.9998824,-0.0050381,-0.0059457,0.0132113
28.7700	0.2641525,-0.0123329,-0.0030325,-0.9643973	0.9998824,-0.0050381,-0.0059457,0.0132113
28.7800	0.2641525,-0.0123329,-0.0030325,-0.9643973	0.9998824,-0.0050381,-0.0059457,0.0132113
28.7900	0.2641525,-0.0123329,-0.0030325,-0.9643973	0.9998824,-0.0050381,-0.0059457,0.0132113
28.8000	0.2641525,-0.0123329,-0.0030325,-0.9643973	0.9998824,-0.0050381,-0.0059457,0.0132113
28.8100	0.2641525,-0.0123329,-0.0030325,-0.9643973	0.9998824,-0.0050381,-0.0059457,0.0132113
28.8200	0.2641525,-0.0123329,-0.0030325,-0.9643973	0.9998824,-0.0050381,-0.0059457,0.0132113
28.8300	0.2641525,-0.0123329,-0.0030325,-0.9643973	0.9998824,-0.0050381,-0.0059457,0.0132113
28.8400	0.2641525,-0.0123329,-0.0030325,-0.9643973	0.9998824,-0.0050381,-0.0059457,0.0132113
28.8500	0.2641525,-0.0123329,-0.0030325,-0.9643973	0.9998824,-0.0050381,-0.0059457,0.0132113
28.8600	0.2641525,-0.0123329,-0.0030325,-0.9643973	0.9998824,-0.0050381,-0.0059457,0.0132113
28.8700	0.2641525,-0.0123329,-0.0030325,-0.9643973	0.9998824,-0.0050381,-0.0059457,0.0132113
28.8800	0.2641525,-0.0123329,-0.0030325,-0.9643973	0.9998824,-0.0050381,-0.0059457,0.0132113
28.8900	0.2641525,-0.0123329,-0.0030325,-0.9643973	0.9998824,-0.0050381,-0.0059457,0.0132113
28.9000	0.2641525,-0.0123329,-0.0030325,-0.9643973	0.9998824,-0.0050381,-0.0059457,0.0132113
28.9100	0.2641525,-0.0123329,-0.0030325,-0.9643973	0.9998824,-0.0050381,-0.0059457,0.0132113
28.9200	0.2641525,-0.0123329,-0.0030325,-0.9643973	0.9998824,-0.0050381,-0.0059457,0.0132113
28.9300	0.2641525,-0.0123329,-0.0030325,-0.9643973	0.9998824,-0.0050381,-0.0059457,0.0132113
28.9400	0.2641525,-0.0123329,-0.0030325,-0.9643973	0.9998824,-0.0050381,-0.0059457,0.0132113
28.9500	0.2641525,-0.0123329,-0.0030325,-0.9643973	0.9998824,-0.0050381,-0.0059457,0.0132113
28.9600	0.2641525,-0.0123329,-0.0030325,-0.9643973	0.9998824,-0.0050381,-0.0059457,0.0132113
28.9700	0.2641525,-0.0123329,-0.0030325,-0.9643973	0.9998824,-0.0050381,-0.0059457,0.0132113
28.9800	0.2641525,-0.0123329,-0.0030325,-0.9643973	0.9998824,-0.0050381,-0.0059457,0.0132113
28.9900	0.2641525,-0.0123329,-0.0030325,-0.9643973	0.9998824,-0.0050381,-0.0059457,0.0132113
29.0000	0.2641525,-0.0123329,-0.0030325,-0.9643973	0.9998824,-0.0050381,-0.0059457,0.0132113
29.0100	0.2641525,-0.0123329,-0.0030325,-0.9643973	0.9998824,-0.0050381,-0.0059457,0.0132113
29.0200	0.2641525,-0.0123329,-0.0030325,-0.9643973	0.9998824,-0.0050381,-0.0059457,0.0132113
29.0300	0.2641525,-0.0123329,-0.0030325,-0.9643973	0.9998824,-0.0050381,-0.0059457,0.0132113
29.0400	0.2641525,-0.0123329,-0.0030325,-0.9643973	0.9998824,-0.0050381,-0.0059457,0.0132113
29.0500	0.2641525,-0.0123329,-0.0030325,-0.9643973	0.9998824,-0.0050381,-0.0059457,0.0132113
29.0600	0.2641525,-0.0123329,-0.0030325,-0.9643973	0.9998824,-0.0050381,-0.0059457,0.0132113
29.0700	0.2641525,-0.0123329,-0.0030325,-0.9643973	0.9998824,-0.0050381,-0.0059457,0.0132113
29.0800	0.2641525,-0.0123329,-0.0030325,-0.9643973	0.9998824,-0.0050381,-0.0059457,0.0132113
29.0900	0.2641525,-0.0123329,-0.0030325,-0.9643973	0.9998824,-0.0050381,-0.0059457,0.0132113
29.1000	0.2641525,-0.0123329,-0.0030325,-0.9643973	0.9998824,-0.0050381,-0.0059457,0.0132113
29.1100	0.2641525,-0.0123329,-0.0030325,-0.9643973	0.9998824,-0.0050381,-0.0059457,0.0132113
29.1200	0.2641525,-0.0123329,-0.0030325,-0.9643973	0.9998824,-0.0050381,-0.0059457,0.0132113
29.1300	0.2641525,-0.0123329,-0.0030325,-0.9643973	0.9998824,-0.0050381,-0.0059457,0.0132113
29.1400	0.2641525,-0.0123329,-0.0030325,-0.9643973	0.9998824,-0.0050381,-0.0059457,0.0132113
29.1500	0.2641525,-0.0123329,-0.0030325,-0.9643973	0.9998824,-0.0050381,-0.0059457,0.0132113
29.1600	0.2641525,-0.0123329,-0.0030325,-0.9643973	0.9998824,-0.0050381,-0.0059457,0.0132113
29.1700	0.2641525,-0.0123329,-0.0030325,-0.9643973	0.9998824,-0.0050381,-0.0059457,0.0132113
29.1800	0.2641525,-0.0123329,-0.0030325,-0.9643973	0.9998824,-0.0050381,-0.0059457,0.0132113
29.1900	0.2641525,-0.0123329,-0.0030325,-0.9643973	0.9998824,-0.0050381,-0.0059457,0.0132113
29.2000	0.2641525,-0.0123329,-0.0030325,-0.9643973	0.9998824,-0.0050381,-0.0059457,0.0132113
29.2100	0.2641525,-0.0123329,-0.0030325,-0.9643973	0.9998824,-0.0050381,-0.0059457,0.0132113
29.2200	0.2641525,-0.0123329,-0.0030325,-0.9643973	0.9998824,-0.0050381,-0.0059457,0.0132113
29.2300	0.2641525,-0.0123329,-0.0030325,-0.9643973	0.9998824,-0.0050381,-0.0059457,0.0132113
29.2400	0.2641525,-0.0123329,-0.0030325,-0.9643973	0.9998824,-0.0050381,-0.0059457,0.0132113
29.2500	0.2641525,-0.0123329,-0.0030325,-0.9643973	0.9998824,-0.0050381,-0.0059457,0.0132113
29.2600	0.2641525,-0.0123329,-0.0030325,-0.9643973	0.9998824,-0.0050381,-0.0059457,0.0132113
29.2700	0.2641525,-0.0123329,-0.0030325,-0.9643973	0.9998824,-0.0050381,-0.0059457,0.0132113
29.2800	0.2641525,-0.0123329,-0.0030325,-0.9643973	0.9998824,-0.0050381,-0.0059457,0.0132113
29.2900	0.2641525,-0.0123329,-0.0030325,-0.9643973	0.9998824,-0.0050381,-0.0059457,0.0132113
29.3000	0.2641525,-0.0123329,-0.0030325,-0.9643973	0.9998824,-0.0050381,-0.0059457,0.0132113
29.3100	0.2641525,-0.0123329,-0.0030325,-0.9643973	0.9998824,-0.0050381,-0.0059457,0.0132113
29.3200	0.2641525,-0.0123329,-0.0030325,-0.9643973	0.9998824,-0.0050381,-0.0059457,0.0132113
29.3300	0.2641525,-0.0123329,-0.0030325,-0.9643973	0.9998824,-0.0050381,-0.0059457,0.0132113
29.3400	0.2641525,-0.0123329,-0.0030325,-0.9643973	0.9998819,-0.0050394,-0.0058815,0.0132749
29.3500	0.2641525,-0.0123329,-0.0030325,-0.9643973	0.9998810,-0.0050416,-0.0057669,0.0133883
29.3600	0.2641525,-0.0123329,-0.0030325,-0.9643973	0.9998790,-0.0050443,-0.0056485,0.0135866
29.3700	0.2641525,-0.0123329,-0.0030325,-0.9643973	0.9998721,-0.0050476,-0.0056110,0.0141029
29.3800	0.2641525,-0.0123329,-0.0030325,-0.9643973	0.9998664,-0.0050493,-0.0056464,0.0144865
29.3900	0.2641525,-0.0123329,-0.0030325,-0.9643973	0.9998622,-0.0050506,-0.0056610,0.0147628
29.4000	0.2641525,-0.0123329,-0.0030325,-0.9643973	0.9998582,-0.0050521,-0.0056596,0.0150357
29.4100	0.2641525,-0.0123329,-0.0030325,-0.9643973	0.9998520,-0.0050970,-0.0056582,0.0154264
29.4200	0.2641525,-0.0123329,-0.0030325,-0.9643973	0.9998483,-0.0051082,-0.0056999,0.0156462
29.4300	0.2641539,-0.0123023,-0.0031442,-0.9643970	0.9998468,-0.0051084,-0.0057154,0.0157344
29.4400	0.2641539,-0.0123023,-0.0031442,-0.9643970	0.9998466,-0.0051085,-0.0057154,0.0157504
29.4500	0.2641545,-0.0122884,-0.0031949,-0.9643968	0.9998466,-0.0051085,-0.0057154,0.0157504
29.4600	0.2641545,-0.0122884,-0.0031949,-0.9643968	0.9998466,-0.0051085,-0.0057154,0.0157504
29.4700	0.2641545,-0.0122884,-0.0031949,-0.9643968	0.9998466,-0.0051085,-0.0057154,0.0157504
29.4800	0.2641538,-0.0123037,-0.0031391,-0.9643970	0.9998466,-0.0051085,-0.0057154,0.0157504
29.4900	0.2641538,-0.0123037,-0.0031391,-0.9643970	0.9998466,-0.0051085,-0.0057154,0.0157504
29.5000	0.2641538,-0.0123037,-0.0031391,-0.9643970	0.9998466,-0.0051085,-0.0057154,0.0157504
29.5100	0.2641538,-0.0123037,-0.0031391,-0.9643970	0.9998466,-0.0051085,-0.0057154,0.0157504
29.5200	0.2641538,-0.0123037,-0.0031391,-0.9643970	0.9998466,-0.0051085,-0.0057154,0.0157504
29.5300	0.2641538,-0.0123037,-0.0031391,-0.9643970	0.9998466,-0.0051085,-0.0057154,0.0157504
29.5400	0.2641538,-0.0123037,-0.0031391,-0.9643970	0.9998466,-0.0051085,-0.0057154,0.0157504
29.5500	0.2641538,-0.0123037,-0.0031391,-0.9643970	0.9998466,-0.0051085,-0.0057154,0.0157504
29.5600	0.2641538,-0.0123037,-0.0031391,-0.9643970	0.9998466,-0.0051085,-0.0057154,0.0157504
29.5700	0.2641538,-0.0123037,-0.0031391,-0.9643970	0.9998466,-0.0051085,-0.0057154,0.0157504
29.5800	0.2641538,-0.0123037,-0.0031391,-0.9643970	0.9998466,-0.0051085,-0.0057154,0.0157504
29.5900	0.2641538,-0.0123037,-0.0031391,-0.9643970	0.9998466,-0.0051085,-0.0057154,0.0157504
29.6000	0.2641538,-0.0123037,-0.0031391,-0.9643970	0.9998466,-0.0051085,-0.0057154,0.0157504
29.6100	0.2641538,-0.0123037,-0.0031391,-0.9643970	0.9998466,-0.0051085,-0.0057154,0.0157504
29.6200	0.2641538,-0.0123037,-0.0031391,-0.9643970	0.9998466,-0.0051085,-0.0057154,0.0157504
29.6300	0.2641538,-0.0123037,-0.0031391,-0.9643970	0.9998466,-0.0051085,-0.0057154,0.0157504
29.6400	0.2641538,-0.0123037,-0.0031391,-0.9643970	0.9998466,-0.0051085,-0.0057154,0.0157504
29.6500	0.2641538,-0.0123037,-0.0031391,-0.9643970	0.9998466,-0.0051085,-0.0057154,0.0157504
29.6600	0.2641538,-0.0123037,-0.0031391,-0.9643970	0.9998466,-0.0051085,-0.0057154,0.0157504
29.6700	0.2641538,-0.0123037,-0.0031391,-0.9643970	0.9998466,-0.0051085,-0.0057154,0.0157504
29.6800	0.2641538,-0.0123037,-0.0031391,-0.9643970	0.9998466,-0.0051085,-0.0057154,0.0157504
29.6900	0.2641538,-0.0123037,-0.0031391,-0.9643970	0.9998466,-0.0051085,-0.0057154,0.0157504
29.7000	0.2641538,-0.0123037,-0.0031391,-0.9643970	0.9998466,-0.0051085,-0.0057154,0.0157504
29.7100	0.2641538,-0.0123037,-0.0031391,-0.9643970	0.9998466,-0.0051085,-0.0057154,0.0157504
29.7200	0.2641538,-0.0123037,-0.0031391,-0.9643970	0.9998466,-0.0051085,-0.0057154,0.0157504
29.7300	0.2641538,-0.0123037,-0.0031391,-0.9643970	0.9998466,-0.0051085,-0.0057154,0.0157504
29.7400	0.2641538,-0.0123037,-0.0031391,-0.9643970	0.9998466,-0.0051085,-0.0057154,0.0157504
29.7500	0.2641538,-0.0123037,-0.0031391,-0.9643970	0.9998466,-0.0051085,-0.0057154,0.0157504
29.7600	0.2641538,-0.0123037,-0.0031391,-0.9643970	0.9998466,-0.0051085,-0.0057154,0.0157504
29.7700	0.2641538,-0.0123037,-0.0031391,-0.9643970	0.9998466,-0.0051085,-0.0057154,0.0157504
29.7800	0.2641538,-0.0123037,-0.0031391,-0.9643970	0.9998466,-0.0051085,-0.0057154,0.0157504
29.7900	0.2641538,-0.0123037,-0.0031391,-0.9643970	0.9998466,-0.0051085,-0.0057154,0.0157504
29.8000	0.2641538,-0.0123037,-0.0031391,-0.9643970	0.9998466,-0.0051085,-0.0057154,0.0157504
29.8100	0.2641538,-0.0123037,-0.0031391,-0.9643970	0.9998470,-0.0051084,-0.0057155,0.0157238
29.8200	0.2641538,-0.0123037,-0.0031391,-0.9643970	0.9998474,-0.0051082,-0.0057156,0.0156972
29.8300	0.2641538,-0.0123037,-0.0031391,-0.9643970	0.9998474,-0.0051082,-0.0057156,0.0156972
29.8400	0.2641538,-0.0123037,-0.0031391,-0.9643970	0.9998474,-0.0051082,-0.0057156,0.0156972
29.8500	0.2641538,-0.0123037,-0.0031391,-0.9643970	0.9998474,-0.0051082,-0.0057156,0.0156972
29.8600	0.2641538,-0.0123037,-0.0031391,-0.9643970	0.9998474,-0.0051082,-0.0057156,0.0156972
29.8700	0.2641538,-0.0123037,-0.0031391,-0.9643970	0.9998474,-0.0051082,-0.0057156,0.0156972
29.8800	0.2641538,-0.0123037,-0.0031391,-0.9643970	0.9998474,-0.0051082,-0.0057156,0.0156972
29.8900	0.2641538,-0.0123037,-0.0031391,-0.9643970	0.9998474,-0.0051082,-0.0057156,0.0156972
29.9000	0.2641538,-0.0123037,-0.0031391,-0.9643970	0.9998474,-0.0051082,-0.0057156,0.0156972
29.9100	0.2641538,-0.0123037,-0.0031391,-0.9643970	0.9998474,-0.0051082,-0.0057156,0.0156972
29.9200	0.2641538,-0.0123037,-0.0031391,-0.9643970	0.9998474,-0.0051082,-0.0057156,0.0156972
29.9300	0.2641538,-0.0123037,-0.0031391,-0.9643970	0.9998474,-0.0051082,-0.0057156,0.0156972
29.9400	0.2641538,-0.0123037,-0.0031391,-0.9643970	0.9998474,-0.0051082,-0.0057156,0.0156972
29.9500	0.2641538,-0.0123037,-0.0031391,-0.9643970	0.9998474,-0.0051082,-0.0057156,0.0156972
29.9600	0.2641538,-0.0123037,-0.0031391,-0.9643970	0.9998474,-0.0051082,-0.0057156,0.0156972
29.9700	0.2641538,-0.0123037,-0.0031391,-0.9643970	0.9998474,-0.0051082,-0.0057156,0.0156972
29.9800	0.2641538,-0.0123037,-0.0031391,-0.9643970	0.9998474,-0.0051082,-0.0057156,0.0156972
29.9900	0.2641538,-0.0123037,-0.0031391,-0.9643970	0.9998474,-0.0051082,-0.0057156,0.0156972
30.0000	0.2641538,-0.0123037,-0.0031391,-0.9643970	0.9998474,-0.0051082,-0.0057156,0.0156972
30.0100	0.2641538,-0.0123037,-0.0031391,-0.9643970	0.9998474,-0.0051082,-0.0057156,0.0156972
30.0200	0.2641538,-0.0123037,-0.0031391,-0.9643970	0.9998474,-0.0051082,-0.0057156,0.0156972
30.0300	0.2641538,-0.0123037,-0.0031391,-0.9643970	0.9998474,-0.0051082,-0.0057156,0.0156972
30.0400	0.2641538,-0.0123037,-0.0031391,-0.9643970	0.9998474,-0.0051082,-0.0057156,0.0156972
30.0500	0.2641538,-0.0123037,-0.0031391,-0.9643970	0.9998474,-0.0051082,-0.0057156,0.0156972
30.0600	0.2640207,-0.0123033,-0.0031408,-0.9644334	0.9998474,-0.0051082,-0.0057156,0.0156972
30.0700	0.2637655,-0.0123024,-0.0031440,-0.9645033	0.9998474,-0.0051082,-0.0057156,0.0156972
30.0800	0.2636766,-0.0123021,-0.0031452,-0.9645276	0.9998474,-0.0051082,-0.0057156,0.0156972
30.0900	0.2636766,-0.0123021,-0.0031452,-0.9645276	0.9998472,-0.0051083,-0.0057156,0.0157121
30.1000	0.2636766,-0.0123021,-0.0031452,-0.9645276	0.9998455,-0.0051376,-0.0057155,0.0158057
30.1100	0.2635192,-0.0123016,-0.0031472,-0.9645706	0.9998362,-0.0053066,-0.0057272,0.0163256
30.1200	0.2631513,-0.0123004,-0.0031519,-0.9646710	0.9997925,-0.0055863,-0.0057491,0.0187250
30.1300	0.2629426,-0.0123074,-0.0031266,-0.9647279	0.9997024,-0.0057703,-0.0054333,0.0230710
30.1400	0.2623570,-0.0123318,-0.0031388,-0.9648870	0.9995956,-0.0055711,-0.0044842,0.0275215
30.1500	0.2611989,-0.0123245,-0.0032682,-0.9652008	0.9994609,-0.0054208,-0.0028343,0.0322552
30.1600	0.2599381,-0.0122745,-0.0034534,-0.9655411	0.9992706,-0.0059862,0.0009058,0.0377040
30.1700	0.2585952,-0.0121854,-0.0036135,-0.9659022	0.9990581,-0.0076117,0.0076774,0.0420234
30.1800	0.2571482,-0.0115691,-0.0040467,-0.9662942	0.9987953,-0.0092620,0.0185082,0.0444919
30.1900	0.2553439,-0.0085814,-0.0074167,-0.9667838	0.9985077,-0.0104545,0.0288991,0.0451439
30.2000	0.2535737,-0.0016742,-0.0105330,-0.9672573	0.9982195,-0.0127137,0.0345307,0.0469456
30.2100	0.2520214,0.0067353,-0.0082676,-0.9676629	0.9979643,-0.0125942,0.0392630,0.0486534
30.2200	0.2499110,0.0111901,-0.0051693,-0.9681903	0.9978421,-0.0101319,0.0420026,0.0494399
30.2300	0.2472272,0.0134228,-0.0003863,-0.9688645	0.9977755,-0.0057603,0.0433709,0.0502967
30.2400	0.2442297,0.0177746,0.0084879,-0.9695173	0.9976635,-0.0002225,0.0454093,0.0510434
30.2500	0.2418519,0.0238251,0.0183677,-0.9698467	0.9974752,0.0050544,0.0484275,0.0516957
30.2600	0.2388950,0.0311888,0.0280027,-0.9701403	0.9971953,0.0110945,0.0518321,0.0528387
30.2700	0.2357352,0.0400386,0.0377453,-0.9702583	0.9968381,0.0173273,0.0547963,0.0548720
30.2800	0.2329113,0.0501205,0.0478477,-0.9700262	0.9964522,0.0230221,0.0569465,0.0575333
30.2900	0.2301398,0.0598457,0.0574829,-0.9696133	0.9960297,0.0290330,0.0588553,0.0601495
30.3000	0.2265226,0.0687105,0.0651643,-0.9693916	0.9955340,0.0357400,0.0591528,0.0643098
30.3100	0.2221132,0.0748093,0.0722161,-0.9694607	0.9951815,0.0414092,0.0582685,0.0671110
30.3200	0.2167960,0.0794870,0.0795593,-0.9697173	0.9951045,0.0452043,0.0569013,0.0669769
30.3300	0.2114526,0.0831031,0.0871037,-0.9699457	0.9953587,0.0463571,0.0558032,0.0632303
30.3400	0.2077908,0.0844382,0.0922460,-0.9701463	0.9960563,0.0425733,0.0533122,0.0567207
30.3500	0.2064908,0.0853434,0.0945531,-0.9701226	0.9972625,0.0281887,0.0435828,0.0526629
30.3600	0.2070691,0.0859272,0.0925585,-0.9701401	0.9983904,0.0073687,0.0258935,0.0499182
30.3700	0.2071496,0.0824195,0.0820725,-0.9713703	0.9984029,-0.0209071,-0.0028477,0.0524071
30.3800	0.2080619,0.0774294,0.0633538,-0.9729857	0.9963066,-0.0603463,-0.0231782,0.0565180
30.3900	0.2102521,0.0719695,0.0323900,-0.9744564	0.9956680,-0.0661100,-0.0253442,0.0602694
30.4000	0.2139499,0.0673139,-0.0089825,-0.9744812	0.9958966,-0.0649175,-0.0268986,0.0570271
30.4100	0.1865376,0.0607283,-0.0127048,-0.9804868	0.9955625,-0.0650158,-0.0251112,0.0632266
30.4200	0.1810454,0.0559217,-0.0089512,-0.9818428	0.9956589,-0.0639132,-0.0259367,0.0624958
30.4300	0.1764501,0.0548236,-0.0057635,-0.9827647	0.9959328,-0.0651013,-0.0272644,0.0560034
30.4400	0.1750116,0.0516459,-0.0057223,-0.9831942	0.9955142,-0.0667790,-0.0268180,0.0614230
30.4500	0.1752702,0.0512101,-0.0049012,-0.9831754	0.9952303,-0.0672446,-0.0264438,0.0655411
30.4600	0.1805653,0.0521989,-0.0047311,-0.9821655	0.9954211,-0.0674346,-0.0266711,0.0622736
30.4700	0.1867722,0.0519184,-0.0052855,-0.9810162	0.9954350,-0.0679123,-0.0267543,0.0614914
30.4800	0.1878861,0.0516766,-0.0058115,-0.9808132	0.9953665,-0.0689091,-0.0268159,0.0614646
30.4900	0.1877845,0.0517373,-0.0063260,-0.9808263	0.9953060,-0.0697786,-0.0268696,0.0614412
30.5000	0.1875950,0.0516698,-0.0067927,-0.9808630	0.9952810,-0.0699376,-0.0269482,0.0616306
30.5100	0.1873446,0.0517313,-0.0074083,-0.9809032	0.9952930,-0.0696697,-0.0269966,0.0617188
30.5200	0.1870982,0.0517763,-0.0076219,-0.9809462	0.9953347,-0.0689464,-0.0270629,0.0618291
30.5300	0.1868884,0.0517622,-0.0075283,-0.9809876	0.9953760,-0.0682841,-0.0270293,0.0619137
30.5400	0.1867294,0.0517689,-0.0075486,-0.9810174	0.9954113,-0.0678632,-0.0269115,0.0618600
30.5500	0.1867078,0.0517428,-0.0074087,-0.9810240	0.9954422,-0.0675216,-0.0268770,0.0617526
30.5600	0.1867216,0.0517870,-0.0071419,-0.9810210	0.9955776,-0.0674147,-0.0270211,0.0595846
30.5700	0.1868365,0.0518462,-0.0070162,-0.9809969	0.9958370,-0.0659672,-0.0268288,0.0568969
30.5800	0.1869224,0.0518612,-0.0070601,-0.9809794	0.9960403,-0.0640859,-0.0264465,0.0556538
30.5900	0.1870385,0.0519344,-0.0071411,-0.9809528	0.9960109,-0.0643301,-0.0264058,0.0559169
30.6000	0.1871387,0.0502814,-0.0072835,-0.9810188	0.9959893,-0.0645924,-0.0264149,0.0559949
30.6100	0.1872121,0.0501824,-0.0075034,-0.9810082	0.9959803,-0.0647314,-0.0264228,0.0559912
30.6200	0.1872940,0.0503031,-0.0077192,-0.9809847	0.9982481,-0.0145298,-0.0141571,0.0555814
30.6300	0.1873354,0.0503800,-0.0080855,-0.9809699	0.9983975,-0.0020625,-0.0110885,0.0554548
30.6400	0.1873278,0.0504503,-0.0084547,-0.9809646	0.9983917,-0.0022875,-0.0110968,0.0555481
30.6500	0.1873205,0.0504772,-0.0085954,-0.9809634	0.9983792,-0.0025390,-0.0111038,0.0557606
30.6600	0.1879509,-0.0080880,-0.0065076,-0.9821236	0.9982556,-0.0028337,-0.0111047,0.0579176
30.6700	0.1879788,-0.0146229,-0.0061121,-0.9820452	0.9981418,-0.0031197,-0.0110934,0.0598342
30.6800	0.1879745,-0.0146739,-0.0058216,-0.9820470	0.9981205,-0.0033357,-0.0110811,0.0601796
30.6900	0.1879728,-0.0146868,-0.0056904,-0.9820479	0.9981205,-0.0033766,-0.0110676,0.0601792
30.7000	0.1879729,-0.0146742,-0.0056786,-0.9820482	0.9981209,-0.0033115,-0.0110523,0.0601800
30.7100	0.1879731,-0.0146607,-0.0056687,-0.9820484	0.9981213,-0.0031890,-0.0110393,0.0601814
30.7200	0.1879739,-0.0146397,-0.0057134,-0.9820483	0.9981214,-0.0031621,-0.0110366,0.0601817
30.7300	0.1879741,-0.0146310,-0.0057146,-0.9820484	0.9981212,-0.0032173,-0.0110399,0.0601811
30.7400	0.1879741,-0.0146280,-0.0057125,-0.9820484	0.9981208,-0.0033540,-0.0110497,0.0601796
30.7500	0.1879751,-0.0146148,-0.0057788,-0.9820481	0.9981206,-0.0033851,-0.0110536,0.0601793
30.7600	0.1879751,-0.0146153,-0.0057773,-0.9820480	0.9981206,-0.0033872,-0.0110568,0.0601793
30.7700	0.1879760,-0.0146056,-0.0058338,-0.9820477	0.9981206,-0.0033897,-0.0110602,0.0601793
30.7800	0.1879761,-0.0146071,-0.0058382,-0.9820476	0.9981205,-0.0033919,-0.0110624,0.0601793
30.7900	0.1879762,-0.0146104,-0.0058359,-0.9820476	0.9981205,-0.0033932,-0.0110629,0.0601793
30.8000	0.1879748,-0.0146324,-0.0057398,-0.9820481	0.9981205,-0.0033941,-0.0110624,0.0601793
30.8100	0.1879723,-0.0146696,-0.0055659,-0.9820490	0.9981205,-0.0033945,-0.0110612,0.0601793
30.8200	0.1879691,-0.0147141,-0.0053413,-0.9820502	0.9981206,-0.0033945,-0.0110585,0.0601793
30.8300	0.1879647,-0.0147694,-0.0050524,-0.9820517	0.9981206,-0.0033942,-0.0110537,0.0601793
30.8400	0.1879606,-0.0148223,-0.0047749,-0.9820531	0.9981208,-0.0033524,-0.0110442,0.0601798
30.8500	0.1879573,-0.0148632,-0.0045575,-0.9820542	0.9981212,-0.0032728,-0.0110321,0.0601807
30.8600	0.1880069,-0.0148947,-0.0043786,-0.9820450	0.9981214,-0.0032361,-0.0110226,0.0601811
30.8700	0.1901834,-0.0149035,-0.0042964,-0.9816260	0.9981213,-0.0032658,-0.0110174,0.0601808
30.8800	0.1901825,-0.0149110,-0.0042346,-0.9816264	0.9981213,-0.0032861,-0.0110138,0.0601805
30.8900	0.1901825,-0.0149072,-0.0042351,-0.9816264	0.9981214,-0.0032868,-0.0110111,0.0601805
30.9000	0.1901825,-0.0149045,-0.0042353,-0.9816265	0.9981214,-0.0032894,-0.0110085,0.0601806
30.9100	0.1904257,-0.0148768,-0.0043575,-0.9815792	0.9981214,-0.0032928,-0.0110067,0.0601806
30.9200	0.1915142,-0.0148435,-0.0045057,-0.9813672	0.9981214,-0.0032964,-0.0110065,0.0601807
30.9300	0.1915171,-0.0148051,-0.0046905,-0.9813664	0.9981215,-0.0032446,-0.0110045,0.0601813
30.9400	0.1915251,-0.0147838,-0.0047941,-0.9813647	0.9981218,-0.0031490,-0.0110009,0.0601825
30.9500	0.1920006,-0.0147828,-0.0047944,-0.9812718	0.9981221,-0.0030506,-0.0109978,0.0601837
30.9600	0.1936998,-0.0147769,-0.0048128,-0.9809378	0.9981223,-0.0029740,-0.0109963,0.0601846
30.9700	0.1936996,-0.0147845,-0.0047863,-0.9809378	0.9981223,-0.0029517,-0.0109971,0.0601849
30.9800	0.1936982,-0.0148081,-0.0046789,-0.9809382	0.9981223,-0.0029518,-0.0109982,0.0601849
30.9900	0.1940303,-0.0148342,-0.0045585,-0.9808728	0.9981222,-0.0029931,-0.0110011,0.0601844
31.0000	0.1966997,-0.0148427,-0.0045116,-0.9803411	0.9981220,-0.0030638,-0.0110051,0.0601836
31.0100	0.1966991,-0.0148532,-0.0044682,-0.9803412	0.9981218,-0.0031257,-0.0110072,0.0601830
31.0200	0.1966991,-0.0148540,-0.0044676,-0.9803412	0.9981217,-0.0031515,-0.0110056,0.0601827
31.0300	0.1971049,-0.0148500,-0.0044840,-0.9802597	0.9981218,-0.0031514,-0.0109998,0.0601827
31.0400	0.1989305,-0.0148299,-0.0045666,-0.9798907	0.9981219,-0.0031524,-0.0109901,0.0601827
31.0500	0.1989317,-0.0148109,-0.0046465,-0.9798904	0.9981220,-0.0031548,-0.0109762,0.0601828
31.0600	0.1989327,-0.0147939,-0.0047059,-0.9798902	0.9981222,-0.0031584,-0.0109633,0.0601829
31.0700	0.1991607,-0.0147720,-0.0047651,-0.9798439	0.9981221,-0.0031958,-0.0109573,0.0601826
31.0800	0.2000692,-0.0147557,-0.0047766,-0.9796590	0.9981220,-0.0032589,-0.0109558,0.0601820
31.0900	0.2000692,-0.0147451,-0.0047734,-0.9796592	0.9981218,-0.0033215,-0.0109568,0.0601813
31.1000	0.2000693,-0.0147375,-0.0047698,-0.9796593	0.9981215,-0.0034149,-0.0109615,0.0601803
31.1100	0.2006054,-0.0147321,-0.0047641,-0.9795498	0.9981211,-0.0035210,-0.0109677,0.0601791
31.1200	0.2027490,-0.0147273,-0.0047532,-0.9791084	0.9981209,-0.0035753,-0.0109713,0.0601785
31.1300	0.2027491,-0.0147262,-0.0047522,-0.9791085	0.9981209,-0.0035754,-0.0109722,0.0601785
31.1400	0.2027491,-0.0147261,-0.0047519,-0.9791085	0.9981209,-0.0035752,-0.0109738,0.0601785
31.1500	0.2033404,-0.0147237,-0.0047604,-0.9789858	0.9981209,-0.0035751,-0.0109754,0.0601785
31.1600	0.2047199,-0.0147183,-0.0047807,-0.9786983	0.9981209,-0.0035756,-0.0109766,0.0601785
31.1700	0.2047199,-0.0147202,-0.0047803,-0.9786982	0.9981209,-0.0035762,-0.0109772,0.0601785
31.1800	0.2047199,-0.0147229,-0.0047795,-0.9786982	0.9981209,-0.0035772,-0.0109769,0.0601785
31.1900	0.2053856,-0.0147217,-0.0047886,-0.9785587	0.9981209,-0.0035795,-0.0109753,0.0601786
31.2000	0.2069384,-0.0147160,-0.0048108,-0.9782315	0.9981208,-0.0036053,-0.0109736,0.0601784
31.2100	0.2069381,-0.0147214,-0.0047885,-0.9782315	0.9981206,-0.0036659,-0.0109729,0.0601778
31.2200	0.2069376,-0.0147303,-0.0047454,-0.9782317	0.9981204,-0.0037547,-0.0109718,0.0601769
31.2300	0.2071645,-0.0147334,-0.0047214,-0.9781838	0.9981199,-0.0039002,-0.0109750,0.0601753
31.2400	0.2075048,-0.0147366,-0.0046853,-0.9781118	0.9981194,-0.0040363,-0.0109782,0.0601738
31.2500	0.2075049,-0.0147314,-0.0046805,-0.9781119	0.9981192,-0.0040873,-0.0109767,0.0601733
31.2600	0.2075050,-0.0147243,-0.0046760,-0.9781120	0.9981193,-0.0040872,-0.0109731,0.0601733
31.2700	0.2075050,-0.0147184,-0.0046735,-0.9781121	0.9981193,-0.0040865,-0.0109703,0.0601733
31.2800	0.2082838,-0.0147043,-0.0047129,-0.9779465	0.9981194,-0.0040619,-0.0109676,0.0601736
31.2900	0.2094522,-0.0146809,-0.0048036,-0.9776969	0.9981198,-0.0039757,-0.0109623,0.0601745
31.3000	0.2094534,-0.0146627,-0.0048835,-0.9776965	0.9981201,-0.0038836,-0.0109568,0.0601755
31.3100	0.2094541,-0.0146529,-0.0049285,-0.9776963	0.9981203,-0.0038358,-0.0109538,0.0601760
31.3200	0.2101139,-0.0146495,-0.0049384,-0.9775547	0.9981203,-0.0038359,-0.0109537,0.0601761
31.3300	0.2111034,-0.0146446,-0.0049531,-0.9773415	0.9981203,-0.0038360,-0.0109538,0.0601761
31.3400	0.2111034,-0.0146451,-0.0049526,-0.9773415	0.9981202,-0.0038538,-0.0109550,0.0601759
31.3500	0.2111034,-0.0146463,-0.0049510,-0.9773415	0.9981201,-0.0038951,-0.0109573,0.0601754
31.3600	0.2120535,-0.0146435,-0.0049625,-0.9771357	0.9981201,-0.0038957,-0.0109568,0.0601754
31.3700	0.2130033,-0.0146405,-0.0049736,-0.9769291	0.9981201,-0.0038969,-0.0109559,0.0601754
31.3800	0.2130034,-0.0146419,-0.0049705,-0.9769291	0.9981201,-0.0038985,-0.0109538,0.0601755
31.3900	0.2130034,-0.0146430,-0.0049674,-0.9769291	0.9981201,-0.0038993,-0.0109513,0.0601755
31.4000	0.2137913,-0.0146392,-0.0049772,-0.9767570	0.9981202,-0.0038997,-0.0109478,0.0601755
31.4100	0.2145791,-0.0146348,-0.0049874,-0.9765842	0.9981202,-0.0038999,-0.0109445,0.0601755
31.4200	0.2145792,-0.0146343,-0.0049862,-0.9765842	0.9981202,-0.0038999,-0.0109416,0.0601755
31.4300	0.2145792,-0.0146336,-0.0049857,-0.9765842	0.9981203,-0.0038997,-0.0109383,0.0601756
31.4400	0.2154312,-0.0146278,-0.0049978,-0.9763967	0.9981203,-0.0038995,-0.0109352,0.0601756
31.4500	0.2164964,-0.0146135,-0.0050436,-0.9761610	0.9981203,-0.0039000,-0.0109321,0.0601756
31.4600	0.2164969,-0.0146044,-0.0050735,-0.9761609	0.9981203,-0.0039009,-0.0109299,0.0601756
31.4700	0.2164969,-0.0146016,-0.0050723,-0.9761609	0.9981204,-0.0039013,-0.0109279,0.0601756
31.4800	0.2175851,-0.0145933,-0.0050874,-0.9759190	0.9981204,-0.0039016,-0.0109263,0.0601756
31.4900	0.2184554,-0.0145868,-0.0050993,-0.9757246	0.9981204,-0.0039017,-0.0109251,0.0601756
31.5000	0.2184555,-0.0145859,-0.0050984,-0.9757246	0.9981204,-0.0039017,-0.0109247,0.0601756
31.5100	0.2184555,-0.0145855,-0.0050978,-0.9757246	0.9981204,-0.0039017,-0.0109247,0.0601756
31.5200	0.2191793,-0.0145814,-0.0051082,-0.9755623	0.9981204,-0.0039018,-0.0109248,0.0601756
31.5300	0.2199030,-0.0145778,-0.0051182,-0.9753994	0.9981204,-0.0039022,-0.0109251,0.0601756
31.5400	0.2199031,-0.0145789,-0.0051171,-0.9753994	0.9981204,-0.0039024,-0.0109251,0.0601756
31.5500	0.2199031,-0.0145800,-0.0051162,-0.9753993	0.9981204,-0.0039024,-0.0109251,0.0601756
31.5600	0.2207528,-0.0145762,-0.0051285,-0.9752074	0.9981203,-0.0039130,-0.0109256,0.0601755
31.5700	0.2214608,-0.0145730,-0.0051389,-0.9750468	0.9981202,-0.0039609,-0.0109282,0.0601750
31.5800	0.2214608,-0.0145733,-0.0051388,-0.9750468	0.9981202,-0.0039612,-0.0109269,0.0601750
31.5900	0.2214608,-0.0145735,-0.0051384,-0.9750468	0.9981202,-0.0039623,-0.0109237,0.0601750
31.6000	0.2219486,-0.0145835,-0.0050898,-0.9749360	0.9981202,-0.0039641,-0.0109190,0.0601751
31.6100	0.2222733,-0.0145977,-0.0050227,-0.9748622	0.9981203,-0.0039657,-0.0109147,0.0601751
31.6200	0.2222730,-0.0146004,-0.0050035,-0.9748623	0.9981203,-0.0039680,-0.0109098,0.0601752
31.6300	0.2222731,-0.0145985,-0.0050011,-0.9748623	0.9981260,-0.0036872,-0.0111397,0.0600569
31.6400	0.2222731,-0.0145958,-0.0049982,-0.9748624	0.9981258,-0.0037494,-0.0111434,0.0600562
31.6500	0.2224520,-0.0145914,-0.0049974,-0.9748216	0.9981257,-0.0037552,-0.0111438,0.0600562
31.6600	0.2225712,-0.0145893,-0.0049977,-0.9747944	0.9981255,-0.0038079,-0.0111469,0.0600556
31.6700	0.2225707,-0.0145976,-0.0049614,-0.9747946	0.9981255,-0.0038079,-0.0111469,0.0600556
31.6800	0.2225705,-0.0146011,-0.0049458,-0.9747947	0.9981255,-0.0038079,-0.0111469,0.0600556
31.6900	0.2226201,-0.0146009,-0.0049465,-0.9747834	0.9981255,-0.0038079,-0.0111469,0.0600556
31.7000	0.2226485,-0.0146007,-0.0049470,-0.9747769	0.9981255,-0.0038079,-0.0111469,0.0600556
31.7100	0.2226485,-0.0146007,-0.0049470,-0.9747769	0.9981255,-0.0038079,-0.0111469,0.0600556
31.7200	0.2226485,-0.0146007,-0.0049470,-0.9747769	0.9981255,-0.0038079,-0.0111469,0.0600556
31.7300	0.2228641,-0.0145996,-0.0049502,-0.9747276	0.9981255,-0.0038079,-0.0111469,0.0600556
31.7400	0.2229565,-0.0145992,-0.0049516,-0.9747065	0.9981255,-0.0038079,-0.0111469,0.0600556
31.7500	0.2229565,-0.0145992,-0.0049516,-0.9747065	0.9981255,-0.0038079,-0.0111469,0.0600556
31.7600	0.2229565,-0.0145992,-0.0049516,-0.9747065	0.9981255,-0.0038079,-0.0111469,0.0600556
31.7700	0.2231706,-0.0145981,-0.0049548,-0.9746575	0.9981255,-0.0038079,-0.0111469,0.0600556
31.7800	0.2232509,-0.0145977,-0.0049560,-0.9746391	0.9981255,-0.0038079,-0.0111469,0.0600556
31.7900	0.2232509,-0.0145977,-0.0049560,-0.9746391	0.9981255,-0.0038079,-0.0111469,0.0600556
31.8000	0.2232509,-0.0145977,-0.0049560,-0.9746391	0.9981255,-0.0038079,-0.0111469,0.0600556
31.8100	0.2234474,-0.0145967,-0.0049589,-0.9745941	0.9981255,-0.0038079,-0.0111469,0.0600556
31.8200	0.2234966,-0.0145964,-0.0049597,-0.9745828	0.9981255,-0.0038079,-0.0111469,0.0600556
31.8300	0.2234966,-0.0145964,-0.0049597,-0.9745828	0.9981255,-0.0038079,-0.0111469,0.0600556
31.8400	0.2234966,-0.0145964,-0.0049597,-0.9745828	0.9981255,-0.0038079,-0.0111469,0.0600556
31.8500	0.2234962,-0.0145964,-0.0049597,-0.9745829	0.9981257,-0.0037600,-0.0111440,0.0600561
31.8600	0.2234961,-0.0145964,-0.0049597,-0.9745829	0.9981257,-0.0037547,-0.0111437,0.0600562
31.8700	0.2234961,-0.0145964,-0.0049597,-0.9745829	0.9981257,-0.0037547,-0.0111437,0.0600562
31.8800	0.2234961,-0.0145964,-0.0049597,-0.9745829	0.9981259,-0.0037074,-0.0111409,0.0600567
31.8900	0.2241364,-0.0145932,-0.0049692,-0.9744359	0.9981259,-0.0037015,-0.0111405,0.0600568
31.9000	0.2242075,-0.0145928,-0.0049703,-0.9744195	0.9981259,-0.0037015,-0.0111405,0.0600568
31.9100	0.2242075,-0.0145928,-0.0049703,-0.9744195	0.9981259,-0.0037015,-0.0111405,0.0600568
31.9200	0.2242075,-0.0145928,-0.0049703,-0.9744195	0.9981259,-0.0037015,-0.0111405,0.0600568
31.9300	0.2234717,-0.0145966,-0.0049593,-0.9745885	0.9981259,-0.0037015,-0.0111405,0.0600568
31.9400	0.2233797,-0.0145970,-0.0049579,-0.9746096	0.9981259,-0.0037015,-0.0111405,0.0600568
31.9500	0.2233797,-0.0145970,-0.0049579,-0.9746096	0.9981256,-0.0036477,-0.0111843,0.0600575
31.9600	0.2233797,-0.0145970,-0.0049579,-0.9746096	0.9981255,-0.0036342,-0.0111952,0.0600577
31.9700	0.2240989,-0.0145934,-0.0049687,-0.9744445	0.9981255,-0.0036342,-0.0111952,0.0600577
31.9800	0.2240989,-0.0145934,-0.0049687,-0.9744445	0.9981255,-0.0036342,-0.0111952,0.0600577
31.9900	0.2240989,-0.0145934,-0.0049687,-0.9744445	0.9981255,-0.0036342,-0.0111952,0.0600577
32.0000	0.2240989,-0.0145934,-0.0049687,-0.9744445	0.9981255,-0.0036342,-0.0111952,0.0600577
32.0100	0.2240989,-0.0145934,-0.0049687,-0.9744445	0.9981255,-0.0036342,-0.0111952,0.0600577
32.0200	0.2247022,-0.0146057,-0.0049111,-0.9743056	0.9981255,-0.0036342,-0.0111952,0.0600577
32.0300	0.2247022,-0.0146057,-0.0049111,-0.9743056	0.9981255,-0.0036342,-0.0111952,0.0600577
32.0400	0.2247022,-0.0146057,-0.0049111,-0.9743056	0.9981255,-0.0036342,-0.0111952,0.0600577
32.0500	0.2247022,-0.0146057,-0.0049111,-0.9743056	0.9981255,-0.0036342,-0.0111952,0.0600577
32.0600	0.2245210,-0.0146066,-0.0049083,-0.9743474	0.9981255,-0.0036342,-0.0111952,0.0600577
32.0700	0.2245210,-0.0146066,-0.0049083,-0.9743474	0.9981255,-0.0036342,-0.0111952,0.0600577
32.0800	0.2245210,-0.0146066,-0.0049083,-0.9743474	0.9981255,-0.0036342,-0.0111952,0.0600577
32.0900	0.2245210,-0.0146066,-0.0049083,-0.9743474	0.9981255,-0.0036342,-0.0111952,0.0600577
32.1000	0.2250830,-0.0146037,-0.0049168,-0.9742177	0.9981255,-0.0036342,-0.0111952,0.0600577
32.1100	0.2251392,-0.0146034,-0.0049176,-0.9742048	0.9981255,-0.0036342,-0.0111952,0.0600577
32.1200	0.2251392,-0.0146034,-0.0049176,-0.9742048	0.9981255,-0.0036342,-0.0111952,0.0600577
32.1300	0.2251392,-0.0146034,-0.0049176,-0.9742048	0.9981255,-0.0036342,-0.0111952,0.0600577
32.1400	0.2270016,-0.0145940,-0.0049455,-0.9737725	0.9981255,-0.0036342,-0.0111952,0.0600577
32.1500	0.2270016,-0.0145940,-0.0049455,-0.9737725	0.9981255,-0.0036342,-0.0111952,0.0600577
32.1600	0.2270016,-0.0145940,-0.0049455,-0.9737725	0.9981255,-0.0036342,-0.0111952,0.0600577
32.1700	0.2270016,-0.0145940,-0.0049455,-0.9737725	0.9981255,-0.0036342,-0.0111952,0.0600577
32.1800	0.2279711,-0.0145891,-0.0049601,-0.9735460	0.9981255,-0.0036342,-0.0111952,0.0600577
32.1900	0.2279711,-0.0145891,-0.0049601,-0.9735460	0.9981255,-0.0036342,-0.0111952,0.0600577
32.2000	0.2279711,-0.0145891,-0.0049601,-0.9735460	0.9981255,-0.0036342,-0.0111952,0.0600577
32.2100	0.2280175,-0.0145889,-0.0049607,-0.9735351	0.9981255,-0.0036342,-0.0111952,0.0600577
32.2200	0.2284348,-0.0145867,-0.0049670,-0.9734373	0.9981255,-0.0036342,-0.0111952,0.0600577
32.2300	0.2284348,-0.0145867,-0.0049670,-0.9734373	0.9981255,-0.0036342,-0.0111952,0.0600577
32.2400	0.2284348,-0.0145867,-0.0049670,-0.9734373	0.9981255,-0.0036342,-0.0111952,0.0600577
32.2500	0.2284538,-0.0145866,-0.0049673,-0.9734328	0.9981255,-0.0036342,-0.0111952,0.0600577
32.2600	0.2286254,-0.0145858,-0.0049699,-0.9733925	0.9981255,-0.0036342,-0.0111952,0.0600577
32.2700	0.2286254,-0.0145858,-0.0049699,-0.9733925	0.9981255,-0.0036342,-0.0111952,0.0600577
32.2800	0.2286254,-0.0145858,-0.0049699,-0.9733925	0.9981255,-0.0036342,-0.0111952,0.0600577
32.2900	0.2286206,-0.0145858,-0.0049698,-0.9733937	0.9981255,-0.0036342,-0.0111952,0.0600577
32.3000	0.2285985,-0.0145859,-0.0049695,-0.9733988	0.9981255,-0.0036342,-0.0111952,0.0600577
32.3100	0.2285985,-0.0145859,-0.0049695,-0.9733988	0.9981253,-0.0036853,-0.0111983,0.0600571
32.3200	0.2285985,-0.0145859,-0.0049695,-0.9733988	0.9981251,-0.0037544,-0.0112024,0.0600564
32.3300	0.2287957,-0.0145849,-0.0049724,-0.9733525	0.9981250,-0.0037778,-0.0112038,0.0600561
32.3400	0.2295844,-0.0145808,-0.0049842,-0.9731668	0.9981250,-0.0037778,-0.0112038,0.0600561
32.3500	0.2295844,-0.0145808,-0.0049842,-0.9731668	0.9981250,-0.0037778,-0.0112038,0.0600561
32.3600	0.2295844,-0.0145808,-0.0049842,-0.9731668	0.9981250,-0.0037778,-0.0112038,0.0600561
32.3700	0.2295844,-0.0145808,-0.0049842,-0.9731668	0.9981250,-0.0037778,-0.0112038,0.0600561
32.3800	0.2299736,-0.0145789,-0.0049901,-0.9730749	0.9981250,-0.0037778,-0.0112038,0.0600561
32.3900	0.2315300,-0.0145709,-0.0050134,-0.9727057	0.9981250,-0.0037778,-0.0112038,0.0600561
32.4000	0.2315300,-0.0145709,-0.0050134,-0.9727057	0.9981250,-0.0037778,-0.0112038,0.0600561
32.4100	0.2315300,-0.0145709,-0.0050134,-0.9727057	0.9981250,-0.0037778,-0.0112038,0.0600561
32.4200	0.2319163,-0.0145689,-0.0050192,-0.9726137	0.9981248,-0.0038123,-0.0112059,0.0600557
32.4300	0.2328175,-0.0145642,-0.0050327,-0.9723984	0.9981247,-0.0038469,-0.0112080,0.0600553
32.4400	0.2328175,-0.0145642,-0.0050327,-0.9723984	0.9981247,-0.0038469,-0.0112080,0.0600553
32.4500	0.2328175,-0.0145642,-0.0050327,-0.9723984	0.9981247,-0.0038469,-0.0112080,0.0600553
32.4600	0.2328251,-0.0145642,-0.0050328,-0.9723965	0.9981247,-0.0038469,-0.0112080,0.0600553
32.4700	0.2328429,-0.0145641,-0.0050330,-0.9723923	0.9981247,-0.0038469,-0.0112080,0.0600553
32.4800	0.2328429,-0.0145641,-0.0050330,-0.9723923	0.9981247,-0.0038469,-0.0112080,0.0600553
32.4900	0.2328429,-0.0145641,-0.0050330,-0.9723923	0.9981248,-0.0038256,-0.0112067,0.0600556
32.5000	0.2331260,-0.0145626,-0.0050373,-0.9723245	0.9981249,-0.0037937,-0.0112048,0.0600559
32.5100	0.2341166,-0.0145575,-0.0050521,-0.9720864	0.9981249,-0.0037937,-0.0112048,0.0600559
32.5200	0.2341166,-0.0145575,-0.0050521,-0.9720864	0.9981249,-0.0037937,-0.0112048,0.0600559
32.5300	0.2341166,-0.0145575,-0.0050521,-0.9720864	0.9981249,-0.0037937,-0.0112048,0.0600559
32.5400	0.2339976,-0.0145581,-0.0050503,-0.9721151	0.9981249,-0.0037937,-0.0112048,0.0600559
32.5500	0.2337595,-0.0145593,-0.0050468,-0.9721723	0.9981249,-0.0037937,-0.0112048,0.0600559
32.5600	0.2337595,-0.0145593,-0.0050468,-0.9721723	0.9981249,-0.0037937,-0.0112048,0.0600559
32.5700	0.2337595,-0.0145593,-0.0050468,-0.9721723	0.9981249,-0.0037937,-0.0112048,0.0600559
32.5800	0.2337865,-0.0145592,-0.0050472,-0.9721658	0.9981249,-0.0037937,-0.0112048,0.0600559
32.5900	0.2338495,-0.0145589,-0.0050481,-0.9721507	0.9981249,-0.0037937,-0.0112048,0.0600559
32.6000	0.2338495,-0.0145589,-0.0050481,-0.9721507	0.9981249,-0.0037937,-0.0112048,0.0600559
32.6100	0.2338495,-0.0145589,-0.0050481,-0.9721507	0.9981249,-0.0037937,-0.0112048,0.0600559
32.6200	0.2338394,-0.0145589,-0.0050480,-0.9721531	0.9981249,-0.0037937,-0.0112048,0.0600559
32.6300	0.2338217,-0.0145590,-0.0050477,-0.9721574	0.9981249,-0.0037937,-0.0112048,0.0600559
32.6400	0.2338217,-0.0145590,-0.0050477,-0.9721574	0.9981250,-0.0037705,-0.0112034,0.0600562
32.6500	0.2338217,-0.0145590,-0.0050477,-0.9721574	0.9981253,-0.0037044,-0.0111994,0.0600569
32.6600	0.2339670,-0.0145582,-0.0050499,-0.9721224	0.9981255,-0.0036273,-0.0111948,0.0600578
32.6700	0.2341850,-0.0145571,-0.0050531,-0.9720699	0.9981257,-0.0035863,-0.0111923,0.0600582
32.6800	0.2341850,-0.0145571,-0.0050531,-0.9720699	0.9981257,-0.0035863,-0.0111923,0.0600582
32.6900	0.2341850,-0.0145571,-0.0050531,-0.9720699	0.9981257,-0.0035863,-0.0111923,0.0600582
32.7000	0.2343864,-0.0145561,-0.0050562,-0.9720214	0.9981257,-0.0035863,-0.0111923,0.0600582
32.7100	0.2346281,-0.0145548,-0.0050598,-0.9719631	0.9981257,-0.0035863,-0.0111923,0.0600582
32.7200	0.2346281,-0.0145548,-0.0050598,-0.9719631	0.9981257,-0.0035863,-0.0111923,0.0600582
32.7300	0.2346281,-0.0145548,-0.0050598,-0.9719631	0.9981257,-0.0035863,-0.0111923,0.0600582
32.7400	0.2346281,-0.0145548,-0.0050598,-0.9719631	0.9981257,-0.0035863,-0.0111923,0.0600582
32.7500	0.2341976,-0.0145570,-0.0050533,-0.9720669	0.9981257,-0.0035863,-0.0111923,0.0600582
32.7600	0.2336810,-0.0145597,-0.0050456,-0.9721912	0.9981257,-0.0035863,-0.0111923,0.0600582
32.7700	0.2336810,-0.0145597,-0.0050456,-0.9721912	0.9981257,-0.0035863,-0.0111923,0.0600582
32.7800	0.2336810,-0.0145597,-0.0050456,-0.9721912	0.9981257,-0.0035863,-0.0111923,0.0600582
32.7900	0.2338596,-0.0145588,-0.0050483,-0.9721483	0.9981257,-0.0035863,-0.0111923,0.0600582
