epoch_ms,q0_w,q1_x,q2_y,q3_z,time_s
1785956091016,0.9974563121795654,-0.0520557388663291,0.0484359972178936,-0.0050020329654216,0.0
1785956091026,0.9980767369270324,-0.042575404047966,0.0450513660907745,-0.0007666919846087,0.01
1785956091037,0.9990776181221008,-0.0299868937581777,0.030507868155837,-0.0037260588724166,0.021
1785956091047,0.9998155832290648,-0.0112471580505371,0.002865255344659,-0.0152997160330414,0.031
1785956091056,0.9989631175994872,0.0196027792990207,-0.0291534475982189,-0.0289562921971082,0.04
1785956091066,0.9988166093826294,0.0245968643575906,-0.037588957697153,-0.0186401568353176,0.05
1785956091076,0.9988746047019958,0.0202299039810895,-0.0387041084468364,-0.0185010489076375,0.06
1785956091086,0.99895977973938,0.0197852998971939,-0.0366669334471225,-0.0185319241136312,0.07
1785956091097,0.9989393949508668,0.019918480888009,-0.0371428541839122,-0.0185360834002494,0.081
1785956091106,0.9989413022994996,0.0192867927253246,-0.0374757945537567,-0.0184345170855522,0.09
1785956091116,0.9989671111106871,0.0189993251115083,-0.0370165109634399,-0.0182577613741159,0.1
1785956091126,0.998935878276825,0.0201253071427345,-0.0372843481600284,-0.0182205624878406,0.11
1785956091136,0.9989166259765624,0.021055968478322,-0.037301305681467,-0.0181858167052268,0.12
1785956091145,0.9989060163497924,0.0219432655721902,-0.0370939597487449,-0.0181481204926967,0.129
1785956091155,0.9988934993743896,0.0228142403066158,-0.0369204804301261,-0.0181117374449968,0.139
1785956091166,0.9988799095153807,0.0234754141420125,-0.0368520207703113,-0.0181539971381425,0.15
1785956091176,0.9988732933998108,0.0238632746040821,-0.0367629341781139,-0.0182007122784852,0.16
1785956091185,0.9988638758659364,0.0244132131338119,-0.0366665609180927,-0.0181779991835355,0.169
1785956091195,0.9989015460014344,0.0238290410488843,-0.0360230952501297,-0.0181693192571401,0.179
1785956091205,0.9989367127418518,0.0231795161962509,-0.0354681499302387,-0.0181686971336603,0.189
1785956091215,0.9989725351333618,0.0224343836307525,-0.0349338464438915,-0.0181750655174255,0.199
1785956091226,0.9990056753158568,0.0216178074479103,-0.0344901047646999,-0.0181872732937335,0.21
1785956091234,0.9990350008010864,0.0208179410547018,-0.0341228060424327,-0.0182007495313882,0.218
1785956091245,0.9990593791007996,0.0201844964176416,-0.0337845422327518,-0.0182075276970863,0.229
1785956091255,0.9990788102149964,0.0196540039032697,-0.0335203669965267,-0.0182114392518997,0.239
1785956091265,0.9990984797477722,0.0191914439201354,-0.0331999883055686,-0.018210919573903,0.249
1785956091274,0.9991151094436646,0.0188520587980747,-0.0328962244093418,-0.0182057786732912,0.258
1785956091284,0.9997028708457948,-0.0004127798893023,-0.0165503732860088,-0.0178906135261058,0.268
1785956091294,0.9996952414512634,-0.0013416225556284,-0.0169733222573995,-0.0178731549531221,0.278
1785956091305,0.9996964335441588,-0.001242188271135,-0.0169170871376991,-0.0178715121001005,0.289
1785956091315,0.9996979832649232,-0.0010990417795255,-0.0168387275189161,-0.0178690198808908,0.299
1785956091324,0.9996991157531738,-0.0009661290096119,-0.0167780797928571,-0.0178665127605199,0.308
1785956091334,0.9996993541717528,-0.0008698445744812,-0.0167720392346382,-0.0178645495325326,0.318
1785956091344,0.9996995329856871,-0.0008028696756809,-0.0167670026421546,-0.0178631972521543,0.328
1785956091355,0.999699592590332,-0.0008060387917794,-0.016762500628829,-0.0178631413727998,0.339
1785956091365,0.999699592590332,-0.0008953956421464,-0.0167583003640174,-0.017864640802145,0.349
1785956091375,0.9996995329856871,-0.0010085568064823,-0.0167535785585641,-0.0178666226565837,0.359
1785956091384,0.9996994137763976,-0.0011623584432527,-0.0167479999363422,-0.0178693961352109,0.368
1785956091394,0.9996992945671082,-0.0012869371566921,-0.0167422238737344,-0.0178717132657766,0.378
1785956091404,0.9996992349624634,-0.0013862623600289,-0.0167364198714494,-0.0178735703229904,0.388
1785956091415,0.9996991157531738,-0.0014975400408729,-0.0167304538190364,-0.0178755801171064,0.399
1785956091423,0.9996989965438844,-0.001595621695742,-0.0167257282882928,-0.0178772807121276,0.407
1785956091434,0.9996989369392396,-0.001670071738772,-0.0167210772633552,-0.0178785249590873,0.418
1785956091444,0.9996988773345948,-0.0017392850713804,-0.0167161040008068,-0.0178796499967575,0.428
1785956091454,0.9996989965438844,-0.0017436284106224,-0.0167107004672288,-0.017879569903016,0.438
1785956091463,0.999699056148529,-0.0017488020239397,-0.0167059171944856,-0.0178794767707586,0.447
1785956091473,0.9996991157531738,-0.0017537974053993,-0.0167015790939331,-0.0178793873637914,0.457
1785956091483,0.9996991157531738,-0.0017566045280545,-0.0167000647634267,-0.0178793389350175,0.467
1785956091494,0.9996992349624634,-0.0017055686330422,-0.0167000163346529,-0.0178784318268299,0.478
1785956091502,0.9996992349624634,-0.0017056236974895,-0.0166996512562036,-0.0178784299641847,0.486
1785956091513,0.9996992349624634,-0.0017047205474227,-0.0166989117860794,-0.0178784448653459,0.497
1785956091523,0.9996993541717528,-0.0016442388296127,-0.0166988372802734,-0.0178774967789649,0.507
1785956091533,0.9996994733810424,-0.0015741341048851,-0.0166994985193014,-0.0178763829171657,0.517
1785956091542,0.9996994733810424,-0.0015719914808869,-0.0166983678936958,-0.0178764164447784,0.526
1785956091552,0.999699592590332,-0.0015022074803709,-0.0166979525238275,-0.0178752951323986,0.536
1785956091563,0.9996996521949768,-0.0015015541575849,-0.0166957024484872,-0.0178753025829792,0.547
1785956091573,0.9996997117996216,-0.001501525286585,-0.016691131517291,-0.0178752969950437,0.557
1785956091583,0.9996998310089112,-0.0015032008523121,-0.0166839584708213,-0.0178752597421407,0.567
1785956091592,0.999699890613556,-0.0015626191161572,-0.0166765116155147,-0.0178761929273605,0.576
1785956091602,0.9996999502182008,-0.0015640731435269,-0.0166712179780006,-0.0178761612623929,0.586
1785956091612,0.9997000098228456,-0.001566169434227,-0.0166663285344839,-0.0178761202841997,0.596
1785956091623,0.9997000694274902,-0.0015672229928895,-0.0166637636721134,-0.017876099795103,0.607
1785956091631,0.9997000694274902,-0.0015674835303798,-0.0166622661054134,-0.0178760942071676,0.615
1785956091642,0.9997001886367798,-0.0015674852766096,-0.0166615918278694,-0.0178760960698127,0.626
1785956091652,0.9997001886367798,-0.0015670541906729,-0.0166612118482589,-0.0178761035203933,0.636
1785956091662,0.9997001886367798,-0.0015655593015253,-0.016660900786519,-0.0178761277347803,0.646
1785956091672,0.9997001886367798,-0.0015640670899301,-0.016661025583744,-0.0178761519491672,0.656
1785956091681,0.9997002482414246,-0.0015094792470335,-0.0166619904339313,-0.0178753081709146,0.665
1785956091691,0.9997002482414246,-0.0015077776042744,-0.0166617333889007,-0.0178753361105918,0.675
1785956091702,0.9997003078460692,-0.0014547335449606,-0.0166623629629611,-0.0178744662553071,0.686
1785956091712,0.9997003078460692,-0.001454506535083,-0.0166613422334194,-0.0178744681179523,0.696
1785956091721,0.999700367450714,-0.0014545510057359,-0.0166582651436328,-0.017874464392662,0.705
1785956091731,0.9997004866600036,-0.0014559793053194,-0.0166522804647684,-0.0178744327276945,0.715
1785956091741,0.9997006058692932,-0.0014584680320695,-0.0166468303650617,-0.0178743842989206,0.725
1785956091752,0.9997006058692932,-0.0015306876739487,-0.0166372861713171,-0.0178754497319459,0.736
1785956091760,0.9997007250785828,-0.0015354049392044,-0.0166292171925306,-0.0178753603249788,0.744
1785956091771,0.9997007846832277,-0.0015393438516184,-0.0166239608079195,-0.017875287681818,0.755
1785956091781,0.9997008442878724,-0.0015418679686263,-0.0166198760271072,-0.0178752411156892,0.765
1785956091791,0.9997009038925172,-0.0015426418976858,-0.0166174862533807,-0.0178752243518829,0.775
1785956091801,0.9997009038925172,-0.0015426342142745,-0.0166166368871927,-0.0178752243518829,0.785
1785956091810,0.9997009038925172,-0.0015420246636494,-0.0166162867099046,-0.0178752336651086,0.794
1785956091820,0.9997009038925172,-0.0015414498047903,-0.01661610417068,-0.0178752429783344,0.804
1785956091831,0.9997009038925172,-0.0015401230193674,-0.0166156236082315,-0.0178752653300762,0.815
1785956091841,0.9997009038925172,-0.0015385431470349,-0.0166150983422994,-0.0178752914071083,0.825
1785956091850,0.9997009038925172,-0.0015372851630672,-0.0166144948452711,-0.0178753118962049,0.834
1785956091860,0.9997009038925172,-0.0015365652507171,-0.01661342009902,-0.0178753230720758,0.844
1785956091870,0.9997010231018066,-0.0015364203136414,-0.0166128184646368,-0.0178753267973661,0.854
1785956091880,0.9997010231018066,-0.0015365293947979,-0.0166118554770946,-0.0178753230720758,0.864
1785956091891,0.9997010231018066,-0.0015368653694167,-0.0166104566305875,-0.0178753156214952,0.875
1785956091899,0.9997010231018066,-0.0015371119370684,-0.0166089683771133,-0.0178753100335598,0.883
1785956091910,0.9997011423110962,-0.0015371133340522,-0.0166075862944126,-0.0178753100335598,0.894
1785956091920,0.9997011423110962,-0.0015367459272965,-0.016605868935585,-0.01787531375885,0.904
1785956091930,0.999701201915741,-0.0015359864337369,-0.0166030209511518,-0.0178753230720758,0.914
1785956091939,0.999701201915741,-0.0015355221694335,-0.0166013594716787,-0.0178753286600112,0.923
1785956091949,0.999701201915741,-0.001535459421575,-0.0165999103337526,-0.0178753286600112,0.933
1785956091960,0.999701201915741,-0.0015352835180237,-0.0165983084589242,-0.0178753305226564,0.944
1785956091970,0.9997012615203856,-0.0015353505732491,-0.0165964420884847,-0.0178753267973661,0.954
1785956091980,0.9997012615203856,-0.0015354510396718,-0.0165947172790765,-0.0178753230720758,0.964
1785956091989,0.9997012615203856,-0.0015354692004621,-0.0165936611592769,-0.0178753212094306,0.973
1785956091999,0.9997013211250304,-0.0015360172837972,-0.0165918264538049,-0.0178753100335598,0.983
1785956092009,0.9997013807296752,-0.0015370385954156,-0.0165892709046602,-0.0178752895444631,0.993
1785956092020,0.99970144033432,-0.0015384180005639,-0.0165859889239072,-0.017875263467431,1.004
1785956092028,0.99970144033432,-0.0015920718433335,-0.0165830291807651,-0.0178761165589094,1.012
1785956092039,0.99970144033432,-0.0015934598632156,-0.0165819935500621,-0.0178760923445224,1.023
1785956092049,0.99970144033432,-0.0015941224992275,-0.0165810417383909,-0.0178760793060064,1.033
1785956092059,0.99970144033432,-0.0015941353049129,-0.0165807083249092,-0.0178760793060064,1.043
1785956092069,0.99970144033432,-0.0015938678989186,-0.0165799111127853,-0.0178760830312967,1.053
1785956092078,0.99970144033432,-0.0015931471716612,-0.0165789779275655,-0.0178760942071676,1.062
1785956092088,0.99970144033432,-0.0015920511214062,-0.0165778025984764,-0.0178761109709739,1.072
1785956092099,0.9997015595436096,-0.0015914923278614,-0.0165767706930637,-0.0178761202841997,1.083
1785956092109,0.9997015595436096,-0.0015909373760223,-0.0165757108479738,-0.0178761277347803,1.093
1785956092118,0.9997015595436096,-0.0015907458728179,-0.0165740121155977,-0.0178761295974254,1.102
1785956092128,0.9997016191482544,-0.0015906643820926,-0.0165715981274843,-0.0178761277347803,1.112
1785956092138,0.9997016787528992,-0.0015909371431916,-0.0165683329105377,-0.0178761184215545,1.122
1785956092148,0.9997016787528992,-0.0016450276598334,-0.0165628883987665,-0.0178769808262586,1.132
1785956092159,0.9997015595436096,-0.0017411829903721,-0.0165567472577095,-0.017878521233797,1.143
1785956092168,0.9997013211250304,-0.0019286533351987,-0.016548566520214,-0.0178815089166164,1.152
1785956092178,0.9997233152389526,-0.0020222782623022,-0.0165384113788604,-0.0166036933660507,1.162
1785956092188,0.999729573726654,-0.0020309982355684,-0.0165348593145608,-0.0162300337105989,1.172
1785956092198,0.9997360110282898,-0.0019002001499757,-0.0165350344032049,-0.015833668410778,1.182
1785956092207,0.9997442960739136,-0.0017654779367148,-0.0164675470441579,-0.0153999244794249,1.191
1785956092217,0.999751091003418,-0.0016998409992083,-0.016467610374093,-0.014951404184103,1.201
1785956092228,0.9997570514678956,-0.0017066430300474,-0.0164665374904871,-0.0145514663308858,1.212
1785956092238,0.9997636675834656,-0.0017826800467446,-0.0164641272276639,-0.0140895070508122,1.222
1785956092248,0.9997695684432985,-0.0019652065820991,-0.0164597854018211,-0.0136344404891133,1.232
1785956092257,0.9997724890708924,-0.002327486872673,-0.0165299884974956,-0.0132823698222637,1.241
1785956092267,0.9997748136520386,-0.0031668900046497,-0.0165069121867418,-0.0129487225785851,1.251
1785956092277,0.9997764825820924,-0.003862005425617,-0.0164912417531013,-0.0126495901495218,1.261
1785956092288,0.9997828006744384,-0.0038654166273772,-0.0163479950278997,-0.0123343933373689,1.272
1785956092296,0.9997854828834534,-0.0037994123995304,-0.0163480881601572,-0.0121362274512648,1.28
1785956092307,0.999789535999298,-0.0038048336282372,-0.0163468290120363,-0.0118046924471855,1.291
1785956092317,0.9997929930686952,-0.003809823654592,-0.016345664858818,-0.011499467305839,1.301
1785956092327,0.99979567527771,-0.0037448550574481,-0.0163456480950117,-0.0112878493964672,1.311
1785956092336,0.9998002052307128,-0.004022856708616,-0.016230821609497,-0.0109506724402308,1.32
1785956092346,0.9998027086257936,-0.0040265740826725,-0.0162298996001482,-0.0107216816395521,1.33
1785956092356,0.999805748462677,-0.0040311873890459,-0.0162287559360265,-0.0104375043883919,1.34
1785956092367,0.9998079538345336,-0.0039838668890297,-0.0162860844284296,-0.0101469745859503,1.351
1785956092377,0.9998112916946412,-0.0041907927952706,-0.0162823516875505,-0.0097239604219794,1.361
1785956092386,0.9998128414154052,-0.0041964789852499,-0.016366371884942,-0.0094253784045577,1.37
1785956092396,0.9998140335083008,-0.00426672026515,-0.0164853539317846,-0.0090627837926149,1.38
1785956092406,0.999815046787262,-0.0043372591026127,-0.016598979011178,-0.0086791571229696,1.39
1785956092417,0.9998152852058412,-0.0044335075654089,-0.016733631491661,-0.0083432402461767,1.401
1785956092425,0.9998149275779724,-0.0045273341238498,-0.0168320033699274,-0.0081337904557585,1.409
1785956092437,0.9998146891593932,-0.00458411173895,-0.0169107429683208,-0.0079639116302132,1.421
1785956092446,0.9998155236244202,-0.004644229542464,-0.0169096775352954,-0.0078333271667361,1.43
1785956092456,0.9998165369033812,-0.0047049699351191,-0.0169084407389163,-0.0076659037731587,1.44
1785956092466,0.9998180866241456,-0.0047084409743547,-0.0169074740260839,-0.0074606626294553,1.45
1785956092475,0.9998206496238708,-0.0046451911330223,-0.0169065464287996,-0.0071542733348906,1.459
1785956092485,0.9998236894607544,-0.0044962465763092,-0.0169061422348022,-0.0068268072791397,1.469
1785956092496,0.999826729297638,-0.0043548559769988,-0.0169055629521608,-0.0064717167988419,1.48
1785956092506,0.9998317956924438,-0.0042814053595066,-0.01676238887012,-0.0060920864343643,1.49
1785956092516,0.9998371601104736,-0.0042294384911656,-0.016603160649538,-0.0056812996044754,1.5
1785956092525,0.9998409748077391,-0.0042357738129794,-0.0165014658123254,-0.0052659641951322,1.509
1785956092535,0.999844491481781,-0.0042401673272252,-0.0163830779492855,-0.0049629011191427,1.519
1785956092545,0.9998471140861512,-0.0043399166315793,-0.0162970572710037,-0.0046332548372447,1.529
1785956092556,0.9998499155044556,-0.0044829561375081,-0.0161894410848617,-0.0042254431173205,1.54
1785956092565,0.9998521208763124,-0.0046906061470508,-0.0161233078688383,-0.0037395216058939,1.549
1785956092575,0.9998530745506288,-0.0048355055041611,-0.016120446845889,-0.0032417583279311,1.559
1785956092585,0.9998545050621032,-0.0049091191031038,-0.0161173250526189,-0.0026409856509417,1.569
1785956092595,0.9998562335968018,-0.0048111607320606,-0.0161153804510831,-0.0021866846363991,1.579
1785956092606,0.9998570680618286,-0.004818963818252,-0.0161130465567111,-0.001702501787804,1.59
1785956092614,0.9998570680618286,-0.0049569848924875,-0.0161108952015638,-0.0013046455569565,1.598
1785956092625,0.9998568296432496,-0.0051161414012312,-0.0161086861044168,-0.0009018653072416,1.609
1785956092635,0.999856412410736,-0.0052498821169137,-0.0161066893488168,-0.0005364521057344,1.619
1785956092645,0.99985533952713,-0.005461333785206,-0.0161062721163034,-0.0004819547466468,1.629
1785956092654,0.999855101108551,-0.0056519620120525,-0.0160532090812921,-0.0004116166965104,1.638
1785956092664,0.999854862689972,-0.0057067908346652,-0.0160524137318134,-0.0002756299800239,1.648
1785956092674,0.9998552203178406,-0.0056498358026146,-0.0160518530756235,-0.0001735039695631,1.658
1785956092685,0.9998552203178406,-0.0056516947224736,-0.0160511992871761,-5.772373697254807e-05,1.669
1785956092693,0.9998552203178406,-0.0056538069620728,-0.0160504560917615,7.38451344659552e-05,1.677
1785956092704,0.9998558163642884,-0.0057779033668339,-0.0159652475267648,0.0002608867071103,1.688
1785956092714,0.9998531341552734,-0.0061237509362399,-0.0159601531922817,0.0011502791894599,1.698
1785956092724,0.9998534321784972,-0.0052797505632042,-0.0161170288920402,0.0023526914883404,1.708
1785956092734,0.9998480081558228,-0.0044748717918992,-0.0162729043513536,0.0043722111731767,1.718
1785956092743,0.9997671842575072,-0.0053364727646112,-0.019376952201128,0.0078506004065275,1.727
1785956092753,0.9997231960296632,-0.0065639046952128,-0.0184950120747089,0.0129759898409247,1.737
1785956092764,0.9996627569198608,-0.0065929032862186,-0.0180966276675462,0.017415752634406,1.748
1785956092774,0.9996416568756104,-0.0063812304288148,-0.0166639052331447,0.0199513491243124,1.758
1785956092783,0.999641180038452,-0.006287399213761,-0.0166616793721914,0.0200055427849292,1.767
1785956092793,0.999641180038452,-0.006287399213761,-0.0166616793721914,0.0200055427849292,1.777
1785956092803,0.999641478061676,-0.0062766447663307,-0.0166529845446348,0.0200054235756397,1.787
1785956092814,0.9996416568756104,-0.0062677776440978,-0.0166459381580352,0.0200053229928016,1.798
1785956092824,0.9996417760849,-0.0062611703760921,-0.0166411381214857,0.0200052447617054,1.808
1785956092833,0.9996418952941896,-0.0062549384310841,-0.0166372396051883,0.0200051683932542,1.817
1785956092843,0.999642014503479,-0.0062500131316483,-0.016634065657854,0.0200051087886095,1.827
1785956092853,0.999639928340912,-0.0060029034502804,-0.0166254118084907,0.0201880875974893,1.837
1785956092863,0.9995949268341064,-0.006120114121586,-0.0165092274546623,0.0223591867834329,1.847
1785956092872,0.9995964765548706,-0.0058834934607148,-0.016497129574418,0.0223627127707004,1.856
1785956092882,0.9995966553688048,-0.0058681960217654,-0.0164894815534353,0.0223625097423791,1.866
1785956092893,0.9995967745780944,-0.0058586569502949,-0.0164856277406215,0.0223623774945735,1.877
1785956092903,0.999596893787384,-0.0058514750562608,-0.0164821464568376,0.0223622824996709,1.887
1785956092913,0.9995970129966736,-0.005844269413501,-0.0164786335080862,0.0223621856421232,1.897
1785956092922,0.9995971322059632,-0.0058377785608172,-0.016475822776556,0.022362096235156,1.906
1785956092932,0.999597191810608,-0.0058321175165474,-0.0164741743355989,0.0223620142787694,1.916
1785956092942,0.9995973110198976,-0.0058261202648282,-0.0164723228663206,0.0223619285970926,1.926
1785956092953,0.9995973110198976,-0.005821187980473,-0.0164707824587821,0.0223618578165769,1.937
1785956092961,0.9995973110198976,-0.0058171274140477,-0.016469458118081,0.0223618000745773,1.945
1785956092972,0.999597430229187,-0.0058137937448918,-0.016468284651637,0.0223617553710937,1.956
1785956092982,0.999597430229187,-0.0058113182894885,-0.0164672490209341,0.022361721843481,1.966
1785956092992,0.9995974898338318,-0.0058074058033525,-0.0164653901010751,0.0223616696894168,1.976
1785956093001,0.9995975494384766,-0.0058035175316035,-0.0164631567895412,0.0223616193979978,1.985
1785956093011,0.9995975494384766,-0.0057991952635347,-0.0164615381509065,0.0223615579307079,1.995
1785956093022,0.999597668647766,-0.0057933810167014,-0.0164591167122125,0.0223614778369665,2.006
1785956093032,0.9995977282524108,-0.0057882405817508,-0.0164572484791278,0.0223614051938056,2.016
1785956093042,0.9995977878570556,-0.0057840850204229,-0.0164544340223073,0.0223613549023866,2.026
1785956093051,0.9995978474617004,-0.0057802493683993,-0.0164512768387794,0.0223613120615482,2.035
1785956093061,0.9995979070663452,-0.0057758172042667,-0.0164481811225414,0.0223612580448389,2.045
1785956093071,0.99959796667099,-0.0057722460478544,-0.0164459366351366,0.0223612133413553,2.055
1785956093082,0.9995980262756348,-0.0057692239060997,-0.0164437443017959,0.0223611779510974,2.066
1785956093092,0.9995980262756348,-0.0057652676478028,-0.0164423137903213,0.022361122071743,2.076
1785956093101,0.9995981454849244,-0.0057609723880887,-0.016441136598587,0.022361060604453,2.085
1785956093111,0.9995982050895692,-0.0057560866698622,-0.0164394043385982,0.0223609916865825,2.095
1785956093121,0.999598264694214,-0.0057522333227097,-0.016437642276287,0.0223609395325183,2.105
1785956093131,0.9995983839035034,-0.0057466044090688,-0.016435407102108,0.0223608613014221,2.115
1785956093140,0.9995983839035034,-0.0057414225302636,-0.0164338462054729,0.0223607867956161,2.124
1785956093150,0.9995983839035034,-0.0057365708053112,-0.0164322182536125,0.0223607178777456,2.134
1785956093161,0.999598503112793,-0.0057298713363707,-0.0164291989058256,0.0223606266081333,2.145
1785956093171,0.9995986223220824,-0.0057234833948314,-0.0164266657084226,0.0223605372011661,2.155
1785956093180,0.999598741531372,-0.0057176710106432,-0.016424473375082,0.0223604552447795,2.164
1785956093190,0.9995988607406616,-0.0057114949449896,-0.0164210479706525,0.0223603751510381,2.174
1785956093200,0.9995989203453064,-0.0057071335613727,-0.0164191722869873,0.0223603155463933,2.184
1785956093211,0.9995989203453064,-0.0057032224722206,-0.0164176914840936,0.022360261529684,2.195
1785956093221,0.9995989203453064,-0.0056998399086296,-0.0164164528250694,0.0223602131009101,2.205
1785956093230,0.9995989203453064,-0.0056959111243486,-0.0164147857576608,0.0223601590842008,2.214
1785956093240,0.9995990991592408,-0.0056916684843599,-0.0164128541946411,0.0223601032048463,2.224
1785956093250,0.9995990991592408,-0.0056890361011028,-0.0164117347449064,0.0223600678145885,2.234
1785956093260,0.9995990991592408,-0.0056858817115426,-0.0164102334529161,0.0223600249737501,2.244
1785956093269,0.9995991587638856,-0.0056825052015483,-0.0164074059575796,0.0223599877208471,2.253
1785956093279,0.9995992183685304,-0.0056789368391036,-0.0164042375981807,0.0223599486052989,2.263
1785956093290,0.999599277973175,-0.0056756492704153,-0.0164019558578729,0.0223599094897508,2.274
1785956093300,0.9995993375778198,-0.0056725121103227,-0.0163994506001472,0.022359874099493,2.284
1785956093310,0.9995993971824646,-0.0056682550348341,-0.0163964703679084,0.0223598219454288,2.294
1785956093319,0.9995994567871094,-0.0056633222848176,-0.0163932219147682,0.0223597604781389,2.303
1785956093329,0.9995995163917542,-0.0056589385494589,-0.0163912530988454,0.0223597008734941,2.313
1785956093339,0.9995996356010436,-0.0056552872993052,-0.0163901448249816,0.0223596505820751,2.323
1785956093350,0.9995996356010436,-0.0056515359319746,-0.0163890495896339,0.0223595965653657,2.334
1785956093358,0.9995996356010436,-0.0056476215831935,-0.0163877643644809,0.0223595406860113,2.342
1785956093369,0.999599814414978,-0.005643350072205,-0.0163852088153362,0.0223594885319471,2.353
1785956093379,0.9995998740196228,-0.0056385654024779,-0.0163825042545795,0.0223594270646572,2.363
1785956093389,0.9995999336242676,-0.0056340098381042,-0.0163807813078165,0.0223593637347221,2.373
1785956093399,0.9995999336242676,-0.0056306808255612,-0.0163795016705989,0.0223593171685934,2.383
1785956093408,0.9995999932289124,-0.0056268693879246,-0.0163772087544202,0.0223592687398195,2.392
1785956093419,0.9996000528335572,-0.0056235403753817,-0.0163754001259803,0.022359225898981,2.403
1785956093429,0.999600112438202,-0.0056197745725512,-0.0163734704256057,0.022359175607562,2.413
1785956093439,0.9996001720428468,-0.0056152385659515,-0.016371589154005,0.0223591122776269,2.423
1785956093448,0.9996002316474916,-0.005610573105514,-0.0163691155612468,0.022359050810337,2.432
1785956093458,0.9996002912521362,-0.0056058876216411,-0.0163670442998409,0.0223589874804019,2.442
1785956093468,0.999600350856781,-0.0056008710525929,-0.0163651444017887,0.0223589166998863,2.452
1785956093479,0.9996004700660706,-0.0055964770726859,-0.0163636766374111,0.0223588552325963,2.463
1785956093487,0.9996004700660706,-0.0055932514369487,-0.0163619704544544,0.0223588123917579,2.471
1785956093498,0.9996004700660706,-0.0055906297639012,-0.0163607373833656,0.0223587770015001,2.482
1785956093508,0.9996004700660706,-0.0055878264829516,-0.0163604244589805,0.0223587341606616,2.492
1785956093518,0.9996004700660706,-0.0055857873521745,-0.016360530629754,0.022358700633049,2.502
1785956093528,0.9996004700660706,-0.0055841249413788,-0.0163604095578193,0.0223586745560169,2.512
1785956093537,0.99960058927536,-0.0055819237604737,-0.0163597017526626,0.0223586447536945,2.521
1785956093547,0.99960058927536,-0.005579883698374,-0.0163586679846048,0.0223586186766624,2.531
1785956093558,0.99960058927536,-0.0055782352574169,-0.016357697546482,0.0223585981875658,2.542
1785956093568,0.99960058927536,-0.0055766850709915,-0.0163572616875171,0.022358575835824,2.552
1785956093578,0.9996007084846495,-0.0055744345299899,-0.0163564588874578,0.0223585460335016,2.562
1785956093587,0.9996007084846495,-0.0055717476643621,-0.0163554102182388,0.0223585087805986,2.571
1785956093597,0.9996007084846495,-0.0055688400752842,-0.0163542535156011,0.0223584678024053,2.581
1785956093607,0.9996007084846495,-0.0055653098970651,-0.016352541744709,0.0223584212362766,2.591
1785956093618,0.9996007680892944,-0.0055617024190723,-0.0163505282253026,0.0223583746701478,2.602
1785956093627,0.9996008276939392,-0.005557432770729,-0.0163474697619676,0.0223583243787288,2.611
1785956093637,0.9996010065078736,-0.005552080925554,-0.0163435582071542,0.0223582629114389,2.621
1785956093647,0.9996011257171632,-0.0055459542199969,-0.0163396764546632,0.0223581865429878,2.631
1785956093657,0.9996012449264526,-0.005540469661355,-0.0163366831839084,0.0223581157624721,2.641
1785956093666,0.9996013045310974,-0.0055354246869683,-0.0163328237831592,0.0223580561578273,2.65
1785956093676,0.9996013641357422,-0.0055313161574304,-0.0163287054747343,0.0223580133169889,2.66
1785956093687,0.999601423740387,-0.0055280956439673,-0.0163249094039201,0.0223579835146665,2.671
1785956093697,0.9996014833450316,-0.0055244211107492,-0.0163217354565858,0.0223579425364732,2.681
1785956093707,0.9996015429496764,-0.0055218343622982,-0.016319740563631,0.0223579127341508,2.691
1785956093716,0.9996015429496764,-0.0055196289904415,-0.0163184311240911,0.0223578847944736,2.7
1785956093726,0.999601662158966,-0.0055178520269691,-0.0163178965449333,0.0223578605800867,2.71
1785956093736,0.999601662158966,-0.0055155144073069,-0.0163170415908098,0.022357827052474,2.72
1785956093747,0.999601662158966,-0.0055128247477114,-0.0163163430988788,0.0223577879369258,2.731
1785956093755,0.999601662158966,-0.0055107837542891,-0.0163156744092702,0.0223577581346035,2.739
1785956093766,0.9996017217636108,-0.0055073876865208,-0.0163138397037982,0.0223577134311199,2.75
1785956093776,0.9996018409729004,-0.0055045410990715,-0.0163125600665807,0.0223576761782169,2.76
1785956093786,0.9996018409729004,-0.0055020335130393,-0.0163112003356218,0.0223576426506042,2.77
1785956093796,0.9996018409729004,-0.0055020335130393,-0.0163112003356218,0.0223576426506042,2.78
1785956093805,0.9996018409729004,-0.0055020335130393,-0.0163112003356218,0.0223576426506042,2.789
1785956093815,0.9996018409729004,-0.0055020335130393,-0.0163112003356218,0.0223576426506042,2.799
1785956093826,0.9996018409729004,-0.0055020335130393,-0.0163112003356218,0.0223576426506042,2.81
1785956093836,0.9996018409729004,-0.0055020335130393,-0.0163112003356218,0.0223576426506042,2.82
1785956093845,0.9996018409729004,-0.0055020335130393,-0.0163112003356218,0.0223576426506042,2.829
1785956093855,0.9996018409729004,-0.0055020335130393,-0.0163112003356218,0.0223576426506042,2.839
1785956093865,0.9996018409729004,-0.0055020335130393,-0.0163112003356218,0.0223576426506042,2.849
1785956093876,0.9996018409729004,-0.0055020335130393,-0.0163112003356218,0.0223576426506042,2.86
1785956093886,0.9996018409729004,-0.0055020335130393,-0.0163112003356218,0.0223576426506042,2.87
1785956093895,0.9996018409729004,-0.0055020335130393,-0.0163112003356218,0.0223576426506042,2.879
1785956093905,0.9996018409729004,-0.0055020335130393,-0.0163112003356218,0.0223576426506042,2.889
1785956093915,0.9996018409729004,-0.0055020335130393,-0.0163112003356218,0.0223576426506042,2.899
1785956093925,0.9996018409729004,-0.0055020335130393,-0.0163112003356218,0.0223576426506042,2.909
1785956093934,0.9996018409729004,-0.0055020335130393,-0.0163112003356218,0.0223576426506042,2.918
1785956093944,0.9996018409729004,-0.0055020335130393,-0.0163112003356218,0.0223576426506042,2.928
1785956093955,0.9996018409729004,-0.0055020335130393,-0.0163112003356218,0.0223576426506042,2.939
1785956093965,0.9996018409729004,-0.0055020335130393,-0.0163112003356218,0.0223576426506042,2.949
1785956093975,0.9996018409729004,-0.0055020335130393,-0.0163112003356218,0.0223576426506042,2.959
1785956093984,0.9996018409729004,-0.0055020335130393,-0.0163112003356218,0.0223576426506042,2.968
1785956093994,0.9996018409729004,-0.0055020335130393,-0.0163112003356218,0.0223576426506042,2.978
1785956094004,0.9996018409729004,-0.0055020335130393,-0.0163112003356218,0.0223576426506042,2.988
1785956094015,0.9996018409729004,-0.0055020335130393,-0.0163112003356218,0.0223576426506042,2.999
1785956094025,0.9996018409729004,-0.0055020335130393,-0.0163112003356218,0.0223576426506042,3.009
1785956094034,0.9996018409729004,-0.0055020335130393,-0.0163112003356218,0.0223576426506042,3.018
1785956094044,0.9996018409729004,-0.0055020335130393,-0.0163112003356218,0.0223576426506042,3.028
1785956094054,0.9996018409729004,-0.0055020335130393,-0.0163112003356218,0.0223576426506042,3.038
1785956094065,0.9996018409729004,-0.0055020335130393,-0.0163112003356218,0.0223576426506042,3.049
1785956094073,0.9996018409729004,-0.0055020335130393,-0.0163112003356218,0.0223576426506042,3.057
1785956094084,0.9996018409729004,-0.0055020335130393,-0.0163112003356218,0.0223576426506042,3.068
1785956094094,0.9996018409729004,-0.0055020335130393,-0.0163112003356218,0.0223576426506042,3.078
1785956094104,0.9996018409729004,-0.0055020335130393,-0.0163112003356218,0.0223576426506042,3.088
1785956094113,0.9996018409729004,-0.0055020335130393,-0.0163112003356218,0.0223576426506042,3.097
1785956094123,0.9996018409729004,-0.0055020335130393,-0.0163112003356218,0.0223576426506042,3.107
1785956094133,0.9996018409729004,-0.0055020335130393,-0.0163112003356218,0.0223576426506042,3.117
1785956094144,0.9996018409729004,-0.0055020335130393,-0.0163112003356218,0.0223576426506042,3.128
1785956094154,0.9996018409729004,-0.0055020335130393,-0.0163112003356218,0.0223576426506042,3.138
1785956094163,0.9996018409729004,-0.0055020335130393,-0.0163112003356218,0.0223576426506042,3.147
1785956094173,0.9996018409729004,-0.0055020335130393,-0.0163112003356218,0.0223576426506042,3.157
1785956094183,0.9996018409729004,-0.0055020335130393,-0.0163112003356218,0.0223576426506042,3.167
1785956094193,0.9996018409729004,-0.0055020335130393,-0.0163112003356218,0.0223576426506042,3.177
1785956094202,0.9996018409729004,-0.0055020335130393,-0.0163112003356218,0.0223576426506042,3.186
1785956094212,0.9996018409729004,-0.0055020335130393,-0.0163112003356218,0.0223576426506042,3.196
1785956094223,0.9996018409729004,-0.0055020335130393,-0.0163112003356218,0.0223576426506042,3.207
1785956094233,0.9996018409729004,-0.0055020335130393,-0.0163112003356218,0.0223576426506042,3.217
1785956094242,0.9996018409729004,-0.0055020335130393,-0.0163112003356218,0.0223576426506042,3.226
1785956094252,0.9996018409729004,-0.0055020335130393,-0.0163112003356218,0.0223576426506042,3.236
1785956094262,0.9996018409729004,-0.0055020335130393,-0.0163112003356218,0.0223576426506042,3.246
1785956094273,0.9996018409729004,-0.0055020335130393,-0.0163112003356218,0.0223576426506042,3.257
1785956094283,0.9996018409729004,-0.0055020335130393,-0.0163112003356218,0.0223576426506042,3.267
1785956094292,0.9996018409729004,-0.0055020335130393,-0.0163112003356218,0.0223576426506042,3.276
1785956094302,0.9996018409729004,-0.0055020335130393,-0.0163112003356218,0.0223576426506042,3.286
1785956094312,0.9996018409729004,-0.0055020335130393,-0.0163112003356218,0.0223576426506042,3.296
1785956094322,0.9996018409729004,-0.0055020335130393,-0.0163112003356218,0.0223576426506042,3.306
1785956094331,0.9996018409729004,-0.0055020335130393,-0.0163112003356218,0.0223576426506042,3.315
1785956094341,0.9996018409729004,-0.0055020335130393,-0.0163112003356218,0.0223576426506042,3.325
1785956094352,0.9996018409729004,-0.0055020335130393,-0.0163112003356218,0.0223576426506042,3.336
1785956094362,0.9996018409729004,-0.0055020335130393,-0.0163112003356218,0.0223576426506042,3.346
1785956094372,0.9996018409729004,-0.0055020335130393,-0.0163112003356218,0.0223576426506042,3.356
1785956094381,0.9996018409729004,-0.0055020335130393,-0.0163112003356218,0.0223576426506042,3.365
1785956094391,0.9996018409729004,-0.0055020335130393,-0.0163112003356218,0.0223576426506042,3.375
1785956094401,0.9996018409729004,-0.0055020335130393,-0.0163112003356218,0.0223576426506042,3.385
1785956094412,0.9996018409729004,-0.0055020335130393,-0.0163112003356218,0.0223576426506042,3.396
1785956094420,0.9996018409729004,-0.0055020335130393,-0.0163112003356218,0.0223576426506042,3.404
1785956094431,0.9996018409729004,-0.0055020335130393,-0.0163112003356218,0.0223576426506042,3.415
1785956094441,0.9996018409729004,-0.0055020335130393,-0.0163112003356218,0.0223576426506042,3.425
1785956094451,0.9996018409729004,-0.0055020335130393,-0.0163112003356218,0.0223576426506042,3.435
1785956094461,0.9996018409729004,-0.0055020335130393,-0.0163112003356218,0.0223576426506042,3.445
1785956094470,0.9996018409729004,-0.0055020335130393,-0.0163112003356218,0.0223576426506042,3.454
1785956094481,0.9996018409729004,-0.0055020335130393,-0.0163112003356218,0.0223576426506042,3.465
1785956094491,0.9996018409729004,-0.0055020335130393,-0.0163112003356218,0.0223576426506042,3.475
1785956094501,0.9996018409729004,-0.0055020335130393,-0.0163112003356218,0.0223576426506042,3.485
1785956094510,0.9996018409729004,-0.0055020335130393,-0.0163112003356218,0.0223576426506042,3.494
1785956094520,0.9996018409729004,-0.0055020335130393,-0.0163112003356218,0.0223576426506042,3.504
1785956094530,0.9996018409729004,-0.0055020335130393,-0.0163112003356218,0.0223576426506042,3.514
1785956094541,0.9996018409729004,-0.0055020335130393,-0.0163112003356218,0.0223576426506042,3.525
1785956094551,0.9996018409729004,-0.0055020335130393,-0.0163112003356218,0.0223576426506042,3.535
1785956094560,0.9996018409729004,-0.0055020335130393,-0.0163112003356218,0.0223576426506042,3.544
1785956094570,0.9996018409729004,-0.0055020335130393,-0.0163112003356218,0.0223576426506042,3.554
1785956094580,0.9996018409729004,-0.0055020335130393,-0.0163112003356218,0.0223576426506042,3.564
1785956094590,0.9996018409729004,-0.0055020335130393,-0.0163112003356218,0.0223576426506042,3.574
1785956094599,0.9996018409729004,-0.0055020335130393,-0.0163112003356218,0.0223576426506042,3.583
1785956094609,0.9996018409729004,-0.0055020335130393,-0.0163112003356218,0.0223576426506042,3.593
1785956094620,0.9996018409729004,-0.0055020335130393,-0.0163112003356218,0.0223576426506042,3.604
1785956094630,0.9996018409729004,-0.0055020335130393,-0.0163112003356218,0.0223576426506042,3.614
1785956094640,0.9996018409729004,-0.0055020335130393,-0.0163112003356218,0.0223576426506042,3.624
1785956094649,0.9996018409729004,-0.0055020335130393,-0.0163112003356218,0.0223576426506042,3.633
1785956094659,0.9996018409729004,-0.0055020335130393,-0.0163112003356218,0.0223576426506042,3.643
1785956094669,0.9996018409729004,-0.0055020335130393,-0.0163112003356218,0.0223576426506042,3.653
1785956094680,0.9996018409729004,-0.0055020335130393,-0.0163112003356218,0.0223576426506042,3.664
1785956094689,0.9996018409729004,-0.0055020335130393,-0.0163112003356218,0.0223576426506042,3.673
1785956094699,0.9996018409729004,-0.0055020335130393,-0.0163112003356218,0.0223576426506042,3.683
1785956094709,0.9996018409729004,-0.0055020335130393,-0.0163112003356218,0.0223576426506042,3.693
1785956094719,0.9996018409729004,-0.0055020335130393,-0.0163112003356218,0.0223576426506042,3.703
1785956094728,0.9996018409729004,-0.0055020335130393,-0.0163112003356218,0.0223576426506042,3.712
1785956094738,0.9996018409729004,-0.0055020335130393,-0.0163112003356218,0.0223576426506042,3.722
1785956094749,0.9996018409729004,-0.0055020335130393,-0.0163112003356218,0.0223576426506042,3.733
1785956094759,0.9996018409729004,-0.0055020335130393,-0.0163112003356218,0.0223576426506042,3.743
1785956094769,0.9996018409729004,-0.0055020335130393,-0.0163112003356218,0.0223576426506042,3.753
1785956094778,0.9996018409729004,-0.0055020335130393,-0.0163112003356218,0.0223576426506042,3.762
1785956094788,0.9996018409729004,-0.0055020335130393,-0.0163112003356218,0.0223576426506042,3.772
1785956094798,0.9996018409729004,-0.0055020335130393,-0.0163112003356218,0.0223576426506042,3.782
1785956094809,0.9996018409729004,-0.0055020335130393,-0.0163112003356218,0.0223576426506042,3.793
1785956094817,0.9996018409729004,-0.0055020335130393,-0.0163112003356218,0.0223576426506042,3.801
1785956094828,0.9996018409729004,-0.0055020335130393,-0.0163112003356218,0.0223576426506042,3.812
1785956094838,0.9996018409729004,-0.0055020335130393,-0.0163112003356218,0.0223576426506042,3.822
1785956094848,0.9996018409729004,-0.0055020335130393,-0.0163112003356218,0.0223576426506042,3.832
1785956094858,0.9996018409729004,-0.0055020335130393,-0.0163112003356218,0.0223576426506042,3.842
1785956094867,0.9996018409729004,-0.0055020335130393,-0.0163112003356218,0.0223576426506042,3.851
1785956094877,0.9996018409729004,-0.0055020335130393,-0.0163112003356218,0.0223576426506042,3.861
1785956094888,0.9996018409729004,-0.0055020335130393,-0.0163112003356218,0.0223576426506042,3.872
1785956094898,0.9996018409729004,-0.0055020335130393,-0.0163112003356218,0.0223576426506042,3.882
1785956094907,0.9996018409729004,-0.0055020335130393,-0.0163112003356218,0.0223576426506042,3.891
1785956094917,0.9996018409729004,-0.0055020335130393,-0.0163112003356218,0.0223576426506042,3.901
1785956094927,0.9996018409729004,-0.0055020335130393,-0.0163112003356218,0.0223576426506042,3.911
1785956094938,0.9996018409729004,-0.0055020335130393,-0.0163112003356218,0.0223576426506042,3.922
1785956094948,0.9996018409729004,-0.0055020335130393,-0.0163112003356218,0.0223576426506042,3.932
1785956094957,0.9996018409729004,-0.0055020335130393,-0.0163112003356218,0.0223576426506042,3.941
1785956094967,0.9996018409729004,-0.0055020335130393,-0.0163112003356218,0.0223576426506042,3.951
1785956094977,0.9996018409729004,-0.0055020335130393,-0.0163112003356218,0.0223576426506042,3.961
1785956094987,0.9996018409729004,-0.0055020335130393,-0.0163112003356218,0.0223576426506042,3.971
1785956094996,0.9996018409729004,-0.0055020335130393,-0.0163112003356218,0.0223576426506042,3.98
1785956095006,0.9996018409729004,-0.0055020335130393,-0.0163112003356218,0.0223576426506042,3.99
1785956095017,0.9996018409729004,-0.0055020335130393,-0.0163112003356218,0.0223576426506042,4.001
1785956095027,0.9996018409729004,-0.0055020335130393,-0.0163112003356218,0.0223576426506042,4.011
1785956095037,0.9996018409729004,-0.0055020335130393,-0.0163112003356218,0.0223576426506042,4.021
1785956095046,0.9996018409729004,-0.0055020335130393,-0.0163112003356218,0.0223576426506042,4.03
1785956095056,0.9996018409729004,-0.0055020335130393,-0.0163112003356218,0.0223576426506042,4.04
1785956095066,0.9996018409729004,-0.0055020335130393,-0.0163112003356218,0.0223576426506042,4.05
1785956095077,0.9996018409729004,-0.0055020335130393,-0.0163112003356218,0.0223576426506042,4.061
1785956095086,0.9996018409729004,-0.0055020335130393,-0.0163112003356218,0.0223576426506042,4.07
1785956095096,0.9996018409729004,-0.0055020335130393,-0.0163112003356218,0.0223576426506042,4.08
1785956095106,0.9996018409729004,-0.0055020335130393,-0.0163112003356218,0.0223576426506042,4.09
1785956095116,0.9996018409729004,-0.0055020335130393,-0.0163112003356218,0.0223576426506042,4.1
1785956095127,0.9996018409729004,-0.0055020335130393,-0.0163112003356218,0.0223576426506042,4.111
1785956095135,0.9996018409729004,-0.0055020335130393,-0.0163112003356218,0.0223576426506042,4.119
1785956095146,0.9996018409729004,-0.0055020335130393,-0.0163112003356218,0.0223576426506042,4.13
1785956095156,0.9996018409729004,-0.0055020335130393,-0.0163112003356218,0.0223576426506042,4.14
1785956095166,0.9996018409729004,-0.0055020335130393,-0.0163112003356218,0.0223576426506042,4.15
1785956095175,0.9996018409729004,-0.0055020335130393,-0.0163112003356218,0.0223576426506042,4.159
1785956095185,0.9996018409729004,-0.0055020335130393,-0.0163112003356218,0.0223576426506042,4.169
1785956095195,0.9996018409729004,-0.0055020335130393,-0.0163112003356218,0.0223576426506042,4.179
1785956095206,0.9996018409729004,-0.0055020335130393,-0.0163112003356218,0.0223576426506042,4.19
1785956095216,0.9996018409729004,-0.0055020335130393,-0.0163112003356218,0.0223576426506042,4.2
1785956095225,0.9996018409729004,-0.0055020335130393,-0.0163112003356218,0.0223576426506042,4.209
1785956095235,0.9996018409729004,-0.0055020335130393,-0.0163112003356218,0.0223576426506042,4.219
1785956095245,0.9996018409729004,-0.0055020335130393,-0.0163112003356218,0.0223576426506042,4.229
1785956095255,0.9996018409729004,-0.0055020335130393,-0.0163112003356218,0.0223576426506042,4.239
1785956095264,0.9996018409729004,-0.0055020335130393,-0.0163112003356218,0.0223576426506042,4.248
1785956095274,0.9996018409729004,-0.0055020335130393,-0.0163112003356218,0.0223576426506042,4.258
1785956095285,0.9996018409729004,-0.0055020335130393,-0.0163112003356218,0.0223576426506042,4.269
1785956095295,0.9996018409729004,-0.0055020335130393,-0.0163112003356218,0.0223576426506042,4.279
1785956095304,0.9996018409729004,-0.0055020335130393,-0.0163112003356218,0.0223576426506042,4.288
1785956095314,0.9996018409729004,-0.0055020335130393,-0.0163112003356218,0.0223576426506042,4.298
1785956095324,0.9996018409729004,-0.0055020335130393,-0.0163112003356218,0.0223576426506042,4.308
1785956095335,0.9996018409729004,-0.0055020335130393,-0.0163112003356218,0.0223576426506042,4.319
1785956095345,0.9996018409729004,-0.0055020335130393,-0.0163112003356218,0.0223576426506042,4.329
1785956095354,0.9996018409729004,-0.0055020335130393,-0.0163112003356218,0.0223576426506042,4.338
1785956095364,0.9996018409729004,-0.0055020335130393,-0.0163112003356218,0.0223576426506042,4.348
1785956095374,0.9996018409729004,-0.0055020335130393,-0.0163112003356218,0.0223576426506042,4.358
1785956095384,0.9996018409729004,-0.0055020335130393,-0.0163112003356218,0.0223576426506042,4.368
1785956095393,0.9996018409729004,-0.0055020335130393,-0.0163112003356218,0.0223576426506042,4.377
1785956095403,0.9996018409729004,-0.0055020335130393,-0.0163112003356218,0.0223576426506042,4.387
1785956095414,0.9996018409729004,-0.0055020335130393,-0.0163112003356218,0.0223576426506042,4.398
1785956095424,0.9996018409729004,-0.0055020335130393,-0.0163112003356218,0.0223576426506042,4.408
1785956095434,0.9996018409729004,-0.0055020335130393,-0.0163112003356218,0.0223576426506042,4.418
1785956095443,0.9996018409729004,-0.0055020335130393,-0.0163112003356218,0.0223576426506042,4.427
1785956095453,0.9996018409729004,-0.0055020335130393,-0.0163112003356218,0.0223576426506042,4.437
1785956095463,0.9996018409729004,-0.0055020335130393,-0.0163112003356218,0.0223576426506042,4.447
1785956095474,0.9996018409729004,-0.0055020335130393,-0.0163112003356218,0.0223576426506042,4.458
1785956095482,0.9996018409729004,-0.0055020335130393,-0.0163112003356218,0.0223576426506042,4.466
1785956095493,0.9996018409729004,-0.0055020335130393,-0.0163112003356218,0.0223576426506042,4.477
1785956095503,0.9996018409729004,-0.0055020335130393,-0.0163112003356218,0.0223576426506042,4.487
1785956095513,0.9996018409729004,-0.0055020335130393,-0.0163112003356218,0.0223576426506042,4.497
1785956095523,0.9996018409729004,-0.0055020335130393,-0.0163112003356218,0.0223576426506042,4.507
1785956095532,0.9996018409729004,-0.0055020335130393,-0.0163112003356218,0.0223576426506042,4.516
1785956095543,0.9996018409729004,-0.0055020335130393,-0.0163112003356218,0.0223576426506042,4.527
1785956095553,0.9996018409729004,-0.0055020335130393,-0.0163112003356218,0.0223576426506042,4.537
1785956095563,0.9996018409729004,-0.0055020335130393,-0.0163112003356218,0.0223576426506042,4.547
1785956095572,0.9996018409729004,-0.0055020335130393,-0.0163112003356218,0.0223576426506042,4.556
1785956095582,0.9996018409729004,-0.0055020335130393,-0.0163112003356218,0.0223576426506042,4.566
1785956095592,0.9996018409729004,-0.0055020335130393,-0.0163112003356218,0.0223576426506042,4.576
1785956095603,0.9996018409729004,-0.0055020335130393,-0.0163112003356218,0.0223576426506042,4.587
1785956095613,0.9996018409729004,-0.0055020335130393,-0.0163112003356218,0.0223576426506042,4.597
1785956095622,0.9996018409729004,-0.0055020335130393,-0.0163112003356218,0.0223576426506042,4.606
1785956095632,0.9996018409729004,-0.0055020335130393,-0.0163112003356218,0.0223576426506042,4.616
1785956095642,0.9996018409729004,-0.0055020335130393,-0.0163112003356218,0.0223576426506042,4.626
1785956095652,0.9996018409729004,-0.0055020335130393,-0.0163112003356218,0.0223576426506042,4.636
1785956095661,0.9996018409729004,-0.0055020335130393,-0.0163112003356218,0.0223576426506042,4.645
1785956095671,0.9996018409729004,-0.0055020335130393,-0.0163112003356218,0.0223576426506042,4.655
1785956095682,0.9996018409729004,-0.0055020335130393,-0.0163112003356218,0.0223576426506042,4.666
1785956095692,0.9996018409729004,-0.0055020335130393,-0.0163112003356218,0.0223576426506042,4.676
1785956095702,0.9996018409729004,-0.0055020335130393,-0.0163112003356218,0.0223576426506042,4.686
1785956095711,0.9996018409729004,-0.0055020335130393,-0.0163112003356218,0.0223576426506042,4.695
1785956095721,0.9996018409729004,-0.0055020335130393,-0.0163112003356218,0.0223576426506042,4.705
1785956095731,0.9996018409729004,-0.0055020335130393,-0.0163112003356218,0.0223576426506042,4.715
1785956095742,0.9996018409729004,-0.0055020335130393,-0.0163112003356218,0.0223576426506042,4.726
1785956095751,0.9996018409729004,-0.0055020335130393,-0.0163112003356218,0.0223576426506042,4.735
1785956095761,0.9996018409729004,-0.0055020335130393,-0.0163112003356218,0.0223576426506042,4.745
1785956095771,0.9996018409729004,-0.0055020335130393,-0.0163112003356218,0.0223576426506042,4.755
1785956095781,0.9996018409729004,-0.0055020335130393,-0.0163112003356218,0.0223576426506042,4.765
1785956095790,0.9996018409729004,-0.0055020335130393,-0.0163112003356218,0.0223576426506042,4.774
1785956095800,0.9996018409729004,-0.0055020335130393,-0.0163112003356218,0.0223576426506042,4.784
1785956095811,0.9996018409729004,-0.0055020335130393,-0.0163112003356218,0.0223576426506042,4.795
1785956095821,0.9996018409729004,-0.0055020335130393,-0.0163112003356218,0.0223576426506042,4.805
1785956095831,0.9996018409729004,-0.0055020335130393,-0.0163112003356218,0.0223576426506042,4.815
1785956095840,0.9996018409729004,-0.0055020335130393,-0.0163112003356218,0.0223576426506042,4.824
1785956095850,0.9996018409729004,-0.0055020335130393,-0.0163112003356218,0.0223576426506042,4.834
1785956095860,0.9996018409729004,-0.0055020335130393,-0.0163112003356218,0.0223576426506042,4.844
1785956095871,0.9996018409729004,-0.0055020335130393,-0.0163112003356218,0.0223576426506042,4.855
1785956095879,0.9996018409729004,-0.0055020335130393,-0.0163112003356218,0.0223576426506042,4.863
1785956095890,0.9996018409729004,-0.0055020335130393,-0.0163112003356218,0.0223576426506042,4.874
1785956095900,0.9996018409729004,-0.0055020335130393,-0.0163112003356218,0.0223576426506042,4.884
1785956095910,0.9996018409729004,-0.0055020335130393,-0.0163112003356218,0.0223576426506042,4.894
1785956095920,0.9996018409729004,-0.0055020335130393,-0.0163112003356218,0.0223576426506042,4.904
1785956095929,0.9996018409729004,-0.0055020335130393,-0.0163112003356218,0.0223576426506042,4.913
1785956095940,0.9996018409729004,-0.0055020335130393,-0.0163112003356218,0.0223576426506042,4.924
1785956095950,0.9996018409729004,-0.0055020335130393,-0.0163112003356218,0.0223576426506042,4.934
1785956095960,0.9996018409729004,-0.0055020335130393,-0.0163112003356218,0.0223576426506042,4.944
1785956095969,0.9996018409729004,-0.0055020335130393,-0.0163112003356218,0.0223576426506042,4.953
1785956095979,0.9996018409729004,-0.0055020335130393,-0.0163112003356218,0.0223576426506042,4.963
1785956095989,0.9996018409729004,-0.0055020335130393,-0.0163112003356218,0.0223576426506042,4.973
1785956096000,0.9996018409729004,-0.0055020335130393,-0.0163112003356218,0.0223576426506042,4.984
1785956096010,0.9996018409729004,-0.0055020335130393,-0.0163112003356218,0.0223576426506042,4.994
1785956096019,0.9996018409729004,-0.0055020335130393,-0.0163112003356218,0.0223576426506042,5.003
1785956096029,0.9996018409729004,-0.0055020335130393,-0.0163112003356218,0.0223576426506042,5.013
1785956096039,0.9996018409729004,-0.0055020335130393,-0.0163112003356218,0.0223576426506042,5.023
1785956096049,0.9996018409729004,-0.0055020335130393,-0.0163112003356218,0.0223576426506042,5.033
1785956096058,0.9996018409729004,-0.0055020335130393,-0.0163112003356218,0.0223576426506042,5.042
1785956096068,0.9996018409729004,-0.0055020335130393,-0.0163112003356218,0.0223576426506042,5.052
1785956096079,0.9996018409729004,-0.0055020335130393,-0.0163112003356218,0.0223576426506042,5.063
1785956096089,0.9996018409729004,-0.0055020335130393,-0.0163112003356218,0.0223576426506042,5.073
1785956096099,0.9996018409729004,-0.0055020335130393,-0.0163112003356218,0.0223576426506042,5.083
1785956096108,0.9996018409729004,-0.0055020335130393,-0.0163112003356218,0.0223576426506042,5.092
1785956096118,0.9996018409729004,-0.0055020335130393,-0.0163112003356218,0.0223576426506042,5.102
1785956096128,0.9996018409729004,-0.0055020335130393,-0.0163112003356218,0.0223576426506042,5.112
1785956096139,0.9996018409729004,-0.0055020335130393,-0.0163112003356218,0.0223576426506042,5.123
1785956096148,0.9996018409729004,-0.0055020335130393,-0.0163112003356218,0.0223576426506042,5.132
1785956096158,0.9996018409729004,-0.0055020335130393,-0.0163112003356218,0.0223576426506042,5.142
1785956096168,0.9996018409729004,-0.0055020335130393,-0.0163112003356218,0.0223576426506042,5.152
1785956096178,0.9996018409729004,-0.0055020335130393,-0.0163112003356218,0.0223576426506042,5.162
1785956096189,0.9996018409729004,-0.0055020335130393,-0.0163112003356218,0.0223576426506042,5.173
1785956096197,0.9996018409729004,-0.0055020335130393,-0.0163112003356218,0.0223576426506042,5.181
1785956096208,0.9996018409729004,-0.0055020335130393,-0.0163112003356218,0.0223576426506042,5.192
1785956096218,0.9996018409729004,-0.0055020335130393,-0.0163112003356218,0.0223576426506042,5.202
1785956096228,0.9996018409729004,-0.0055020335130393,-0.0163112003356218,0.0223576426506042,5.212
1785956096237,0.9996018409729004,-0.0055020335130393,-0.0163112003356218,0.0223576426506042,5.221
1785956096247,0.9996018409729004,-0.0055020335130393,-0.0163112003356218,0.0223576426506042,5.231
1785956096257,0.9996018409729004,-0.0055020335130393,-0.0163112003356218,0.0223576426506042,5.241
1785956096268,0.9996018409729004,-0.0055020335130393,-0.0163112003356218,0.0223576426506042,5.252
1785956096278,0.9996018409729004,-0.0055020335130393,-0.0163112003356218,0.0223576426506042,5.262
1785956096287,0.9996018409729004,-0.0055020335130393,-0.0163112003356218,0.0223576426506042,5.271
1785956096297,0.9996018409729004,-0.0055020335130393,-0.0163112003356218,0.0223576426506042,5.281
1785956096307,0.9996018409729004,-0.0055020335130393,-0.0163112003356218,0.0223576426506042,5.291
1785956096317,0.9996018409729004,-0.0055020335130393,-0.0163112003356218,0.0223576426506042,5.301
1785956096326,0.9996018409729004,-0.0055020335130393,-0.0163112003356218,0.0223576426506042,5.31
1785956096336,0.9996018409729004,-0.0055020335130393,-0.0163112003356218,0.0223576426506042,5.32
1785956096347,0.9996018409729004,-0.0055020335130393,-0.0163112003356218,0.0223576426506042,5.331
1785956096357,0.9996018409729004,-0.0055020335130393,-0.0163112003356218,0.0223576426506042,5.341
1785956096366,0.9996018409729004,-0.0055020335130393,-0.0163112003356218,0.0223576426506042,5.35
1785956096376,0.9996018409729004,-0.0055020335130393,-0.0163112003356218,0.0223576426506042,5.36
1785956096386,0.9996018409729004,-0.0055020335130393,-0.0163112003356218,0.0223576426506042,5.37
1785956096397,0.9996018409729004,-0.0055020335130393,-0.0163112003356218,0.0223576426506042,5.381
1785956096407,0.9996018409729004,-0.0055020335130393,-0.0163112003356218,0.0223576426506042,5.391
1785956096416,0.9996018409729004,-0.0055020335130393,-0.0163112003356218,0.0223576426506042,5.4
1785956096426,0.9996018409729004,-0.0055020335130393,-0.0163112003356218,0.0223576426506042,5.41
1785956096436,0.9996018409729004,-0.0055020335130393,-0.0163112003356218,0.0223576426506042,5.42
1785956096446,0.9996018409729004,-0.0055020335130393,-0.0163112003356218,0.0223576426506042,5.43
1785956096455,0.9996018409729004,-0.0055020335130393,-0.0163112003356218,0.0223576426506042,5.439
1785956096465,0.9996018409729004,-0.0055020335130393,-0.0163112003356218,0.0223576426506042,5.449
1785956096476,0.9996018409729004,-0.0055020335130393,-0.0163112003356218,0.0223576426506042,5.46
1785956096486,0.9996018409729004,-0.0055020335130393,-0.0163112003356218,0.0223576426506042,5.47
1785956096496,0.9996018409729004,-0.0055020335130393,-0.0163112003356218,0.0223576426506042,5.48
1785956096505,0.9996018409729004,-0.0055020335130393,-0.0163112003356218,0.0223576426506042,5.489
1785956096515,0.9996018409729004,-0.0055020335130393,-0.0163112003356218,0.0223576426506042,5.499
1785956096525,0.9996018409729004,-0.0055020335130393,-0.0163112003356218,0.0223576426506042,5.509
1785956096536,0.9996018409729004,-0.0055020335130393,-0.0163112003356218,0.0223576426506042,5.52
1785956096544,0.9996018409729004,-0.0055020335130393,-0.0163112003356218,0.0223576426506042,5.528
1785956096555,0.9996018409729004,-0.0055020335130393,-0.0163112003356218,0.0223576426506042,5.539
1785956096565,0.9996018409729004,-0.0055020335130393,-0.0163112003356218,0.0223576426506042,5.549
1785956096575,0.9996018409729004,-0.0055020335130393,-0.0163112003356218,0.0223576426506042,5.559
1785956096586,0.9996018409729004,-0.0055020335130393,-0.0163112003356218,0.0223576426506042,5.57
1785956096594,0.9996018409729004,-0.0055020335130393,-0.0163112003356218,0.0223576426506042,5.578
1785956096605,0.9996018409729004,-0.0055020335130393,-0.0163112003356218,0.0223576426506042,5.589
1785956096615,0.9996018409729004,-0.0055020335130393,-0.0163112003356218,0.0223576426506042,5.599
1785956096625,0.9996018409729004,-0.0055020335130393,-0.0163112003356218,0.0223576426506042,5.609
1785956096635,0.9996018409729004,-0.0055020335130393,-0.0163112003356218,0.0223576426506042,5.619
1785956096644,0.9996018409729004,-0.0055020335130393,-0.0163112003356218,0.0223576426506042,5.628
1785956096654,0.9996018409729004,-0.0055020335130393,-0.0163112003356218,0.0223576426506042,5.638
1785956096665,0.9996018409729004,-0.0055020335130393,-0.0163112003356218,0.0223576426506042,5.649
1785956096675,0.9996018409729004,-0.0055020335130393,-0.0163112003356218,0.0223576426506042,5.659
1785956096684,0.9996018409729004,-0.0055020335130393,-0.0163112003356218,0.0223576426506042,5.668
1785956096694,0.9996018409729004,-0.0055020335130393,-0.0163112003356218,0.0223576426506042,5.678
1785956096704,0.9996018409729004,-0.0055020335130393,-0.0163112003356218,0.0223576426506042,5.688
1785956096714,0.9996018409729004,-0.0055020335130393,-0.0163112003356218,0.0223576426506042,5.698
1785956096725,0.999687135219574,-0.0053295958787202,-0.0171416383236646,0.0174171961843967,5.709
1785956096733,0.9997397661209106,-0.0053965239785611,-0.0166320204734802,0.0146447122097015,5.717
1785956096744,0.9997539520263672,-0.0052748904563486,-0.0167999882251024,0.013489544391632,5.728
1785956096754,0.999761998653412,-0.0053431917913258,-0.0171210952103137,0.0124193076044321,5.738
1785956096764,0.9997575879096984,-0.0058710216544568,-0.0172861628234386,0.0123110590502619,5.748
1785956096773,0.9997557401657104,-0.0062062065117061,-0.0174656976014375,0.0120325153693556,5.757
1785956096783,0.9997589588165284,-0.0066809682175517,-0.017474852502346,0.0114872902631759,5.767
1785956096794,0.999783217906952,-0.0054266578517854,-0.0166942123323678,0.0111936442553997,5.778
1785956096804,0.999800145626068,-0.0047330539673566,-0.0160112921148538,0.010988600552082,5.788
1785956096813,0.9998137950897216,-0.0047398740425705,-0.0152225084602832,0.0108690811321139,5.797
1785956096823,0.9998332262039183,-0.0055121765471994,-0.0138905402272939,0.0104984873905777,5.807
1785956096833,0.9998685717582704,-0.006659934297204,-0.0117955841124057,0.0089078042656183,5.817
1785956096843,0.9999125003814696,-0.0070842895656824,-0.00995132047683,0.0050848210230469,5.827
1785956096854,0.9999273419380188,-0.0093067418783903,-0.0074507179670035,0.0017690127715468,5.838
1785956096862,0.999927282333374,-0.011409874074161,-0.0036797965876758,0.0012497471179813,5.846
1785956096873,0.9999337196350098,-0.0094771580770611,0.0025567689444869,0.0060231834650039,5.857
1785956096883,0.9996530413627625,-0.0246621239930391,0.0047198184765875,0.0079609444364905,5.867
1785956096893,0.9992213845252992,-0.0383170805871486,0.0030160844326019,0.0089116673916578,5.877
1785956096902,0.9985896348953248,-0.0520861446857452,-0.0002222326875198,0.0102817052975296,5.886
1785956096912,0.9973942041397096,-0.0709559991955757,-0.0036565770860761,0.012520745396614,5.896
1785956096922,0.9953613877296448,-0.0947320684790611,-0.00878616143018,0.0142924170941114,5.906
1785956096933,0.9922836422920228,-0.1220723167061805,-0.0154389459639787,0.0152690960094332,5.917
1785956096941,0.9882749915122986,-0.1501379311084747,-0.0228320937603712,0.0158022064715623,5.925
1785956096952,0.9828212261199952,-0.1814208477735519,-0.0294008962810039,0.0168682560324668,5.936
1785956096962,0.9763283133506776,-0.2127404361963272,-0.034399677067995,0.0184715967625379,5.946
1785956096972,0.9695274233818054,-0.2410194128751754,-0.0389444716274738,0.0202391445636749,5.956
1785956096982,0.9633257389068604,-0.2636918127536773,-0.0449332259595394,0.0212413370609283,5.966
1785956096991,0.957829475402832,-0.2815623879432678,-0.0537763610482215,0.0198326166719198,5.975
1785956097002,0.9530837535858154,-0.2953090965747833,-0.0647198259830474,0.0153389256447553,5.986
1785956097012,0.9484704732894896,-0.3074424266815185,-0.0759731978178024,0.01053929887712,5.996
1785956097022,0.9425381422042848,-0.3223107159137726,-0.0878402516245842,0.004656636621803,6.006
1785956097031,0.9351611733436584,-0.3399957418441772,-0.0993729010224342,-0.0011741097550839,6.015
1785956097041,0.9274269938468932,-0.3570437729358673,-0.1111490949988365,-0.0066893491894006,6.025
1785956097051,0.919568121433258,-0.3732845187187195,-0.122181586921215,-0.0111691607162356,6.035
1785956097062,0.9114001393318176,-0.3894444108009338,-0.1321323961019516,-0.0149577176198363,6.046
1785956097072,0.9022426009178162,-0.4070919156074524,-0.1410536915063858,-0.0183923747390508,6.056
1785956097081,0.890565812587738,-0.4283473491668701,-0.1512393653392791,-0.0231858287006616,6.065
1785956097091,0.875932514667511,-0.4535676836967468,-0.1618765741586685,-0.0285414345562458,6.075
1785956097101,0.8590161204338074,-0.4808090925216675,-0.1726925522089004,-0.0330332592129707,6.085
1785956097111,0.8418334722518921,-0.5062910318374634,-0.1832747906446457,-0.0373657010495662,6.095
1785956097120,0.8259079456329346,-0.5283970832824707,-0.192510113120079,-0.0401547476649284,6.104
1785956097130,0.8114083409309387,-0.547743558883667,-0.1996620595455169,-0.0415752790868282,6.114
1785956097141,0.7962098717689514,-0.5671234726905823,-0.2064925879240036,-0.0422077775001525,6.125
1785956097151,0.7800724506378174,-0.5871202349662781,-0.2121794372797012,-0.0419128127396106,6.135
1785956097161,0.7644520401954651,-0.6057807803153992,-0.2167801260948181,-0.0406088829040527,6.145
1785956097171,0.7493302822113037,-0.6224112510681152,-0.2227144837379455,-0.0388139709830284,6.155
1785956097180,0.7329702973365784,-0.6398053765296936,-0.2280035018920898,-0.0376547798514366,6.164
1785956097190,0.712781548500061,-0.661069393157959,-0.2314614802598953,-0.0368142575025558,6.174
1785956097201,0.6906611919403076,-0.6832626461982727,-0.2340076267719268,-0.0371440388262271,6.185
1785956097210,0.6685396432876587,-0.7045516967773438,-0.2351239770650863,-0.0371268652379512,6.194
1785956097220,0.6480923891067505,-0.7232969403266907,-0.2355863600969314,-0.0362884104251861,6.204
1785956097230,0.629347562789917,-0.7392220497131348,-0.2370129823684692,-0.03601735830307,6.214
1785956097240,0.6090160608291626,-0.7559735774993896,-0.2374909371137619,-0.0346617214381694,6.224
1785956097251,0.5883384346961975,-0.7727426290512085,-0.2358072996139526,-0.0334915108978748,6.235
1785956097259,0.5683488249778748,-0.7881638407707214,-0.2340224981307983,-0.0317918099462986,6.243
1785956097270,0.5494630336761475,-0.8020105957984924,-0.23239167034626,-0.0293842498213052,6.254
1785956097280,0.5326840281486511,-0.8135333061218262,-0.2318071126937866,-0.0260142236948013,6.264
1785956097290,0.5173617601394653,-0.8237788677215576,-0.2307363748550415,-0.0220432840287685,6.274
1785956097299,0.5032128691673279,-0.8334126472473145,-0.2278313040733337,-0.0171182174235582,6.283
1785956097309,0.4916533231735229,-0.841291606426239,-0.2244391292333603,-0.0115084620192646,6.293
1785956097319,0.4830658435821533,-0.84706711769104,-0.2215760052204132,-0.0053546652197837,6.303
1785956097330,0.4732237458229065,-0.8532840013504028,-0.2190106511116027,0.0002160444128094,6.314
1785956097340,0.4629188776016235,-0.8594907522201538,-0.2166980654001236,0.0048692459240555,6.324
1785956097349,0.4528000652790069,-0.8653926849365234,-0.2143794596195221,0.0104404250159859,6.333
1785956097359,0.4434616863727569,-0.8707411289215088,-0.2119129300117492,0.0156371369957923,6.343
1785956097369,0.4340344071388244,-0.876110851764679,-0.2089030146598816,0.0200859401375055,6.353
1785956097379,0.4246821999549866,-0.8813029527664185,-0.2059151530265808,0.0234311502426862,6.363
1785956097388,0.4166742265224457,-0.8855973482131958,-0.2034102082252502,0.0269127059727907,6.372
1785956097398,0.4098518192768097,-0.8892613053321838,-0.2006657570600509,0.0311286225914955,6.382
1785956097409,0.4041576087474823,-0.8925806879997253,-0.1965287029743194,0.0365070700645446,6.393
1785956097419,0.3996771275997162,-0.8952412009239197,-0.1925362646579742,0.0416063070297241,6.403
1785956097429,0.3972349762916565,-0.896821141242981,-0.1890534609556198,0.0466362349689006,6.413
1785956097438,0.3949495255947113,-0.8982720375061035,-0.1857679337263107,0.0511127971112728,6.422
1785956097448,0.3921859562397003,-0.8998105525970459,-0.1831376552581787,0.05469761043787,6.432
1785956097459,0.3890862762928009,-0.9013519883155824,-0.181258350610733,0.057635348290205,6.443
1785956097469,0.3858940601348877,-0.902937114238739,-0.1793446540832519,0.0602158904075622,6.453
1785956097478,0.3830439746379852,-0.9043408036231996,-0.1773460060358047,0.0631932169198989,6.462
1785956097488,0.3805686235427856,-0.9055163264274596,-0.1753707379102707,0.0667288973927497,6.472
1785956097498,0.3787987530231476,-0.906337022781372,-0.1736548840999603,0.0700625851750373,6.482
1785956097508,0.3776362836360931,-0.9068631529808044,-0.1720470041036605,0.0734157189726829,6.492
1785956097519,0.377136766910553,-0.9071128368377686,-0.1702650040388107,0.0769679695367813,6.503
1785956097527,0.3773567378520965,-0.9070549607276917,-0.1684156954288482,0.0805565416812896,6.511
1785956097538,0.3775550425052643,-0.9069531559944152,-0.1673455089330673,0.0829678177833557,6.522
1785956097548,0.3773635327816009,-0.9069808125495912,-0.1665710508823394,0.0850682109594345,6.532
1785956097558,0.3770745992660522,-0.9070663452148438,-0.1655545979738235,0.0873903110623359,6.542
1785956097567,0.3767171502113342,-0.9072254300117492,-0.1643508672714233,0.0895261839032173,6.551
1785956097577,0.3763357996940613,-0.9073980450630188,-0.1634066104888916,0.0910963043570518,6.561
1785956097587,0.37603959441185,-0.9074901938438416,-0.163045197725296,0.0920432955026626,6.571
1785956097598,0.3756035268306732,-0.9076948761940002,-0.1623206138610839,0.0930806696414947,6.582
1785956097606,0.3751106560230255,-0.9080004692077636,-0.1606631428003311,0.0949449613690376,6.59
1785956097617,0.3749223351478576,-0.9081794619560242,-0.1590839624404907,0.0966211184859275,6.601
1785956097627,0.3748009800910949,-0.908296525478363,-0.1576138585805893,0.0983842462301254,6.611
1785956097637,0.3748373091220855,-0.9083172678947448,-0.1566320806741714,0.0996150821447372,6.621
1785956097648,0.3751664161682129,-0.9081889390945436,-0.1562484353780746,0.1001464575529098,6.632
1785956097658,0.3832713663578033,-0.9042995572090148,-0.1507022678852081,0.1124019548296928,6.642
1785956097667,0.3838337957859039,-0.9041484594345092,-0.1491957157850265,0.1137004643678665,6.651
1785956097677,0.3843851387500763,-0.903989851474762,-0.1482279300689697,0.11436278373003,6.661
1785956097687,0.3848428130149841,-0.9038520455360411,-0.1476430147886276,0.1146691069006919,6.671
1785956097696,0.3847240507602691,-0.903906226158142,-0.1468247473239898,0.1156864240765571,6.68
1785956097706,0.3844180703163147,-0.9040356278419496,-0.1467409580945968,0.1157996505498886,6.69
1785956097716,0.3841590285301208,-0.9041043519973756,-0.1470578610897064,0.1157201081514358,6.7
1785956097727,0.3838951885700226,-0.9042123556137084,-0.1468958556652069,0.1159578710794448,6.711
1785956097737,0.3834339380264282,-0.9044238924980164,-0.1469979286193847,0.1157037988305091,6.721
1785956097746,0.3829378485679626,-0.904626965522766,-0.1471291333436966,0.1155935227870941,6.73
1785956097756,0.3827283978462219,-0.9047191143035888,-0.1469288617372512,0.1158189997076988,6.74
1785956097766,0.3828763365745544,-0.9046730399131776,-0.1465390175580978,0.1161846220493316,6.75
1785956097776,0.3836707472801208,-0.904401421546936,-0.1461829841136932,0.1161261349916458,6.76
1785956097785,0.3849920332431793,-0.9038988947868348,-0.1460435837507248,0.1158412620425224,6.769
1785956097795,0.3867864310741424,-0.9031866788864136,-0.1459968537092209,0.115477330982685,6.779
1785956097806,0.3892551362514496,-0.9021816253662108,-0.1456039845943451,0.1155340075492858,6.79
1785956097816,0.3924005925655365,-0.9009352326393129,-0.145155981183052,0.1151839047670364,6.8
1785956097826,0.3955923616886139,-0.8996018171310425,-0.1451909691095352,0.1146420016884803,6.81
1785956097835,0.3987430036067962,-0.8982730507850647,-0.1452899277210235,0.1140191033482551,6.819
1785956097845,0.4011728465557098,-0.8972581624984741,-0.1456365287303924,0.1130395904183387,6.829
1785956097856,0.4043945372104645,-0.8959662318229675,-0.1452159583568573,0.112347163259983,6.84
1785956097866,0.4079559743404388,-0.8945523500442505,-0.1439574807882309,0.1123576089739799,6.85
1785956097875,0.4123811423778534,-0.8927866220474243,-0.1425200253725052,0.1120796352624893,6.859
1785956097885,0.4151416420936584,-0.8919094204902649,-0.1426575183868408,0.1086442545056343,6.869
1785956097895,0.4158296883106231,-0.8923818469047546,-0.1465812772512436,0.0961984917521476,6.879
1785956097905,0.4176681339740753,-0.8919985890388489,-0.1461551338434219,0.0923602581024169,6.889
1785956097916,0.4212382137775421,-0.8914057612419128,-0.1419219374656677,0.0883869603276252,6.9
1785956097924,0.4240724742412567,-0.8910303711891174,-0.1386709958314895,0.0836531147360801,6.908
1785956097935,0.4261409640312195,-0.8909838199615479,-0.1351794302463531,0.0792349278926849,6.919
1785956097945,0.4278360605239868,-0.8911395072937012,-0.1317534297704696,0.0739432945847511,6.929
1785956097955,0.4285261332988739,-0.8915812969207764,-0.1283297091722488,0.0705675259232521,6.939
1785956097964,0.4290235340595245,-0.8921297788619995,-0.1229056492447853,0.0702669396996498,6.948
1785956097974,0.4293766319751739,-0.8929687738418579,-0.114887461066246,0.071016326546669,6.958
1785956097984,0.4291891455650329,-0.8939796686172485,-0.107176773250103,0.0714853331446647,6.968
1785956097995,0.4288560450077057,-0.895129919052124,-0.0982648581266403,0.0718947798013687,6.979
1785956098005,0.4283882081508636,-0.8964514136314392,-0.0865033939480781,0.0733183100819587,6.989
1785956098014,0.4278630912303924,-0.8977620601654053,-0.0726952999830246,0.0753117576241493,6.998
1785956098024,0.4262163341045379,-0.8994271159172058,-0.0582947731018066,0.0772802829742431,7.008
1785956098034,0.4226964712142944,-0.9018064737319946,-0.0446391180157661,0.0779755935072898,7.018
1785956098044,0.4176081120967865,-0.9047452807426452,-0.0317726954817771,0.0776530429720878,7.028
1785956098053,0.4122096598148346,-0.9076222777366638,-0.0181418340653181,0.0773031413555145,7.037
1785956098064,0.4070463478565216,-0.9101296067237854,-0.0030290170107036,0.0772551298141479,7.048
1785956098074,0.4026594758033752,-0.9117815494537354,0.0149022955447435,0.0793578252196312,7.058
1785956098084,0.398720383644104,-0.9126046299934388,0.0351072885096073,0.0833204463124275,7.068
1785956098093,0.3959499001502991,-0.9123967885971068,0.0556218177080154,0.087532952427864,7.077
1785956098103,0.3918067812919616,-0.9124129414558412,0.074098952114582,0.0921926274895668,7.087
1785956098113,0.3874961733818054,-0.9120447039604188,0.0895271450281143,0.1000305116176605,7.097
1785956098124,0.3839460611343384,-0.9108477234840392,0.1043021157383918,0.1098315343260765,7.108
1785956098134,0.3816204667091369,-0.9086599946022034,0.1189844012260437,0.1206049174070358,7.118
1785956098143,0.3854946494102478,-0.903696835041046,0.1326380372047424,0.1308934986591339,7.127
1785956098153,0.3881708979606628,-0.8992723226547241,0.1448059678077697,0.140227809548378,7.137
1785956098163,0.395087718963623,-0.8928507566452026,0.1559772044420242,0.149647444486618,7.147
1785956098173,0.4036375880241394,-0.8855995535850525,0.1671895384788513,0.1575998961925506,7.157
1785956098182,0.4135867357254028,-0.8774504065513611,0.1774762868881225,0.1659187525510788,7.166
1785956098192,0.4254947602748871,-0.868004560470581,0.1854428350925445,0.1764462143182754,7.176
1785956098203,0.4383519887924194,-0.8582017421722412,0.1896973252296447,0.188021719455719,7.187
1785956098213,0.450758159160614,-0.8487442135810852,0.1908511072397232,0.2000653892755508,7.197
1785956098223,0.462073415517807,-0.8402368426322937,0.1886971890926361,0.2118575423955917,7.207
1785956098233,0.4753294289112091,-0.8305858373641968,0.1855336427688598,0.2230837196111679,7.217
1785956098242,0.4924913346767425,-0.8175579905509949,0.1843518614768982,0.2346604615449905,7.226
1785956098252,0.509994626045227,-0.8033395409584045,0.1827735155820846,0.2472749501466751,7.236
1785956098263,0.528679609298706,-0.7878924608230591,0.1805185079574585,0.25910684466362,7.247
1785956098272,0.5440648794174194,-0.7753550410270691,0.1763846576213836,0.2677804231643677,7.256
1785956098282,0.5662031173706055,-0.7579624056816101,0.1729975789785385,0.2738225162029266,7.266
1785956098292,0.5879561901092529,-0.7388985753059387,0.1713862866163253,0.2810038924217224,7.276
1785956098302,0.6093504428863525,-0.7180723547935486,0.1720859706401825,0.2888782322406769,7.286
1785956098313,0.6300224661827087,-0.6951495409011841,0.175123393535614,0.2986143827438354,7.297
1785956098321,0.6492058038711548,-0.670437216758728,0.179301455616951,0.3112824559211731,7.305
1785956098332,0.6681967377662659,-0.6427508592605591,0.1853906959295272,0.3255989849567413,7.316
1785956098342,0.6857216954231262,-0.6126872897148132,0.1921156048774719,0.3427704274654388,7.326
1785956098352,0.7013044953346252,-0.5829034447669983,0.1971087902784347,0.359921783208847,7.336
1785956098361,0.7158315777778625,-0.5512691736221313,0.2019507735967636,0.3780255913734436,7.345
1785956098371,0.729207456111908,-0.5186588168144226,0.2079322189092636,0.3949856758117676,7.355
1785956098381,0.7416901588439941,-0.486564964056015,0.2135056853294372,0.4093476235866546,7.365
1785956098392,0.7535815238952637,-0.4570590257644653,0.2181213349103927,0.4190885126590729,7.376
1785956098402,0.7631757259368896,-0.4342824220657348,0.222025454044342,0.4238706529140472,7.386
1785956098411,0.772645115852356,-0.4147906303405761,0.2252117693424224,0.4245560765266418,7.395
1785956098421,0.7808189988136292,-0.4003926813602447,0.226762443780899,0.422594666481018,7.405
1785956098431,0.7868815660476685,-0.392185628414154,0.227868765592575,0.4184298813343048,7.415
1785956098441,0.792112410068512,-0.3888882994651794,0.2296142876148224,0.4106107354164123,7.425
1785956098450,0.7966850399971008,-0.3899870812892914,0.2314637452363968,0.3995343148708343,7.434
1785956098461,0.800681471824646,-0.3940171897411346,0.2330526858568191,0.3864531517028808,7.445
1785956098471,0.8040123581886292,-0.3988119065761566,0.2357872128486633,0.372716337442398,7.455
1785956098481,0.8061865568161011,-0.4048152267932892,0.240424633026123,0.3583070337772369,7.465
1785956098491,0.807848334312439,-0.4101036489009857,0.246584951877594,0.3440814018249511,7.475
1785956098500,0.809084415435791,-0.4145083725452423,0.2549833059310913,0.3294674754142761,7.484
1785956098510,0.8105154037475586,-0.4175324440002441,0.264920711517334,0.3139242231845855,7.494
1785956098521,0.812400758266449,-0.4202152490615845,0.2748459279537201,0.2964523434638977,7.505
1785956098531,0.8147555589675903,-0.4234844744205475,0.2827465832233429,0.2772879302501678,7.515
1785956098540,0.8174039125442505,-0.4267894029617309,0.2884488403797149,0.2578736841678619,7.524
1785956098550,0.8200255036354065,-0.4291367828845978,0.2936946749687195,0.2390464097261428,7.534
1785956098560,0.8226053714752197,-0.4308193624019623,0.298579066991806,0.2203761339187622,7.544
1785956098570,0.8249906301498413,-0.4315101504325866,0.303794264793396,0.2022335082292556,7.554
1785956098581,0.8273089528083801,-0.4300952851772308,0.3100089430809021,0.1856675595045089,7.565
1785956098589,0.8302673697471619,-0.4270960688591003,0.3154466152191162,0.1695243716239929,7.573
1785956098600,0.8345001935958862,-0.4216900467872619,0.3194665312767029,0.1540393829345703,7.584
1785956098610,0.840279221534729,-0.4129138886928558,0.3224275112152099,0.1395479887723922,7.594
1785956098620,0.8474257588386536,-0.4014628827571869,0.3242233395576477,0.1248052418231964,7.604
1785956098629,0.8554104566574097,-0.3874848484992981,0.325954794883728,0.1090046614408493,7.613
1785956098639,0.8631889820098877,-0.3723606467247009,0.3278928399085998,0.0934813767671585,7.623
1785956098649,0.8701971769332886,-0.358482152223587,0.3287116587162018,0.078714482486248,7.633
1785956098660,0.8752722144126892,-0.349800169467926,0.3273269832134247,0.0662976875901222,7.644
1785956098669,0.8795206546783447,-0.344155877828598,0.3236939609050751,0.0567663088440895,7.653
1785956098679,0.8842289447784424,-0.3377805054187774,0.3184229731559753,0.051481507718563,7.663
1785956098689,0.8894462585449219,-0.3314875066280365,0.3112026154994964,0.0464141964912414,7.673
1785956098699,0.8950241804122925,-0.3258385360240936,0.301803320646286,0.0409357137978076,7.683
1785956098710,0.9008045196533204,-0.3201556801795959,0.2912220358848572,0.0352327413856983,7.694
1785956098720,0.9065919518470764,-0.3145939409732818,0.2797702848911285,0.0291581954807043,7.704
1785956098729,0.9125741720199584,-0.3075356185436249,0.2685697078704834,0.0223744995892047,7.713
1785956098739,0.9190204739570618,-0.2980598509311676,0.2575584352016449,0.0150059228762984,7.723
1785956098749,0.9258260130882264,-0.2866743505001068,0.2461885511875152,0.0074306917376816,7.733
1785956098759,0.9323433041572572,-0.2743411362171173,0.2355265468358993,6.975738506298512e-05,7.743
1785956098768,0.938555896282196,-0.2623773515224457,0.2241059690713882,-0.0068857548758387,7.752
1785956098778,0.9443295001983644,-0.2522819638252258,0.2108116447925567,-0.0124125946313142,7.762
1785956098789,0.9489540457725524,-0.245280921459198,0.1975754052400589,-0.0169539451599121,7.773
1785956098799,0.9527708292007446,-0.2403019368648529,0.1846028715372085,-0.020113231614232,7.783
1785956098808,0.9560040831565856,-0.2363444417715072,0.1723610311746597,-0.0221142433583736,7.792
1785956098818,0.9587967991828918,-0.2326266914606094,0.1614673882722854,-0.0228413324803113,7.802
1785956098828,0.9614588618278505,-0.2287395596504211,0.1507632136344909,-0.023355696350336,7.812
1785956098838,0.9642903208732604,-0.2237717658281326,0.1395893990993499,-0.0241891574114561,7.822
1785956098847,0.9673291444778442,-0.2171999663114547,0.1282153576612472,-0.0256774518638849,7.831
1785956098857,0.970637857913971,-0.2091705948114395,0.115826241672039,-0.0263437628746032,7.841
1785956098868,0.9737609028816224,-0.2004888355731964,0.1044728755950927,-0.026065919548273,7.852
1785956098878,0.9764645099639891,-0.192265510559082,0.0944244489073753,-0.025200305506587,7.862
1785956098888,0.9783462882041932,-0.1875329464673996,0.0840759873390197,-0.0245151612907648,7.872
1785956098897,0.9793139696121216,-0.186930850148201,0.0737607702612876,-0.023673728108406,7.881
1785956098907,0.9798619747161864,-0.1878428012132644,0.0643462911248207,-0.0210956949740648,7.891
1785956098918,0.9806237816810608,-0.1873297989368438,0.0551531910896301,-0.0155784823000431,7.902
1785956098928,0.9814642667770386,-0.1858501881361007,0.0459676124155521,-0.0086335465312004,7.912
1785956098937,0.9822085499763488,-0.1840431690216064,0.0373285673558712,-0.0010290050413459,7.921
1785956098947,0.9828503131866456,-0.1819095164537429,0.0294405613094568,0.0068887267261743,7.931
1785956098957,0.9833319783210754,-0.1798454523086547,0.0220950730144977,0.0150176268070936,7.941
1785956098967,0.9836546778678894,-0.1781083643436432,0.0156265217810869,0.0213718842715024,7.951
1785956098978,0.9841142892837524,-0.1751748770475387,0.0111469365656375,0.0266197770833969,7.962
1785956098986,0.9846011996269226,-0.1716339439153671,0.0089847473427653,0.0319625027477741,7.97
1785956098997,0.985334038734436,-0.166435420513153,0.0087494486942887,0.0365986675024032,7.981
1785956099007,0.9861112236976624,-0.1605909168720245,0.0082645574584603,0.0415550284087657,7.991
1785956099017,0.9866164326667786,-0.1557330042123794,0.0077707469463348,0.0476955622434616,8.001
1785956099026,0.9867419004440308,-0.1524959057569503,0.006938035134226,0.0551110059022903,8.01
1785956099036,0.9863766431808472,-0.1514281034469604,0.0057094683870673,0.0640156343579292,8.02
1785956099046,0.9856967329978944,-0.1517696976661682,0.0038593292701989,0.0731634795665741,8.03
1785956099057,0.9849570989608764,-0.1521816849708557,0.0020098988898098,0.0818299278616905,8.041
1785956099067,0.984333872795105,-0.1520774066448211,0.0002296347665833,0.0892137959599495,8.051
1785956099076,0.9837597608566284,-0.1519211530685424,-0.0004993691691197,0.0955841764807701,8.06
1785956099086,0.9831923842430116,-0.1518213599920272,0.0008316272287629,0.1014016643166542,8.07
1785956099096,0.9826853275299072,-0.1514112502336502,0.0037830527871847,0.1067232713103294,8.08
1785956099106,0.982334852218628,-0.1501190364360809,0.0078212907537817,0.1114511713385582,8.09
1785956099115,0.9820465445518494,-0.1486612111330032,0.0129227666184306,0.1154013946652412,8.099
1785956099126,0.981578528881073,-0.1481389552354812,0.0190333146601915,0.1191471591591835,8.11
1785956099136,0.9807807803153992,-0.1490800082683563,0.0259039122611284,0.1231794357299804,8.12
1785956099146,0.9797871708869934,-0.150720477104187,0.0333708003163337,0.1272276192903518,8.13
1785956099156,0.9786995649337769,-0.1523343324661255,0.0409775525331497,0.1313856393098831,8.14
1785956099165,0.9776289463043212,-0.153600126504898,0.0480953715741634,0.1354090571403503,8.149
1785956099175,0.9766342043876648,-0.1545878797769546,0.0558093190193176,0.138468861579895,8.159
1785956099186,0.9757465124130248,-0.1554308384656906,0.0642778500914573,0.1401011049747467,8.17
1785956099196,0.9749478697776794,-0.1562230288982391,0.0736432969570159,0.1401704102754593,8.18
1785956099206,0.9743421077728271,-0.1564186513423919,0.0842173472046852,0.1381961405277252,8.19
1785956099215,0.9740173816680908,-0.1559723913669586,0.095124527812004,0.1338432133197784,8.199
1785956099225,0.9738223552703856,-0.1547833383083343,0.1062985062599182,0.1281122118234634,8.209
1785956099235,0.9734253883361816,-0.1528727859258651,0.1167294532060623,0.1242856010794639,8.219
1785956099246,0.9728869795799256,-0.1501498967409134,0.1261537820100784,0.1226017773151397,8.23
1785956099254,0.9725946187973022,-0.1458937972784042,0.1342220157384872,0.1214873865246772,8.238
1785956099265,0.9729649424552916,-0.1399256139993667,0.1395096033811569,0.1195704862475395,8.249
1785956099275,0.9741671085357666,-0.1325315535068512,0.1415960639715194,0.1156909689307212,8.259
1785956099285,0.9761340618133544,-0.1236606314778328,0.1408768445253372,0.1096542701125145,8.269
1785956099295,0.97850501537323,-0.1139187291264534,0.1380626112222671,0.102416381239891,8.279
1785956099304,0.9808861017227172,-0.1048282012343406,0.1337174773216247,0.0948318019509315,8.288
1785956099315,0.9830397367477416,-0.0977634191513061,0.1284752637147903,0.0870015770196914,8.299
1785956099325,0.9849525094032288,-0.0916901901364326,0.1229711547493934,0.0796215087175369,8.309
1785956099335,0.986827552318573,-0.0853385999798774,0.1162115186452865,0.0733732283115387,8.319
1785956099344,0.9885367155075072,-0.0790144503116607,0.1085962876677513,0.0689829587936401,8.328
1785956099354,0.9900240302085876,-0.0721239075064659,0.1023336797952652,0.0646400600671768,8.338
1785956099364,0.991104781627655,-0.0657562017440795,0.098592109978199,0.0605556070804595,8.348
1785956099375,0.9920888543128968,-0.0583920553326606,0.0957286208868026,0.0564459599554538,8.359
1785956099383,0.9931188821792604,-0.050089031457901,0.0928604006767273,0.0508215315639972,8.367
1785956099394,0.9940986037254332,-0.0413538105785846,0.0899705290794372,0.0443066395819187,8.378
1785956099404,0.9950463771820068,-0.0319199338555336,0.0868472903966903,0.0363504029810428,8.388
1785956099414,0.9959057569503784,-0.022154601290822,0.0832952335476875,0.0272545292973518,8.398
1785956099423,0.9964227676391602,-0.0140124335885047,0.0813012346625328,0.0183136314153671,8.407
1785956099433,0.996627390384674,-0.0079572638496756,0.0810159742832183,0.0103423558175563,8.417
1785956099443,0.9966114163398744,-0.0031412506941705,0.0821561589837074,0.0024756139609962,8.427
1785956099454,0.996475100517273,0.001399359665811,0.0836885571479797,-0.0056356987915933,8.438
1785956099464,0.996250867843628,0.0061230086721479,0.0851180925965309,-0.0142004042863845,8.448
1785956099473,0.9957946538925172,0.0112252589315176,0.0881622210144996,-0.0222347658127546,8.457
1785956099483,0.9950942993164062,0.0163126252591609,0.092908389866352,-0.0298202987760305,8.467
1785956099493,0.9942048192024232,0.0214978214353323,0.0982829183340072,-0.0378811061382293,8.477
1785956099503,0.9931771159172058,0.0261161215603351,0.1035714894533157,-0.0467974506318569,8.487
1785956099512,0.991982102394104,0.0296111591160297,0.1092729419469833,-0.056160844862461,8.496
1785956099523,0.9905517101287842,0.0323615558445453,0.1162882670760154,-0.0650925189256668,8.507
1785956099533,0.9889283180236816,0.0346647687256336,0.1244616508483886,-0.0729966312646865,8.517
1785956099543,0.9873007535934448,0.0367871224880218,0.1325101405382156,-0.0795291364192962,8.527
1785956099553,0.9858736991882324,0.0385531783103942,0.1397589743137359,-0.083869956433773,8.537
1785956099562,0.9844681024551392,0.0396883487701416,0.1472010314464569,-0.0870585218071937,8.546
1785956099572,0.9828149080276488,0.0397819876670837,0.1556199193000793,-0.0909656807780265,8.556
1785956099583,0.9808658957481384,0.0390747748315334,0.1652648895978927,-0.0951982364058494,8.567
1785956099593,0.9788472652435304,0.0390320718288421,0.1749696731567382,-0.098590113222599,8.577
1785956099602,0.9767407178878784,0.0401526503264904,0.1842843443155288,-0.1020030677318573,8.586
1785956099612,0.974473774433136,0.040944330394268,0.1931401640176773,-0.1068702861666679,8.596
1785956099622,0.9717236757278442,0.0408903658390045,0.2027883678674698,-0.1138330101966857,8.606
1785956099632,0.9684744477272034,0.0402144640684127,0.2130162119865417,-0.1227356940507888,8.616
1785956099643,0.9649698734283448,0.039250012487173,0.2217409014701843,-0.1346237510442733,8.627
1785956099651,0.96097332239151,0.0377185642719268,0.2303018420934677,-0.1485553085803985,8.635
1785956099662,0.9569901823997498,0.0353240109980106,0.2397584170103073,-0.1594925373792648,8.646
1785956099672,0.953218936920166,0.0343365035951137,0.2500489950180053,-0.1663433909416198,8.656
1785956099682,0.9501724243164062,0.0344285443425178,0.2593116462230682,-0.1695420742034912,8.666
1785956099691,0.9479288458824158,0.0346796996891498,0.2666760385036468,-0.1706219464540481,8.675
1785956099701,0.9462791681289672,0.0349652096629142,0.2732322216033935,-0.1693436801433563,8.685
1785956099711,0.9448584318161012,0.0358453206717968,0.2799215614795685,-0.1661372482776641,8.695
1785956099722,0.9435265064239502,0.0368187054991722,0.286249041557312,-0.1626758128404617,8.706
1785956099732,0.942215859889984,0.0367416702210903,0.2920896112918854,-0.1598840355873108,8.716
1785956099741,0.9409908652305604,0.0356284640729427,0.2971340119838714,-0.1580450236797332,8.725
1785956099751,0.9399014711380004,0.034299898892641,0.3012482225894928,-0.1570294499397277,8.735
1785956099761,0.9386590123176576,0.0325131341814994,0.3055644333362579,-0.1565004885196685,8.745
1785956099772,0.937655746936798,0.0301554314792156,0.309527724981308,-0.1551929116249084,8.756
1785956099782,0.9372752904891968,0.02775314822793,0.3122990131378174,-0.1523618549108505,8.766
1785956099791,0.937502145767212,0.0256398860365152,0.313786119222641,-0.1482249051332473,8.775
1785956099801,0.9382488131523132,0.0234539005905389,0.3140006065368652,-0.1433272212743759,8.785
1785956099811,0.9394853115081788,0.0206018574535846,0.312749981880188,-0.1383124887943267,8.795
1785956099821,0.9413309693336488,0.0171066541224718,0.3098604381084442,-0.1326266527175903,8.805
1785956099830,0.943833827972412,0.0140556152909994,0.3052021563053131,-0.1258242577314376,8.814
1785956099840,0.9468117356300354,0.0119684124365448,0.2989341020584106,-0.1185016483068466,8.824
1785956099851,0.9503211975097656,0.0111737782135605,0.2905209958553314,-0.1111861541867256,8.835
1785956099861,0.9541757702827454,0.0125625552609562,0.280432790517807,-0.1036734506487846,8.845
1785956099870,0.958169400691986,0.0179092213511466,0.2697509527206421,-0.0939417630434036,8.854
1785956099880,0.9619379043579102,0.0291712787002325,0.2594942450523376,-0.0805431455373764,8.864
1785956099890,0.9644524455070496,0.0465311780571937,0.2515954971313476,-0.0660760700702667,8.874
1785956099900,0.9654512405395508,0.0674313381314277,0.245928093791008,-0.0536309108138084,8.884
1785956099909,0.965889573097229,0.0884189456701278,0.2391962707042694,-0.0449951253831386,8.893
1785956099919,0.9666897654533386,0.1061850190162658,0.2294253855943679,-0.0399943925440311,8.903
1785956099930,0.9682490825653076,0.1193832457065582,0.2164218872785568,-0.0374552309513092,8.914
1785956099940,0.9700323343276978,0.1338826864957809,0.1991595029830932,-0.0380565077066421,8.924
1785956099950,0.9728631973266602,0.1393271684646606,0.1808974891901016,-0.037433136254549,8.934
1785956099959,0.9761112928390504,0.1421153396368026,0.1604195237159729,-0.035713605582714,8.943
1785956099969,0.9789164066314696,0.1467574685811996,0.1378844678401947,-0.0342465154826641,8.953
1785956099980,0.9810618162155152,0.1503694355487823,0.1189510971307754,-0.0275191329419612,8.964
1785956099990,0.9829536080360411,0.1513846814632415,0.1031927168369293,-0.0153698520734906,8.974
1785956099999,0.9842783808708192,0.1522954851388931,0.0894213169813156,-0.0024553979746997,8.983
1785956100009,0.985238254070282,0.1524941176176071,0.0771925672888755,0.0096142422407865,8.993
1785956100019,0.986194670200348,0.1507708877325058,0.0651470720767974,0.0210729166865348,9.003
1785956100029,0.9870381951332092,0.1479981541633606,0.0534582361578941,0.0315319113433361,9.013
1785956100040,0.9878858923912048,0.1430158466100692,0.0419461317360401,0.0432246886193752,9.024
1785956100048,0.9889346957206726,0.1348149925470352,0.0288173872977495,0.0547964014112949,9.032
1785956100059,0.9900065660476683,0.1240301504731178,0.0156936608254909,0.0652478858828544,9.043
1785956100069,0.9910362362861632,0.1105027124285698,0.0042966497130692,0.0749521106481552,9.053
1785956100079,0.991987943649292,0.0948902294039726,-0.0051220706664025,0.083244115114212,9.063
1785956100088,0.9924944639205932,0.077461838722229,-0.0146960308775305,0.0934793055057525,9.072
1785956100098,0.9921551942825316,0.0590336434543132,-0.025040216743946,0.1073127835988998,9.082
1785956100108,0.9910534620285034,0.0399951562285423,-0.0338192470371723,0.1227587759494781,9.092
1785956100119,0.9891414642333984,0.0188824478536844,-0.040503691881895,0.1400075703859329,9.103
1785956100129,0.9864178895950316,-0.0033690850250422,-0.0459321066737175,0.1576659083366394,9.113
1785956100138,0.9827672839164734,-0.0271268002688884,-0.0491498336195945,0.1761163026094436,9.122
1785956100148,0.9782014489173888,-0.0554641708731651,-0.052033856511116,0.1932310312986374,9.132
1785956100158,0.9728322625160216,-0.0908601805567741,-0.0546208098530769,0.2058112472295761,9.142
1785956100169,0.966842770576477,-0.1321147978305816,-0.0583477169275283,0.2106089890003204,9.153
1785956100177,0.9586454033851624,-0.1792986690998077,-0.0627355724573135,0.2119317352771759,9.161
1785956100189,0.9469759464263916,-0.2320187985897064,-0.0663461089134216,0.2121365368366241,9.173
1785956100198,0.9326291680336,-0.2852185368537903,-0.0688563659787178,0.2100283950567245,9.182
1785956100208,0.9158914685249328,-0.3362397849559784,-0.0713712498545646,0.2073445916175842,9.192
1785956100218,0.8975922465324402,-0.3823724389076233,-0.0732401683926582,0.2067734897136688,9.202
1785956100227,0.8765894174575806,-0.4262065589427948,-0.0749882534146308,0.2105130106210708,9.211
1785956100237,0.8521203994750977,-0.4710763692855835,-0.0757226645946502,0.2150439918041229,9.221
1785956100248,0.8252658247947693,-0.5148322582244873,-0.0758675783872604,0.2193812578916549,9.232
1785956100258,0.7979322671890259,-0.5551027655601501,-0.0776114165782928,0.2216785252094268,9.242
1785956100268,0.771351158618927,-0.5920314192771912,-0.0838099271059036,0.2179267406463623,9.252
1785956100277,0.7445945143699646,-0.6271728873252869,-0.0934984162449836,0.2085455507040023,9.261
1785956100287,0.7164507508277893,-0.6616132259368896,-0.1030176654458046,0.1958405971527099,9.271
1785956100297,0.6879561543464661,-0.6943367719650269,-0.1106931045651435,0.1798885017633438,9.281
1785956100308,0.6600785851478577,-0.7238736748695374,-0.1166338995099067,0.1634002476930618,9.292
1785956100316,0.6333855986595154,-0.7497429847717285,-0.1214344128966331,0.1481955200433731,9.3
1785956100327,0.6059189438819885,-0.7728999257087708,-0.1276375204324722,0.1385516226291656,9.311
1785956100337,0.5776816606521606,-0.7939117550849915,-0.1342674791812896,0.1340161114931106,9.321
1785956100347,0.5502146482467651,-0.8125142455101013,-0.1409925371408462,0.1311693489551544,9.331
1785956100356,0.5235482454299927,-0.8290265202522278,-0.1478061974048614,0.1294816583395004,9.34
1785956100366,0.4985877573490143,-0.8425391912460327,-0.1578743606805801,0.1288943588733673,9.35
1785956100377,0.4760473072528839,-0.8534262180328369,-0.1685627400875091,0.1289542019367218,9.361
1785956100387,0.4554790258407593,-0.8630475401878357,-0.1752304136753082,0.1303152292966842,9.371
1785956100397,0.4371717870235443,-0.8716669082641602,-0.1778610795736313,0.1320723891258239,9.381
1785956100406,0.4213491976261139,-0.878645122051239,-0.1800315082073211,0.1342992484569549,9.39
1785956100416,0.4069538116455078,-0.8842918276786804,-0.18343585729599,0.1369954496622085,9.4
1785956100426,0.3942488431930542,-0.8889685273170471,-0.1861798614263534,0.1401425153017044,9.41
1785956100437,0.3828140199184418,-0.8931249976158142,-0.1879103481769561,0.1430765837430954,9.421
1785956100445,0.3730904459953308,-0.8964501023292542,-0.1896985620260238,0.145585760474205,9.429
1785956100456,0.3648828864097595,-0.8989823460578918,-0.1916721612215042,0.1481653749942779,9.44
1785956100466,0.3575074374675751,-0.901170551776886,-0.1935888081789016,0.1503443419933319,9.45
1785956100476,0.3509795069694519,-0.9030083417892456,-0.1956539452075958,0.1520156264305114,9.46
1785956100485,0.3452492952346802,-0.9047229290008544,-0.1968534141778946,0.1533886194229126,9.469
1785956100495,0.3397578001022339,-0.9062864184379578,-0.1976060569286346,0.1554391682147979,9.479
1785956100505,0.3345068395137787,-0.9077616333961488,-0.197647139430046,0.158144399523735,9.489
1785956100516,0.3293863236904144,-0.909511148929596,-0.1962824165821075,0.1605219095945358,9.5
1785956100526,0.3248878419399261,-0.91121107339859,-0.1942020952701568,0.1625664830207824,9.51
1785956100535,0.3201643824577331,-0.9130348563194276,-0.1912693977355957,0.1651605814695358,9.519
1785956100545,0.3155370652675628,-0.9148427844047546,-0.1879168301820755,0.1678874194622039,9.529
1785956100555,0.3117753863334656,-0.9162904024124146,-0.1851919293403625,0.1700348556041717,9.539
1785956100565,0.308840811252594,-0.9174105525016784,-0.1827526092529297,0.1719789654016494,9.549
1785956100574,0.3066502213478088,-0.9181925058364868,-0.18089659512043,0.1736795902252197,9.558
1785956100585,0.3048984706401825,-0.9187405109405518,-0.1792140156030655,0.175599530339241,9.569
1785956100595,0.3028110265731811,-0.9192195534706116,-0.1782061457633972,0.1777171790599823,9.579
1785956100605,0.3007469475269317,-0.9197845458984376,-0.176895260810852,0.1795988976955413,9.589
1785956100615,0.2993141412734985,-0.9202097654342652,-0.1749133318662643,0.1817426681518554,9.599
1785956100624,0.2982534766197204,-0.9205209612846376,-0.1732429713010788,0.1835015416145324,9.608
1785956100634,0.2970794439315796,-0.9210174679756165,-0.1713744401931762,0.1846655011177063,9.618
1785956100645,0.2962166965007782,-0.921461284160614,-0.169484332203865,0.1855795979499817,9.629
1785956100655,0.2962198853492737,-0.921688437461853,-0.1673322170972824,0.1863977909088134,9.639
1785956100664,0.2968263924121856,-0.92173832654953,-0.1649919301271438,0.1872701346874237,9.648
1785956100675,0.2982158362865448,-0.9214268922805786,-0.1631462574005127,0.1882098764181137,9.659
1785956100684,0.3003308176994324,-0.920956015586853,-0.1604541838169098,0.1894623190164566,9.668
1785956100694,0.3028978407382965,-0.92040753364563,-0.1572785228490829,0.1906993836164474,9.678
1785956100705,0.3053613305091858,-0.9196110963821412,-0.1552500128746032,0.1922691762447357,9.689
1785956100713,0.3081841766834259,-0.9182935357093812,-0.1547548770904541,0.1944491565227508,9.697
1785956100724,0.3118138909339905,-0.9164162874221802,-0.1551497429609298,0.197184756398201,9.708
1785956100734,0.3160650432109833,-0.9141149520874025,-0.1557545661926269,0.2005921155214309,9.718
1785956100744,0.3210088014602661,-0.9116912484169006,-0.1562067419290542,0.2034008055925369,9.728
1785956100753,0.326086163520813,-0.9094669222831726,-0.1569028496742248,0.2047418802976608,9.737
1785956100763,0.3311611115932464,-0.9075067639350892,-0.1571903973817825,0.2050730586051941,9.747
1785956100773,0.3370189368724823,-0.9054673314094543,-0.157165840268135,0.2045628577470779,9.757
1785956100784,0.3442680239677429,-0.9031280279159546,-0.1568079143762588,0.2031023353338241,9.768
1785956100794,0.3525400459766388,-0.9002398252487183,-0.1569922417402267,0.2015867382287979,9.778
1785956100803,0.3618879318237304,-0.8969117999076843,-0.1577352881431579,0.1992633193731308,9.787
1785956100813,0.3711292445659637,-0.8939350843429565,-0.1571045219898224,0.1961157470941543,9.797
1785956100823,0.3797650039196014,-0.8915725946426392,-0.1545089036226272,0.1923638135194778,9.807
1785956100834,0.3883616626262665,-0.8892235159873962,-0.1514657884836197,0.1884540319442749,9.818
1785956100844,0.3960100412368774,-0.8870311975479126,-0.1492712050676345,0.1845802068710327,9.828
1785956100853,0.4035731256008148,-0.8846981525421143,-0.1470441073179245,0.1811519563198089,9.837
1785956100863,0.4122467935085296,-0.8819494247436523,-0.1435352563858032,0.1778070777654647,9.847
1785956100873,0.4219823181629181,-0.8789098858833313,-0.1374872475862503,0.1747727245092392,9.857
1785956100883,0.4322997033596039,-0.8753859400749207,-0.1300342381000518,0.1729378849267959,9.867
1785956100892,0.4413703382015228,-0.8718225955963135,-0.1249792054295539,0.1717486977577209,9.876
1785956100902,0.4491457641124725,-0.8684790134429932,-0.1226020753383636,0.1702385693788528,9.886
1785956100913,0.4568305611610412,-0.8650385737419128,-0.1213375777006149,0.1682000458240509,9.897
1785956100923,0.4645543396472931,-0.8617121577262878,-0.1192027106881141,0.1656266152858734,9.907
1785956100932,0.4722613990306854,-0.8583825826644897,-0.11705232411623,0.1626258343458175,9.916
1785956100942,0.4798591136932373,-0.8551042079925537,-0.1147192269563674,0.1592841446399688,9.926
1785956100952,0.4875677525997162,-0.8519586324691772,-0.1106556504964828,0.155562087893486,9.936
1785956100962,0.4952318370342254,-0.8488517999649048,-0.1047786399722099,0.1523726135492324,9.946
1785956100971,0.5024986863136292,-0.8455524444580078,-0.0990463271737098,0.1507510244846344,9.955
1785956100981,0.5086999535560608,-0.8425055742263794,-0.0924621447920799,0.1511931866407394,9.965
1785956100992,0.5141668319702148,-0.83957439661026,-0.0854921415448188,0.1530954390764236,9.976
1785956101002,0.5193712115287781,-0.8363600969314575,-0.0802157446742057,0.1559509485960006,9.986
1785956101012,0.5243541598320007,-0.8330705165863037,-0.0759255513548851,0.1590020358562469,9.996
1785956101021,0.5290829539299011,-0.8299322128295898,-0.0711464062333107,0.1619317084550857,10.005
1785956101031,0.533673882484436,-0.8269340395927429,-0.0657648965716362,0.1644607484340667,10.015
1785956101042,0.5379673838615417,-0.8239749073982239,-0.060830220580101,0.1672011166810989,10.026
1785956101052,0.5421525835990906,-0.8208180069923401,-0.0575032755732536,0.1703576147556305,10.036
1785956101061,0.545802891254425,-0.8178415894508362,-0.0550430528819561,0.1737944930791854,10.045
1785956101071,0.5482341647148132,-0.8155137300491333,-0.0525963008403778,0.1777926832437515,10.055
1785956101081,0.5497878789901733,-0.8136240243911743,-0.050293494015932,0.1822626441717147,10.065
1785956101091,0.550888180732727,-0.8119378089904785,-0.0475967079401016,0.1871199011802673,10.075
1785956101102,0.5517343282699585,-0.8103182911872864,-0.0438433066010475,0.1924870759248733,10.086
1785956101110,0.5529313087463379,-0.8084256052970886,-0.0391965135931968,0.1979359239339828,10.094
1785956101121,0.5543460249900818,-0.8062578439712524,-0.0349703505635261,0.2035334557294845,10.105
1785956101131,0.5547662377357483,-0.8046249747276306,-0.0310227125883102,0.209405168890953,10.115
1785956101141,0.5544301867485046,-0.8034043312072754,-0.0266534034162759,0.2154952883720398,10.125
1785956101150,0.5536473989486694,-0.8025071024894714,-0.0222637001425027,0.2212717682123184,10.134
1785956101160,0.5526955723762512,-0.8017356991767883,-0.0180118717253208,0.2267666757106781,10.144
1785956101170,0.5511091351509094,-0.80135178565979,-0.0137715600430965,0.2322163879871368,10.154
1785956101181,0.5484594702720642,-0.8016956448554993,-0.009901750832796,0.2374410480260849,10.165
1785956101191,0.544846773147583,-0.8026268482208252,-0.0066993231885135,0.2426666319370269,10.175
1785956101200,0.5408558249473572,-0.8038704991340637,-0.0044179954566061,0.2474828511476516,10.184
1785956101210,0.5364656448364258,-0.8053285479545593,-0.002072338713333,0.2522817552089691,10.194
1785956101220,0.5317999124526978,-0.8068519830703735,0.0004599465464707,0.2572514414787292,10.204
1785956101231,0.5272847414016724,-0.8083547353744507,0.0025951680727303,0.2617760598659515,10.215
1785956101239,0.5228723883628845,-0.8097559809684753,0.0052731991745531,0.266217827796936,10.223
1785956101251,0.5188193917274475,-0.8109862804412842,0.0077810324728488,0.2703091502189636,10.235
1785956101260,0.5154837369918823,-0.8119103312492371,0.0091810310259461,0.2738501727581024,10.244
1785956101270,0.5125675201416016,-0.8127673268318176,0.0098118567839264,0.2767446041107178,10.254
1785956101280,0.5096033215522766,-0.8138630986213684,0.0101272743195295,0.2789780497550964,10.264
1785956101289,0.5066290497779846,-0.815008819103241,0.0103302346542477,0.2810353934764862,10.273
1785956101299,0.5035218596458435,-0.8162598013877869,0.01097266189754,0.2829582989215851,10.283
1785956101310,0.5005674362182617,-0.817504346370697,0.0112882861867547,0.2845899760723114,10.294
1785956101320,0.4976757168769836,-0.8187656998634338,0.0111250914633274,0.2860379815101623,10.304
1785956101330,0.49488365650177,-0.8200217485427856,0.0106600923463702,0.2872993350028991,10.314
1785956101339,0.492326557636261,-0.8212709426879883,0.010138307698071,0.2881422340869903,10.323
1785956101349,0.4901283681392669,-0.8224670886993408,0.0094358082860708,0.2885012328624725,10.333
1785956101359,0.4886733889579773,-0.8234613537788391,0.0085965581238269,0.2881594002246856,10.343
1785956101370,0.4879863858222961,-0.8243133425712585,0.0078754937276244,0.286905437707901,10.354
1785956101378,0.4877634644508362,-0.8252097368240356,0.0073935501277446,0.2847121953964233,10.362
1785956101389,0.4877915680408478,-0.8262101411819458,0.0064723384566605,0.2817699015140533,10.373
1785956101399,0.4874158501625061,-0.8274807929992676,0.0058546965010464,0.2786880135536194,10.383
1785956101409,0.4860872626304626,-0.8290838003158569,0.0062059285119175,0.276225745677948,10.393
1785956101418,0.4848306775093078,-0.8305296301841736,0.0057472428306937,0.2740926444530487,10.402
1785956101428,0.4839931428432464,-0.831839919090271,0.0037721097469329,0.2716224193572998,10.412
1785956101439,0.4835434854030609,-0.8330913186073303,0.001038882182911,0.2685952186584472,10.423
1785956101449,0.4836221635341644,-0.8339911103248596,-0.0013787418138235,0.2656434774398803,10.433
1785956101459,0.4837946891784668,-0.8344840407371521,-0.0017151396023109,0.2637727558612823,10.443
1785956101468,0.4837340712547302,-0.8349314332008362,0.0013808947987854,0.2624669373035431,10.452
1785956101478,0.4845620691776275,-0.8352542519569397,0.0056652463972568,0.2598420679569244,10.462
1785956101488,0.4859521090984344,-0.8353462219238281,0.0096888728439807,0.2568138837814331,10.472
1785956101499,0.4875222146511078,-0.8353232741355896,0.0139305656775832,0.2536986768245697,10.483
1785956101507,0.489093154668808,-0.8353209495544434,0.0183133501559495,0.2503825724124908,10.491
1785956101518,0.4902617037296295,-0.8355007171630859,0.0223705768585205,0.247146874666214,10.502
1785956101528,0.4911196529865265,-0.8359395265579224,0.0255594067275524,0.24362513422966,10.512
1785956101538,0.4922556281089782,-0.8363259434700012,0.0270104371011257,0.2398204952478408,10.522
1785956101547,0.4930155575275421,-0.8368057012557983,0.0285337138921022,0.236384704709053,10.531
1785956101557,0.4932017624378204,-0.8373785614967346,0.0310093313455581,0.2336397618055343,10.541
1785956101567,0.4931342303752899,-0.8379882574081421,0.0337692610919475,0.2312013655900955,10.551
1785956101578,0.4930773675441742,-0.8386604189872742,0.0360873416066169,0.2285197377204895,10.562
1785956101588,0.49355149269104,-0.8391273617744446,0.0381149537861347,0.2254316955804824,10.572
1785956101597,0.4938581585884094,-0.839596152305603,0.0412742458283901,0.222438171505928,10.581
1785956101607,0.4940166175365448,-0.8398872017860413,0.0463320650160312,0.2199783027172088,10.591
1785956101617,0.494394302368164,-0.8399091362953186,0.0526935942471027,0.2176011055707931,10.601
1785956101627,0.4950705468654632,-0.8396317958831787,0.0594388246536254,0.2153848558664322,10.611
1785956101636,0.4955340027809143,-0.839347243309021,0.0657665356993675,0.2135812789201736,10.62
1785956101647,0.4959568977355957,-0.838998019695282,0.0710700675845146,0.2122688889503479,10.631
1785956101657,0.4963971674442291,-0.8386524319648743,0.0746238082647323,0.2113841623067855,10.641
1785956101667,0.4965560734272003,-0.8384695649147034,0.0767552554607391,0.2109725922346115,10.651
1785956101677,0.4964672327041626,-0.8384055495262146,0.0781170949339866,0.2109362781047821,10.661
1785956101686,0.4961971342563629,-0.8384615778923035,0.0793104171752929,0.2109037488698959,10.67
1785956101696,0.4958908855915069,-0.8385330438613892,0.0811741352081298,0.2106306999921798,10.68
1785956101707,0.4957121610641479,-0.8385266661643982,0.0840989500284195,0.2099280655384063,10.691
1785956101717,0.4956656396389007,-0.8384394645690918,0.0872988998889923,0.2090783715248108,10.701
1785956101726,0.49587482213974,-0.8382290601730347,0.0904543176293373,0.208082228899002,10.71
1785956101737,0.4961751401424408,-0.8380431532859802,0.0936609581112861,0.2066919207572937,10.721
1785956101746,0.4964075088500976,-0.8379643559455872,0.0964504852890968,0.2051647305488586,10.73
1785956101756,0.496614009141922,-0.8379067778587341,0.0987100377678871,0.2038210034370422,10.74
1785956101767,0.4969857335090637,-0.8378170728683472,0.1006555259227752,0.2023266851902008,10.751
1785956101775,0.4973382353782654,-0.8377522230148315,0.1024921759963035,0.2008012384176254,10.759
1785956101786,0.5087016224861145,-0.8205581307411194,0.1190368980169296,0.2318127006292343,10.77
1785956101796,0.5081813335418701,-0.821168065071106,0.1211175322532653,0.2297068983316421,10.78
1785956101806,0.5077812075614929,-0.8218860030174255,0.1224882453680038,0.2272843271493911,10.79
1785956101816,0.5075597763061523,-0.8228757977485657,0.1230914369225502,0.223845824599266,10.8
1785956101825,0.5071597099304199,-0.8241094350814819,0.1237362399697303,0.2198224365711212,10.809
1785956101836,0.5063507556915283,-0.8256816267967224,0.1245459616184234,0.2152838259935379,10.82
1785956101846,0.5051009058952332,-0.82762610912323,0.1252515316009521,0.2102859318256378,10.83
1785956101856,0.5037127733230591,-0.8295640349388123,0.1263095438480377,0.2052870541810989,10.84
1785956101865,0.5027143359184265,-0.8311346769332886,0.1275660693645477,0.2005503922700882,10.849
1785956101875,0.5021362900733948,-0.8323133587837219,0.1288414895534515,0.1962486505508422,10.859
1785956101885,0.5021513104438782,-0.8329938054084778,0.1296994537115097,0.1927263438701629,10.869
1785956101896,0.5029050707817078,-0.833047091960907,0.1299311816692352,0.190359890460968,10.88
1785956101906,0.5043237209320068,-0.8325722217559814,0.1296220123767852,0.1888894587755203,10.89
1785956101915,0.5061251521110535,-0.8315997123718262,0.1293510645627975,0.1885403990745544,10.899
1785956101925,0.508158266544342,-0.8302062153816223,0.129546582698822,0.1890779733657837,10.909
1785956101935,0.5108195543289185,-0.8283194899559021,0.129795491695404,0.1900086402893066,10.919
1785956101945,0.5141589045524597,-0.8260458111763,0.1297533363103866,0.1909268498420715,10.929
1785956101954,0.5180163979530334,-0.8234098553657532,0.1301445364952087,0.1916183531284332,10.938
1785956101964,0.5221774578094482,-0.8204030394554138,0.1314160525798797,0.192352220416069,10.948
1785956101975,0.526528537273407,-0.8170440793037415,0.1337668597698211,0.1931660175323486,10.959
1785956101985,0.5311354994773865,-0.8133822083473206,0.1366574019193649,0.1939825266599655,10.969
1785956101994,0.5358554124832153,-0.809658408164978,0.1392469555139541,0.1947366744279861,10.978
1785956102004,0.540477991104126,-0.8059107661247253,0.1416478902101516,0.1957735419273376,10.988
1785956102014,0.5447243452072144,-0.802392840385437,0.1435429602861404,0.1970698684453964,10.998
1785956102024,0.5486009120941162,-0.799277126789093,0.1441966891288757,0.1984952688217163,11.008
1785956102035,0.5522115230560303,-0.7965098023414612,0.1434776782989502,0.2001218497753143,11.019
1785956102044,0.5554686784744263,-0.7940471172332764,0.1422530859708786,0.2017615139484405,11.028
1785956102054,0.5582495331764221,-0.7918356657028198,0.1413180828094482,0.2034281194210052,11.038
1785956102064,0.5608384609222412,-0.7897863984107971,0.1405627578496933,0.2047921270132064,11.048
1785956102074,0.5633992552757263,-0.7878202199935913,0.1401388347148895,0.2056249380111694,11.058
1785956102083,0.5657673478126526,-0.7859587669372559,0.1406903266906738,0.2058695554733276,11.067
1785956102093,0.5680903792381287,-0.7841358780860901,0.1419955939054489,0.2055274844169616,11.077
1785956102104,0.5704135298728943,-0.7823213338851929,0.1439325511455536,0.2046584486961364,11.088
1785956102114,0.5726572275161743,-0.7805871367454529,0.1457743942737579,0.2037086188793182,11.098
1785956102124,0.5744056105613708,-0.7792841196060181,0.1470667421817779,0.2028439342975616,11.108
1785956102133,0.575858473777771,-0.7783362865447998,0.1482672691345214,0.2014855593442917,11.117
1785956102143,0.5772444605827332,-0.7775574326515198,0.1491418331861496,0.1998749524354934,11.127
1785956102153,0.5786653757095337,-0.7768601775169373,0.1493255943059921,0.1983343958854675,11.137
1785956102164,0.5797491073608398,-0.7762995362281799,0.149930864572525,0.1969026327133178,11.148
1785956102172,0.5806348323822021,-0.7757551670074463,0.1511866599321365,0.1954730004072189,11.156
1785956102183,0.58155357837677,-0.7752890586853027,0.1520227640867233,0.1939364522695541,11.167
1785956102193,0.5824706554412842,-0.7749667167663574,0.1519033312797546,0.1925613284111023,11.177
1785956102203,0.5830164551734924,-0.7747831344604492,0.1519021391868591,0.1916472017765045,11.187
1785956102212,0.5833446383476257,-0.7746151089668274,0.1526235193014145,0.1907526403665542,11.196
1785956102222,0.5836734771728516,-0.7745431065559387,0.1530956625938415,0.1896573603153228,11.206
1785956102232,0.5839783549308777,-0.7745342254638672,0.1530090421438217,0.1888229548931121,11.216
1785956102243,0.5839829444885254,-0.7745850086212158,0.1534712165594101,0.1882247626781463,11.227
1785956102253,0.5837331414222717,-0.7747586965560913,0.1544399857521057,0.1874907910823822,11.237
1785956102262,0.5835702419281006,-0.7749556303024292,0.1550543755292892,0.1866751164197921,11.246
1785956102272,0.5834985375404358,-0.7751452922821045,0.1550508588552475,0.1861139833927154,11.256
1785956102282,0.5833014845848083,-0.7753545045852661,0.1553133130073547,0.18564073741436,11.266
1785956102293,0.5831946730613708,-0.7755075097084045,0.1557084321975708,0.1850049495697021,11.277
1785956102301,0.5832005739212036,-0.7756504416465759,0.1556529253721237,0.1844328343868255,11.285
1785956102313,0.5832861661911011,-0.7757195234298706,0.1555270552635193,0.1839778572320938,11.297
1785956102322,0.5831272602081299,-0.7758662700653076,0.1557436734437942,0.1836787611246109,11.306
1785956102332,0.5830262303352356,-0.7759742140769958,0.1557745933532714,0.1835172623395919,11.316
1785956102342,0.5830244421958923,-0.7760291695594788,0.1557686179876327,0.1832955777645111,11.326
1785956102351,0.582954466342926,-0.7760744094848633,0.1560395210981369,0.1830965876579284,11.335
1785956102361,0.5830097198486328,-0.7760175466537476,0.1565134525299072,0.1827566772699356,11.345
1785956102372,0.5832098126411438,-0.7759006023406982,0.1568807810544967,0.1822990477085113,11.356
1785956102382,0.5832866430282593,-0.7758573293685913,0.1573289632797241,0.1818505227565765,11.366
1785956102392,0.5833120346069336,-0.7758121490478516,0.1578184515237808,0.1815380007028579,11.376
1785956102401,0.5832513570785522,-0.7761193513870239,0.1578148305416107,0.1804191470146179,11.385
1785956102411,0.5832653641700745,-0.7763102054595947,0.1579752415418625,0.1794097274541854,11.395
1785956102421,0.5834953188896179,-0.7763994932174683,0.1579696983098983,0.1782770603895187,11.405
1785956102432,0.5840249061584473,-0.7762994766235352,0.1575517505407333,0.1773459315299987,11.416
1785956102440,0.5843595862388611,-0.7762244343757629,0.1575132310390472,0.1766041368246078,11.424
1785956102451,0.5842897891998291,-0.776203453540802,0.1579716503620147,0.1765179336071014,11.435
1785956102461,0.5843660235404968,-0.7761862277984619,0.1580010950565338,0.1763148754835128,11.445
1785956102471,0.5844824314117432,-0.776115357875824,0.157980278134346,0.1762594133615493,11.455
1785956102480,0.5845628976821899,-0.7760626077651978,0.1580834239721298,0.1761324554681778,11.464
1785956102490,0.584690272808075,-0.776282548904419,0.1576990485191345,0.1750823706388473,11.474
1785956102501,0.58509361743927,-0.7761625647544861,0.1574994027614593,0.1744448244571685,11.485
1785956102511,0.5855075716972351,-0.7759168744087219,0.1578888893127441,0.1737958192825317,11.495
1785956102521,0.5858763456344604,-0.7758336067199707,0.158055379986763,0.1727701425552368,11.505
1785956102530,0.5861442685127258,-0.7755863070487976,0.1584043651819229,0.1726527214050293,11.514
1785956102540,0.5863006114959717,-0.7754215598106384,0.1586676090955734,0.1726202517747879,11.524
1785956102550,0.5864042639732361,-0.7752849459648132,0.1591859757900238,0.1724040210247039,11.534
1785956102561,0.5870053172111511,-0.7751201391220093,0.158854678273201,0.1714019477367401,11.545
1785956102569,0.5875639319419861,-0.7749268412590027,0.1586833298206329,0.1705183833837509,11.553
1785956102580,0.588148295879364,-0.7747238278388977,0.1587609350681305,0.1693498343229293,11.564
1785956102590,0.5887221097946167,-0.7745146155357361,0.1589922457933426,0.1680913418531417,11.574
1785956102600,0.5890774130821228,-0.7743743062019348,0.1593912094831466,0.1671128869056701,11.584
1785956102610,0.5893033742904663,-0.7741193175315857,0.1601987034082412,0.1667246371507644,11.594
1785956102619,0.5895624160766602,-0.7738932967185974,0.1607179045677185,0.1663581281900406,11.603
1785956102629,0.5897026658058167,-0.773773729801178,0.1611886769533157,0.1659614592790603,11.613
1785956102640,0.5897670984268188,-0.7736924290657043,0.1615480929613113,0.1657624393701553,11.624
1785956102650,0.5899152755737305,-0.7735683917999268,0.1617906093597412,0.1655769199132919,11.634
1785956102659,0.5902787446975708,-0.773177981376648,0.1624974459409713,0.1654124706983566,11.643
1785956102669,0.5910877585411072,-0.7724034786224365,0.1635618507862091,0.1650929152965545,11.653
1785956102679,0.5922839045524597,-0.7711970210075378,0.1653433591127395,0.1646708250045776,11.663
1785956102690,0.593754231929779,-0.7695632576942444,0.1683137714862823,0.1640084683895111,11.674
1785956102698,0.5953842401504517,-0.7676035761833191,0.1726409494876861,0.1627801209688186,11.682
1785956102709,0.59703528881073,-0.7654120922088623,0.1780477613210678,0.1612213402986526,11.693
1785956102719,0.5989412069320679,-0.7628704905509949,0.1839598268270492,0.1595522761344909,11.703
1785956102729,0.600909948348999,-0.7603863477706909,0.1895235776901245,0.1574824601411819,11.713
1785956102739,0.6029075980186462,-0.7579454779624939,0.1947891414165496,0.1551717817783355,11.723
1785956102748,0.6050288081169128,-0.7554869651794434,0.1997944861650467,0.1525181233882904,11.732
1785956102758,0.6073006391525269,-0.7529445290565491,0.2044773548841476,0.1498315334320068,11.742
1785956102769,0.6094555854797363,-0.7500981092453003,0.2100417613983154,0.147645503282547,11.753
1785956102779,0.6116272807121277,-0.7469310760498047,0.2162254750728607,0.1457825899124145,11.763
1785956102788,0.6141642332077026,-0.7435064911842346,0.2220993489027023,0.1437777578830719,11.772
1785956102799,0.6171696782112122,-0.7395607233047485,0.2282295674085617,0.1416431963443756,11.783
1785956102808,0.6204269528388977,-0.7352206110954285,0.2344266325235366,0.1398754566907882,11.792
1785956102818,0.6238934993743896,-0.7307364344596863,0.2399777024984359,0.138535127043724,11.802
1785956102829,0.6275467276573181,-0.7262431979179382,0.2444670349359512,0.1378099024295807,11.813
1785956102837,0.631408154964447,-0.7216697335243225,0.2480635792016983,0.1377716809511184,11.821
1785956102848,0.6354567408561707,-0.7169530987739563,0.2512224614620209,0.1380589604377746,11.832
1785956102858,0.6396076679229736,-0.7121949195861816,0.2537646293640136,0.138866513967514,11.842
1785956102868,0.6439141631126404,-0.707366943359375,0.2554928660392761,0.1404630541801452,11.852
1785956102878,0.648188054561615,-0.7026865482330322,0.2564698159694671,0.1425031274557113,11.862
1785956102887,0.6523512601852417,-0.6979576945304871,0.257351815700531,0.1451304256916046,11.871
1785956102898,0.6562946438789368,-0.6932608485221863,0.258048415184021,0.1485860645771026,11.882
1785956102908,0.6599594354629517,-0.6886723041534424,0.2587266564369201,0.1524610519409179,11.892
1785956102918,0.6633083820343018,-0.683834433555603,0.2603616118431091,0.1568577736616134,11.902
1785956102927,0.6663531064987183,-0.678839385509491,0.2623965442180633,0.1621685773134231,11.911
1785956102937,0.6688895225524902,-0.6741947531700134,0.2641391158103943,0.1681627184152603,11.921
1785956102947,0.6709437966346741,-0.6700449585914612,0.2651606202125549,0.1748257726430893,11.931
1785956102958,0.6725487112998962,-0.666811466217041,0.2643575966358185,0.1820872724056244,11.942
1785956102968,0.6741883754730225,-0.6644708514213562,0.2610356211662292,0.1892326176166534,11.952
1785956102977,0.6756898760795593,-0.6626688241958618,0.2563270330429077,0.1964934915304184,11.961
1785956102987,0.6767939329147339,-0.6611954569816589,0.2514534294605255,0.2038178741931915,11.971
1785956102997,0.6778141856193542,-0.6593645811080933,0.2476043254137039,0.2109460681676864,11.981
1785956103007,0.6789729595184326,-0.6568384766578674,0.2448687404394149,0.2181701511144638,11.991
1785956103016,0.6802001595497131,-0.653927206993103,0.2427809983491897,0.2253095507621765,12.0
1785956103026,0.6811374425888062,-0.6509922742843628,0.2413576692342758,0.2323944121599197,12.01
1785956103037,0.6815123558044434,-0.648171067237854,0.2407591342926025,0.2396876364946365,12.021
1785956103047,0.6815553903579712,-0.6454456448554993,0.2408898472785949,0.2466863989830017,12.031
1785956103056,0.6813821196556091,-0.6429356336593628,0.2410409897565841,0.2534783780574798,12.04
1785956103066,0.6810708045959473,-0.6409279108047485,0.2406681627035141,0.2596783638000488,12.05
1785956103076,0.6803961396217346,-0.6396167874336243,0.2399304211139679,0.2653014957904815,12.06
1785956103086,0.6794624924659729,-0.638868510723114,0.2387609779834747,0.2705013155937195,12.07
1785956103097,0.678534746170044,-0.6386155486106873,0.2370638996362686,0.2748846113681793,12.081
1785956103106,0.6774439215660095,-0.6389873027801514,0.2351007610559463,0.2783750593662262,12.09
1785956103116,0.6763705611228943,-0.6395053863525391,0.2337960451841354,0.2808828353881836,12.1
1785956103126,0.6754321455955505,-0.6401846408843994,0.2329286485910415,0.2823107242584228,12.11
1785956103136,0.6744275093078613,-0.6409519910812378,0.2329051941633224,0.2829899191856384,12.12
1785956103145,0.6731964945793152,-0.641995906829834,0.2339426130056381,0.2826986610889435,12.129
1785956103155,0.6717851161956787,-0.6434292793273926,0.2357047349214553,0.2813302278518677,12.139
1785956103166,0.67031329870224,-0.6451287269592285,0.2380231469869613,0.2789876759052276,12.15
1785956103176,0.6686707139015198,-0.6471893191337585,0.2410201728343963,0.275562435388565,12.16
1785956103186,0.6671081185340881,-0.6496127843856812,0.2439015209674835,0.2710756063461303,12.17
1785956103195,0.6655633449554443,-0.652493953704834,0.2461694031953811,0.2658527791500091,12.179
1785956103205,0.6638355851173401,-0.6559444665908813,0.2480315268039703,0.2598837018013,12.189
1785956103215,0.662096381187439,-0.6594832539558411,0.249806597828865,0.2535881400108337,12.199
1785956103226,0.660409688949585,-0.663058876991272,0.2516565918922424,0.2467406243085861,12.21
1785956103234,0.6587088704109192,-0.6668081283569336,0.2538834810256958,0.238773375749588,12.218
1785956103245,0.6570101976394653,-0.6705659031867981,0.2565524280071258,0.2299125343561172,12.229
1785956103255,0.6554932594299316,-0.6741942167282104,0.2598934173583984,0.2196498960256576,12.239
1785956103265,0.6537564396858215,-0.6774248480796814,0.2657375931739807,0.2075611501932144,12.249
1785956103274,0.6515199542045593,-0.6797730326652527,0.275426834821701,0.1938308477401733,12.258
1785956103286,0.6488434076309204,-0.6813331246376038,0.287145048379898,0.1798198819160461,12.27
1785956103294,0.6460251212120056,-0.6822725534439087,0.2993640303611755,0.1659423857927322,12.278
1785956103305,0.6432200074195862,-0.6826234459877014,0.3110472559928894,0.1534367501735687,12.289
1785956103315,0.6408565640449524,-0.6824305057525635,0.3212898671627044,0.1427032798528671,12.299
1785956103324,0.6392070055007935,-0.6820578575134277,0.329178124666214,0.1336162090301513,12.308
1785956103334,0.6381064057350159,-0.6819322109222412,0.3342774212360382,0.1266780644655227,12.318
1785956103344,0.6372289657592773,-0.6824499368667603,0.3365552425384521,0.1221961602568626,12.328
1785956103355,0.6365470290184021,-0.6837362051010132,0.3358612060546875,0.1204565241932869,12.339
1785956103363,0.6362399458885193,-0.6852181553840637,0.333097755908966,0.1213289126753807,12.347
1785956103375,0.6364234685897827,-0.6861512064933777,0.3294039964675903,0.1251189410686493,12.359
1785956103384,0.6372667551040649,-0.6859966516494751,0.3260026574134826,0.1304680407047271,12.368
1785956103394,0.6388611793518066,-0.6847438216209412,0.323263943195343,0.1359512358903885,12.378
1785956103404,0.6406756639480591,-0.6831104755401611,0.3204198479652405,0.1422173529863357,12.388
1785956103413,0.6424185037612915,-0.6809043288230896,0.3182196617126465,0.1496797502040863,12.397
1785956103423,0.6437211632728577,-0.6779850125312805,0.3172652721405029,0.1590667217969894,12.407
1785956103434,0.6444036960601807,-0.674746036529541,0.3167742788791656,0.1706331968307495,12.418
1785956103444,0.6447649002075195,-0.6722106337547302,0.3141258955001831,0.1836737096309662,12.428
1785956103454,0.6453771591186523,-0.6701581478118896,0.3089509010314941,0.1972959786653518,12.438
1785956103463,0.6465023159980774,-0.6684246063232422,0.3011859357357025,0.2110220044851303,12.447
1785956103473,0.64814293384552,-0.666283130645752,0.2922452688217163,0.2248781770467758,12.457
1785956103483,0.6499611735343933,-0.6636947989463806,0.2838985025882721,0.2376157492399215,12.467
1785956103494,0.6523012518882751,-0.6602405309677124,0.2770683765411377,0.2486335188150406,12.478
1785956103502,0.6549341082572937,-0.6557859182357788,0.272212415933609,0.2586631178855896,12.486
1785956103513,0.6573677659034729,-0.6507880687713623,0.2686514556407928,0.2686426341533661,12.497
1785956103523,0.6593713164329529,-0.6455122232437134,0.2661049664020538,0.2788036167621612,12.507
1785956103533,0.6611753106117249,-0.640458881855011,0.2634847462177276,0.288505494594574,12.517
1785956103542,0.6632481217384338,-0.636107325553894,0.2586372494697571,0.2976174354553222,12.526
1785956103552,0.6661253571510315,-0.6325080990791321,0.2510845363140106,0.3052327036857605,12.536
1785956103563,0.6694954633712769,-0.6285221576690674,0.2434836030006408,0.3121720552444458,12.547
1785956103573,0.6724337339401245,-0.6244155764579773,0.2377867400646209,0.3184266984462738,12.557
1785956103583,0.6751518249511719,-0.6199338436126709,0.2338305115699768,0.3243075013160705,12.567
1785956103592,0.6785271763801575,-0.6148856282234192,0.230741411447525,0.3290517032146454,12.576
1785956103602,0.6824841499328613,-0.6094370484352112,0.2285846173763275,0.3324918746948242,12.586
1785956103612,0.6870883703231812,-0.603557288646698,0.2268938273191452,0.3348841667175293,12.596
1785956103623,0.6917607188224792,-0.5978873372077942,0.2245585769414901,0.3370034098625183,12.607
1785956103631,0.6965364813804626,-0.5926123261451721,0.2208480387926101,0.338930070400238,12.615
1785956103642,0.701799213886261,-0.5879518389701843,0.2150665521621704,0.3399069905281067,12.626
1785956103652,0.7074791193008423,-0.5838755965232849,0.2081455886363983,0.3394672274589538,12.636
1785956103662,0.7136437892913818,-0.5800356864929199,0.2006275951862335,0.3376678824424743,12.646
1785956103672,0.7194665670394897,-0.5775679349899292,0.192837655544281,0.3340611159801483,12.656
1785956103681,0.7247331142425537,-0.5760510563850403,0.1856351345777511,0.3293428421020508,12.665
1785956103691,0.7298912405967712,-0.5740493535995483,0.1800373196601867,0.3245190680027008,12.675
1785956103702,0.7349704504013062,-0.5713542103767395,0.1761425882577896,0.3199164271354675,12.686
1785956103712,0.7398567199707031,-0.5683695077896118,0.1728959679603576,0.315713495016098,12.696
1785956103721,0.7444934844970703,-0.5651782155036926,0.1703409850597381,0.3119086921215057,12.705
1785956103731,0.7496423125267029,-0.5613158345222473,0.1675886958837509,0.308017760515213,12.715
1785956103741,0.7549074292182922,-0.5575582385063171,0.163680613040924,0.3040594458580017,12.725
1785956103752,0.7608369588851929,-0.5541808605194092,0.1577014327049255,0.2985646724700928,12.736
1785956103762,0.767087459564209,-0.5512034893035889,0.150701642036438,0.291617214679718,12.746
1785956103771,0.7727929949760437,-0.5497260689735413,0.1433988213539123,0.2828939855098724,12.755
1785956103781,0.7772296667098999,-0.5496846437454224,0.1367468237876892,0.2739727199077606,12.765
1785956103791,0.7808169722557068,-0.5496952533721924,0.1318597048521042,0.2660318911075592,12.775
1785956103801,0.7833316326141357,-0.5493922829627991,0.1288124620914459,0.2607047259807586,12.785
1785956103810,0.784684419631958,-0.5488607287406921,0.1286254525184631,0.257832795381546,12.794
1785956103820,0.7859295010566711,-0.5474435091018677,0.1300907880067825,0.2563138306140899,12.804
1785956103831,0.7875589728355408,-0.5455893278121948,0.1313409656286239,0.2546227276325226,12.815
1785956103841,0.7892647981643677,-0.5441904664039612,0.1318708807229995,0.2520474791526794,12.825
1785956103850,0.7917313575744629,-0.5423015356063843,0.1322129070758819,0.2481738775968551,12.834
1785956103861,0.7947745323181152,-0.5400949120521545,0.1324404031038284,0.243085503578186,12.845
1785956103870,0.7978054881095886,-0.538388192653656,0.1324191689491272,0.2368748784065246,12.854
1785956103880,0.800490140914917,-0.5374159812927246,0.1322872340679168,0.2299993336200714,12.864
1785956103891,0.8027779459953308,-0.5369477868080139,0.1326050013303756,0.2228240519762039,12.875
1785956103899,0.8048338890075684,-0.53655606508255,0.1343893855810165,0.2151500135660171,12.883
1785956103910,0.8068718314170837,-0.5359248518943787,0.1379266530275344,0.2066849172115326,12.894
1785956103920,0.8088468313217163,-0.5350283980369568,0.1434508860111236,0.1973149329423904,12.904
1785956103930,0.8108985424041748,-0.5336448550224304,0.1508005559444427,0.1868846863508224,12.914
1785956103940,0.8129559755325317,-0.5318289399147034,0.1599565744400024,0.1751413196325302,12.924
1785956103949,0.8150916695594788,-0.5290716290473938,0.1712893098592758,0.1623846739530563,12.933
1785956103960,0.8170343041419983,-0.5252637267112732,0.1848041862249374,0.1496672928333282,12.944
1785956103970,0.8190027475357056,-0.5201916098594666,0.1998604387044906,0.1367148756980896,12.954
1785956103980,0.8210135698318481,-0.513818085193634,0.2159469425678253,0.1236714869737625,12.964
1785956103989,0.8229976296424866,-0.506500780582428,0.2323731780052185,0.1101568192243576,12.973
1785956103999,0.8247755765914917,-0.4983739554882049,0.2494519352912902,0.0956159234046936,12.983
1785956104009,0.8260186910629272,-0.4897806346416473,0.2670758962631225,0.0804892182350158,12.993
1785956104020,0.8265848159790039,-0.4809038937091827,0.2850954830646515,0.0648811757564544,13.004
1785956104028,0.8264461755752563,-0.4726510941982269,0.3018103539943695,0.0499819032847881,13.012
1785956104039,0.8260428309440613,-0.4654415845870971,0.315764307975769,0.0361986942589283,13.023
1785956104049,0.8254251480102539,-0.4591824412345886,0.3274926245212555,0.023946963250637,13.033
1785956104059,0.8244524598121643,-0.4537931680679321,0.3378501236438751,0.0143927289173007,13.043
1785956104069,0.8236067295074463,-0.4490675032138824,0.3463753163814544,0.0058657717891037,13.053
1785956104078,0.8232530951499939,-0.444067507982254,0.3536269068717956,-0.0025323601439595,13.062
1785956104088,0.8234099745750427,-0.4375011920928955,0.3612162470817566,-0.0105595486238598,13.072
1785956104099,0.8235145807266235,-0.4289455413818359,0.3708135783672333,-0.0180745646357536,13.083
1785956104109,0.8237707614898682,-0.4191695153713226,0.3808861970901489,-0.0249870102852582,13.093
1785956104118,0.8244674801826477,-0.4084509313106537,0.390501469373703,-0.0304931197315454,13.102
1785956104128,0.8256520628929138,-0.3974902629852295,0.3988020718097687,-0.0354550369083881,13.112
1785956104138,0.8270825743675232,-0.387584924697876,0.4049621522426605,-0.0414474159479141,13.122
1785956104148,0.8284537196159363,-0.3788682818412781,0.409618079662323,-0.0483349673449993,13.132
1785956104159,0.8301651477813721,-0.3705039322376251,0.4128120541572571,-0.0560260117053985,13.143
1785956104168,0.8320789933204651,-0.362228125333786,0.4151946604251861,-0.0636289119720459,13.152
1785956104178,0.8339835405349731,-0.3532902896404266,0.4179928004741668,-0.0702811405062675,13.162
1785956104188,0.8359144330024719,-0.3436949253082275,0.4211546778678894,-0.0758261382579803,13.172
1785956104198,0.8379544019699097,-0.3340530395507812,0.4240889847278595,-0.0799346789717674,13.182
1785956104207,0.8400342464447021,-0.3248317837715149,0.4265923202037811,-0.0827389657497406,13.191
1785956104217,0.8421345353126526,-0.3162879943847656,0.4285396933555603,-0.0844097733497619,13.201
1785956104228,0.8443583846092224,-0.3085337281227112,0.429573506116867,-0.0856293216347694,13.212
1785956104238,0.846436619758606,-0.302110880613327,0.429732084274292,-0.0872038528323173,13.222
1785956104248,0.8484179377555847,-0.2970063388347626,0.4288700520992279,-0.0896918624639511,13.232
1785956104257,0.8504486083984375,-0.292536050081253,0.4272865951061249,-0.0926604121923446,13.241
1785956104267,0.852753221988678,-0.2885349094867706,0.4247396886348724,-0.0956858396530151,13.251
1785956104277,0.8551410436630249,-0.2847132682800293,0.4219096899032593,-0.0983070209622383,13.261
1785956104288,0.8574425578117371,-0.2812391221523285,0.4189575314521789,-0.1008537262678146,13.272
1785956104296,0.8596828579902649,-0.2782641351222992,0.4159516394138336,-0.1024627611041069,13.28
1785956104307,0.862054705619812,-0.2754183113574981,0.4128609597682953,-0.102724015712738,13.291
1785956104317,0.8644790053367615,-0.2727961838245392,0.4094906747341156,-0.1028377935290336,13.301
1785956104327,0.866610586643219,-0.2707969844341278,0.4062543213367462,-0.1030170917510986,13.311
1785956104337,0.8686866164207458,-0.2688080370426178,0.4028941392898559,-0.1039330288767814,13.321
1785956104348,0.8705765604972839,-0.2664083540439605,0.3999774158000946,-0.1055511087179184,13.332
1785956104356,0.8724837899208069,-0.26304891705513,0.3975370824337005,-0.107431523501873,13.34
1785956104367,0.8743676543235779,-0.2588160932064056,0.3955813944339752,-0.1095937266945838,13.351
1785956104377,0.8761826753616333,-0.2535958588123321,0.3944463729858398,-0.111377939581871,13.361
1785956104386,0.878005862236023,-0.2480174899101257,0.3935883343219757,-0.1126111224293708,13.37
1785956104396,0.8799126148223877,-0.2432553321123123,0.3919139206409454,-0.1139479428529739,13.38
1785956104406,0.8819438815116882,-0.2394917607307434,0.389232724905014,-0.1153973191976547,13.39
1785956104417,0.8838405609130859,-0.2366584986448288,0.3859981894493103,-0.1175752654671669,13.401
1785956104427,0.8855652809143066,-0.2342023253440857,0.382759541273117,-0.1200772672891616,13.411
1785956104436,0.8873236775398254,-0.2315492480993271,0.3797396719455719,-0.1218168660998344,13.42
1785956104446,0.889083981513977,-0.2283942997455597,0.3772234618663788,-0.1227521225810051,13.43
1785956104456,0.890733003616333,-0.2252263128757476,0.3749476671218872,-0.1236208900809288,13.44
1785956104466,0.8924098014831543,-0.2222547680139541,0.3724436163902282,-0.1244713068008422,13.45
1785956104475,0.8941261172294617,-0.2193726301193237,0.3697851002216339,-0.1251917481422424,13.459
1785956104485,0.8957939743995667,-0.2166044414043426,0.3671246767044067,-0.1259173899888992,13.469
1785956104496,0.8974019885063171,-0.2139194458723068,0.3645229041576385,-0.1266147047281265,13.48
1785956104506,0.8989565968513489,-0.2117944657802581,0.3616617619991302,-0.1273612529039383,13.49
1785956104516,0.9005667567253113,-0.2100690156221389,0.3586375415325165,-0.1273953914642334,13.5
1785956104525,0.9022541642189026,-0.2086907625198364,0.3555334806442261,-0.1264179497957229,13.509
1785956104535,0.9039672017097472,-0.2083947211503982,0.3518594801425934,-0.1249389052391052,13.519
1785956104545,0.9055833220481871,-0.2096180319786071,0.3477410078048706,-0.1227002143859863,13.529
1785956104556,0.907200574874878,-0.2119513005018234,0.3436279892921448,-0.1182523518800735,13.54
1785956104565,0.9087218642234802,-0.2146341204643249,0.3406198620796203,-0.110158197581768,13.549
1785956104575,0.909928262233734,-0.2184654325246811,0.3384388387203216,-0.0988054871559143,13.559
1785956104585,0.9109342098236084,-0.2243639528751373,0.3355457782745361,-0.0852563753724098,13.569
1785956104595,0.9114646315574646,-0.2330223470926284,0.3317099213600158,-0.0700100362300872,13.579
1785956104604,0.9117131233215332,-0.2434306740760803,0.3267693221569061,-0.0523684732615947,13.588
1785956104614,0.9117375016212464,-0.2543195486068725,0.3210570514202118,-0.0312835127115249,13.598
1785956104625,0.9113826751708984,-0.2655900716781616,0.3142894506454468,-0.0080990232527256,13.609
1785956104635,0.9104138612747192,-0.2781305015087127,0.3059153258800506,0.0143490983173251,13.619
1785956104645,0.9091206789016724,-0.2917562127113342,0.2950868308544159,0.0360799580812454,13.629
1785956104654,0.9077909588813782,-0.3047184348106384,0.2823669612407684,0.0577146597206592,13.638
1785956104664,0.9065923690795898,-0.3170354068279266,0.267295628786087,0.0783059000968933,13.648
1785956104674,0.9057225584983826,-0.3280726373195648,0.2504394948482513,0.0965147465467453,13.658
1785956104685,0.9052320122718812,-0.3373457193374634,0.2326038777828216,0.1124643608927726,13.669
1785956104693,0.9050197005271912,-0.3448453247547149,0.2146304547786712,0.1263122260570526,13.677
1785956104704,0.9047911763191224,-0.3509321510791778,0.19717937707901,0.138995960354805,13.688
1785956104714,0.904345452785492,-0.3556067645549774,0.180767610669136,0.1517441421747207,13.698
1785956104724,0.9037250876426696,-0.359160453081131,0.1656361073255539,0.1638577878475189,13.708
1785956104734,0.9031057953834534,-0.3617110848426819,0.1516193449497223,0.1748616099357605,13.718
1785956104743,0.9028542041778564,-0.3627436459064483,0.1384426355361938,0.1846752613782882,13.727
1785956104753,0.9029682874679564,-0.3618023693561554,0.1269284188747406,0.1940012723207473,13.737
1785956104764,0.9036014676094056,-0.3586544096469879,0.1166973337531089,0.203108549118042,13.748
1785956104774,0.9049676060676576,-0.3536416292190552,0.107051245868206,0.2109770625829696,13.758
1785956104783,0.9069278240203856,-0.3476691544055938,0.0972833558917045,0.2171268612146377,13.767
1785956104793,0.9092490673065186,-0.3410894870758056,0.0875183641910553,0.2219563275575637,13.777
1785956104803,0.911663830280304,-0.3344825208187103,0.0776352882385253,0.22575044631958,13.787
1785956104814,0.9140360355377196,-0.3276202082633972,0.0678193122148513,0.229354903101921,13.798
1785956104824,0.9160658717155457,-0.3206345438957214,0.0583290755748748,0.23369762301445,13.808
1785956104833,0.9176586866378784,-0.3138525485992431,0.0484791472554206,0.2388491034507751,13.817
1785956104843,0.919102907180786,-0.3073743283748626,0.0376457422971725,0.2436260432004928,13.827
1785956104853,0.9207077026367188,-0.3010566830635071,0.0256788283586502,0.2469873279333114,13.837
1785956104863,0.9223809838294984,-0.2952077090740204,0.0124200191348791,0.248820275068283,13.847
1785956104872,0.9239039421081544,-0.2900302708148956,-0.0016681627603247,0.2495620250701904,13.856
1785956104882,0.9254855513572692,-0.2847872376441955,-0.0163556393235921,0.2492091208696365,13.866
1785956104893,0.9272573590278624,-0.2792346775531769,-0.031451903283596,0.2474521696567535,13.877
1785956104903,0.9294021725654602,-0.2732181549072265,-0.0465210564434528,0.2437193542718887,13.887
1785956104913,0.9320726990699768,-0.2665934562683105,-0.0611861012876033,0.2375388741493225,13.897
1785956104923,0.9351834654808044,-0.2595843076705932,-0.0744013041257858,0.2291557788848877,13.907
1785956104932,0.938507914543152,-0.2520440518856048,-0.0847869291901588,0.2201997488737106,13.916
1785956104942,0.941940188407898,-0.2439063936471939,-0.0921410620212555,0.2115852534770965,13.926
1785956104953,0.9455350637435912,-0.2355694472789764,-0.097442127764225,0.2024242728948593,13.937
1785956104961,0.949068009853363,-0.2276650965213775,-0.1011304780840873,0.1929019391536712,13.945
1785956104972,0.9525981545448304,-0.2203336656093597,-0.1033641919493675,0.1825531125068664,13.956
1785956104982,0.9562785625457764,-0.2135088741779327,-0.1041276380419731,0.1705950945615768,13.966
1785956104992,0.9602555632591248,-0.2067837417125702,-0.1038143336772918,0.1561166495084762,13.976
1785956105002,0.9647204279899596,-0.1991300135850906,-0.1020348444581031,0.1387468576431274,13.986
1785956105011,0.9695129990577698,-0.1904426515102386,-0.0993970334529876,0.1178827360272407,13.995
1785956105022,0.974137008190155,-0.1808985024690628,-0.0931533724069595,0.0982610359787941,14.006
1785956105032,0.9782390594482422,-0.171610876917839,-0.0820764303207397,0.0828337371349334,14.016
1785956105042,0.9822208881378174,-0.160441443324089,-0.0675788223743438,0.0702411830425262,14.026
1785956105051,0.9861547350883484,-0.1462048143148422,-0.0512494780123233,0.0591306276619434,14.035
1785956105061,0.989551305770874,-0.1309089958667755,-0.0349100045859813,0.0493186824023723,14.045
1785956105071,0.9922298789024352,-0.1157755777239799,-0.0197285041213035,0.041069857776165,14.055
1785956105082,0.9940989017486572,-0.1019376069307327,-0.007010699249804,0.0364272594451904,14.066
1785956105090,0.9951760172843932,-0.0915315523743629,0.0019782821182161,0.0352530442178249,14.074
1785956105101,0.9955981969833374,-0.0858995169401168,0.0057739694602787,0.037043210119009,14.085
1785956105111,0.99544495344162,-0.0857625305652618,0.0031459834426641,0.0415246523916721,14.095
1785956105121,0.9945894479751588,-0.0913335382938385,-0.0058326879516243,0.0491535887122154,14.105
1785956105131,0.992965042591095,-0.1008060127496719,-0.0212277993559837,0.0583788491785526,14.115
1785956105140,0.9902970194816588,-0.1123200803995132,-0.0421748980879783,0.0701228752732276,14.124
1785956105150,0.9861512780189514,-0.1262671202421188,-0.0681187734007835,0.0831983834505081,14.134
1785956105161,0.980549454689026,-0.1415766924619674,-0.0979784727096557,0.0942288413643837,14.145
1785956105171,0.9735239148139954,-0.1575271040201187,-0.1298946440219879,0.1027799919247627,14.155
1785956105181,0.9656779766082764,-0.1722506284713745,-0.1607721447944641,0.1093061417341232,14.165
1785956105190,0.9582538604736328,-0.18289715051651,-0.1872234940528869,0.1150890812277793,14.174
1785956105200,0.9520375728607178,-0.1898291707038879,-0.207888051867485,0.1198830381035804,14.184
1785956105211,0.947584331035614,-0.1937988400459289,-0.2215944230556488,0.1241846531629562,14.195
1785956105221,0.9446879029273988,-0.1956318467855453,-0.2305835634469986,0.126981183886528,14.205
1785956105230,0.9424739480018616,-0.1982474625110626,-0.2370177507400512,0.1275280267000198,14.214
1785956105240,0.9409198760986328,-0.2022989094257354,-0.23954638838768,0.1279158443212509,14.224
1785956105250,0.9403514862060548,-0.2059565484523773,-0.2382453083992004,0.1286862790584564,14.234
1785956105260,0.9407346844673156,-0.2086790055036544,-0.2348747700452804,0.127691388130188,14.244
1785956105269,0.9420238733291626,-0.2105144709348678,-0.2294779866933822,0.1249576583504676,14.253
1785956105279,0.944473683834076,-0.2111174315214157,-0.2202896475791931,0.1219481974840164,14.263
1785956105290,0.9484690427780152,-0.2090697586536407,-0.2073027342557907,0.1171402558684349,14.274
1785956105300,0.953565776348114,-0.2044964432716369,-0.1923104971647262,0.1091335117816925,14.284
1785956105310,0.9592985510826112,-0.1980825960636139,-0.1757364124059677,0.098113901913166,14.294
1785956105319,0.9655112028121948,-0.1899271458387375,-0.1563886702060699,0.0851956009864807,14.303
1785956105329,0.9721383452415466,-0.1795195341110229,-0.1317683309316635,0.0731904730200767,14.313
1785956105339,0.9781317114830016,-0.1691796034574508,-0.1029258593916893,0.0635836571455001,14.323
1785956105350,0.9824329614639282,-0.1617834568023681,-0.0728877857327461,0.0577841065824031,14.334
1785956105358,0.9853833317756652,-0.1553033292293548,-0.0452359840273857,0.0534242317080497,14.342
1785956105369,0.9870558381080629,-0.1508902162313461,-0.0236639138311147,0.0489184148609638,14.353
1785956105379,0.9877475500106812,-0.1492857784032821,-0.0093452502042055,0.0445094928145408,14.363
1785956105389,0.9879040718078612,-0.1497447490692138,-0.0022522376384586,0.0402101390063762,14.373
1785956105399,0.9877828359603882,-0.151407852768898,-0.000287148868665,0.0368878729641437,14.383
1785956105410,0.987462282180786,-0.1542107462882995,-0.0006590562989003,0.0337188839912414,14.394
1785956105419,0.9872453808784484,-0.1564489156007766,-0.0017865085974335,0.0294458214193582,14.403
1785956105429,0.987295389175415,-0.1570157259702682,-0.0020405889954417,0.0242829304188489,14.413
1785956105439,0.987342894077301,-0.1571844816207885,-0.0002676608564797,0.0211424361914396,14.423
1785956105448,0.987449586391449,-0.1564667522907257,0.0040115886367857,0.021103385835886,14.432
1785956105458,0.9876757264137268,-0.1545077115297317,0.0095643065869808,0.0230775158852338,14.442
1785956105468,0.987971007823944,-0.1516163349151611,0.0152043402194976,0.0263521969318389,14.452
1785956105479,0.9884676337242126,-0.1469158828258514,0.0201708860695362,0.0306666884571313,14.463
1785956105489,0.9891357421875,-0.1406619101762771,0.0239496361464262,0.0353704243898391,14.473
1785956105498,0.9898268580436708,-0.1341163218021392,0.0264702960848808,0.0394332073628902,14.482
1785956105508,0.990445613861084,-0.128186896443367,0.0278027895838022,0.0425751954317092,14.492
1785956105518,0.9910211563110352,-0.1229639947414398,0.0278525650501251,0.0445088408887386,14.502
1785956105528,0.9916159510612488,-0.1183345690369606,0.0266383346170187,0.0445561036467552,14.512
1785956105537,0.9922662377357484,-0.1138514652848243,0.024662397801876,0.0428636446595191,14.521
1785956105547,0.9942855834960938,-0.0943882688879966,0.0258370619267225,0.0426558628678321,14.531
1785956105558,0.9962545037269592,-0.070291556417942,0.0287056863307952,0.0413761176168918,14.542
1785956105568,0.9972624182701112,-0.0536632724106311,0.0319958515465259,0.0395498089492321,14.552
1785956105578,0.997856080532074,-0.0402007102966308,0.0357225984334945,0.0372959822416305,14.562
1785956105587,0.9981335997581482,-0.0296281222254037,0.0398041903972625,0.035597737878561,14.571
1785956105597,0.998162806034088,-0.0220447778701782,0.043966356664896,0.0353837497532367,14.581
1785956105607,0.9981476664543152,-0.014703351072967,0.0466172583401203,0.0362193994224071,14.591
1785956105618,0.9981322884559632,-0.0067461421713232,0.0476743318140506,0.0375981703400611,14.602
1785956105627,0.998098075389862,0.0009018855053,0.0476189330220222,0.0391370169818401,14.611
1785956105637,0.9980697631835938,0.0071056457236409,0.0468737408518791,0.0401154533028602,14.621
1785956105647,0.9980691075325012,0.0112078487873077,0.0458075553178787,0.0404214560985565,14.631
1785956105657,0.9981176257133484,0.0132588138803839,0.0446808077394962,0.0398630872368812,14.641
1785956105666,0.9981977939605712,0.0147688733413815,0.0432760678231716,0.0388624332845211,14.65
1785956105676,0.9982511401176452,0.0169734377413988,0.0420710071921348,0.0379026606678962,14.66
1785956105687,0.998261570930481,0.0205110423266887,0.0409969948232173,0.0370449610054492,14.671
1785956105697,0.9981947541236876,0.0272188764065504,0.039759561419487,0.035855758935213,14.681
1785956105707,0.9979602098464966,0.036808431148529,0.0387438796460628,0.0349209271371364,14.691
1785956105716,0.9974327087402344,0.0483996458351612,0.0393738150596618,0.0351454988121986,14.7
1785956105726,0.9965791702270508,0.0618597120046615,0.0413837321102619,0.0359257645905017,14.71
1785956105736,0.9953214526176452,0.077257864177227,0.0446527078747749,0.0370493456721305,14.72
1785956105747,0.9936330318450928,0.094742476940155,0.0478046461939811,0.0378426536917686,14.731
1785956105755,0.9918047189712524,0.1106052994728088,0.0508956462144851,0.0387240760028362,14.739
1785956105766,0.9899592399597168,0.1248968467116355,0.0533697679638862,0.0391550324857234,14.75
1785956105776,0.9900620579719543,0.1242655813694,0.052399568259716,0.0398670397698879,14.76
1785956105786,0.9901843667030334,0.1241287440061569,0.0513016656041145,0.0386674776673316,14.77
1785956105796,0.9903314113616944,0.1234925463795661,0.0517242774367332,0.0363032482564449,14.78
1785956105805,0.9903072714805604,0.1240696310997009,0.0527620427310466,0.0333827026188373,14.789
1785956105815,0.9902582168579102,0.1243171840906143,0.0539394617080688,0.0320058651268482,14.799
1785956105826,0.990324079990387,0.1237915232777595,0.0545054748654365,0.0310319066047668,14.81
1785956105836,0.9904582500457764,0.1226137951016426,0.0553562045097351,0.0298997648060321,14.82
1785956105845,0.9906512498855592,0.1206515058875083,0.0569325424730777,0.0284938719123601,14.829
1785956105855,0.9907636642456056,0.1191538274288177,0.0587600357830524,0.0271479953080415,14.839
1785956105865,0.9908554553985596,0.1181188970804214,0.0599593184888362,0.0256572589278221,14.849
1785956105876,0.9909488558769226,0.1175118014216423,0.0602890811860561,0.0240092538297176,14.86
1785956105886,0.9909533858299256,0.1168483197689056,0.061967521905899,0.0227561723440885,14.87
1785956105896,0.9907280206680298,0.1171229779720306,0.0651687905192375,0.0222083125263452,14.88
1785956105905,0.9904587864875792,0.1175462752580642,0.0682179033756256,0.0228164754807949,14.889
1785956105915,0.9903620481491088,0.1170278415083885,0.0701632723212242,0.023758428171277,14.899
1785956105925,0.9903082251548768,0.1166211813688278,0.0714032053947448,0.0243045035749673,14.909
1785956105934,0.9902316927909852,0.1162070482969284,0.0726036056876182,0.0258026346564292,14.918
1785956105944,0.9902257919311525,0.1150063723325729,0.0737313330173492,0.0281065478920936,14.928
1785956105955,0.991569995880127,0.1046100854873657,0.0711843073368072,0.0279001016169786,14.939
1785956105965,0.9935676455497742,0.0896520540118217,0.0652173683047294,0.023077955469489,14.949
1785956105975,0.996048629283905,0.0680560022592544,0.0535828694701194,0.0196054112166166,14.959
1785956105985,0.997510313987732,0.0507828705012798,0.045290470123291,0.0185226984322071,14.969
1785956105994,0.998115301132202,0.0426320359110832,0.0401530154049396,0.0183311440050601,14.978
1785956106004,0.9982402324676514,0.0397898145020008,0.0397948697209358,0.018696155399084,14.988
1785956106015,0.9981619119644164,0.0389869138598442,0.0422433800995349,0.0191924627870321,14.999
1785956106023,0.9980139136314392,0.0387085042893886,0.0458673685789108,0.0191320106387138,15.007
1785956106034,0.997824728488922,0.0379188060760498,0.0500237084925174,0.0201380886137485,15.018
1785956106044,0.9976337552070618,0.0368502922356128,0.0537031851708889,0.022020922973752,15.028
1785956106054,0.9975231885910034,0.0351949222385883,0.0556324236094951,0.0247746873646974,15.038
1785956106065,0.9976020455360411,0.0332733802497386,0.0543346367776393,0.0270326342433691,15.049
1785956106073,0.9978999495506288,0.0303129106760025,0.0499107986688613,0.0280304960906505,15.057
1785956106084,0.9982898235321044,0.0265109669417142,0.0440652891993522,0.0278008505702018,15.068
1785956106094,0.9987098574638368,0.021764000877738,0.0374809242784976,0.0264605563133955,15.078
1785956106104,0.9990553259849548,0.0168609488755464,0.031163053587079,0.025161400437355,15.088
1785956106113,0.9992567896842957,0.0125765725970268,0.0266999937593936,0.0247927736490964,15.097
1785956106123,0.9993009567260742,0.0133433332666754,0.0235950332134962,0.0257456619292497,15.107
1785956106133,0.9992926120758056,0.0137897189706563,0.0224167555570602,0.0268621779978275,15.117
1785956106144,0.9992796778678894,0.0142692951485514,0.0217018108814954,0.0276681780815124,15.128
1785956106152,0.9993135929107666,0.014211032539606,0.0201500337570905,0.0276482235640287,15.136
1785956106163,0.9993794560432434,0.0140906861051917,0.0176229663193225,0.0270476695150136,15.147
1785956106173,0.9994302988052368,0.0133095178753137,0.0153232291340827,0.0269671902060508,15.157
1785956106183,0.9994373917579652,0.0132914492860436,0.0137826101854443,0.0275370050221681,15.167
1785956106193,0.9994531869888306,0.0131931705400347,0.0122871901839971,0.027719035744667,15.177
1785956106202,0.999464988708496,0.0132301170378923,0.0110026588663458,0.0278138667345047,15.186
1785956106212,0.9995184540748596,0.012773354537785,0.0097221219912171,0.0265552792698144,15.196
1785956106223,0.2987524271011352,0.0117305759340524,-0.0094766858965158,-0.954211413860321,15.207
1785956106233,0.2963201999664306,0.0108536668121814,-0.0091056693345308,-0.9549835920333862,15.217
1785956106242,0.2947618365287781,0.010789762251079,-0.0090297181159257,-0.955467164516449,15.226
1785956106252,0.2936064600944519,0.0107140410691499,-0.0089709302410483,-0.9558242559432985,15.236
1785956106262,0.292672723531723,0.0106143672019243,-0.0088947098702192,-0.9561123847961426,15.246
1785956106273,0.292618066072464,0.0105948541313409,-0.008828667923808,-0.9561299085617064,15.257
1785956106283,0.2926189005374908,0.0105717498809099,-0.0087531739845871,-0.9561306238174438,15.267
1785956106292,0.2926227450370788,0.0104654720053076,-0.0084059126675128,-0.9561337828636168,15.276
1785956106302,0.2926282286643982,0.0103111630305647,-0.0079017169773578,-0.9561380743980408,15.286
1785956106312,0.2925205528736114,-0.0130964154377579,-0.001587669015862,-0.9561682343482972,15.296
1785956106322,0.2926076054573059,-0.0129556898027658,-0.0020517033990472,-0.9561426639556884,15.306
1785956106331,0.2932115793228149,-0.0133411670103669,-0.0018128989031538,-0.955952763557434,15.315
1785956106341,0.2949767112731933,-0.0129788490012288,-0.0015722494572401,-0.9554149508476256,15.325
1785956106352,0.2942027747631073,-0.0129714328795671,-0.0015883062733337,-0.9556536674499512,15.336
1785956106362,0.2945900857448578,-0.0129741840064525,-0.0015825160080567,-0.9555343985557556,15.346
1785956106372,0.2945913970470428,-0.0129490913823246,-0.0016769259236752,-0.9555341601371764,15.356
1785956106381,0.2945913970470428,-0.0129546038806438,-0.001675937208347,-0.9555341005325316,15.365
1785956106391,0.2927064001560211,-0.0129649620503187,-0.0016497750766575,-0.9561130404472352,15.375
1785956106401,0.2927054762840271,-0.0129929492250084,-0.0015841610729694,-0.9561130404472352,15.385
1785956106412,0.292704701423645,-0.0130178425461053,-0.0015293089672923,-0.9561130404472352,15.396
1785956106420,0.2927035391330719,-0.0130507405847311,-0.001450654817745,-0.9561130404472352,15.404
1785956106431,0.2896389365196228,-0.0130466176196932,-0.0014657363062724,-0.9570459723472596,15.415
1785956106441,0.2896407842636108,-0.0130119733512401,-0.0016044550575315,-0.9570456743240356,15.425
1785956106451,0.2896424531936645,-0.0129777742549777,-0.001732327742502,-0.9570453763008118,15.435
1785956106461,0.2896435856819153,-0.0129539323970675,-0.0018196774180978,-0.9570451974868774,15.445
1785956106470,0.2872337400913238,-0.0129411648958921,-0.0018482644809409,-0.957771360874176,15.454
1785956106481,0.2872353196144104,-0.0129069201648235,-0.0019641143735498,-0.9577711224555968,15.465
1785956106491,0.2872390747070312,-0.0127396136522293,-0.0022085045929998,-0.9577715396881104,15.475
1785956106501,0.2873486578464508,-0.0125850206241011,-0.0024510528892278,-0.9577401876449584,15.485
1785956106510,0.2874028086662292,-0.0124639738351106,-0.0024849600158631,-0.9577255249023438,15.494
1785956106520,0.2896366715431213,-0.0123503087088465,-0.0025244550779461,-0.9570536017417908,15.504
1785956106530,0.2917217314243316,-0.0122853126376867,-0.002476210007444,-0.9564211368560792,15.514
1785956106541,0.2932750880718231,-0.0122914658859372,-0.0024574582930654,-0.9559459090232848,15.525
1785956106551,0.2927728295326233,-0.0121641419827938,-0.0024508349597454,-0.9561014771461488,15.535
1785956106560,0.2927728295326233,-0.0121641419827938,-0.0024508349597454,-0.9561014771461488,15.544
1785956106570,0.2928799390792846,-0.0120360814034938,-0.002509270561859,-0.9560701251029968,15.554
1785956106580,0.2933722138404846,-0.0120589593425393,-0.0024326050188392,-0.9559192061424256,15.564
1785956106590,0.295238196849823,-0.0121467858552932,-0.0023344357032328,-0.9553436636924744,15.574
1785956106599,0.2968634665012359,-0.0120056113228201,-0.0023735959548503,-0.9548414945602416,15.583
1785956106609,0.2982854843139648,-0.0120091335847973,-0.0023557096719741,-0.954398274421692,15.593
1785956106620,0.2985715568065643,-0.0120085626840591,-0.002370671601966,-0.9543087482452391,15.604
1785956106630,0.2960589826107025,-0.0120147597044706,-0.0023390587884932,-0.9550912380218506,15.614
1785956106640,0.2960596084594726,-0.0119989914819598,-0.0023899285588413,-0.955091118812561,15.624
1785956106649,0.2960609495639801,-0.0119662666693329,-0.0024954979307949,-0.955090880393982,15.633
1785956106659,0.2961928248405456,-0.0118784112855792,-0.0025553775485605,-0.9550509452819824,15.643
1785956106669,0.2978518903255462,-0.0118176685646176,-0.0024754067417234,-0.954535722732544,15.653
1785956106680,0.3006421029567718,-0.011778587475419,-0.0024029922205954,-0.9536612629890442,15.664
1785956106689,0.3021511733531952,-0.0115511268377304,-0.0025929368566721,-0.9531865119934082,15.673
1785956106699,0.3036174178123474,-0.011461797170341,-0.0026781142223626,-0.9527212977409364,15.683
1785956106709,0.3055123388767242,-0.0114958556368947,-0.0026574230287224,-0.952114999294281,15.693
1785956106719,0.3032567799091339,-0.0118193794041872,-0.0024867195170372,-0.9528323411941528,15.703
1785956106730,0.3026867508888244,-0.0119619136676192,-0.0024278168566524,-0.9530118703842164,15.714
1785956106738,0.3026185929775238,-0.0121910749003291,-0.0022805747576057,-0.953031063079834,15.722
1785956106749,0.3026176989078522,-0.0122133763507008,-0.0022103418596088,-0.9530312418937684,15.733
1785956106759,0.3023190200328827,-0.0122382203117012,-0.0021303710527718,-0.9531258344650269,15.743
1785956106769,0.3023190200328827,-0.0122382203117012,-0.0021303710527718,-0.9531258344650269,15.753
1785956106778,0.3023183047771454,-0.012255934998393,-0.0020745228976011,-0.9531259536743164,15.762
1785956106788,0.3023183047771454,-0.012255934998393,-0.0020745228976011,-0.9531259536743164,15.772
1785956106798,0.3002282381057739,-0.0122604528442025,-0.0020476514473557,-0.9537863731384276,15.782
1785956106809,0.3002282381057739,-0.0122622866183519,-0.0020479131489992,-0.9537863731384276,15.793
1785956106817,0.3002290725708008,-0.012243821285665,-0.0021133446134626,-0.9537862539291382,15.801
1785956106828,0.3002290725708008,-0.0122457826510071,-0.0021135758142918,-0.9537862539291382,15.812
1785956106838,0.299460768699646,-0.012249544262886,-0.0021046937908977,-0.9540276527404784,15.822
1785956106848,0.2994607388973236,-0.0122507521882653,-0.0021056898403912,-0.9540276527404784,15.832
1785956106858,0.2994607388973236,-0.0122522003948688,-0.0021064996253699,-0.9540276527404784,15.842
1785956106867,0.2994607388973236,-0.0122529743239283,-0.0021073941607028,-0.9540276527404784,15.851
1785956106877,0.2970680594444275,-0.0122593631967902,-0.0020777999889105,-0.954775333404541,15.861
1785956106888,0.2970680296421051,-0.012260977178812,-0.0020790537819266,-0.954775333404541,15.872
1785956106898,0.2970679998397827,-0.0122633483260869,-0.0020805965177714,-0.954775333404541,15.882
1785956106907,0.2970679700374603,-0.0122662261128425,-0.0020823164377361,-0.9547752737998962,15.891
1785956106917,0.296548992395401,-0.0122700370848178,-0.0020785932429134,-0.9549366235733032,15.901
1785956106927,0.2965489327907562,-0.0122734168544411,-0.0020833620801568,-0.9549365639686584,15.911
1785956106938,0.2965488731861114,-0.012276797555387,-0.0020871791057288,-0.9549365043640136,15.922
1785956106948,0.2964791059494018,-0.0122643690556287,-0.0021419795230031,-0.954958200454712,15.932
1785956106958,0.2944931983947754,-0.0122298300266265,-0.0022884272038936,-0.9555726051330566,15.942
1785956106967,0.2915792763233185,-0.0121388444676995,-0.0027588058728724,-0.9564656615257264,15.951
1785956106977,0.2903445661067962,-0.0120433364063501,-0.0030891615897417,-0.9568414092063904,15.961
1785956106987,0.290347695350647,-0.0119835129007697,-0.0032439571805298,-0.9568406939506532,15.971
1785956106998,0.2882584631443023,-0.0119646321982145,-0.0033048754557967,-0.9574721455574036,15.982
1785956107006,0.2882596254348755,-0.0119390627369284,-0.0033922477159649,-0.9574718475341796,15.99
1785956107017,0.2882596254348755,-0.0119403107091784,-0.0033906605094671,-0.9574718475341796,16.001
1785956107027,0.2882588803768158,-0.0119591448456048,-0.0033301142975687,-0.9574720859527588,16.011
1785956107037,0.2882574796676636,-0.0119940703734755,-0.0032200878486037,-0.9574724435806274,16.021
1785956107047,0.287082701921463,-0.0120363971218466,-0.0030876179225742,-0.957825243473053,16.031
1785956107056,0.2870826721191406,-0.0120395626872777,-0.0030889478512108,-0.9578251838684082,16.04
1785956107066,0.2870838046073913,-0.0120146907866001,-0.0031813350506126,-0.9578248262405396,16.05
1785956107077,0.2870045006275177,-0.0119838481768965,-0.0032941724639385,-0.9578486084938048,16.061
1785956107086,0.2863379716873169,-0.0119481142610311,-0.0034351286012679,-0.9580479860305786,16.07
1785956107096,0.2861536145210266,-0.0118974829092621,-0.003621062496677,-0.9581030607223512,16.08
1785956107106,0.2861546277999878,-0.011876062490046,-0.0037019709125161,-0.9581027030944824,16.09
1785956107116,0.2861545979976654,-0.01187923271209,-0.0037040456663817,-0.9581026434898376,16.1
1785956107127,0.2843647003173828,-0.0119054475799202,-0.0036284851375967,-0.9586354494094848,16.111
1785956107135,0.2843635678291321,-0.0120031265541911,-0.0035872810985893,-0.9586346745491028,16.119
1785956107146,0.284362643957138,-0.0120268333703279,-0.0035178679972887,-0.9586348533630372,16.13
1785956107156,0.284361869096756,-0.0120470821857452,-0.0034583173692226,-0.9586350917816162,16.14
1785956107166,0.2840197086334228,-0.0120811508968472,-0.0033532474189996,-0.9587364792823792,16.15
1785956107175,0.2840196788311004,-0.0120831225067377,-0.0033540956210345,-0.9587364792823792,16.159
1785956107185,0.2840196788311004,-0.0120843686163425,-0.0033546814229339,-0.9587364792823792,16.169
1785956107195,0.2840196490287781,-0.0120865404605865,-0.003355611115694,-0.9587364792823792,16.179
1785956107206,0.2823202013969421,-0.0121099967509508,-0.0032847169786691,-0.9592381715774536,16.19
1785956107216,0.2823189496994018,-0.0121399126946926,-0.0031898121815174,-0.9592385292053224,16.2
1785956107225,0.2823189496994018,-0.0121412379667162,-0.0031902906484901,-0.9592385292053224,16.209
1785956107235,0.2823189496994018,-0.0121427625417709,-0.0031907388474792,-0.9592385292053224,16.219
1785956107245,0.281186580657959,-0.0121483895927667,-0.0031771580688655,-0.9595710039138794,16.229
1785956107255,0.2811858355998993,-0.0121673885732889,-0.0031226382125169,-0.959571123123169,16.239
1785956107264,0.2811858057975769,-0.0121703892946243,-0.0031240377575159,-0.9595710635185242,16.248
1785956107274,0.2811857759952545,-0.012173093855381,-0.0031249045860022,-0.9595710039138794,16.258
1785956107285,0.2808349132537842,-0.0121770286932587,-0.0031211257446557,-0.9596737623214722,16.269
1785956107295,0.2808348834514618,-0.0121792824938893,-0.0031222710385918,-0.9596737623214722,16.279
1785956107305,0.2808348834514618,-0.0121811088174581,-0.0031228810548782,-0.9596737623214722,16.289
1785956107314,0.2808348536491394,-0.0121828522533178,-0.0031239392701536,-0.9596737623214722,16.298
1785956107324,0.2799694538116455,-0.0121876122429966,-0.0031142404768615,-0.9599264860153198,16.308
1785956107335,0.2799694240093231,-0.0121897170320153,-0.0031155217438936,-0.9599264860153198,16.319
1785956107345,0.2799693942070007,-0.0121920760720968,-0.0031177443452179,-0.9599264860153198,16.329
1785956107354,0.2799693346023559,-0.0121965408325195,-0.0031209832523018,-0.959926426410675,16.338
1785956107364,0.2791158854961395,-0.0122041553258895,-0.0031123310327529,-0.960174798965454,16.348
1785956107374,0.2791158556938171,-0.0122073115780949,-0.0031142833177,-0.9601747393608092,16.358
1785956107384,0.2791149914264679,-0.0122307017445564,-0.0030509764328598,-0.9601749181747437,16.368
1785956107393,0.2791141867637634,-0.0122519489377737,-0.0029920665547251,-0.9601750373840332,16.377
1785956107403,0.2791141867637634,-0.0122538432478904,-0.0029922879766672,-0.9601750373840332,16.387
1785956107414,0.2787829935550689,-0.0122564481571316,-0.002988064661622,-0.960271179676056,16.398
1785956107424,0.2787829935550689,-0.0122588174417614,-0.0029883417300879,-0.960271179676056,16.408
1785956107434,0.2787829935550689,-0.0122614046558737,-0.0029882187955081,-0.9602711200714112,16.418
1785956107443,0.2787829935550689,-0.0122629543766379,-0.0029875908512622,-0.9602711200714112,16.427
1785956107453,0.2782241106033325,-0.0122905587777495,-0.0028985436074435,-0.9604331851005554,16.437
1785956107463,0.2782241106033325,-0.0122933024540543,-0.0028989887796342,-0.9604331254959106,16.447
1785956107474,0.2782247364521026,-0.0122814252972602,-0.0029501751996576,-0.9604328870773317,16.458
1785956107482,0.2782247364521026,-0.0122844856232404,-0.0029513768386095,-0.9604329466819764,16.466
1785956107493,0.276333749294281,-0.0122928777709603,-0.002928665606305,-0.9609786868095398,16.477
1785956107503,0.2763337194919586,-0.0122952638193964,-0.0029301189351826,-0.9609786868095398,16.487
1785956107513,0.2763336896896362,-0.0122980214655399,-0.0029325278010219,-0.960978627204895,16.497
1785956107523,0.2763336598873138,-0.0122998310253024,-0.0029353697318583,-0.960978627204895,16.507
1785956107532,0.2753234803676605,-0.0123046282678842,-0.0029244583565741,-0.9612684845924376,16.516
1785956107543,0.2753227353096008,-0.0123231653124094,-0.0028700726106762,-0.961268663406372,16.527
1785956107553,0.2753213942050934,-0.0123555473983287,-0.0027715594042092,-0.9612689018249512,16.537
1785956107563,0.2753202021121979,-0.0123844370245933,-0.0026821026112884,-0.9612690806388856,16.547
1785956107573,0.2751220464706421,-0.012402438558638,-0.0026244176551699,-0.9613256454467772,16.557
1785956107582,0.2751220464706421,-0.0124037871137261,-0.0026245119515806,-0.9613256454467772,16.566
1785956107592,0.2751213312149048,-0.012421378865838,-0.0025680628605186,-0.9613258242607116,16.576
1785956107603,0.2751213312149048,-0.0124223260208964,-0.0025677983649075,-0.9613258242607116,16.587
1785956107613,0.2752662897109985,-0.0124235674738883,-0.002569823525846,-0.961284339427948,16.597
1785956107622,0.2752662599086761,-0.0124261295422911,-0.0025707867462188,-0.9612842798233032,16.606
1785956107632,0.2752662301063537,-0.0124287074431777,-0.0025719688273966,-0.9612842202186584,16.616
1785956107642,0.2752662003040313,-0.0124319028109312,-0.0025735090021044,-0.9612841606140136,16.626
1785956107652,0.2746212780475616,-0.0124374628067016,-0.0025674367789179,-0.9614685773849488,16.636
1785956107661,0.2746212482452392,-0.0124406963586807,-0.0025695050135254,-0.961468517780304,16.645
1785956107671,0.2746212184429168,-0.0124431028962135,-0.0025708812754601,-0.961468517780304,16.655
1785956107682,0.2746211886405945,-0.0124458530917763,-0.0025723995640873,-0.9614684581756592,16.666
1785956107692,0.2747621834278106,-0.0124476458877325,-0.0025751935318112,-0.9614282250404358,16.676
1785956107702,0.2747629284858703,-0.0124321402981877,-0.0026369518600404,-0.9614280462265016,16.686
1785956107711,0.2747636139392853,-0.0124183762818574,-0.0026940058451145,-0.9614278674125672,16.695
1785956107721,0.2747635841369629,-0.012420997954905,-0.0026958063244819,-0.9614278078079224,16.705
1785956107731,0.2736387848854065,-0.0124276680871844,-0.0026836080942302,-0.961748480796814,16.715
1785956107742,0.2736387252807617,-0.0124303251504898,-0.0026867988053709,-0.9617484211921692,16.726
1785956107751,0.2736386656761169,-0.0124337524175643,-0.0026905885897576,-0.9617483615875244,16.735
1785956107761,0.2736386358737945,-0.0124376341700553,-0.0026949720922857,-0.9617484211921692,16.745
1785956107771,0.2736385762691498,-0.0124411499127745,-0.0026985583826899,-0.9617483615875244,16.755
1785956107781,0.2736049294471741,-0.0124227311462163,-0.0027773336041718,-0.9617578983306884,16.765
1785956107792,0.2736057639122009,-0.012407966889441,-0.0028451727703213,-0.9617576599121094,16.776
1785956107800,0.273607075214386,-0.0123810712248086,-0.0029470017179846,-0.9617573618888856,16.784
1785956107811,0.2736094892024994,-0.0123299518600106,-0.0031337086111307,-0.9617567658424376,16.795
1785956107821,0.2732952833175659,-0.012245294637978,-0.003442327491939,-0.961846113204956,16.805
1785956107831,0.2732985317707062,-0.0121750915423035,-0.003697786713019,-0.9618451595306396,16.815
1785956107841,0.2733013331890106,-0.0121138272807002,-0.0039200554601848,-0.9618442058563232,16.825
1785956107850,0.2733038067817688,-0.0120594920590519,-0.0041172336786985,-0.9618433713912964,16.834
1785956107860,0.2730520665645599,-0.0120351109653711,-0.0042107114568352,-0.9619147181510924,16.844
1785956107871,0.2730529308319092,-0.012016880325973,-0.0042823641560971,-0.9619144201278688,16.855
1785956107881,0.2730559706687927,-0.0119503661990165,-0.0045289043337106,-0.961913287639618,16.865
1785956107890,0.2730580270290375,-0.0119052892550826,-0.0046969000250101,-0.9619124531745912,16.874
1785956107900,0.2730632722377777,-0.0118690831586718,-0.0048356014303863,-0.9619107246398926,16.884
1785956107910,0.2730632126331329,-0.0118720643222332,-0.0048394007608294,-0.9619106650352478,16.894
1785956107920,0.2730640172958374,-0.0118551980704069,-0.0049139205366373,-0.9619102478027344,16.904
1785956107929,0.2730639576911926,-0.0118579734116792,-0.0049173799343407,-0.9619101881980896,16.913
1785956107940,0.2730982005596161,-0.0118779717013239,-0.0048599340952932,-0.9619005918502808,16.924
1785956107950,0.2730970382690429,-0.0119062718003988,-0.0047704242169857,-0.9619010090827942,16.934
1785956107960,0.2730956375598907,-0.0119397947564721,-0.0046602236106991,-0.9619015455245972,16.944
1785956107969,0.2730950117111206,-0.0119541706517338,-0.0046095894649624,-0.9619017839431764,16.953
1785956107979,0.2731933891773224,-0.0119536994025111,-0.0046108127571642,-0.9618738293647766,16.963
1785956107989,0.2731933891773224,-0.0119536994025111,-0.0046108127571642,-0.9618738293647766,16.973
1785956108000,0.2731933891773224,-0.0119536994025111,-0.0046108127571642,-0.9618738293647766,16.984
1785956108010,0.2731933891773224,-0.0119536994025111,-0.0046108127571642,-0.9618738293647766,16.994
1785956108019,0.2731022834777832,-0.0119771314784884,-0.0045286803506314,-0.9618998169898988,17.003
1785956108029,0.2731012105941772,-0.0120018618181347,-0.0044415770098567,-0.961900234222412,17.013
1785956108039,0.2731003761291504,-0.0120205506682395,-0.0043757534585893,-0.961900532245636,17.023
1785956108049,0.2731003761291504,-0.0120205506682395,-0.0043757534585893,-0.961900532245636,17.033
1785956108060,0.2733683288097381,-0.0120193306356668,-0.004379101563245,-0.961824357509613,17.044
1785956108068,0.2733683288097381,-0.0120193306356668,-0.004379101563245,-0.961824357509613,17.052
1785956108079,0.2733683288097381,-0.0120193306356668,-0.004379101563245,-0.961824357509613,17.063
1785956108089,0.2733675837516784,-0.0120365982875227,-0.0043183462694287,-0.9618246555328368,17.073
1785956108099,0.272644579410553,-0.012059929780662,-0.0042384127154946,-0.9620299339294434,17.083
1785956108108,0.272644579410553,-0.012059929780662,-0.0042384127154946,-0.9620299339294434,17.092
1785956108118,0.272644579410553,-0.012059929780662,-0.0042384127154946,-0.9620299339294434,17.102
1785956108128,0.272644579410553,-0.012059929780662,-0.0042384127154946,-0.9620299339294434,17.112
1785956108139,0.2726436257362366,-0.0120814573019742,-0.0041624531149864,-0.962030291557312,17.123
1785956108149,0.2726724147796631,-0.0121085997670888,-0.0040666162967681,-0.9620221853256226,17.133
1785956108158,0.2726724147796631,-0.0121085997670888,-0.0040666162967681,-0.9620221853256226,17.142
1785956108168,0.2726724147796631,-0.0121085997670888,-0.0040666162967681,-0.9620221853256226,17.152
1785956108178,0.2726724147796631,-0.0121085997670888,-0.0040666162967681,-0.9620221853256226,17.162
1785956108189,0.2726617157459259,-0.0121086444705724,-0.0040664812549948,-0.9620251655578612,17.173
1785956108197,0.2726617157459259,-0.0121086444705724,-0.0040664812549948,-0.9620251655578612,17.181
1785956108208,0.2726617157459259,-0.0121086444705724,-0.0040664812549948,-0.9620251655578612,17.192
1785956108218,0.2726617157459259,-0.0121086444705724,-0.0040664812549948,-0.9620251655578612,17.202
1785956108228,0.2725691497325897,-0.0121090356260538,-0.004065316170454,-0.9620513916015624,17.212
1785956108237,0.2723817825317383,-0.0121082440018653,-0.0040676742792129,-0.9621044993400574,17.221
1785956108247,0.2719664871692657,-0.012106486596167,-0.0040728999301791,-0.9622219204902648,17.231
1785956108257,0.2716524600982666,-0.0121051575988531,-0.0040768510662019,-0.9623106718063354,17.241
1785956108268,0.270736813545227,-0.0121048651635646,-0.0040777139365673,-0.9625685811042786,17.252
1785956108278,0.2701693177223205,-0.0121024595573544,-0.004084849730134,-0.9627280831336976,17.262
1785956108287,0.2696523666381836,-0.0121002634987235,-0.0040913466364145,-0.9628729224205016,17.271
1785956108297,0.269260823726654,-0.0121269924566149,-0.0039948835037648,-0.9629826545715332,17.281
1785956108307,0.2689434289932251,-0.0121431648731231,-0.0039365771226584,-0.9630714058876038,17.291
1785956108317,0.2688496708869934,-0.012174304574728,-0.0038248829077929,-0.9630976915359496,17.301
1785956108326,0.2688483893871307,-0.0122026083990931,-0.0037234916817396,-0.9630981087684632,17.31
1785956108336,0.2688466310501098,-0.0122408159077167,-0.0035866142716258,-0.9630985260009766,17.32
1785956108347,0.2669320404529571,-0.0122689921408891,-0.0034862060565501,-0.9636309742927552,17.331
1785956108357,0.2669306695461273,-0.0122988512739539,-0.0033784145489335,-0.9636313915252686,17.341
1785956108367,0.2669306695461273,-0.0122988512739539,-0.0033784145489335,-0.9636313915252686,17.351
1785956108376,0.2669306695461273,-0.0122988512739539,-0.0033784145489335,-0.9636313915252686,17.36
1785956108386,0.2666715681552887,-0.0122997565194964,-0.003375107422471,-0.9637029767036438,17.37
1785956108397,0.2666715681552887,-0.0122997565194964,-0.003375107422471,-0.9637029767036438,17.381
1785956108407,0.2666715681552887,-0.0122997565194964,-0.003375107422471,-0.9637029767036438,17.391
1785956108416,0.2666715681552887,-0.0122997565194964,-0.003375107422471,-0.9637029767036438,17.4
1785956108426,0.2665036022663116,-0.0123003451153635,-0.0033729635179042,-0.9637494683265686,17.41
1785956108436,0.2665045857429504,-0.0122793046757578,-0.0034490530379116,-0.9637492299079896,17.42
1785956108446,0.2665045857429504,-0.0122793046757578,-0.0034490530379116,-0.9637492299079896,17.43
1785956108457,0.2665045857429504,-0.0122793046757578,-0.0034490530379116,-0.9637492299079896,17.441
1785956108465,0.2658964693546295,-0.012281478382647,-0.0034413046669214,-0.9639171957969666,17.449
1785956108476,0.2658972442150116,-0.0122646838426589,-0.0035021861549466,-0.9639169573783876,17.46
1785956108486,0.2658972442150116,-0.0122646838426589,-0.0035021861549466,-0.9639169573783876,17.47
1785956108496,0.2658972442150116,-0.0122646838426589,-0.0035021861549466,-0.9639169573783876,17.48
1785956108505,0.2658972442150116,-0.0122646838426589,-0.0035021861549466,-0.9639169573783876,17.489
1785956108515,0.2648429274559021,-0.012286627665162,-0.0034228009171783,-0.9642072319984436,17.499
1785956108525,0.2648429274559021,-0.012286627665162,-0.0034228009171783,-0.9642072319984436,17.509
1785956108536,0.2648429274559021,-0.012286627665162,-0.0034228009171783,-0.9642072319984436,17.52
1785956108544,0.2648429274559021,-0.012286627665162,-0.0034228009171783,-0.9642072319984436,17.528
1785956108555,0.264585942029953,-0.01228753849864,-0.0034195266198366,-0.9642777442932128,17.539
1785956108565,0.2645852267742157,-0.0123028587549924,-0.0033636917360126,-0.9642779231071472,17.549
1785956108575,0.2645852267742157,-0.0123028587549924,-0.0033636917360126,-0.9642779231071472,17.559
1785956108586,0.2645852267742157,-0.0123028587549924,-0.0033636917360126,-0.9642779231071472,17.57
1785956108594,0.2640015184879303,-0.012304893694818,-0.0033562437165528,-0.9644379615783693,17.578
1785956108605,0.2640015184879303,-0.012304893694818,-0.0033562437165528,-0.9644379615783693,17.589
1785956108615,0.2640015184879303,-0.012304893694818,-0.0033562437165528,-0.9644379615783693,17.599
1785956108625,0.2640015184879303,-0.012304893694818,-0.0033562437165528,-0.9644379615783693,17.609
1785956108635,0.2641562223434448,-0.0123043553903698,-0.0033582174219191,-0.9643956422805786,17.619
1785956108644,0.2641562223434448,-0.0123043553903698,-0.0033582174219191,-0.9643956422805786,17.628
1785956108654,0.2641562223434448,-0.0123043553903698,-0.0033582174219191,-0.9643956422805786,17.638
1785956108665,0.2641562223434448,-0.0123043553903698,-0.0033582174219191,-0.9643956422805786,17.649
1785956108675,0.2641562223434448,-0.0123043553903698,-0.0033582174219191,-0.9643956422805786,17.659
1785956108684,0.2641562223434448,-0.0123043553903698,-0.0033582174219191,-0.9643956422805786,17.668
1785956108694,0.2641564309597015,-0.012247908860445,-0.0033427563030272,-0.964396357536316,17.678
1785956108704,0.2641564309597015,-0.012247908860445,-0.0033427563030272,-0.964396357536316,17.688
1785956108714,0.2641564309597015,-0.012247908860445,-0.0033427563030272,-0.964396357536316,17.698
1785956108723,0.2641564309597015,-0.012247908860445,-0.0033427563030272,-0.964396357536316,17.707
1785956108733,0.2641564309597015,-0.012247908860445,-0.0033427563030272,-0.964396357536316,17.717
1785956108744,0.2641564309597015,-0.012247908860445,-0.0033427563030272,-0.964396357536316,17.728
1785956108754,0.2641564309597015,-0.012247908860445,-0.0033427563030272,-0.964396357536316,17.738
1785956108764,0.2641564309597015,-0.012247908860445,-0.0033427563030272,-0.964396357536316,17.748
1785956108773,0.2641564309597015,-0.012247908860445,-0.0033427563030272,-0.964396357536316,17.757
1785956108783,0.2641564309597015,-0.012247908860445,-0.0033427563030272,-0.964396357536316,17.767
1785956108794,0.2641564309597015,-0.012247908860445,-0.0033427563030272,-0.964396357536316,17.778
1785956108804,0.2641564309597015,-0.012247908860445,-0.0033427563030272,-0.964396357536316,17.788
1785956108813,0.2641564309597015,-0.012247908860445,-0.0033427563030272,-0.964396357536316,17.797
1785956108823,0.2641564309597015,-0.012247908860445,-0.0033427563030272,-0.964396357536316,17.807
1785956108833,0.264155775308609,-0.012261813506484,-0.0032919908408075,-0.9643965363502502,17.817
1785956108843,0.2641551196575165,-0.0122758848592638,-0.0032406190875917,-0.9643967151641846,17.827
1785956108854,0.2641551196575165,-0.0122758848592638,-0.0032406190875917,-0.9643967151641846,17.838
1785956108862,0.2641551196575165,-0.0122758848592638,-0.0032406190875917,-0.9643967151641846,17.846
1785956108873,0.2641551196575165,-0.0122758848592638,-0.0032406190875917,-0.9643967151641846,17.857
1785956108883,0.2641562223434448,-0.0122522488236427,-0.0033269121777266,-0.9643964171409608,17.867
1785956108893,0.2641569375991821,-0.0122367721050977,-0.0033834143541753,-0.9643962383270264,17.877
1785956108902,0.2641569375991821,-0.0122367721050977,-0.0033834143541753,-0.9643962383270264,17.886
1785956108912,0.2641562819480896,-0.0122506776824593,-0.0033326488919556,-0.9643964171409608,17.896
1785956108922,0.2641562819480896,-0.0122506776824593,-0.0033326488919556,-0.9643964171409608,17.906
1785956108933,0.2641562819480896,-0.0122506776824593,-0.0033326488919556,-0.9643964171409608,17.917
1785956108943,0.2641562819480896,-0.0122506776824593,-0.0033326488919556,-0.9643964171409608,17.927
1785956108952,0.2641562819480896,-0.0122506776824593,-0.0033326488919556,-0.9643964171409608,17.936
1785956108962,0.2641562819480896,-0.0122506776824593,-0.0033326488919556,-0.9643964171409608,17.946
1785956108972,0.2641562819480896,-0.0122506776824593,-0.0033326488919556,-0.9643964171409608,17.956
1785956108982,0.2641562819480896,-0.0122506776824593,-0.0033326488919556,-0.9643964171409608,17.966
1785956108991,0.2641562819480896,-0.0122506776824593,-0.0033326488919556,-0.9643964171409608,17.975
1785956109002,0.2641562819480896,-0.0122506776824593,-0.0033326488919556,-0.9643964171409608,17.986
1785956109012,0.2641562819480896,-0.0122506776824593,-0.0033326488919556,-0.9643964171409608,17.996
1785956109022,0.2641562819480896,-0.0122506776824593,-0.0033326488919556,-0.9643964171409608,18.006
1785956109032,0.2641562819480896,-0.0122506776824593,-0.0033326488919556,-0.9643964171409608,18.016
1785956109041,0.2641562819480896,-0.0122506776824593,-0.0033326488919556,-0.9643964171409608,18.025
1785956109051,0.2641562819480896,-0.0122506776824593,-0.0033326488919556,-0.9643964171409608,18.035
1785956109062,0.2641562819480896,-0.0122506776824593,-0.0033326488919556,-0.9643964171409608,18.046
1785956109072,0.2641562819480896,-0.0122506776824593,-0.0033326488919556,-0.9643964171409608,18.056
1785956109081,0.2641552984714508,-0.0122717842459678,-0.0032555928919464,-0.9643966555595398,18.065
1785956109091,0.2641544640064239,-0.0122898602858185,-0.0031895986758172,-0.9643968939781188,18.075
1785956109101,0.2641534805297851,-0.012310717254877,-0.0031134518794715,-0.964397132396698,18.085
1785956109111,0.2641525864601135,-0.0123301837593317,-0.0030423814896494,-0.9643973708152772,18.095
1785956109122,0.2641525864601135,-0.0123301837593317,-0.0030423814896494,-0.9643973708152772,18.106
1785956109130,0.2641525864601135,-0.0123301837593317,-0.0030423814896494,-0.9643973708152772,18.114
1785956109141,0.2641525864601135,-0.0123301837593317,-0.0030423814896494,-0.9643973708152772,18.125
1785956109151,0.2641525864601135,-0.0123301837593317,-0.0030423814896494,-0.9643973708152772,18.135
1785956109161,0.2641525864601135,-0.0123301837593317,-0.0030423814896494,-0.9643973708152772,18.145
1785956109170,0.2641525864601135,-0.0123301837593317,-0.0030423814896494,-0.9643973708152772,18.154
1785956109180,0.2641525864601135,-0.0123301837593317,-0.0030423814896494,-0.9643973708152772,18.164
1785956109190,0.2641525864601135,-0.0123301837593317,-0.0030423814896494,-0.9643973708152772,18.174
1785956109201,0.2641525864601135,-0.0123301837593317,-0.0030423814896494,-0.9643973708152772,18.185
1785956109210,0.2641525864601135,-0.0123301837593317,-0.0030423814896494,-0.9643973708152772,18.194
1785956109220,0.2641533017158508,-0.0123147079721093,-0.0030988838989287,-0.9643971920013428,18.204
1785956109230,0.2641533017158508,-0.0123147079721093,-0.0030988838989287,-0.9643971920013428,18.214
1785956109240,0.2641533017158508,-0.0123147079721093,-0.0030988838989287,-0.9643971920013428,18.224
1785956109251,0.2641533017158508,-0.0123147079721093,-0.0030988838989287,-0.9643971920013428,18.235
1785956109259,0.2641533017158508,-0.0123147079721093,-0.0030988838989287,-0.9643971920013428,18.243
1785956109270,0.2641533017158508,-0.0123147079721093,-0.0030988838989287,-0.9643971920013428,18.254
1785956109280,0.2641533017158508,-0.0123147079721093,-0.0030988838989287,-0.9643971920013428,18.264
1785956109290,0.2641533017158508,-0.0123147079721093,-0.0030988838989287,-0.9643971920013428,18.274
1785956109299,0.2641533017158508,-0.0123147079721093,-0.0030988838989287,-0.9643971920013428,18.283
1785956109309,0.2641533017158508,-0.0123147079721093,-0.0030988838989287,-0.9643971920013428,18.293
1785956109319,0.2641525864601135,-0.0123301856219768,-0.0030423754360526,-0.9643973708152772,18.303
1785956109330,0.2641525864601135,-0.0123301856219768,-0.0030423754360526,-0.9643973708152772,18.314
1785956109340,0.2641515731811523,-0.0123510407283902,-0.0029662281740456,-0.9643974900245668,18.324
1785956109349,0.264150857925415,-0.0123663358390331,-0.0029103863053023,-0.964397668838501,18.333
1785956109359,0.264150857925415,-0.0123663358390331,-0.0029103863053023,-0.964397668838501,18.343
1785956109369,0.264150857925415,-0.0123663358390331,-0.0029103863053023,-0.964397668838501,18.353
1785956109379,0.264150857925415,-0.0123663358390331,-0.0029103863053023,-0.964397668838501,18.363
1785956109388,0.264150857925415,-0.0123663358390331,-0.0029103863053023,-0.964397668838501,18.372
1785956109398,0.264150857925415,-0.0123663358390331,-0.0029103863053023,-0.964397668838501,18.382
1785956109409,0.2641518414020538,-0.0123454807326197,-0.0029865268152207,-0.964397430419922,18.393
1785956109419,0.2641528248786926,-0.0123243769630789,-0.0030635765288025,-0.9643971920013428,18.403
1785956109429,0.2641536593437195,-0.0123063027858734,-0.0031295646913349,-0.9643969535827636,18.413
1785956109438,0.2641536593437195,-0.0123063027858734,-0.0031295646913349,-0.9643969535827636,18.422
1785956109448,0.2641536593437195,-0.0123063027858734,-0.0031295646913349,-0.9643969535827636,18.432
1785956109459,0.2641536593437195,-0.0123063027858734,-0.0031295646913349,-0.9643969535827636,18.443
1785956109469,0.2641536593437195,-0.0123063027858734,-0.0031295646913349,-0.9643969535827636,18.453
1785956109478,0.2641536593437195,-0.0123063027858734,-0.0031295646913349,-0.9643969535827636,18.462
1785956109488,0.2641536593437195,-0.0123063027858734,-0.0031295646913349,-0.9643969535827636,18.472
1785956109498,0.2641536593437195,-0.0123063027858734,-0.0031295646913349,-0.9643969535827636,18.482
1785956109508,0.2641536593437195,-0.0123063027858734,-0.0031295646913349,-0.9643969535827636,18.492
1785956109519,0.2641536593437195,-0.0123063027858734,-0.0031295646913349,-0.9643969535827636,18.503
1785956109527,0.2641536593437195,-0.0123063027858734,-0.0031295646913349,-0.9643969535827636,18.511
1785956109538,0.2641529440879822,-0.0123215978965163,-0.0030737230554223,-0.964397132396698,18.522
1785956109548,0.2641529440879822,-0.0123215978965163,-0.0030737230554223,-0.964397132396698,18.532
1785956109558,0.2641529440879822,-0.0123215978965163,-0.0030737230554223,-0.964397132396698,18.542
1785956109567,0.2641529440879822,-0.0123215978965163,-0.0030737230554223,-0.964397132396698,18.551
1785956109577,0.2641529440879822,-0.0123215978965163,-0.0030737230554223,-0.964397132396698,18.561
1785956109587,0.2641529440879822,-0.0123215978965163,-0.0030737230554223,-0.964397132396698,18.571
1785956109598,0.2641529440879822,-0.0123215978965163,-0.0030737230554223,-0.964397132396698,18.582
1785956109608,0.2641529440879822,-0.0123215978965163,-0.0030737230554223,-0.964397132396698,18.592
1785956109617,0.2641529440879822,-0.0123215978965163,-0.0030737230554223,-0.964397132396698,18.601
1785956109627,0.2641529440879822,-0.0123215978965163,-0.0030737230554223,-0.964397132396698,18.611
1785956109637,0.2641522884368896,-0.0123355025425553,-0.0030229575932025,-0.9643973112106324,18.621
1785956109648,0.2641522884368896,-0.0123355025425553,-0.0030229575932025,-0.9643973112106324,18.632
1785956109656,0.2641522884368896,-0.0123355025425553,-0.0030229575932025,-0.9643973112106324,18.64
1785956109667,0.2641522884368896,-0.0123355025425553,-0.0030229575932025,-0.9643973112106324,18.651
1785956109677,0.2641522884368896,-0.0123355025425553,-0.0030229575932025,-0.9643973112106324,18.661
1785956109687,0.2641522884368896,-0.0123355025425553,-0.0030229575932025,-0.9643973112106324,18.671
1785956109697,0.2641522884368896,-0.0123355025425553,-0.0030229575932025,-0.9643973112106324,18.681
1785956109706,0.2641522884368896,-0.0123355025425553,-0.0030229575932025,-0.9643973112106324,18.69
1785956109716,0.2641522884368896,-0.0123355025425553,-0.0030229575932025,-0.9643973112106324,18.7
1785956109727,0.2641522884368896,-0.0123355025425553,-0.0030229575932025,-0.9643973112106324,18.711
1785956109737,0.2641522884368896,-0.0123355025425553,-0.0030229575932025,-0.9643973112106324,18.721
1785956109746,0.2641522884368896,-0.0123355025425553,-0.0030229575932025,-0.9643973112106324,18.73
1785956109756,0.2641522884368896,-0.0123355025425553,-0.0030229575932025,-0.9643973112106324,18.74
1785956109766,0.2641522884368896,-0.0123355025425553,-0.0030229575932025,-0.9643973112106324,18.75
1785956109776,0.2641522884368896,-0.0123355025425553,-0.0030229575932025,-0.9643973112106324,18.76
1785956109785,0.2641522884368896,-0.0123355025425553,-0.0030229575932025,-0.9643973112106324,18.769
1785956109795,0.2641522884368896,-0.0123355025425553,-0.0030229575932025,-0.9643973112106324,18.779
1785956109806,0.2641522884368896,-0.0123355025425553,-0.0030229575932025,-0.9643973112106324,18.79
1785956109816,0.2641522884368896,-0.0123355025425553,-0.0030229575932025,-0.9643973112106324,18.8
1785956109826,0.2641522884368896,-0.0123355025425553,-0.0030229575932025,-0.9643973112106324,18.81
1785956109835,0.2641522884368896,-0.0123355025425553,-0.0030229575932025,-0.9643973112106324,18.819
1785956109845,0.2641522884368896,-0.0123355025425553,-0.0030229575932025,-0.9643973112106324,18.829
1785956109856,0.2641522884368896,-0.0123355025425553,-0.0030229575932025,-0.9643973112106324,18.84
1785956109866,0.2641522884368896,-0.0123355025425553,-0.0030229575932025,-0.9643973112106324,18.85
1785956109875,0.2641522884368896,-0.0123355025425553,-0.0030229575932025,-0.9643973112106324,18.859
1785956109885,0.2641522884368896,-0.0123355025425553,-0.0030229575932025,-0.9643973112106324,18.869
1785956109895,0.2641522884368896,-0.0123355025425553,-0.0030229575932025,-0.9643973112106324,18.879
1785956109905,0.2641522884368896,-0.0123355025425553,-0.0030229575932025,-0.9643973112106324,18.889
1785956109916,0.2641522884368896,-0.0123355025425553,-0.0030229575932025,-0.9643973112106324,18.9
1785956109924,0.2641522884368896,-0.0123355025425553,-0.0030229575932025,-0.9643973112106324,18.908
1785956109935,0.2641522884368896,-0.0123355025425553,-0.0030229575932025,-0.9643973112106324,18.919
1785956109945,0.2641522884368896,-0.0123355025425553,-0.0030229575932025,-0.9643973112106324,18.929
1785956109955,0.2641522884368896,-0.0123355025425553,-0.0030229575932025,-0.9643973112106324,18.939
1785956109964,0.2641522884368896,-0.0123355025425553,-0.0030229575932025,-0.9643973112106324,18.948
1785956109974,0.2641522884368896,-0.0123355025425553,-0.0030229575932025,-0.9643973112106324,18.958
1785956109984,0.2641522884368896,-0.0123355025425553,-0.0030229575932025,-0.9643973112106324,18.968
1785956109995,0.2641522884368896,-0.0123355025425553,-0.0030229575932025,-0.9643973112106324,18.979
1785956110005,0.2641522884368896,-0.0123355025425553,-0.0030229575932025,-0.9643973112106324,18.989
1785956110014,0.2641522884368896,-0.0123355025425553,-0.0030229575932025,-0.9643973112106324,18.998
1785956110024,0.2641522884368896,-0.0123355025425553,-0.0030229575932025,-0.9643973112106324,19.008
1785956110034,0.2641522884368896,-0.0123355025425553,-0.0030229575932025,-0.9643973112106324,19.018
1785956110044,0.2641522884368896,-0.0123355025425553,-0.0030229575932025,-0.9643973112106324,19.028
1785956110053,0.2641522884368896,-0.0123355025425553,-0.0030229575932025,-0.9643973112106324,19.037
1785956110064,0.2641522884368896,-0.0123355025425553,-0.0030229575932025,-0.9643973112106324,19.048
1785956110074,0.2641522884368896,-0.0123355025425553,-0.0030229575932025,-0.9643973112106324,19.058
1785956110084,0.2641522884368896,-0.0123355025425553,-0.0030229575932025,-0.9643973112106324,19.068
1785956110094,0.2641522884368896,-0.0123355025425553,-0.0030229575932025,-0.9643973112106324,19.078
1785956110103,0.2641522884368896,-0.0123355025425553,-0.0030229575932025,-0.9643973112106324,19.087
1785956110113,0.2641522884368896,-0.0123355025425553,-0.0030229575932025,-0.9643973112106324,19.097
1785956110124,0.2641522884368896,-0.0123355025425553,-0.0030229575932025,-0.9643973112106324,19.108
1785956110134,0.2641522884368896,-0.0123355025425553,-0.0030229575932025,-0.9643973112106324,19.118
1785956110143,0.2641522884368896,-0.0123355025425553,-0.0030229575932025,-0.9643973112106324,19.127
1785956110153,0.2641522884368896,-0.0123355025425553,-0.0030229575932025,-0.9643973112106324,19.137
1785956110163,0.2641522884368896,-0.0123355025425553,-0.0030229575932025,-0.9643973112106324,19.147
1785956110173,0.2641522884368896,-0.0123355025425553,-0.0030229575932025,-0.9643973112106324,19.157
1785956110184,0.2641522884368896,-0.0123355025425553,-0.0030229575932025,-0.9643973112106324,19.168
1785956110192,0.2641522884368896,-0.0123355025425553,-0.0030229575932025,-0.9643973112106324,19.176
1785956110203,0.2641522884368896,-0.0123355025425553,-0.0030229575932025,-0.9643973112106324,19.187
1785956110213,0.2641522884368896,-0.0123355025425553,-0.0030229575932025,-0.9643973112106324,19.197
1785956110223,0.2641522884368896,-0.0123355025425553,-0.0030229575932025,-0.9643973112106324,19.207
1785956110232,0.2641522884368896,-0.0123355025425553,-0.0030229575932025,-0.9643973112106324,19.216
1785956110242,0.2641522884368896,-0.0123355025425553,-0.0030229575932025,-0.9643973112106324,19.226
1785956110252,0.2641522884368896,-0.0123355025425553,-0.0030229575932025,-0.9643973112106324,19.236
1785956110263,0.2641522884368896,-0.0123355025425553,-0.0030229575932025,-0.9643973112106324,19.247
1785956110272,0.2641522884368896,-0.0123355025425553,-0.0030229575932025,-0.9643973112106324,19.256
1785956110282,0.2641522884368896,-0.0123355025425553,-0.0030229575932025,-0.9643973112106324,19.266
1785956110292,0.2641522884368896,-0.0123355025425553,-0.0030229575932025,-0.9643973112106324,19.276
1785956110302,0.2641522884368896,-0.0123355025425553,-0.0030229575932025,-0.9643973112106324,19.286
1785956110313,0.2641522884368896,-0.0123355025425553,-0.0030229575932025,-0.9643973112106324,19.297
1785956110321,0.2641522884368896,-0.0123355025425553,-0.0030229575932025,-0.9643973112106324,19.305
1785956110332,0.2641522884368896,-0.0123355025425553,-0.0030229575932025,-0.9643973112106324,19.316
1785956110342,0.2641522884368896,-0.0123355025425553,-0.0030229575932025,-0.9643973112106324,19.326
1785956110352,0.2641522884368896,-0.0123355025425553,-0.0030229575932025,-0.9643973112106324,19.336
1785956110361,0.2641514539718628,-0.012353578582406,-0.0029569633770734,-0.9643974900245668,19.345
1785956110371,0.2641507983207702,-0.0123676490038633,-0.0029055916238576,-0.964397668838501,19.355
1785956110381,0.2641507983207702,-0.0123676490038633,-0.0029055916238576,-0.964397668838501,19.365
1785956110392,0.2641507983207702,-0.0123676490038633,-0.0029055916238576,-0.964397668838501,19.376
1785956110402,0.2641507983207702,-0.0123676490038633,-0.0029055916238576,-0.964397668838501,19.386
1785956110411,0.2641507983207702,-0.0123676490038633,-0.0029055916238576,-0.964397668838501,19.395
1785956110421,0.2641507983207702,-0.0123676490038633,-0.0029055916238576,-0.964397668838501,19.405
1785956110431,0.264151781797409,-0.0123467938974499,-0.0029817321337759,-0.964397430419922,19.415
1785956110441,0.264151781797409,-0.0123467938974499,-0.0029817321337759,-0.964397430419922,19.425
1785956110452,0.264151781797409,-0.0123467938974499,-0.0029817321337759,-0.964397430419922,19.436
1785956110461,0.264151781797409,-0.0123467938974499,-0.0029817321337759,-0.964397430419922,19.445
1785956110471,0.264151781797409,-0.0123467938974499,-0.0029817321337759,-0.964397430419922,19.455
1785956110481,0.264151781797409,-0.0123467938974499,-0.0029817321337759,-0.964397430419922,19.465
1785956110491,0.264151781797409,-0.0123467938974499,-0.0029817321337759,-0.964397430419922,19.475
1785956110500,0.264151781797409,-0.0123467938974499,-0.0029817321337759,-0.964397430419922,19.484
1785956110510,0.264151781797409,-0.0123467938974499,-0.0029817321337759,-0.964397430419922,19.494
1785956110521,0.264151781797409,-0.0123467938974499,-0.0029817321337759,-0.964397430419922,19.505
1785956110531,0.264151781797409,-0.0123467938974499,-0.0029817321337759,-0.964397430419922,19.515
1785956110541,0.264151781797409,-0.0123467938974499,-0.0029817321337759,-0.964397430419922,19.525
1785956110550,0.264151781797409,-0.0123467938974499,-0.0029817321337759,-0.964397430419922,19.534
1785956110560,0.2641524374485016,-0.0123328911140561,-0.0030324915423989,-0.9643972516059875,19.544
1785956110570,0.2641524374485016,-0.0123328911140561,-0.0030324915423989,-0.9643972516059875,19.554
1785956110581,0.2641524374485016,-0.0123328911140561,-0.0030324915423989,-0.9643972516059875,19.565
1785956110589,0.2641524374485016,-0.0123328911140561,-0.0030324915423989,-0.9643972516059875,19.573
1785956110600,0.2641524374485016,-0.0123328911140561,-0.0030324915423989,-0.9643972516059875,19.584
1785956110610,0.2641524374485016,-0.0123328911140561,-0.0030324915423989,-0.9643972516059875,19.594
1785956110620,0.2641524374485016,-0.0123328911140561,-0.0030324915423989,-0.9643972516059875,19.604
1785956110629,0.2641524374485016,-0.0123328911140561,-0.0030324915423989,-0.9643972516059875,19.613
1785956110639,0.2641524374485016,-0.0123328911140561,-0.0030324915423989,-0.9643972516059875,19.623
1785956110649,0.2641524374485016,-0.0123328911140561,-0.0030324915423989,-0.9643972516059875,19.633
1785956110660,0.2641524374485016,-0.0123328911140561,-0.0030324915423989,-0.9643972516059875,19.644
1785956110670,0.2641524374485016,-0.0123328911140561,-0.0030324915423989,-0.9643972516059875,19.654
1785956110679,0.2641524374485016,-0.0123328911140561,-0.0030324915423989,-0.9643972516059875,19.663
1785956110689,0.2641524374485016,-0.0123328911140561,-0.0030324915423989,-0.9643972516059875,19.673
1785956110699,0.2641524374485016,-0.0123328911140561,-0.0030324915423989,-0.9643972516059875,19.683
1785956110710,0.2641524374485016,-0.0123328911140561,-0.0030324915423989,-0.9643972516059875,19.694
1785956110718,0.2641524374485016,-0.0123328911140561,-0.0030324915423989,-0.9643972516059875,19.702
1785956110729,0.2641524374485016,-0.0123328911140561,-0.0030324915423989,-0.9643972516059875,19.713
1785956110739,0.2641524374485016,-0.0123328911140561,-0.0030324915423989,-0.9643972516059875,19.723
1785956110749,0.2641524374485016,-0.0123328911140561,-0.0030324915423989,-0.9643972516059875,19.733
1785956110759,0.2641524374485016,-0.0123328911140561,-0.0030324915423989,-0.9643972516059875,19.743
1785956110768,0.2641524374485016,-0.0123328911140561,-0.0030324915423989,-0.9643972516059875,19.752
1785956110778,0.2641524374485016,-0.0123328911140561,-0.0030324915423989,-0.9643972516059875,19.762
1785956110789,0.2641524374485016,-0.0123328911140561,-0.0030324915423989,-0.9643972516059875,19.773
1785956110799,0.2641524374485016,-0.0123328911140561,-0.0030324915423989,-0.9643972516059875,19.783
1785956110808,0.2641524374485016,-0.0123328911140561,-0.0030324915423989,-0.9643972516059875,19.792
1785956110818,0.2641524374485016,-0.0123328911140561,-0.0030324915423989,-0.9643972516059875,19.802
1785956110828,0.2641524374485016,-0.0123328911140561,-0.0030324915423989,-0.9643972516059875,19.812
1785956110838,0.2641524374485016,-0.0123328911140561,-0.0030324915423989,-0.9643972516059875,19.822
1785956110847,0.2641524374485016,-0.0123328911140561,-0.0030324915423989,-0.9643972516059875,19.831
1785956110857,0.2641524374485016,-0.0123328911140561,-0.0030324915423989,-0.9643972516059875,19.841
1785956110868,0.2641524374485016,-0.0123328911140561,-0.0030324915423989,-0.9643972516059875,19.852
1785956110878,0.2641524374485016,-0.0123328911140561,-0.0030324915423989,-0.9643972516059875,19.862
1785956110888,0.2641524374485016,-0.0123328911140561,-0.0030324915423989,-0.9643972516059875,19.872
1785956110897,0.2641524374485016,-0.0123328911140561,-0.0030324915423989,-0.9643972516059875,19.881
1785956110907,0.2641524374485016,-0.0123328911140561,-0.0030324915423989,-0.9643972516059875,19.891
1785956110918,0.2641524374485016,-0.0123328911140561,-0.0030324915423989,-0.9643972516059875,19.902
1785956110928,0.2641524374485016,-0.0123328911140561,-0.0030324915423989,-0.9643972516059875,19.912
1785956110937,0.2641524374485016,-0.0123328911140561,-0.0030324915423989,-0.9643972516059875,19.921
1785956110947,0.2641524374485016,-0.0123328911140561,-0.0030324915423989,-0.9643972516059875,19.931
1785956110957,0.2641524374485016,-0.0123328911140561,-0.0030324915423989,-0.9643972516059875,19.941
1785956110967,0.2641524374485016,-0.0123328911140561,-0.0030324915423989,-0.9643972516059875,19.951
1785956110978,0.2641524374485016,-0.0123328911140561,-0.0030324915423989,-0.9643972516059875,19.962
1785956110986,0.2641524374485016,-0.0123328911140561,-0.0030324915423989,-0.9643972516059875,19.97
1785956110997,0.2641524374485016,-0.0123328911140561,-0.0030324915423989,-0.9643972516059875,19.981
1785956111007,0.2641524374485016,-0.0123328911140561,-0.0030324915423989,-0.9643972516059875,19.991
1785956111017,0.2641524374485016,-0.0123328911140561,-0.0030324915423989,-0.9643972516059875,20.001
1785956111026,0.2641524374485016,-0.0123328911140561,-0.0030324915423989,-0.9643972516059875,20.01
1785956111036,0.2641524374485016,-0.0123328911140561,-0.0030324915423989,-0.9643972516059875,20.02
1785956111046,0.2641524374485016,-0.0123328911140561,-0.0030324915423989,-0.9643972516059875,20.03
1785956111057,0.2641524374485016,-0.0123328911140561,-0.0030324915423989,-0.9643972516059875,20.041
1785956111067,0.2641524374485016,-0.0123328911140561,-0.0030324915423989,-0.9643972516059875,20.051
1785956111076,0.2641524374485016,-0.0123328911140561,-0.0030324915423989,-0.9643972516059875,20.06
1785956111086,0.2641524374485016,-0.0123328911140561,-0.0030324915423989,-0.9643972516059875,20.07
1785956111096,0.2641524374485016,-0.0123328911140561,-0.0030324915423989,-0.9643972516059875,20.08
1785956111106,0.2641524374485016,-0.0123328911140561,-0.0030324915423989,-0.9643972516059875,20.09
1785956111115,0.2641524374485016,-0.0123328911140561,-0.0030324915423989,-0.9643972516059875,20.099
1785956111126,0.2641524374485016,-0.0123328911140561,-0.0030324915423989,-0.9643972516059875,20.11
1785956111136,0.2641524374485016,-0.0123328911140561,-0.0030324915423989,-0.9643972516059875,20.12
1785956111146,0.2641524374485016,-0.0123328911140561,-0.0030324915423989,-0.9643972516059875,20.13
1785956111156,0.2641524374485016,-0.0123328911140561,-0.0030324915423989,-0.9643972516059875,20.14
1785956111165,0.2641524374485016,-0.0123328911140561,-0.0030324915423989,-0.9643972516059875,20.149
1785956111175,0.2641524374485016,-0.0123328911140561,-0.0030324915423989,-0.9643972516059875,20.159
1785956111186,0.2641524374485016,-0.0123328911140561,-0.0030324915423989,-0.9643972516059875,20.17
1785956111196,0.2641524374485016,-0.0123328911140561,-0.0030324915423989,-0.9643972516059875,20.18
1785956111205,0.2641524374485016,-0.0123328911140561,-0.0030324915423989,-0.9643972516059875,20.189
1785956111215,0.2641524374485016,-0.0123328911140561,-0.0030324915423989,-0.9643972516059875,20.199
1785956111225,0.2641524374485016,-0.0123328911140561,-0.0030324915423989,-0.9643972516059875,20.209
1785956111235,0.2641524374485016,-0.0123328911140561,-0.0030324915423989,-0.9643972516059875,20.219
1785956111246,0.2641524374485016,-0.0123328911140561,-0.0030324915423989,-0.9643972516059875,20.23
1785956111254,0.2641524374485016,-0.0123328911140561,-0.0030324915423989,-0.9643972516059875,20.238
1785956111265,0.2641524374485016,-0.0123328911140561,-0.0030324915423989,-0.9643972516059875,20.249
1785956111275,0.2641524374485016,-0.0123328911140561,-0.0030324915423989,-0.9643972516059875,20.259
1785956111285,0.2641524374485016,-0.0123328911140561,-0.0030324915423989,-0.9643972516059875,20.269
1785956111294,0.2641524374485016,-0.0123328911140561,-0.0030324915423989,-0.9643972516059875,20.278
1785956111304,0.2641524374485016,-0.0123328911140561,-0.0030324915423989,-0.9643972516059875,20.288
1785956111315,0.2641524374485016,-0.0123328911140561,-0.0030324915423989,-0.9643972516059875,20.299
1785956111325,0.2641524374485016,-0.0123328911140561,-0.0030324915423989,-0.9643972516059875,20.309
1785956111335,0.2641524374485016,-0.0123328911140561,-0.0030324915423989,-0.9643972516059875,20.319
1785956111344,0.2641524374485016,-0.0123328911140561,-0.0030324915423989,-0.9643972516059875,20.328
1785956111354,0.2641524374485016,-0.0123328911140561,-0.0030324915423989,-0.9643972516059875,20.338
1785956111364,0.2641524374485016,-0.0123328911140561,-0.0030324915423989,-0.9643972516059875,20.348
1785956111375,0.2641524374485016,-0.0123328911140561,-0.0030324915423989,-0.9643972516059875,20.359
1785956111383,0.2641524374485016,-0.0123328911140561,-0.0030324915423989,-0.9643972516059875,20.367
1785956111394,0.2641524374485016,-0.0123328911140561,-0.0030324915423989,-0.9643972516059875,20.378
1785956111404,0.2641524374485016,-0.0123328911140561,-0.0030324915423989,-0.9643972516059875,20.388
1785956111414,0.2641524374485016,-0.0123328911140561,-0.0030324915423989,-0.9643972516059875,20.398
1785956111423,0.2641524374485016,-0.0123328911140561,-0.0030324915423989,-0.9643972516059875,20.407
1785956111433,0.2641524374485016,-0.0123328911140561,-0.0030324915423989,-0.9643972516059875,20.417
1785956111443,0.2641524374485016,-0.0123328911140561,-0.0030324915423989,-0.9643972516059875,20.427
1785956111454,0.2641524374485016,-0.0123328911140561,-0.0030324915423989,-0.9643972516059875,20.438
1785956111464,0.2641524374485016,-0.0123328911140561,-0.0030324915423989,-0.9643972516059875,20.448
1785956111473,0.2641524374485016,-0.0123328911140561,-0.0030324915423989,-0.9643972516059875,20.457
1785956111483,0.2641524374485016,-0.0123328911140561,-0.0030324915423989,-0.9643972516059875,20.467
1785956111493,0.2641524374485016,-0.0123328911140561,-0.0030324915423989,-0.9643972516059875,20.477
1785956111503,0.2641524374485016,-0.0123328911140561,-0.0030324915423989,-0.9643972516059875,20.487
1785956111512,0.2641524374485016,-0.0123328911140561,-0.0030324915423989,-0.9643972516059875,20.496
1785956111523,0.2641524374485016,-0.0123328911140561,-0.0030324915423989,-0.9643972516059875,20.507
1785956111533,0.2641524374485016,-0.0123328911140561,-0.0030324915423989,-0.9643972516059875,20.517
1785956111543,0.2641524374485016,-0.0123328911140561,-0.0030324915423989,-0.9643972516059875,20.527
1785956111553,0.2641524374485016,-0.0123328911140561,-0.0030324915423989,-0.9643972516059875,20.537
1785956111562,0.2641524374485016,-0.0123328911140561,-0.0030324915423989,-0.9643972516059875,20.546
1785956111572,0.2641524374485016,-0.0123328911140561,-0.0030324915423989,-0.9643972516059875,20.556
1785956111583,0.2641524374485016,-0.0123328911140561,-0.0030324915423989,-0.9643972516059875,20.567
1785956111593,0.2641524374485016,-0.0123328911140561,-0.0030324915423989,-0.9643972516059875,20.577
1785956111602,0.2641524374485016,-0.0123328911140561,-0.0030324915423989,-0.9643972516059875,20.586
1785956111612,0.2641524374485016,-0.0123328911140561,-0.0030324915423989,-0.9643972516059875,20.596
1785956111622,0.2641524374485016,-0.0123328911140561,-0.0030324915423989,-0.9643972516059875,20.606
1785956111632,0.2641517221927643,-0.012348186224699,-0.0029766496736556,-0.964397430419922,20.616
1785956111643,0.2641517221927643,-0.012348186224699,-0.0029766496736556,-0.964397430419922,20.627
1785956111651,0.2641517221927643,-0.012348186224699,-0.0029766496736556,-0.964397430419922,20.635
1785956111662,0.2641517221927643,-0.012348186224699,-0.0029766496736556,-0.964397430419922,20.646
1785956111672,0.2641517221927643,-0.012348186224699,-0.0029766496736556,-0.964397430419922,20.656
1785956111682,0.2641517221927643,-0.012348186224699,-0.0029766496736556,-0.964397430419922,20.666
1785956111692,0.2641517221927643,-0.012348186224699,-0.0029766496736556,-0.964397430419922,20.676
1785956111701,0.2641517221927643,-0.012348186224699,-0.0029766496736556,-0.964397430419922,20.685
1785956111711,0.2641517221927643,-0.012348186224699,-0.0029766496736556,-0.964397430419922,20.695
1785956111722,0.2641517221927643,-0.012348186224699,-0.0029766496736556,-0.964397430419922,20.706
1785956111732,0.2641517221927643,-0.012348186224699,-0.0029766496736556,-0.964397430419922,20.716
1785956111741,0.2641517221927643,-0.012348186224699,-0.0029766496736556,-0.964397430419922,20.725
1785956111751,0.2641517221927643,-0.012348186224699,-0.0029766496736556,-0.964397430419922,20.735
1785956111761,0.2641517221927643,-0.012348186224699,-0.0029766496736556,-0.964397430419922,20.745
1785956111772,0.2641517221927643,-0.012348186224699,-0.0029766496736556,-0.964397430419922,20.756
1785956111780,0.2641517221927643,-0.012348186224699,-0.0029766496736556,-0.964397430419922,20.764
1785956111791,0.2641517221927643,-0.012348186224699,-0.0029766496736556,-0.964397430419922,20.775
1785956111801,0.2641517221927643,-0.012348186224699,-0.0029766496736556,-0.964397430419922,20.785
1785956111811,0.2641517221927643,-0.012348186224699,-0.0029766496736556,-0.964397430419922,20.795
1785956111821,0.2641517221927643,-0.012348186224699,-0.0029766496736556,-0.964397430419922,20.805
1785956111830,0.2641517221927643,-0.012348186224699,-0.0029766496736556,-0.964397430419922,20.814
1785956111840,0.2641517221927643,-0.012348186224699,-0.0029766496736556,-0.964397430419922,20.824
1785956111851,0.2641517221927643,-0.012348186224699,-0.0029766496736556,-0.964397430419922,20.835
1785956111861,0.2641517221927643,-0.012348186224699,-0.0029766496736556,-0.964397430419922,20.845
1785956111870,0.2641517221927643,-0.012348186224699,-0.0029766496736556,-0.964397430419922,20.854
1785956111880,0.2641517221927643,-0.012348186224699,-0.0029766496736556,-0.964397430419922,20.864
1785956111890,0.2641517221927643,-0.012348186224699,-0.0029766496736556,-0.964397430419922,20.874
1785956111900,0.2641517221927643,-0.012348186224699,-0.0029766496736556,-0.964397430419922,20.884
1785956111911,0.2641517221927643,-0.012348186224699,-0.0029766496736556,-0.964397430419922,20.895
1785956111919,0.2641517221927643,-0.012348186224699,-0.0029766496736556,-0.964397430419922,20.903
1785956111930,0.2641517221927643,-0.012348186224699,-0.0029766496736556,-0.964397430419922,20.914
1785956111940,0.2641517221927643,-0.012348186224699,-0.0029766496736556,-0.964397430419922,20.924
1785956111950,0.2641517221927643,-0.012348186224699,-0.0029766496736556,-0.964397430419922,20.934
1785956111959,0.2641517221927643,-0.012348186224699,-0.0029766496736556,-0.964397430419922,20.943
1785956111969,0.2641517221927643,-0.012348186224699,-0.0029766496736556,-0.964397430419922,20.953
1785956111980,0.2641517221927643,-0.012348186224699,-0.0029766496736556,-0.964397430419922,20.964
1785956111990,0.2641517221927643,-0.012348186224699,-0.0029766496736556,-0.964397430419922,20.974
1785956111999,0.2641517221927643,-0.012348186224699,-0.0029766496736556,-0.964397430419922,20.983
1785956112009,0.2641517221927643,-0.012348186224699,-0.0029766496736556,-0.964397430419922,20.993
1785956112019,0.2641517221927643,-0.012348186224699,-0.0029766496736556,-0.964397430419922,21.003
1785956112029,0.2641517221927643,-0.012348186224699,-0.0029766496736556,-0.964397430419922,21.013
1785956112040,0.2641517221927643,-0.012348186224699,-0.0029766496736556,-0.964397430419922,21.024
1785956112048,0.2641517221927643,-0.012348186224699,-0.0029766496736556,-0.964397430419922,21.032
1785956112059,0.2641517221927643,-0.012348186224699,-0.0029766496736556,-0.964397430419922,21.043
1785956112069,0.2641517221927643,-0.012348186224699,-0.0029766496736556,-0.964397430419922,21.053
1785956112079,0.2641517221927643,-0.012348186224699,-0.0029766496736556,-0.964397430419922,21.063
1785956112088,0.2641517221927643,-0.012348186224699,-0.0029766496736556,-0.964397430419922,21.072
1785956112098,0.2641517221927643,-0.012348186224699,-0.0029766496736556,-0.964397430419922,21.082
1785956112108,0.2641517221927643,-0.012348186224699,-0.0029766496736556,-0.964397430419922,21.092
1785956112119,0.2641517221927643,-0.012348186224699,-0.0029766496736556,-0.964397430419922,21.103
1785956112129,0.2641517221927643,-0.012348186224699,-0.0029766496736556,-0.964397430419922,21.113
1785956112138,0.2641517221927643,-0.012348186224699,-0.0029766496736556,-0.964397430419922,21.122
1785956112148,0.2641517221927643,-0.012348186224699,-0.0029766496736556,-0.964397430419922,21.132
1785956112158,0.2641517221927643,-0.012348186224699,-0.0029766496736556,-0.964397430419922,21.142
1785956112169,0.2641517221927643,-0.012348186224699,-0.0029766496736556,-0.964397430419922,21.153
1785956112179,0.2641517221927643,-0.012348186224699,-0.0029766496736556,-0.964397430419922,21.163
1785956112188,0.2641517221927643,-0.012348186224699,-0.0029766496736556,-0.964397430419922,21.172
1785956112198,0.2641517221927643,-0.012348186224699,-0.0029766496736556,-0.964397430419922,21.182
1785956112208,0.2641517221927643,-0.012348186224699,-0.0029766496736556,-0.964397430419922,21.192
1785956112218,0.2641517221927643,-0.012348186224699,-0.0029766496736556,-0.964397430419922,21.202
1785956112227,0.2641517221927643,-0.012348186224699,-0.0029766496736556,-0.964397430419922,21.211
1785956112237,0.2641517221927643,-0.012348186224699,-0.0029766496736556,-0.964397430419922,21.221
1785956112248,0.2641517221927643,-0.012348186224699,-0.0029766496736556,-0.964397430419922,21.232
1785956112258,0.2641517221927643,-0.012348186224699,-0.0029766496736556,-0.964397430419922,21.242
1785956112268,0.2641517221927643,-0.012348186224699,-0.0029766496736556,-0.964397430419922,21.252
1785956112277,0.2641517221927643,-0.012348186224699,-0.0029766496736556,-0.964397430419922,21.261
1785956112287,0.2641517221927643,-0.012348186224699,-0.0029766496736556,-0.964397430419922,21.271
1785956112297,0.2641517221927643,-0.012348186224699,-0.0029766496736556,-0.964397430419922,21.281
1785956112308,0.2641517221927643,-0.012348186224699,-0.0029766496736556,-0.964397430419922,21.292
1785956112316,0.2641517221927643,-0.012348186224699,-0.0029766496736556,-0.964397430419922,21.3
1785956112327,0.2641517221927643,-0.012348186224699,-0.0029766496736556,-0.964397430419922,21.311
1785956112337,0.2641517221927643,-0.012348186224699,-0.0029766496736556,-0.964397430419922,21.321
1785956112347,0.2641517221927643,-0.012348186224699,-0.0029766496736556,-0.964397430419922,21.331
1785956112356,0.2641517221927643,-0.012348186224699,-0.0029766496736556,-0.964397430419922,21.34
1785956112366,0.2641517221927643,-0.012348186224699,-0.0029766496736556,-0.964397430419922,21.35
1785956112377,0.2641517221927643,-0.012348186224699,-0.0029766496736556,-0.964397430419922,21.361
1785956112387,0.2641517221927643,-0.012348186224699,-0.0029766496736556,-0.964397430419922,21.371
1785956112397,0.2641517221927643,-0.012348186224699,-0.0029766496736556,-0.964397430419922,21.381
1785956112406,0.2641517221927643,-0.012348186224699,-0.0029766496736556,-0.964397430419922,21.39
1785956112416,0.2641517221927643,-0.012348186224699,-0.0029766496736556,-0.964397430419922,21.4
1785956112426,0.2641517221927643,-0.012348186224699,-0.0029766496736556,-0.964397430419922,21.41
1785956112437,0.2641517221927643,-0.012348186224699,-0.0029766496736556,-0.964397430419922,21.421
1785956112445,0.2641517221927643,-0.012348186224699,-0.0029766496736556,-0.964397430419922,21.429
1785956112456,0.2641517221927643,-0.012348186224699,-0.0029766496736556,-0.964397430419922,21.44
1785956112466,0.2641517221927643,-0.012348186224699,-0.0029766496736556,-0.964397430419922,21.45
1785956112476,0.2641517221927643,-0.012348186224699,-0.0029766496736556,-0.964397430419922,21.46
1785956112486,0.2641517221927643,-0.012348186224699,-0.0029766496736556,-0.964397430419922,21.47
1785956112495,0.2641517221927643,-0.012348186224699,-0.0029766496736556,-0.964397430419922,21.479
1785956112505,0.2641517221927643,-0.012348186224699,-0.0029766496736556,-0.964397430419922,21.489
1785956112516,0.2641517221927643,-0.012348186224699,-0.0029766496736556,-0.964397430419922,21.5
1785956112526,0.2641517221927643,-0.012348186224699,-0.0029766496736556,-0.964397430419922,21.51
1785956112535,0.2641517221927643,-0.012348186224699,-0.0029766496736556,-0.964397430419922,21.519
1785956112545,0.2641517221927643,-0.012348186224699,-0.0029766496736556,-0.964397430419922,21.529
1785956112555,0.2641517221927643,-0.012348186224699,-0.0029766496736556,-0.964397430419922,21.539
1785956112565,0.2641517221927643,-0.012348186224699,-0.0029766496736556,-0.964397430419922,21.549
1785956112574,0.2641517221927643,-0.012348186224699,-0.0029766496736556,-0.964397430419922,21.558
1785956112585,0.2641517221927643,-0.012348186224699,-0.0029766496736556,-0.964397430419922,21.569
1785956112595,0.2641517221927643,-0.012348186224699,-0.0029766496736556,-0.964397430419922,21.579
1785956112605,0.2641517221927643,-0.012348186224699,-0.0029766496736556,-0.964397430419922,21.589
1785956112615,0.2641517221927643,-0.012348186224699,-0.0029766496736556,-0.964397430419922,21.599
1785956112624,0.2641517221927643,-0.012348186224699,-0.0029766496736556,-0.964397430419922,21.608
1785956112634,0.2641517221927643,-0.012348186224699,-0.0029766496736556,-0.964397430419922,21.618
1785956112645,0.2641517221927643,-0.012348186224699,-0.0029766496736556,-0.964397430419922,21.629
1785956112655,0.2641517221927643,-0.012348186224699,-0.0029766496736556,-0.964397430419922,21.639
1785956112664,0.2641517221927643,-0.012348186224699,-0.0029766496736556,-0.964397430419922,21.648
1785956112674,0.2641517221927643,-0.012348186224699,-0.0029766496736556,-0.964397430419922,21.658
1785956112684,0.2641517221927643,-0.012348186224699,-0.0029766496736556,-0.964397430419922,21.668
1785956112694,0.2641517221927643,-0.012348186224699,-0.0029766496736556,-0.964397430419922,21.678
1785956112705,0.2641517221927643,-0.012348186224699,-0.0029766496736556,-0.964397430419922,21.689
1785956112713,0.2641517221927643,-0.012348186224699,-0.0029766496736556,-0.964397430419922,21.697
1785956112724,0.2641517221927643,-0.012348186224699,-0.0029766496736556,-0.964397430419922,21.708
1785956112734,0.2641517221927643,-0.012348186224699,-0.0029766496736556,-0.964397430419922,21.718
1785956112744,0.2641517221927643,-0.012348186224699,-0.0029766496736556,-0.964397430419922,21.728
1785956112754,0.2641517221927643,-0.012348186224699,-0.0029766496736556,-0.964397430419922,21.738
1785956112763,0.2641517221927643,-0.012348186224699,-0.0029766496736556,-0.964397430419922,21.747
1785956112773,0.2641517221927643,-0.012348186224699,-0.0029766496736556,-0.964397430419922,21.757
1785956112784,0.2641517221927643,-0.012348186224699,-0.0029766496736556,-0.964397430419922,21.768
1785956112794,0.2641517221927643,-0.012348186224699,-0.0029766496736556,-0.964397430419922,21.778
1785956112803,0.2641517221927643,-0.012348186224699,-0.0029766496736556,-0.964397430419922,21.787
1785956112813,0.2641517221927643,-0.012348186224699,-0.0029766496736556,-0.964397430419922,21.797
1785956112823,0.2641517221927643,-0.012348186224699,-0.0029766496736556,-0.964397430419922,21.807
1785956112834,0.2641517221927643,-0.012348186224699,-0.0029766496736556,-0.964397430419922,21.818
1785956112842,0.2641517221927643,-0.012348186224699,-0.0029766496736556,-0.964397430419922,21.826
1785956112853,0.2641517221927643,-0.012348186224699,-0.0029766496736556,-0.964397430419922,21.837
1785956112863,0.2641517221927643,-0.012348186224699,-0.0029766496736556,-0.964397430419922,21.847
1785956112873,0.2641517221927643,-0.012348186224699,-0.0029766496736556,-0.964397430419922,21.857
1785956112883,0.2641517221927643,-0.012348186224699,-0.0029766496736556,-0.964397430419922,21.867
1785956112892,0.2641517221927643,-0.012348186224699,-0.0029766496736556,-0.964397430419922,21.876
1785956112902,0.2641517221927643,-0.012348186224699,-0.0029766496736556,-0.964397430419922,21.886
1785956112913,0.2641517221927643,-0.012348186224699,-0.0029766496736556,-0.964397430419922,21.897
1785956112923,0.2641517221927643,-0.012348186224699,-0.0029766496736556,-0.964397430419922,21.907
1785956112932,0.2641517221927643,-0.012348186224699,-0.0029766496736556,-0.964397430419922,21.916
1785956112942,0.2641517221927643,-0.012348186224699,-0.0029766496736556,-0.964397430419922,21.926
1785956112952,0.2641517221927643,-0.012348186224699,-0.0029766496736556,-0.964397430419922,21.936
1785956112962,0.2641517221927643,-0.012348186224699,-0.0029766496736556,-0.964397430419922,21.946
1785956112973,0.2641517221927643,-0.012348186224699,-0.0029766496736556,-0.964397430419922,21.957
1785956112981,0.2641517221927643,-0.012348186224699,-0.0029766496736556,-0.964397430419922,21.965
1785956112992,0.2641517221927643,-0.012348186224699,-0.0029766496736556,-0.964397430419922,21.976
1785956113002,0.2641517221927643,-0.012348186224699,-0.0029766496736556,-0.964397430419922,21.986
1785956113012,0.2641517221927643,-0.012348186224699,-0.0029766496736556,-0.964397430419922,21.996
1785956113021,0.2641517221927643,-0.012348186224699,-0.0029766496736556,-0.964397430419922,22.005
1785956113031,0.2641517221927643,-0.012348186224699,-0.0029766496736556,-0.964397430419922,22.015
1785956113042,0.2641517221927643,-0.012348186224699,-0.0029766496736556,-0.964397430419922,22.026
1785956113052,0.2641517221927643,-0.012348186224699,-0.0029766496736556,-0.964397430419922,22.036
1785956113061,0.2641517221927643,-0.012348186224699,-0.0029766496736556,-0.964397430419922,22.045
1785956113071,0.2641517221927643,-0.012348186224699,-0.0029766496736556,-0.964397430419922,22.055
1785956113081,0.2641517221927643,-0.012348186224699,-0.0029766496736556,-0.964397430419922,22.065
1785956113091,0.2641517221927643,-0.012348186224699,-0.0029766496736556,-0.964397430419922,22.075
1785956113102,0.2641517221927643,-0.012348186224699,-0.0029766496736556,-0.964397430419922,22.086
1785956113110,0.2641517221927643,-0.012348186224699,-0.0029766496736556,-0.964397430419922,22.094
1785956113121,0.2641517221927643,-0.012348186224699,-0.0029766496736556,-0.964397430419922,22.105
1785956113131,0.2641517221927643,-0.012348186224699,-0.0029766496736556,-0.964397430419922,22.115
1785956113141,0.2641517221927643,-0.012348186224699,-0.0029766496736556,-0.964397430419922,22.125
1785956113151,0.2641517221927643,-0.012348186224699,-0.0029766496736556,-0.964397430419922,22.135
1785956113160,0.2641517221927643,-0.012348186224699,-0.0029766496736556,-0.964397430419922,22.144
1785956113170,0.2641517221927643,-0.012348186224699,-0.0029766496736556,-0.964397430419922,22.154
1785956113181,0.2641517221927643,-0.012348186224699,-0.0029766496736556,-0.964397430419922,22.165
1785956113191,0.2641517221927643,-0.012348186224699,-0.0029766496736556,-0.964397430419922,22.175
1785956113200,0.2641517221927643,-0.012348186224699,-0.0029766496736556,-0.964397430419922,22.184
1785956113210,0.2641517221927643,-0.012348186224699,-0.0029766496736556,-0.964397430419922,22.194
1785956113220,0.2641517221927643,-0.012348186224699,-0.0029766496736556,-0.964397430419922,22.204
1785956113231,0.2641517221927643,-0.012348186224699,-0.0029766496736556,-0.964397430419922,22.215
1785956113241,0.2641517221927643,-0.012348186224699,-0.0029766496736556,-0.964397430419922,22.225
1785956113250,0.2641517221927643,-0.012348186224699,-0.0029766496736556,-0.964397430419922,22.234
1785956113260,0.2641517221927643,-0.012348186224699,-0.0029766496736556,-0.964397430419922,22.244
1785956113270,0.2641517221927643,-0.012348186224699,-0.0029766496736556,-0.964397430419922,22.254
1785956113280,0.2641517221927643,-0.012348186224699,-0.0029766496736556,-0.964397430419922,22.264
1785956113289,0.2641517221927643,-0.012348186224699,-0.0029766496736556,-0.964397430419922,22.273
1785956113299,0.2641517221927643,-0.012348186224699,-0.0029766496736556,-0.964397430419922,22.283
1785956113310,0.2641517221927643,-0.012348186224699,-0.0029766496736556,-0.964397430419922,22.294
1785956113320,0.2641517221927643,-0.012348186224699,-0.0029766496736556,-0.964397430419922,22.304
1785956113329,0.2641517221927643,-0.012348186224699,-0.0029766496736556,-0.964397430419922,22.313
1785956113339,0.2641517221927643,-0.012348186224699,-0.0029766496736556,-0.964397430419922,22.323
1785956113349,0.2641517221927643,-0.012348186224699,-0.0029766496736556,-0.964397430419922,22.333
1785956113359,0.2641517221927643,-0.012348186224699,-0.0029766496736556,-0.964397430419922,22.343
1785956113370,0.2641517221927643,-0.012348186224699,-0.0029766496736556,-0.964397430419922,22.354
1785956113378,0.2641517221927643,-0.012348186224699,-0.0029766496736556,-0.964397430419922,22.362
1785956113389,0.2641517221927643,-0.012348186224699,-0.0029766496736556,-0.964397430419922,22.373
1785956113399,0.2641517221927643,-0.012348186224699,-0.0029766496736556,-0.964397430419922,22.383
1785956113409,0.2641517221927643,-0.012348186224699,-0.0029766496736556,-0.964397430419922,22.393
1785956113418,0.2641517221927643,-0.012348186224699,-0.0029766496736556,-0.964397430419922,22.402
1785956113428,0.2641517221927643,-0.012348186224699,-0.0029766496736556,-0.964397430419922,22.412
1785956113439,0.2641517221927643,-0.012348186224699,-0.0029766496736556,-0.964397430419922,22.423
1785956113449,0.2641517221927643,-0.012348186224699,-0.0029766496736556,-0.964397430419922,22.433
1785956113459,0.2641517221927643,-0.012348186224699,-0.0029766496736556,-0.964397430419922,22.443
1785956113468,0.2641517221927643,-0.012348186224699,-0.0029766496736556,-0.964397430419922,22.452
1785956113478,0.2641517221927643,-0.012348186224699,-0.0029766496736556,-0.964397430419922,22.462
1785956113488,0.2641510665416717,-0.0123622566461563,-0.0029252779204398,-0.9643976092338562,22.472
1785956113499,0.2641510665416717,-0.0123622566461563,-0.0029252779204398,-0.9643976092338562,22.483
1785956113507,0.2641510665416717,-0.0123622566461563,-0.0029252779204398,-0.9643976092338562,22.491
1785956113518,0.2641510665416717,-0.0123622566461563,-0.0029252779204398,-0.9643976092338562,22.502
1785956113528,0.2641510665416717,-0.0123622566461563,-0.0029252779204398,-0.9643976092338562,22.512
1785956113538,0.2641510665416717,-0.0123622566461563,-0.0029252779204398,-0.9643976092338562,22.522
1785956113548,0.2641510665416717,-0.0123622566461563,-0.0029252779204398,-0.9643976092338562,22.532
1785956113557,0.2641510665416717,-0.0123622566461563,-0.0029252779204398,-0.9643976092338562,22.541
1785956113567,0.2641510665416717,-0.0123622566461563,-0.0029252779204398,-0.9643976092338562,22.551
1785956113578,0.2641510665416717,-0.0123622566461563,-0.0029252779204398,-0.9643976092338562,22.562
1785956113588,0.2641510665416717,-0.0123622566461563,-0.0029252779204398,-0.9643976092338562,22.572
1785956113597,0.2641510665416717,-0.0123622566461563,-0.0029252779204398,-0.9643976092338562,22.581
1785956113607,0.2641510665416717,-0.0123622566461563,-0.0029252779204398,-0.9643976092338562,22.591
1785956113617,0.2641510665416717,-0.0123622566461563,-0.0029252779204398,-0.9643976092338562,22.601
1785956113627,0.2641510665416717,-0.0123622566461563,-0.0029252779204398,-0.9643976092338562,22.611
1785956113638,0.2641510665416717,-0.0123622566461563,-0.0029252779204398,-0.9643976092338562,22.622
1785956113647,0.2641510665416717,-0.0123622566461563,-0.0029252779204398,-0.9643976092338562,22.631
1785956113657,0.2641510665416717,-0.0123622566461563,-0.0029252779204398,-0.9643976092338562,22.641
1785956113667,0.2641510665416717,-0.0123622566461563,-0.0029252779204398,-0.9643976092338562,22.651
1785956113677,0.2641510665416717,-0.0123622566461563,-0.0029252779204398,-0.9643976092338562,22.661
1785956113686,0.2641510665416717,-0.0123622566461563,-0.0029252779204398,-0.9643976092338562,22.67
1785956113696,0.2641510665416717,-0.0123622566461563,-0.0029252779204398,-0.9643976092338562,22.68
1785956113707,0.2641510665416717,-0.0123622566461563,-0.0029252779204398,-0.9643976092338562,22.691
1785956113717,0.2641510665416717,-0.0123622566461563,-0.0029252779204398,-0.9643976092338562,22.701
1785956113726,0.2641510665416717,-0.0123622566461563,-0.0029252779204398,-0.9643976092338562,22.71
1785956113736,0.2641510665416717,-0.0123622566461563,-0.0029252779204398,-0.9643976092338562,22.72
1785956113746,0.2641510665416717,-0.0123622566461563,-0.0029252779204398,-0.9643976092338562,22.73
1785956113756,0.2641510665416717,-0.0123622566461563,-0.0029252779204398,-0.9643976092338562,22.74
1785956113767,0.2641510665416717,-0.0123622566461563,-0.0029252779204398,-0.9643976092338562,22.751
1785956113775,0.2641510665416717,-0.0123622566461563,-0.0029252779204398,-0.9643976092338562,22.759
1785956113786,0.2641510665416717,-0.0123622566461563,-0.0029252779204398,-0.9643976092338562,22.77
1785956113796,0.2641510665416717,-0.0123622566461563,-0.0029252779204398,-0.9643976092338562,22.78
1785956113806,0.2641510665416717,-0.0123622566461563,-0.0029252779204398,-0.9643976092338562,22.79
1785956113816,0.2641510665416717,-0.0123622566461563,-0.0029252779204398,-0.9643976092338562,22.8
1785956113825,0.2641510665416717,-0.0123622566461563,-0.0029252779204398,-0.9643976092338562,22.809
1785956113836,0.2641510665416717,-0.0123622566461563,-0.0029252779204398,-0.9643976092338562,22.82
1785956113846,0.2641510665416717,-0.0123622566461563,-0.0029252779204398,-0.9643976092338562,22.83
1785956113856,0.2641510665416717,-0.0123622566461563,-0.0029252779204398,-0.9643976092338562,22.84
1785956113865,0.2641510665416717,-0.0123622566461563,-0.0029252779204398,-0.9643976092338562,22.849
1785956113875,0.2641510665416717,-0.0123622566461563,-0.0029252779204398,-0.9643976092338562,22.859
1785956113885,0.2641510665416717,-0.0123622566461563,-0.0029252779204398,-0.9643976092338562,22.869
1785956113896,0.2641510665416717,-0.0123622566461563,-0.0029252779204398,-0.9643976092338562,22.88
1785956113904,0.2641510665416717,-0.0123622566461563,-0.0029252779204398,-0.9643976092338562,22.888
1785956113915,0.2641510665416717,-0.0123622566461563,-0.0029252779204398,-0.9643976092338562,22.899
1785956113925,0.2641510665416717,-0.0123622566461563,-0.0029252779204398,-0.9643976092338562,22.909
1785956113935,0.2641510665416717,-0.0123622566461563,-0.0029252779204398,-0.9643976092338562,22.919
1785956113945,0.2641510665416717,-0.0123622566461563,-0.0029252779204398,-0.9643976092338562,22.929
1785956113954,0.2641510665416717,-0.0123622566461563,-0.0029252779204398,-0.9643976092338562,22.938
1785956113964,0.2641510665416717,-0.0123622566461563,-0.0029252779204398,-0.9643976092338562,22.948
1785956113975,0.2641510665416717,-0.0123622566461563,-0.0029252779204398,-0.9643976092338562,22.959
1785956113985,0.2641510665416717,-0.0123622566461563,-0.0029252779204398,-0.9643976092338562,22.969
1785956113994,0.2641510665416717,-0.0123622566461563,-0.0029252779204398,-0.9643976092338562,22.978
1785956114004,0.2641510665416717,-0.0123622566461563,-0.0029252779204398,-0.9643976092338562,22.988
1785956114014,0.2641510665416717,-0.0123622566461563,-0.0029252779204398,-0.9643976092338562,22.998
1785956114024,0.2641510665416717,-0.0123622566461563,-0.0029252779204398,-0.9643976092338562,23.008
1785956114035,0.2641510665416717,-0.0123622566461563,-0.0029252779204398,-0.9643976092338562,23.019
1785956114044,0.2641510665416717,-0.0123622566461563,-0.0029252779204398,-0.9643976092338562,23.028
1785956114054,0.2641510665416717,-0.0123622566461563,-0.0029252779204398,-0.9643976092338562,23.038
1785956114064,0.2641510665416717,-0.0123622566461563,-0.0029252779204398,-0.9643976092338562,23.048
1785956114074,0.2641510665416717,-0.0123622566461563,-0.0029252779204398,-0.9643976092338562,23.058
1785956114083,0.2641510665416717,-0.0123622566461563,-0.0029252779204398,-0.9643976092338562,23.067
1785956114093,0.2641510665416717,-0.0123622566461563,-0.0029252779204398,-0.9643976092338562,23.077
1785956114104,0.2641510665416717,-0.0123622566461563,-0.0029252779204398,-0.9643976092338562,23.088
1785956114114,0.2641510665416717,-0.0123622566461563,-0.0029252779204398,-0.9643976092338562,23.098
1785956114124,0.2641510665416717,-0.0123622566461563,-0.0029252779204398,-0.9643976092338562,23.108
1785956114133,0.2641510665416717,-0.0123622566461563,-0.0029252779204398,-0.9643976092338562,23.117
1785956114143,0.2641510665416717,-0.0123622566461563,-0.0029252779204398,-0.9643976092338562,23.127
1785956114153,0.2641510665416717,-0.0123622566461563,-0.0029252779204398,-0.9643976092338562,23.137
1785956114164,0.2641510665416717,-0.0123622566461563,-0.0029252779204398,-0.9643976092338562,23.148
1785956114172,0.2641510665416717,-0.0123622566461563,-0.0029252779204398,-0.9643976092338562,23.156
1785956114183,0.2641510665416717,-0.0123622566461563,-0.0029252779204398,-0.9643976092338562,23.167
1785956114193,0.2641510665416717,-0.0123622566461563,-0.0029252779204398,-0.9643976092338562,23.177
1785956114203,0.2641510665416717,-0.0123622566461563,-0.0029252779204398,-0.9643976092338562,23.187
1785956114213,0.2641510665416717,-0.0123622566461563,-0.0029252779204398,-0.9643976092338562,23.197
1785956114222,0.2641510665416717,-0.0123622566461563,-0.0029252779204398,-0.9643976092338562,23.206
1785956114232,0.2641510665416717,-0.0123622566461563,-0.0029252779204398,-0.9643976092338562,23.216
1785956114243,0.2641510665416717,-0.0123622566461563,-0.0029252779204398,-0.9643976092338562,23.227
1785956114253,0.2641510665416717,-0.0123622566461563,-0.0029252779204398,-0.9643976092338562,23.237
1785956114262,0.2641510665416717,-0.0123622566461563,-0.0029252779204398,-0.9643976092338562,23.246
1785956114272,0.2641510665416717,-0.0123622566461563,-0.0029252779204398,-0.9643976092338562,23.256
1785956114282,0.2641510665416717,-0.0123622566461563,-0.0029252779204398,-0.9643976092338562,23.266
1785956114293,0.2641510665416717,-0.0123622566461563,-0.0029252779204398,-0.9643976092338562,23.277
1785956114303,0.2641510665416717,-0.0123622566461563,-0.0029252779204398,-0.9643976092338562,23.287
1785956114312,0.2641510665416717,-0.0123622566461563,-0.0029252779204398,-0.9643976092338562,23.296
1785956114322,0.2641510665416717,-0.0123622566461563,-0.0029252779204398,-0.9643976092338562,23.306
1785956114332,0.2641510665416717,-0.0123622566461563,-0.0029252779204398,-0.9643976092338562,23.316
1785956114342,0.2641510665416717,-0.0123622566461563,-0.0029252779204398,-0.9643976092338562,23.326
1785956114351,0.2641510665416717,-0.0123622566461563,-0.0029252779204398,-0.9643976092338562,23.335
1785956114361,0.2641510665416717,-0.0123622566461563,-0.0029252779204398,-0.9643976092338562,23.345
1785956114372,0.2641510665416717,-0.0123622566461563,-0.0029252779204398,-0.9643976092338562,23.356
1785956114382,0.2641510665416717,-0.0123622566461563,-0.0029252779204398,-0.9643976092338562,23.366
1785956114391,0.2641510665416717,-0.0123622566461563,-0.0029252779204398,-0.9643976092338562,23.375
1785956114401,0.2641510665416717,-0.0123622566461563,-0.0029252779204398,-0.9643976092338562,23.385
1785956114411,0.2641510665416717,-0.0123622566461563,-0.0029252779204398,-0.9643976092338562,23.395
1785956114421,0.2641510665416717,-0.0123622566461563,-0.0029252779204398,-0.9643976092338562,23.405
1785956114432,0.2641510665416717,-0.0123622566461563,-0.0029252779204398,-0.9643976092338562,23.416
1785956114440,0.2641510665416717,-0.0123622566461563,-0.0029252779204398,-0.9643976092338562,23.424
1785956114451,0.2641510665416717,-0.0123622566461563,-0.0029252779204398,-0.9643976092338562,23.435
1785956114461,0.2641510665416717,-0.0123622566461563,-0.0029252779204398,-0.9643976092338562,23.445
1785956114471,0.2641510665416717,-0.0123622566461563,-0.0029252779204398,-0.9643976092338562,23.455
1785956114480,0.2641510665416717,-0.0123622566461563,-0.0029252779204398,-0.9643976092338562,23.464
1785956114490,0.2641510665416717,-0.0123622566461563,-0.0029252779204398,-0.9643976092338562,23.474
1785956114501,0.2641510665416717,-0.0123622566461563,-0.0029252779204398,-0.9643976092338562,23.485
1785956114511,0.2641510665416717,-0.0123622566461563,-0.0029252779204398,-0.9643976092338562,23.495
1785956114521,0.2641510665416717,-0.0123622566461563,-0.0029252779204398,-0.9643976092338562,23.505
1785956114530,0.2641510665416717,-0.0123622566461563,-0.0029252779204398,-0.9643976092338562,23.514
1785956114540,0.2641510665416717,-0.0123622566461563,-0.0029252779204398,-0.9643976092338562,23.524
1785956114550,0.2641510665416717,-0.0123622566461563,-0.0029252779204398,-0.9643976092338562,23.534
1785956114561,0.2641510665416717,-0.0123622566461563,-0.0029252779204398,-0.9643976092338562,23.545
1785956114569,0.2641510665416717,-0.0123622566461563,-0.0029252779204398,-0.9643976092338562,23.553
1785956114580,0.2641510665416717,-0.0123622566461563,-0.0029252779204398,-0.9643976092338562,23.564
1785956114590,0.2641510665416717,-0.0123622566461563,-0.0029252779204398,-0.9643976092338562,23.574
1785956114600,0.2641510665416717,-0.0123622566461563,-0.0029252779204398,-0.9643976092338562,23.584
1785956114610,0.2641510665416717,-0.0123622566461563,-0.0029252779204398,-0.9643976092338562,23.594
1785956114619,0.2641510665416717,-0.0123622566461563,-0.0029252779204398,-0.9643976092338562,23.603
1785956114629,0.2641510665416717,-0.0123622566461563,-0.0029252779204398,-0.9643976092338562,23.613
1785956114640,0.2641510665416717,-0.0123622566461563,-0.0029252779204398,-0.9643976092338562,23.624
1785956114650,0.2641510665416717,-0.0123622566461563,-0.0029252779204398,-0.9643976092338562,23.634
1785956114659,0.2641510665416717,-0.0123622566461563,-0.0029252779204398,-0.9643976092338562,23.643
1785956114669,0.2641510665416717,-0.0123622566461563,-0.0029252779204398,-0.9643976092338562,23.653
1785956114679,0.2641510665416717,-0.0123622566461563,-0.0029252779204398,-0.9643976092338562,23.663
1785956114690,0.2641510665416717,-0.0123622566461563,-0.0029252779204398,-0.9643976092338562,23.674
1785956114700,0.2641510665416717,-0.0123622566461563,-0.0029252779204398,-0.9643976092338562,23.684
1785956114709,0.2641510665416717,-0.0123622566461563,-0.0029252779204398,-0.9643976092338562,23.693
1785956114719,0.2641510665416717,-0.0123622566461563,-0.0029252779204398,-0.9643976092338562,23.703
1785956114729,0.2641510665416717,-0.0123622566461563,-0.0029252779204398,-0.9643976092338562,23.713
1785956114739,0.2641510665416717,-0.0123622566461563,-0.0029252779204398,-0.9643976092338562,23.723
1785956114748,0.2641510665416717,-0.0123622566461563,-0.0029252779204398,-0.9643976092338562,23.732
1785956114758,0.2641510665416717,-0.0123622566461563,-0.0029252779204398,-0.9643976092338562,23.742
1785956114769,0.2641510665416717,-0.0123622566461563,-0.0029252779204398,-0.9643976092338562,23.753
1785956114779,0.2641510665416717,-0.0123622566461563,-0.0029252779204398,-0.9643976092338562,23.763
1785956114789,0.2641510665416717,-0.0123622566461563,-0.0029252779204398,-0.9643976092338562,23.773
1785956114798,0.2641510665416717,-0.0123622566461563,-0.0029252779204398,-0.9643976092338562,23.782
1785956114808,0.2641510665416717,-0.0123622566461563,-0.0029252779204398,-0.9643976092338562,23.792
1785956114818,0.2641510665416717,-0.0123622566461563,-0.0029252779204398,-0.9643976092338562,23.802
1785956114829,0.2641510665416717,-0.0123622566461563,-0.0029252779204398,-0.9643976092338562,23.813
1785956114837,0.2641510665416717,-0.0123622566461563,-0.0029252779204398,-0.9643976092338562,23.821
1785956114848,0.2641510665416717,-0.0123622566461563,-0.0029252779204398,-0.9643976092338562,23.832
1785956114858,0.2641510665416717,-0.0123622566461563,-0.0029252779204398,-0.9643976092338562,23.842
1785956114868,0.2641510665416717,-0.0123622566461563,-0.0029252779204398,-0.9643976092338562,23.852
1785956114878,0.2641510665416717,-0.0123622566461563,-0.0029252779204398,-0.9643976092338562,23.862
1785956114887,0.2641510665416717,-0.0123622566461563,-0.0029252779204398,-0.9643976092338562,23.871
1785956114898,0.2641510665416717,-0.0123622566461563,-0.0029252779204398,-0.9643976092338562,23.882
1785956114908,0.2641510665416717,-0.0123622566461563,-0.0029252779204398,-0.9643976092338562,23.892
1785956114918,0.2641510665416717,-0.0123622566461563,-0.0029252779204398,-0.9643976092338562,23.902
1785956114927,0.2641510665416717,-0.0123622566461563,-0.0029252779204398,-0.9643976092338562,23.911
1785956114937,0.2641510665416717,-0.0123622566461563,-0.0029252779204398,-0.9643976092338562,23.921
1785956114947,0.2641510665416717,-0.0123622566461563,-0.0029252779204398,-0.9643976092338562,23.931
1785956114958,0.2641510665416717,-0.0123622566461563,-0.0029252779204398,-0.9643976092338562,23.942
1785956114966,0.2641510665416717,-0.0123622566461563,-0.0029252779204398,-0.9643976092338562,23.95
1785956114977,0.2641510665416717,-0.0123622566461563,-0.0029252779204398,-0.9643976092338562,23.961
1785956114987,0.2641510665416717,-0.0123622566461563,-0.0029252779204398,-0.9643976092338562,23.971
1785956114997,0.2641510665416717,-0.0123622566461563,-0.0029252779204398,-0.9643976092338562,23.981
1785956115007,0.2641510665416717,-0.0123622566461563,-0.0029252779204398,-0.9643976092338562,23.991
1785956115016,0.2641510665416717,-0.0123622566461563,-0.0029252779204398,-0.9643976092338562,24.0
1785956115026,0.2641510665416717,-0.0123622566461563,-0.0029252779204398,-0.9643976092338562,24.01
1785956115037,0.2641510665416717,-0.0123622566461563,-0.0029252779204398,-0.9643976092338562,24.021
1785956115047,0.2641510665416717,-0.0123622566461563,-0.0029252779204398,-0.9643976092338562,24.031
1785956115056,0.2641510665416717,-0.0123622566461563,-0.0029252779204398,-0.9643976092338562,24.04
1785956115066,0.2641510665416717,-0.0123622566461563,-0.0029252779204398,-0.9643976092338562,24.05
1785956115076,0.2641510665416717,-0.0123622566461563,-0.0029252779204398,-0.9643976092338562,24.06
1785956115086,0.2641510665416717,-0.0123622566461563,-0.0029252779204398,-0.9643976092338562,24.07
1785956115097,0.2641510665416717,-0.0123622566461563,-0.0029252779204398,-0.9643976092338562,24.081
1785956115106,0.2641510665416717,-0.0123622566461563,-0.0029252779204398,-0.9643976092338562,24.09
1785956115116,0.2641510665416717,-0.0123622566461563,-0.0029252779204398,-0.9643976092338562,24.1
1785956115126,0.2641510665416717,-0.0123622566461563,-0.0029252779204398,-0.9643976092338562,24.11
1785956115136,0.2641510665416717,-0.0123622566461563,-0.0029252779204398,-0.9643976092338562,24.12
1785956115145,0.2641510665416717,-0.0123622566461563,-0.0029252779204398,-0.9643976092338562,24.129
1785956115155,0.2641510665416717,-0.0123622566461563,-0.0029252779204398,-0.9643976092338562,24.139
1785956115166,0.2641510665416717,-0.0123622566461563,-0.0029252779204398,-0.9643976092338562,24.15
1785956115176,0.2641510665416717,-0.0123622566461563,-0.0029252779204398,-0.9643976092338562,24.16
1785956115186,0.2641510665416717,-0.0123622566461563,-0.0029252779204398,-0.9643976092338562,24.17
1785956115195,0.2641510665416717,-0.0123622566461563,-0.0029252779204398,-0.9643976092338562,24.179
1785956115205,0.2641510665416717,-0.0123622566461563,-0.0029252779204398,-0.9643976092338562,24.189
1785956115215,0.2641510665416717,-0.0123622566461563,-0.0029252779204398,-0.9643976092338562,24.199
1785956115226,0.2641510665416717,-0.0123622566461563,-0.0029252779204398,-0.9643976092338562,24.21
1785956115234,0.2641510665416717,-0.0123622566461563,-0.0029252779204398,-0.9643976092338562,24.218
1785956115245,0.2641510665416717,-0.0123622566461563,-0.0029252779204398,-0.9643976092338562,24.229
1785956115255,0.2641510665416717,-0.0123622566461563,-0.0029252779204398,-0.9643976092338562,24.239
1785956115265,0.2641510665416717,-0.0123622566461563,-0.0029252779204398,-0.9643976092338562,24.249
1785956115275,0.2641510665416717,-0.0123622566461563,-0.0029252779204398,-0.9643976092338562,24.259
1785956115284,0.2641510665416717,-0.0123622566461563,-0.0029252779204398,-0.9643976092338562,24.268
1785956115294,0.2641510665416717,-0.0123622566461563,-0.0029252779204398,-0.9643976092338562,24.278
1785956115305,0.2641510665416717,-0.0123622566461563,-0.0029252779204398,-0.9643976092338562,24.289
1785956115315,0.2641510665416717,-0.0123622566461563,-0.0029252779204398,-0.9643976092338562,24.299
1785956115324,0.2641510665416717,-0.0123622566461563,-0.0029252779204398,-0.9643976092338562,24.308
1785956115334,0.2641510665416717,-0.0123622566461563,-0.0029252779204398,-0.9643976092338562,24.318
1785956115344,0.2641510665416717,-0.0123622566461563,-0.0029252779204398,-0.9643976092338562,24.328
1785956115355,0.2641510665416717,-0.0123622566461563,-0.0029252779204398,-0.9643976092338562,24.339
1785956115365,0.2641510665416717,-0.0123622566461563,-0.0029252779204398,-0.9643976092338562,24.349
1785956115374,0.2641510665416717,-0.0123622566461563,-0.0029252779204398,-0.9643976092338562,24.358
1785956115384,0.2641510665416717,-0.0123622566461563,-0.0029252779204398,-0.9643976092338562,24.368
1785956115394,0.2641510665416717,-0.0123622566461563,-0.0029252779204398,-0.9643976092338562,24.378
1785956115404,0.2641510665416717,-0.0123622566461563,-0.0029252779204398,-0.9643976092338562,24.388
1785956115413,0.2641510665416717,-0.0123622566461563,-0.0029252779204398,-0.9643976092338562,24.397
1785956115423,0.2641510665416717,-0.0123622566461563,-0.0029252779204398,-0.9643976092338562,24.407
1785956115434,0.2641510665416717,-0.0123622566461563,-0.0029252779204398,-0.9643976092338562,24.418
1785956115444,0.2641510665416717,-0.0123622566461563,-0.0029252779204398,-0.9643976092338562,24.428
1785956115454,0.2641510665416717,-0.0123622566461563,-0.0029252779204398,-0.9643976092338562,24.438
1785956115463,0.2641510665416717,-0.0123622566461563,-0.0029252779204398,-0.9643976092338562,24.447
1785956115473,0.2641510665416717,-0.0123622566461563,-0.0029252779204398,-0.9643976092338562,24.457
1785956115483,0.2641510665416717,-0.0123622566461563,-0.0029252779204398,-0.9643976092338562,24.467
1785956115494,0.2641510665416717,-0.0123622566461563,-0.0029252779204398,-0.9643976092338562,24.478
1785956115502,0.2641510665416717,-0.0123622566461563,-0.0029252779204398,-0.9643976092338562,24.486
1785956115513,0.2641510665416717,-0.0123622566461563,-0.0029252779204398,-0.9643976092338562,24.497
1785956115523,0.2641510665416717,-0.0123622566461563,-0.0029252779204398,-0.9643976092338562,24.507
1785956115533,0.2641510665416717,-0.0123622566461563,-0.0029252779204398,-0.9643976092338562,24.517
1785956115544,0.2641510665416717,-0.0123622566461563,-0.0029252779204398,-0.9643976092338562,24.528
1785956115552,0.2641510665416717,-0.0123622566461563,-0.0029252779204398,-0.9643976092338562,24.536
1785956115563,0.2641510665416717,-0.0123622566461563,-0.0029252779204398,-0.9643976092338562,24.547
1785956115573,0.2641510665416717,-0.0123622566461563,-0.0029252779204398,-0.9643976092338562,24.557
1785956115583,0.2641510665416717,-0.0123622566461563,-0.0029252779204398,-0.9643976092338562,24.567
1785956115592,0.2641510665416717,-0.0123622566461563,-0.0029252779204398,-0.9643976092338562,24.576
1785956115602,0.2641510665416717,-0.0123622566461563,-0.0029252779204398,-0.9643976092338562,24.586
1785956115612,0.2641510665416717,-0.0123622566461563,-0.0029252779204398,-0.9643976092338562,24.596
1785956115623,0.2641510665416717,-0.0123622566461563,-0.0029252779204398,-0.9643976092338562,24.607
1785956115631,0.2641510665416717,-0.0123622566461563,-0.0029252779204398,-0.9643976092338562,24.615
1785956115642,0.2641510665416717,-0.0123622566461563,-0.0029252779204398,-0.9643976092338562,24.626
1785956115652,0.2641510665416717,-0.0123622566461563,-0.0029252779204398,-0.9643976092338562,24.636
1785956115662,0.2641510665416717,-0.0123622566461563,-0.0029252779204398,-0.9643976092338562,24.646
1785956115672,0.2641510665416717,-0.0123622566461563,-0.0029252779204398,-0.9643976092338562,24.656
1785956115681,0.2641510665416717,-0.0123622566461563,-0.0029252779204398,-0.9643976092338562,24.665
1785956115691,0.2641510665416717,-0.0123622566461563,-0.0029252779204398,-0.9643976092338562,24.675
1785956115702,0.2641510665416717,-0.0123622566461563,-0.0029252779204398,-0.9643976092338562,24.686
1785956115712,0.2641510665416717,-0.0123622566461563,-0.0029252779204398,-0.9643976092338562,24.696
1785956115721,0.2641510665416717,-0.0123622566461563,-0.0029252779204398,-0.9643976092338562,24.705
1785956115731,0.2641510665416717,-0.0123622566461563,-0.0029252779204398,-0.9643976092338562,24.715
1785956115741,0.2641510665416717,-0.0123622566461563,-0.0029252779204398,-0.9643976092338562,24.725
1785956115752,0.2641510665416717,-0.0123622566461563,-0.0029252779204398,-0.9643976092338562,24.736
1785956115762,0.2641510665416717,-0.0123622566461563,-0.0029252779204398,-0.9643976092338562,24.746
1785956115771,0.2641510665416717,-0.0123622566461563,-0.0029252779204398,-0.9643976092338562,24.755
1785956115781,0.2641510665416717,-0.0123622566461563,-0.0029252779204398,-0.9643976092338562,24.765
1785956115791,0.2641510665416717,-0.0123622566461563,-0.0029252779204398,-0.9643976092338562,24.775
1785956115801,0.2641510665416717,-0.0123622566461563,-0.0029252779204398,-0.9643976092338562,24.785
1785956115810,0.2641510665416717,-0.0123622566461563,-0.0029252779204398,-0.9643976092338562,24.794
1785956115820,0.2641510665416717,-0.0123622566461563,-0.0029252779204398,-0.9643976092338562,24.804
1785956115831,0.2641510665416717,-0.0123622566461563,-0.0029252779204398,-0.9643976092338562,24.815
1785956115841,0.2641510665416717,-0.0123622566461563,-0.0029252779204398,-0.9643976092338562,24.825
1785956115851,0.2641510665416717,-0.0123622566461563,-0.0029252779204398,-0.9643976092338562,24.835
1785956115860,0.2641510665416717,-0.0123622566461563,-0.0029252779204398,-0.9643976092338562,24.844
1785956115870,0.2641510665416717,-0.0123622566461563,-0.0029252779204398,-0.9643976092338562,24.854
1785956115880,0.2641510665416717,-0.0123622566461563,-0.0029252779204398,-0.9643976092338562,24.864
1785956115891,0.2641510665416717,-0.0123622566461563,-0.0029252779204398,-0.9643976092338562,24.875
1785956115899,0.2641510665416717,-0.0123622566461563,-0.0029252779204398,-0.9643976092338562,24.883
1785956115910,0.2641510665416717,-0.0123622566461563,-0.0029252779204398,-0.9643976092338562,24.894
1785956115920,0.2641510665416717,-0.0123622566461563,-0.0029252779204398,-0.9643976092338562,24.904
1785956115930,0.2641510665416717,-0.0123622566461563,-0.0029252779204398,-0.9643976092338562,24.914
1785956115940,0.2641510665416717,-0.0123622566461563,-0.0029252779204398,-0.9643976092338562,24.924
1785956115949,0.2641510665416717,-0.0123622566461563,-0.0029252779204398,-0.9643976092338562,24.933
1785956115960,0.2641510665416717,-0.0123622566461563,-0.0029252779204398,-0.9643976092338562,24.944
1785956115970,0.2641510665416717,-0.0123622566461563,-0.0029252779204398,-0.9643976092338562,24.954
1785956115980,0.2641510665416717,-0.0123622566461563,-0.0029252779204398,-0.9643976092338562,24.964
1785956115989,0.2641510665416717,-0.0123622566461563,-0.0029252779204398,-0.9643976092338562,24.973
1785956115999,0.2641510665416717,-0.0123622566461563,-0.0029252779204398,-0.9643976092338562,24.983
1785956116009,0.2641510665416717,-0.0123622566461563,-0.0029252779204398,-0.9643976092338562,24.993
1785956116020,0.2641510665416717,-0.0123622566461563,-0.0029252779204398,-0.9643976092338562,25.004
1785956116030,0.2641510665416717,-0.0123622566461563,-0.0029252779204398,-0.9643976092338562,25.014
1785956116039,0.2641510665416717,-0.0123622566461563,-0.0029252779204398,-0.9643976092338562,25.023
1785956116049,0.2641510665416717,-0.0123622566461563,-0.0029252779204398,-0.9643976092338562,25.033
1785956116059,0.2641510665416717,-0.0123622566461563,-0.0029252779204398,-0.9643976092338562,25.043
1785956116069,0.2641510665416717,-0.0123622566461563,-0.0029252779204398,-0.9643976092338562,25.053
1785956116078,0.2641510665416717,-0.0123622566461563,-0.0029252779204398,-0.9643976092338562,25.062
1785956116088,0.2641510665416717,-0.0123622566461563,-0.0029252779204398,-0.9643976092338562,25.072
1785956116099,0.2641510665416717,-0.0123622566461563,-0.0029252779204398,-0.9643976092338562,25.083
1785956116109,0.2641510665416717,-0.0123622566461563,-0.0029252779204398,-0.9643976092338562,25.093
1785956116118,0.2641510665416717,-0.0123622566461563,-0.0029252779204398,-0.9643976092338562,25.102
1785956116128,0.2641510665416717,-0.0123622566461563,-0.0029252779204398,-0.9643976092338562,25.112
1785956116138,0.2641510665416717,-0.0123622566461563,-0.0029252779204398,-0.9643976092338562,25.122
1785956116148,0.2641510665416717,-0.0123622566461563,-0.0029252779204398,-0.9643976092338562,25.132
1785956116159,0.2641510665416717,-0.0123622566461563,-0.0029252779204398,-0.9643976092338562,25.143
1785956116168,0.2641510665416717,-0.0123622566461563,-0.0029252779204398,-0.9643976092338562,25.152
1785956116178,0.2641510665416717,-0.0123622566461563,-0.0029252779204398,-0.9643976092338562,25.162
1785956116188,0.2641510665416717,-0.0123622566461563,-0.0029252779204398,-0.9643976092338562,25.172
1785956116198,0.2641510665416717,-0.0123622566461563,-0.0029252779204398,-0.9643976092338562,25.182
1785956116207,0.2641510665416717,-0.0123622566461563,-0.0029252779204398,-0.9643976092338562,25.191
1785956116217,0.2641510665416717,-0.0123622566461563,-0.0029252779204398,-0.9643976092338562,25.201
1785956116228,0.2641510665416717,-0.0123622566461563,-0.0029252779204398,-0.9643976092338562,25.212
1785956116238,0.2641510665416717,-0.0123622566461563,-0.0029252779204398,-0.9643976092338562,25.222
1785956116248,0.2641510665416717,-0.0123622566461563,-0.0029252779204398,-0.9643976092338562,25.232
1785956116257,0.2641510665416717,-0.0123622566461563,-0.0029252779204398,-0.9643976092338562,25.241
1785956116267,0.2641517221927643,-0.0123481871560215,-0.0029766433872282,-0.964397430419922,25.251
1785956116277,0.2641517221927643,-0.0123481871560215,-0.0029766433872282,-0.964397430419922,25.261
1785956116288,0.2641517221927643,-0.0123481871560215,-0.0029766433872282,-0.964397430419922,25.272
1785956116296,0.2641517221927643,-0.0123481871560215,-0.0029766433872282,-0.964397430419922,25.28
1785956116307,0.2641517221927643,-0.0123481871560215,-0.0029766433872282,-0.964397430419922,25.291
1785956116317,0.2641517221927643,-0.0123481871560215,-0.0029766433872282,-0.964397430419922,25.301
1785956116327,0.2641517221927643,-0.0123481871560215,-0.0029766433872282,-0.964397430419922,25.311
1785956116337,0.2641517221927643,-0.0123481871560215,-0.0029766433872282,-0.964397430419922,25.321
1785956116346,0.2641517221927643,-0.0123481871560215,-0.0029766433872282,-0.964397430419922,25.33
1785956116356,0.2641517221927643,-0.0123481871560215,-0.0029766433872282,-0.964397430419922,25.34
1785956116367,0.2641517221927643,-0.0123481871560215,-0.0029766433872282,-0.964397430419922,25.351
1785956116377,0.2641517221927643,-0.0123481871560215,-0.0029766433872282,-0.964397430419922,25.361
1785956116387,0.2641517221927643,-0.0123481871560215,-0.0029766433872282,-0.964397430419922,25.371
1785956116396,0.2641517221927643,-0.0123481871560215,-0.0029766433872282,-0.964397430419922,25.38
1785956116406,0.2641517221927643,-0.0123481871560215,-0.0029766433872282,-0.964397430419922,25.39
1785956116417,0.2641517221927643,-0.0123481871560215,-0.0029766433872282,-0.964397430419922,25.401
1785956116427,0.2641517221927643,-0.0123481871560215,-0.0029766433872282,-0.964397430419922,25.411
1785956116436,0.2641517221927643,-0.0123481871560215,-0.0029766433872282,-0.964397430419922,25.42
1785956116446,0.2641517221927643,-0.0123481871560215,-0.0029766433872282,-0.964397430419922,25.43
1785956116456,0.2641517221927643,-0.0123481871560215,-0.0029766433872282,-0.964397430419922,25.44
1785956116466,0.2641517221927643,-0.0123481871560215,-0.0029766433872282,-0.964397430419922,25.45
1785956116475,0.2641517221927643,-0.0123481871560215,-0.0029766433872282,-0.964397430419922,25.459
1785956116485,0.2641517221927643,-0.0123481871560215,-0.0029766433872282,-0.964397430419922,25.469
1785956116496,0.2641517221927643,-0.0123481871560215,-0.0029766433872282,-0.964397430419922,25.48
1785956116506,0.2641517221927643,-0.0123481871560215,-0.0029766433872282,-0.964397430419922,25.49
1785956116516,0.2641517221927643,-0.0123481871560215,-0.0029766433872282,-0.964397430419922,25.5
1785956116525,0.2641517221927643,-0.0123481871560215,-0.0029766433872282,-0.964397430419922,25.509
1785956116535,0.2641517221927643,-0.0123481871560215,-0.0029766433872282,-0.964397430419922,25.519
1785956116545,0.2641517221927643,-0.0123481871560215,-0.0029766433872282,-0.964397430419922,25.529
1785956116556,0.2641517221927643,-0.0123481871560215,-0.0029766433872282,-0.964397430419922,25.54
1785956116565,0.2641517221927643,-0.0123481871560215,-0.0029766433872282,-0.964397430419922,25.549
1785956116575,0.2641517221927643,-0.0123481871560215,-0.0029766433872282,-0.964397430419922,25.559
1785956116585,0.2641517221927643,-0.0123481871560215,-0.0029766433872282,-0.964397430419922,25.569
1785956116595,0.2641517221927643,-0.0123481871560215,-0.0029766433872282,-0.964397430419922,25.579
1785956116606,0.2641517221927643,-0.0123481871560215,-0.0029766433872282,-0.964397430419922,25.59
1785956116614,0.2641517221927643,-0.0123481871560215,-0.0029766433872282,-0.964397430419922,25.598
1785956116625,0.2641517221927643,-0.0123481871560215,-0.0029766433872282,-0.964397430419922,25.609
1785956116635,0.2641517221927643,-0.0123481871560215,-0.0029766433872282,-0.964397430419922,25.619
1785956116645,0.2641517221927643,-0.0123481871560215,-0.0029766433872282,-0.964397430419922,25.629
1785956116654,0.2641517221927643,-0.0123481871560215,-0.0029766433872282,-0.964397430419922,25.638
1785956116664,0.2641517221927643,-0.0123481871560215,-0.0029766433872282,-0.964397430419922,25.648
1785956116674,0.2641517221927643,-0.0123481871560215,-0.0029766433872282,-0.964397430419922,25.658
1785956116685,0.2641517221927643,-0.0123481871560215,-0.0029766433872282,-0.964397430419922,25.669
1785956116693,0.2641517221927643,-0.0123481871560215,-0.0029766433872282,-0.964397430419922,25.677
1785956116704,0.2641517221927643,-0.0123481871560215,-0.0029766433872282,-0.964397430419922,25.688
1785956116714,0.2641517221927643,-0.0123481871560215,-0.0029766433872282,-0.964397430419922,25.698
1785956116724,0.2641517221927643,-0.0123481871560215,-0.0029766433872282,-0.964397430419922,25.708
1785956116734,0.2641517221927643,-0.0123481871560215,-0.0029766433872282,-0.964397430419922,25.718
1785956116743,0.2641517221927643,-0.0123481871560215,-0.0029766433872282,-0.964397430419922,25.727
1785956116753,0.2641517221927643,-0.0123481871560215,-0.0029766433872282,-0.964397430419922,25.737
1785956116764,0.2641517221927643,-0.0123481871560215,-0.0029766433872282,-0.964397430419922,25.748
1785956116774,0.2641517221927643,-0.0123481871560215,-0.0029766433872282,-0.964397430419922,25.758
1785956116783,0.2641517221927643,-0.0123481871560215,-0.0029766433872282,-0.964397430419922,25.767
1785956116793,0.2641517221927643,-0.0123481871560215,-0.0029766433872282,-0.964397430419922,25.777
1785956116803,0.2641517221927643,-0.0123481871560215,-0.0029766433872282,-0.964397430419922,25.787
1785956116814,0.2641517221927643,-0.0123481871560215,-0.0029766433872282,-0.964397430419922,25.798
1785956116824,0.2641517221927643,-0.0123481871560215,-0.0029766433872282,-0.964397430419922,25.808
1785956116833,0.2641517221927643,-0.0123481871560215,-0.0029766433872282,-0.964397430419922,25.817
1785956116843,0.2641517221927643,-0.0123481871560215,-0.0029766433872282,-0.964397430419922,25.827
1785956116853,0.2641517221927643,-0.0123481871560215,-0.0029766433872282,-0.964397430419922,25.837
1785956116863,0.2641517221927643,-0.0123481871560215,-0.0029766433872282,-0.964397430419922,25.847
1785956116872,0.2641517221927643,-0.0123481871560215,-0.0029766433872282,-0.964397430419922,25.856
1785956116882,0.2641517221927643,-0.0123481871560215,-0.0029766433872282,-0.964397430419922,25.866
1785956116893,0.2641517221927643,-0.0123481871560215,-0.0029766433872282,-0.964397430419922,25.877
1785956116903,0.2641517221927643,-0.0123481871560215,-0.0029766433872282,-0.964397430419922,25.887
1785956116913,0.2641517221927643,-0.0123481871560215,-0.0029766433872282,-0.964397430419922,25.897
1785956116922,0.2641517221927643,-0.0123481871560215,-0.0029766433872282,-0.964397430419922,25.906
1785956116932,0.2641517221927643,-0.0123481871560215,-0.0029766433872282,-0.964397430419922,25.916
1785956116942,0.2641517221927643,-0.0123481871560215,-0.0029766433872282,-0.964397430419922,25.926
1785956116953,0.2641517221927643,-0.0123481871560215,-0.0029766433872282,-0.964397430419922,25.937
1785956116961,0.2641517221927643,-0.0123481871560215,-0.0029766433872282,-0.964397430419922,25.945
1785956116972,0.2641517221927643,-0.0123481871560215,-0.0029766433872282,-0.964397430419922,25.956
1785956116982,0.2641517221927643,-0.0123481871560215,-0.0029766433872282,-0.964397430419922,25.966
1785956116992,0.2641517221927643,-0.0123481871560215,-0.0029766433872282,-0.964397430419922,25.976
1785956117002,0.2641517221927643,-0.0123481871560215,-0.0029766433872282,-0.964397430419922,25.986
1785956117011,0.2641517221927643,-0.0123481871560215,-0.0029766433872282,-0.964397430419922,25.995
1785956117022,0.2641517221927643,-0.0123481871560215,-0.0029766433872282,-0.964397430419922,26.006
1785956117032,0.2641517221927643,-0.0123481871560215,-0.0029766433872282,-0.964397430419922,26.016
1785956117042,0.2641517221927643,-0.0123481871560215,-0.0029766433872282,-0.964397430419922,26.026
1785956117051,0.2641517221927643,-0.0123481871560215,-0.0029766433872282,-0.964397430419922,26.035
1785956117061,0.2641517221927643,-0.0123481871560215,-0.0029766433872282,-0.964397430419922,26.045
1785956117071,0.2641517221927643,-0.0123481871560215,-0.0029766433872282,-0.964397430419922,26.055
1785956117082,0.2641517221927643,-0.0123481871560215,-0.0029766433872282,-0.964397430419922,26.066
1785956117092,0.2641517221927643,-0.0123481871560215,-0.0029766433872282,-0.964397430419922,26.076
1785956117101,0.2641517221927643,-0.0123481871560215,-0.0029766433872282,-0.964397430419922,26.085
1785956117111,0.2641517221927643,-0.0123481871560215,-0.0029766433872282,-0.964397430419922,26.095
1785956117121,0.2641517221927643,-0.0123481871560215,-0.0029766433872282,-0.964397430419922,26.105
1785956117131,0.2641517221927643,-0.0123481871560215,-0.0029766433872282,-0.964397430419922,26.115
1785956117140,0.2641517221927643,-0.0123481871560215,-0.0029766433872282,-0.964397430419922,26.124
1785956117150,0.2641517221927643,-0.0123481871560215,-0.0029766433872282,-0.964397430419922,26.134
1785956117161,0.2641517221927643,-0.0123481871560215,-0.0029766433872282,-0.964397430419922,26.145
1785956117171,0.2641517221927643,-0.0123481871560215,-0.0029766433872282,-0.964397430419922,26.155
1785956117181,0.2641517221927643,-0.0123481871560215,-0.0029766433872282,-0.964397430419922,26.165
1785956117190,0.2641517221927643,-0.0123481871560215,-0.0029766433872282,-0.964397430419922,26.174
1785956117200,0.2641517221927643,-0.0123481871560215,-0.0029766433872282,-0.964397430419922,26.184
1785956117211,0.2641517221927643,-0.0123481871560215,-0.0029766433872282,-0.964397430419922,26.195
1785956117221,0.2641517221927643,-0.0123481871560215,-0.0029766433872282,-0.964397430419922,26.205
1785956117230,0.2641517221927643,-0.0123481871560215,-0.0029766433872282,-0.964397430419922,26.214
1785956117240,0.2641517221927643,-0.0123481871560215,-0.0029766433872282,-0.964397430419922,26.224
1785956117250,0.2641517221927643,-0.0123481871560215,-0.0029766433872282,-0.964397430419922,26.234
1785956117260,0.2641517221927643,-0.0123481871560215,-0.0029766433872282,-0.964397430419922,26.244
1785956117269,0.2641517221927643,-0.0123481871560215,-0.0029766433872282,-0.964397430419922,26.253
1785956117279,0.2641517221927643,-0.0123481871560215,-0.0029766433872282,-0.964397430419922,26.263
1785956117290,0.2641517221927643,-0.0123481871560215,-0.0029766433872282,-0.964397430419922,26.274
1785956117300,0.2641517221927643,-0.0123481871560215,-0.0029766433872282,-0.964397430419922,26.284
1785956117310,0.2641517221927643,-0.0123481871560215,-0.0029766433872282,-0.964397430419922,26.294
1785956117319,0.2641517221927643,-0.0123481871560215,-0.0029766433872282,-0.964397430419922,26.303
1785956117329,0.2641517221927643,-0.0123481871560215,-0.0029766433872282,-0.964397430419922,26.313
1785956117339,0.2641517221927643,-0.0123481871560215,-0.0029766433872282,-0.964397430419922,26.323
1785956117350,0.2641517221927643,-0.0123481871560215,-0.0029766433872282,-0.964397430419922,26.334
1785956117360,0.2641517221927643,-0.0123481871560215,-0.0029766433872282,-0.964397430419922,26.344
1785956117369,0.2641517221927643,-0.0123481871560215,-0.0029766433872282,-0.964397430419922,26.353
1785956117379,0.2641517221927643,-0.0123481871560215,-0.0029766433872282,-0.964397430419922,26.363
1785956117389,0.2641517221927643,-0.0123481871560215,-0.0029766433872282,-0.964397430419922,26.373
1785956117399,0.2641517221927643,-0.0123481871560215,-0.0029766433872282,-0.964397430419922,26.383
1785956117408,0.2641517221927643,-0.0123481871560215,-0.0029766433872282,-0.964397430419922,26.392
1785956117419,0.2641517221927643,-0.0123481871560215,-0.0029766433872282,-0.964397430419922,26.403
1785956117429,0.2641517221927643,-0.0123481871560215,-0.0029766433872282,-0.964397430419922,26.413
1785956117439,0.2641517221927643,-0.0123481871560215,-0.0029766433872282,-0.964397430419922,26.423
1785956117449,0.2641517221927643,-0.0123481871560215,-0.0029766433872282,-0.964397430419922,26.433
1785956117458,0.2641517221927643,-0.0123481871560215,-0.0029766433872282,-0.964397430419922,26.442
1785956117468,0.2641517221927643,-0.0123481871560215,-0.0029766433872282,-0.964397430419922,26.452
1785956117479,0.2641517221927643,-0.0123481871560215,-0.0029766433872282,-0.964397430419922,26.463
1785956117489,0.2641517221927643,-0.0123481871560215,-0.0029766433872282,-0.964397430419922,26.473
1785956117498,0.2641517221927643,-0.0123481871560215,-0.0029766433872282,-0.964397430419922,26.482
1785956117508,0.2641517221927643,-0.0123481871560215,-0.0029766433872282,-0.964397430419922,26.492
1785956117518,0.2641517221927643,-0.0123481871560215,-0.0029766433872282,-0.964397430419922,26.502
1785956117528,0.2641517221927643,-0.0123481871560215,-0.0029766433872282,-0.964397430419922,26.512
1785956117537,0.2641517221927643,-0.0123481871560215,-0.0029766433872282,-0.964397430419922,26.521
1785956117547,0.2641517221927643,-0.0123481871560215,-0.0029766433872282,-0.964397430419922,26.531
1785956117558,0.2641517221927643,-0.0123481871560215,-0.0029766433872282,-0.964397430419922,26.542
1785956117568,0.2641517221927643,-0.0123481871560215,-0.0029766433872282,-0.964397430419922,26.552
1785956117578,0.2641517221927643,-0.0123481871560215,-0.0029766433872282,-0.964397430419922,26.562
1785956117587,0.2641517221927643,-0.0123481871560215,-0.0029766433872282,-0.964397430419922,26.571
1785956117597,0.2641517221927643,-0.0123481871560215,-0.0029766433872282,-0.964397430419922,26.581
1785956117607,0.2641517221927643,-0.0123481871560215,-0.0029766433872282,-0.964397430419922,26.591
1785956117618,0.2641517221927643,-0.0123481871560215,-0.0029766433872282,-0.964397430419922,26.602
1785956117627,0.2641517221927643,-0.0123481871560215,-0.0029766433872282,-0.964397430419922,26.611
1785956117637,0.2641517221927643,-0.0123481871560215,-0.0029766433872282,-0.964397430419922,26.621
1785956117647,0.2641517221927643,-0.0123481871560215,-0.0029766433872282,-0.964397430419922,26.631
1785956117657,0.2641517221927643,-0.0123481871560215,-0.0029766433872282,-0.964397430419922,26.641
1785956117668,0.2641517221927643,-0.0123481871560215,-0.0029766433872282,-0.964397430419922,26.652
1785956117676,0.2641517221927643,-0.0123481871560215,-0.0029766433872282,-0.964397430419922,26.66
1785956117687,0.2641517221927643,-0.0123481871560215,-0.0029766433872282,-0.964397430419922,26.671
1785956117697,0.2641517221927643,-0.0123481871560215,-0.0029766433872282,-0.964397430419922,26.681
1785956117707,0.2641517221927643,-0.0123481871560215,-0.0029766433872282,-0.964397430419922,26.691
1785956117716,0.2641517221927643,-0.0123481871560215,-0.0029766433872282,-0.964397430419922,26.7
1785956117726,0.2641517221927643,-0.0123481871560215,-0.0029766433872282,-0.964397430419922,26.71
1785956117736,0.2641517221927643,-0.0123481871560215,-0.0029766433872282,-0.964397430419922,26.72
1785956117747,0.2641517221927643,-0.0123481871560215,-0.0029766433872282,-0.964397430419922,26.731
1785956117757,0.2641517221927643,-0.0123481871560215,-0.0029766433872282,-0.964397430419922,26.741
1785956117766,0.2641517221927643,-0.0123481871560215,-0.0029766433872282,-0.964397430419922,26.75
1785956117776,0.2641517221927643,-0.0123481871560215,-0.0029766433872282,-0.964397430419922,26.76
1785956117786,0.2641517221927643,-0.0123481871560215,-0.0029766433872282,-0.964397430419922,26.77
1785956117796,0.2641517221927643,-0.0123481871560215,-0.0029766433872282,-0.964397430419922,26.78
1785956117805,0.2641517221927643,-0.0123481871560215,-0.0029766433872282,-0.964397430419922,26.789
1785956117815,0.2641517221927643,-0.0123481871560215,-0.0029766433872282,-0.964397430419922,26.799
1785956117826,0.2641517221927643,-0.0123481871560215,-0.0029766433872282,-0.964397430419922,26.81
1785956117836,0.2641517221927643,-0.0123481871560215,-0.0029766433872282,-0.964397430419922,26.82
1785956117846,0.2641517221927643,-0.0123481871560215,-0.0029766433872282,-0.964397430419922,26.83
1785956117855,0.2641517221927643,-0.0123481871560215,-0.0029766433872282,-0.964397430419922,26.839
1785956117865,0.2641517221927643,-0.0123481871560215,-0.0029766433872282,-0.964397430419922,26.849
1785956117876,0.2641517221927643,-0.0123481871560215,-0.0029766433872282,-0.964397430419922,26.86
1785956117886,0.2641517221927643,-0.0123481871560215,-0.0029766433872282,-0.964397430419922,26.87
1785956117895,0.2641517221927643,-0.0123481871560215,-0.0029766433872282,-0.964397430419922,26.879
1785956117905,0.2641517221927643,-0.0123481871560215,-0.0029766433872282,-0.964397430419922,26.889
1785956117915,0.2641517221927643,-0.0123481871560215,-0.0029766433872282,-0.964397430419922,26.899
1785956117925,0.2641517221927643,-0.0123481871560215,-0.0029766433872282,-0.964397430419922,26.909
1785956117936,0.2641517221927643,-0.0123481871560215,-0.0029766433872282,-0.964397430419922,26.92
1785956117944,0.2641517221927643,-0.0123481871560215,-0.0029766433872282,-0.964397430419922,26.928
1785956117955,0.2641517221927643,-0.0123481871560215,-0.0029766433872282,-0.964397430419922,26.939
1785956117965,0.2641517221927643,-0.0123481871560215,-0.0029766433872282,-0.964397430419922,26.949
1785956117975,0.2641517221927643,-0.0123481871560215,-0.0029766433872282,-0.964397430419922,26.959
1785956117984,0.2641517221927643,-0.0123481871560215,-0.0029766433872282,-0.964397430419922,26.968
1785956117994,0.2641517221927643,-0.0123481871560215,-0.0029766433872282,-0.964397430419922,26.978
1785956118004,0.2641517221927643,-0.0123481871560215,-0.0029766433872282,-0.964397430419922,26.988
1785956118015,0.2641517221927643,-0.0123481871560215,-0.0029766433872282,-0.964397430419922,26.999
1785956118023,0.2641517221927643,-0.0123481871560215,-0.0029766433872282,-0.964397430419922,27.007
1785956118034,0.2641517221927643,-0.0123481871560215,-0.0029766433872282,-0.964397430419922,27.018
1785956118044,0.2641517221927643,-0.0123481871560215,-0.0029766433872282,-0.964397430419922,27.028
1785956118054,0.2641517221927643,-0.0123481871560215,-0.0029766433872282,-0.964397430419922,27.038
1785956118065,0.2641517221927643,-0.0123481871560215,-0.0029766433872282,-0.964397430419922,27.049
1785956118073,0.2641517221927643,-0.0123481871560215,-0.0029766433872282,-0.964397430419922,27.057
1785956118084,0.2641517221927643,-0.0123481871560215,-0.0029766433872282,-0.964397430419922,27.068
1785956118094,0.2641517221927643,-0.0123481871560215,-0.0029766433872282,-0.964397430419922,27.078
1785956118104,0.2641524374485016,-0.0123328939080238,-0.0030324789695441,-0.9643972516059875,27.088
1785956118113,0.2641524374485016,-0.0123328939080238,-0.0030324789695441,-0.9643972516059875,27.097
1785956118123,0.2641524374485016,-0.0123328939080238,-0.0030324789695441,-0.9643972516059875,27.107
1785956118133,0.2641524374485016,-0.0123328939080238,-0.0030324789695441,-0.9643972516059875,27.117
1785956118144,0.2641524374485016,-0.0123328939080238,-0.0030324789695441,-0.9643972516059875,27.128
1785956118154,0.2641524374485016,-0.0123328939080238,-0.0030324789695441,-0.9643972516059875,27.138
1785956118163,0.2641524374485016,-0.0123328939080238,-0.0030324789695441,-0.9643972516059875,27.147
1785956118173,0.2641524374485016,-0.0123328939080238,-0.0030324789695441,-0.9643972516059875,27.157
1785956118183,0.2641524374485016,-0.0123328939080238,-0.0030324789695441,-0.9643972516059875,27.167
1785956118193,0.2641524374485016,-0.0123328939080238,-0.0030324789695441,-0.9643972516059875,27.177
1785956118202,0.2641524374485016,-0.0123328939080238,-0.0030324789695441,-0.9643972516059875,27.186
1785956118212,0.2641524374485016,-0.0123328939080238,-0.0030324789695441,-0.9643972516059875,27.196
1785956118223,0.2641524374485016,-0.0123328939080238,-0.0030324789695441,-0.9643972516059875,27.207
1785956118233,0.2641524374485016,-0.0123328939080238,-0.0030324789695441,-0.9643972516059875,27.217
1785956118243,0.2641524374485016,-0.0123328939080238,-0.0030324789695441,-0.9643972516059875,27.227
1785956118252,0.2641524374485016,-0.0123328939080238,-0.0030324789695441,-0.9643972516059875,27.236
1785956118262,0.2641524374485016,-0.0123328939080238,-0.0030324789695441,-0.9643972516059875,27.246
1785956118273,0.2641524374485016,-0.0123328939080238,-0.0030324789695441,-0.9643972516059875,27.257
1785956118283,0.2641524374485016,-0.0123328939080238,-0.0030324789695441,-0.9643972516059875,27.267
1785956118292,0.2641524374485016,-0.0123328939080238,-0.0030324789695441,-0.9643972516059875,27.276
1785956118302,0.2641524374485016,-0.0123328939080238,-0.0030324789695441,-0.9643972516059875,27.286
1785956118312,0.2641524374485016,-0.0123328939080238,-0.0030324789695441,-0.9643972516059875,27.296
1785956118322,0.2641524374485016,-0.0123328939080238,-0.0030324789695441,-0.9643972516059875,27.306
1785956118333,0.2641524374485016,-0.0123328939080238,-0.0030324789695441,-0.9643972516059875,27.317
1785956118341,0.2641524374485016,-0.0123328939080238,-0.0030324789695441,-0.9643972516059875,27.325
1785956118352,0.2641524374485016,-0.0123328939080238,-0.0030324789695441,-0.9643972516059875,27.336
1785956118362,0.2641524374485016,-0.0123328939080238,-0.0030324789695441,-0.9643972516059875,27.346
1785956118372,0.2641524374485016,-0.0123328939080238,-0.0030324789695441,-0.9643972516059875,27.356
1785956118381,0.2641524374485016,-0.0123328939080238,-0.0030324789695441,-0.9643972516059875,27.365
1785956118391,0.2641524374485016,-0.0123328939080238,-0.0030324789695441,-0.9643972516059875,27.375
1785956118401,0.2641524374485016,-0.0123328939080238,-0.0030324789695441,-0.9643972516059875,27.385
1785956118412,0.2641524374485016,-0.0123328939080238,-0.0030324789695441,-0.9643972516059875,27.396
1785956118422,0.2641524374485016,-0.0123328939080238,-0.0030324789695441,-0.9643972516059875,27.406
1785956118431,0.2641524374485016,-0.0123328939080238,-0.0030324789695441,-0.9643972516059875,27.415
1785956118441,0.2641524374485016,-0.0123328939080238,-0.0030324789695441,-0.9643972516059875,27.425
1785956118451,0.2641524374485016,-0.0123328939080238,-0.0030324789695441,-0.9643972516059875,27.435
1785956118461,0.2641524374485016,-0.0123328939080238,-0.0030324789695441,-0.9643972516059875,27.445
1785956118470,0.2641524374485016,-0.0123328939080238,-0.0030324789695441,-0.9643972516059875,27.454
1785956118481,0.2641524374485016,-0.0123328939080238,-0.0030324789695441,-0.9643972516059875,27.465
1785956118491,0.2641524374485016,-0.0123328939080238,-0.0030324789695441,-0.9643972516059875,27.475
1785956118501,0.2641524374485016,-0.0123328939080238,-0.0030324789695441,-0.9643972516059875,27.485
1785956118510,0.2641524374485016,-0.0123328939080238,-0.0030324789695441,-0.9643972516059875,27.494
1785956118520,0.2641524374485016,-0.0123328939080238,-0.0030324789695441,-0.9643972516059875,27.504
1785956118530,0.2641524374485016,-0.0123328939080238,-0.0030324789695441,-0.9643972516059875,27.514
1785956118541,0.2641524374485016,-0.0123328939080238,-0.0030324789695441,-0.9643972516059875,27.525
1785956118551,0.2641524374485016,-0.0123328939080238,-0.0030324789695441,-0.9643972516059875,27.535
1785956118560,0.2641524374485016,-0.0123328939080238,-0.0030324789695441,-0.9643972516059875,27.544
1785956118570,0.2641524374485016,-0.0123328939080238,-0.0030324789695441,-0.9643972516059875,27.554
1785956118580,0.2641524374485016,-0.0123328939080238,-0.0030324789695441,-0.9643972516059875,27.564
1785956118590,0.2641524374485016,-0.0123328939080238,-0.0030324789695441,-0.9643972516059875,27.574
1785956118599,0.2641524374485016,-0.0123328939080238,-0.0030324789695441,-0.9643972516059875,27.583
1785956118609,0.2641524374485016,-0.0123328939080238,-0.0030324789695441,-0.9643972516059875,27.593
1785956118620,0.2641524374485016,-0.0123328939080238,-0.0030324789695441,-0.9643972516059875,27.604
1785956118630,0.2641524374485016,-0.0123328939080238,-0.0030324789695441,-0.9643972516059875,27.614
1785956118640,0.2641524374485016,-0.0123328939080238,-0.0030324789695441,-0.9643972516059875,27.624
1785956118649,0.2641524374485016,-0.0123328939080238,-0.0030324789695441,-0.9643972516059875,27.633
1785956118659,0.2641524374485016,-0.0123328939080238,-0.0030324789695441,-0.9643972516059875,27.643
1785956118669,0.2641524374485016,-0.0123328939080238,-0.0030324789695441,-0.9643972516059875,27.653
1785956118680,0.2641524374485016,-0.0123328939080238,-0.0030324789695441,-0.9643972516059875,27.664
1785956118689,0.2641524374485016,-0.0123328939080238,-0.0030324789695441,-0.9643972516059875,27.673
1785956118699,0.2641524374485016,-0.0123328939080238,-0.0030324789695441,-0.9643972516059875,27.683
1785956118709,0.2641524374485016,-0.0123328939080238,-0.0030324789695441,-0.9643972516059875,27.693
1785956118719,0.2641524374485016,-0.0123328939080238,-0.0030324789695441,-0.9643972516059875,27.703
1785956118730,0.2641524374485016,-0.0123328939080238,-0.0030324789695441,-0.9643972516059875,27.714
1785956118738,0.2641524374485016,-0.0123328939080238,-0.0030324789695441,-0.9643972516059875,27.722
1785956118749,0.2641524374485016,-0.0123328939080238,-0.0030324789695441,-0.9643972516059875,27.733
1785956118759,0.2641524374485016,-0.0123328939080238,-0.0030324789695441,-0.9643972516059875,27.743
1785956118769,0.2641524374485016,-0.0123328939080238,-0.0030324789695441,-0.9643972516059875,27.753
1785956118778,0.2641524374485016,-0.0123328939080238,-0.0030324789695441,-0.9643972516059875,27.762
1785956118788,0.2641524374485016,-0.0123328939080238,-0.0030324789695441,-0.9643972516059875,27.772
1785956118798,0.2641524374485016,-0.0123328939080238,-0.0030324789695441,-0.9643972516059875,27.782
1785956118809,0.2641524374485016,-0.0123328939080238,-0.0030324789695441,-0.9643972516059875,27.793
1785956118819,0.2641524374485016,-0.0123328939080238,-0.0030324789695441,-0.9643972516059875,27.803
1785956118828,0.2641524374485016,-0.0123328939080238,-0.0030324789695441,-0.9643972516059875,27.812
1785956118838,0.2641524374485016,-0.0123328939080238,-0.0030324789695441,-0.9643972516059875,27.822
1785956118848,0.2641524374485016,-0.0123328939080238,-0.0030324789695441,-0.9643972516059875,27.832
1785956118858,0.2641524374485016,-0.0123328939080238,-0.0030324789695441,-0.9643972516059875,27.842
1785956118867,0.2641524374485016,-0.0123328939080238,-0.0030324789695441,-0.9643972516059875,27.851
1785956118877,0.2641524374485016,-0.0123328939080238,-0.0030324789695441,-0.9643972516059875,27.861
1785956118888,0.2641524374485016,-0.0123328939080238,-0.0030324789695441,-0.9643972516059875,27.872
1785956118898,0.2641524374485016,-0.0123328939080238,-0.0030324789695441,-0.9643972516059875,27.882
1785956118908,0.2641524374485016,-0.0123328939080238,-0.0030324789695441,-0.9643972516059875,27.892
1785956118917,0.2641524374485016,-0.0123328939080238,-0.0030324789695441,-0.9643972516059875,27.901
1785956118927,0.2641524374485016,-0.0123328939080238,-0.0030324789695441,-0.9643972516059875,27.911
1785956118938,0.2641524374485016,-0.0123328939080238,-0.0030324789695441,-0.9643972516059875,27.922
1785956118948,0.2641524374485016,-0.0123328939080238,-0.0030324789695441,-0.9643972516059875,27.932
1785956118957,0.2641524374485016,-0.0123328939080238,-0.0030324789695441,-0.9643972516059875,27.941
1785956118967,0.2641524374485016,-0.0123328939080238,-0.0030324789695441,-0.9643972516059875,27.951
1785956118977,0.2641524374485016,-0.0123328939080238,-0.0030324789695441,-0.9643972516059875,27.961
1785956118987,0.2641524374485016,-0.0123328939080238,-0.0030324789695441,-0.9643972516059875,27.971
1785956118998,0.2641524374485016,-0.0123328939080238,-0.0030324789695441,-0.9643972516059875,27.982
1785956119006,0.2641524374485016,-0.0123328939080238,-0.0030324789695441,-0.9643972516059875,27.99
1785956119017,0.2641524374485016,-0.0123328939080238,-0.0030324789695441,-0.9643972516059875,28.001
1785956119027,0.2641524374485016,-0.0123328939080238,-0.0030324789695441,-0.9643972516059875,28.011
1785956119037,0.2641524374485016,-0.0123328939080238,-0.0030324789695441,-0.9643972516059875,28.021
1785956119046,0.2641524374485016,-0.0123328939080238,-0.0030324789695441,-0.9643972516059875,28.03
1785956119056,0.2641524374485016,-0.0123328939080238,-0.0030324789695441,-0.9643972516059875,28.04
1785956119066,0.2641524374485016,-0.0123328939080238,-0.0030324789695441,-0.9643972516059875,28.05
1785956119077,0.2641524374485016,-0.0123328939080238,-0.0030324789695441,-0.9643972516059875,28.061
1785956119086,0.2641524374485016,-0.0123328939080238,-0.0030324789695441,-0.9643972516059875,28.07
1785956119096,0.2641524374485016,-0.0123328939080238,-0.0030324789695441,-0.9643972516059875,28.08
1785956119106,0.2641524374485016,-0.0123328939080238,-0.0030324789695441,-0.9643972516059875,28.09
1785956119116,0.2641524374485016,-0.0123328939080238,-0.0030324789695441,-0.9643972516059875,28.1
1785956119127,0.2641524374485016,-0.0123328939080238,-0.0030324789695441,-0.9643972516059875,28.111
1785956119135,0.2641524374485016,-0.0123328939080238,-0.0030324789695441,-0.9643972516059875,28.119
1785956119146,0.2641524374485016,-0.0123328939080238,-0.0030324789695441,-0.9643972516059875,28.13
1785956119156,0.2641524374485016,-0.0123328939080238,-0.0030324789695441,-0.9643972516059875,28.14
1785956119166,0.2641524374485016,-0.0123328939080238,-0.0030324789695441,-0.9643972516059875,28.15
1785956119175,0.2641524374485016,-0.0123328939080238,-0.0030324789695441,-0.9643972516059875,28.159
1785956119185,0.2641524374485016,-0.0123328939080238,-0.0030324789695441,-0.9643972516059875,28.169
1785956119195,0.2641524374485016,-0.0123328939080238,-0.0030324789695441,-0.9643972516059875,28.179
1785956119206,0.2641524374485016,-0.0123328939080238,-0.0030324789695441,-0.9643972516059875,28.19
1785956119216,0.2641524374485016,-0.0123328939080238,-0.0030324789695441,-0.9643972516059875,28.2
1785956119225,0.2641524374485016,-0.0123328939080238,-0.0030324789695441,-0.9643972516059875,28.209
1785956119235,0.2641524374485016,-0.0123328939080238,-0.0030324789695441,-0.9643972516059875,28.219
1785956119245,0.2641524374485016,-0.0123328939080238,-0.0030324789695441,-0.9643972516059875,28.229
1785956119255,0.2641524374485016,-0.0123328939080238,-0.0030324789695441,-0.9643972516059875,28.239
1785956119264,0.2641524374485016,-0.0123328939080238,-0.0030324789695441,-0.9643972516059875,28.248
1785956119274,0.2641524374485016,-0.0123328939080238,-0.0030324789695441,-0.9643972516059875,28.258
1785956119285,0.2641524374485016,-0.0123328939080238,-0.0030324789695441,-0.9643972516059875,28.269
1785956119295,0.2641524374485016,-0.0123328939080238,-0.0030324789695441,-0.9643972516059875,28.279
1785956119305,0.2641524374485016,-0.0123328939080238,-0.0030324789695441,-0.9643972516059875,28.289
1785956119314,0.2641524374485016,-0.0123328939080238,-0.0030324789695441,-0.9643972516059875,28.298
1785956119324,0.2641524374485016,-0.0123328939080238,-0.0030324789695441,-0.9643972516059875,28.308
1785956119335,0.2641524374485016,-0.0123328939080238,-0.0030324789695441,-0.9643972516059875,28.319
1785956119345,0.2641524374485016,-0.0123328939080238,-0.0030324789695441,-0.9643972516059875,28.329
1785956119354,0.2641524374485016,-0.0123328939080238,-0.0030324789695441,-0.9643972516059875,28.338
1785956119364,0.2641524374485016,-0.0123328939080238,-0.0030324789695441,-0.9643972516059875,28.348
1785956119374,0.2641524374485016,-0.0123328939080238,-0.0030324789695441,-0.9643972516059875,28.358
1785956119384,0.2641524374485016,-0.0123328939080238,-0.0030324789695441,-0.9643972516059875,28.368
1785956119395,0.2641524374485016,-0.0123328939080238,-0.0030324789695441,-0.9643972516059875,28.379
1785956119403,0.2641524374485016,-0.0123328939080238,-0.0030324789695441,-0.9643972516059875,28.387
1785956119414,0.2641524374485016,-0.0123328939080238,-0.0030324789695441,-0.9643972516059875,28.398
1785956119424,0.2641524374485016,-0.0123328939080238,-0.0030324789695441,-0.9643972516059875,28.408
1785956119434,0.2641524374485016,-0.0123328939080238,-0.0030324789695441,-0.9643972516059875,28.418
1785956119443,0.2641524374485016,-0.0123328939080238,-0.0030324789695441,-0.9643972516059875,28.427
1785956119453,0.2641524374485016,-0.0123328939080238,-0.0030324789695441,-0.9643972516059875,28.437
1785956119463,0.2641524374485016,-0.0123328939080238,-0.0030324789695441,-0.9643972516059875,28.447
1785956119474,0.2641524374485016,-0.0123328939080238,-0.0030324789695441,-0.9643972516059875,28.458
1785956119484,0.2641524374485016,-0.0123328939080238,-0.0030324789695441,-0.9643972516059875,28.468
1785956119493,0.2641524374485016,-0.0123328939080238,-0.0030324789695441,-0.9643972516059875,28.477
1785956119503,0.2641524374485016,-0.0123328939080238,-0.0030324789695441,-0.9643972516059875,28.487
1785956119513,0.2641524374485016,-0.0123328939080238,-0.0030324789695441,-0.9643972516059875,28.497
1785956119523,0.2641524374485016,-0.0123328939080238,-0.0030324789695441,-0.9643972516059875,28.507
1785956119532,0.2641524374485016,-0.0123328939080238,-0.0030324789695441,-0.9643972516059875,28.516
1785956119543,0.2641524374485016,-0.0123328939080238,-0.0030324789695441,-0.9643972516059875,28.527
1785956119553,0.2641524374485016,-0.0123328939080238,-0.0030324789695441,-0.9643972516059875,28.537
1785956119563,0.2641524374485016,-0.0123328939080238,-0.0030324789695441,-0.9643972516059875,28.547
1785956119572,0.2641524374485016,-0.0123328939080238,-0.0030324789695441,-0.9643972516059875,28.556
1785956119582,0.2641524374485016,-0.0123328939080238,-0.0030324789695441,-0.9643972516059875,28.566
1785956119592,0.2641524374485016,-0.0123328939080238,-0.0030324789695441,-0.9643972516059875,28.576
1785956119603,0.2641524374485016,-0.0123328939080238,-0.0030324789695441,-0.9643972516059875,28.587
1785956119613,0.2641524374485016,-0.0123328939080238,-0.0030324789695441,-0.9643972516059875,28.597
1785956119622,0.2641524374485016,-0.0123328939080238,-0.0030324789695441,-0.9643972516059875,28.606
1785956119632,0.2641524374485016,-0.0123328939080238,-0.0030324789695441,-0.9643972516059875,28.616
1785956119642,0.2641524374485016,-0.0123328939080238,-0.0030324789695441,-0.9643972516059875,28.626
1785956119652,0.2641524374485016,-0.0123328939080238,-0.0030324789695441,-0.9643972516059875,28.636
1785956119661,0.2641524374485016,-0.0123328939080238,-0.0030324789695441,-0.9643972516059875,28.645
1785956119671,0.2641524374485016,-0.0123328939080238,-0.0030324789695441,-0.9643972516059875,28.655
1785956119682,0.2641524374485016,-0.0123328939080238,-0.0030324789695441,-0.9643972516059875,28.666
1785956119692,0.2641524374485016,-0.0123328939080238,-0.0030324789695441,-0.9643972516059875,28.676
1785956119702,0.2641524374485016,-0.0123328939080238,-0.0030324789695441,-0.9643972516059875,28.686
1785956119711,0.2641524374485016,-0.0123328939080238,-0.0030324789695441,-0.9643972516059875,28.695
1785956119721,0.2641524374485016,-0.0123328939080238,-0.0030324789695441,-0.9643972516059875,28.705
1785956119731,0.2641524374485016,-0.0123328939080238,-0.0030324789695441,-0.9643972516059875,28.715
1785956119742,0.2641524374485016,-0.0123328939080238,-0.0030324789695441,-0.9643972516059875,28.726
1785956119751,0.2641524374485016,-0.0123328939080238,-0.0030324789695441,-0.9643972516059875,28.735
1785956119761,0.2641524374485016,-0.0123328939080238,-0.0030324789695441,-0.9643972516059875,28.745
1785956119771,0.2641524374485016,-0.0123328939080238,-0.0030324789695441,-0.9643972516059875,28.755
1785956119781,0.2641524374485016,-0.0123328939080238,-0.0030324789695441,-0.9643972516059875,28.765
1785956119792,0.2641524374485016,-0.0123328939080238,-0.0030324789695441,-0.9643972516059875,28.776
1785956119800,0.2641524374485016,-0.0123328939080238,-0.0030324789695441,-0.9643972516059875,28.784
1785956119811,0.2641524374485016,-0.0123328939080238,-0.0030324789695441,-0.9643972516059875,28.795
1785956119821,0.2641524374485016,-0.0123328939080238,-0.0030324789695441,-0.9643972516059875,28.805
1785956119831,0.2641524374485016,-0.0123328939080238,-0.0030324789695441,-0.9643972516059875,28.815
1785956119840,0.2641524374485016,-0.0123328939080238,-0.0030324789695441,-0.9643972516059875,28.824
1785956119850,0.2641524374485016,-0.0123328939080238,-0.0030324789695441,-0.9643972516059875,28.834
1785956119860,0.2641524374485016,-0.0123328939080238,-0.0030324789695441,-0.9643972516059875,28.844
1785956119871,0.2641524374485016,-0.0123328939080238,-0.0030324789695441,-0.9643972516059875,28.855
1785956119881,0.2641524374485016,-0.0123328939080238,-0.0030324789695441,-0.9643972516059875,28.865
1785956119890,0.2641524374485016,-0.0123328939080238,-0.0030324789695441,-0.9643972516059875,28.874
1785956119900,0.2641524374485016,-0.0123328939080238,-0.0030324789695441,-0.9643972516059875,28.884
1785956119910,0.2641524374485016,-0.0123328939080238,-0.0030324789695441,-0.9643972516059875,28.894
1785956119920,0.2641524374485016,-0.0123328939080238,-0.0030324789695441,-0.9643972516059875,28.904
1785956119929,0.2641524374485016,-0.0123328939080238,-0.0030324789695441,-0.9643972516059875,28.913
1785956119940,0.2641524374485016,-0.0123328939080238,-0.0030324789695441,-0.9643972516059875,28.924
1785956119950,0.2641524374485016,-0.0123328939080238,-0.0030324789695441,-0.9643972516059875,28.934
1785956119960,0.2641524374485016,-0.0123328939080238,-0.0030324789695441,-0.9643972516059875,28.944
1785956119970,0.2641524374485016,-0.0123328939080238,-0.0030324789695441,-0.9643972516059875,28.954
1785956119979,0.2641524374485016,-0.0123328939080238,-0.0030324789695441,-0.9643972516059875,28.963
1785956119989,0.2641524374485016,-0.0123328939080238,-0.0030324789695441,-0.9643972516059875,28.973
1785956120000,0.2641524374485016,-0.0123328939080238,-0.0030324789695441,-0.9643972516059875,28.984
1785956120010,0.2641524374485016,-0.0123328939080238,-0.0030324789695441,-0.9643972516059875,28.994
1785956120019,0.2641524374485016,-0.0123328939080238,-0.0030324789695441,-0.9643972516059875,29.003
1785956120029,0.2641524374485016,-0.0123328939080238,-0.0030324789695441,-0.9643972516059875,29.013
1785956120039,0.2641524374485016,-0.0123328939080238,-0.0030324789695441,-0.9643972516059875,29.023
1785956120049,0.2641524374485016,-0.0123328939080238,-0.0030324789695441,-0.9643972516059875,29.033
1785956120060,0.2641524374485016,-0.0123328939080238,-0.0030324789695441,-0.9643972516059875,29.044
1785956120068,0.2641524374485016,-0.0123328939080238,-0.0030324789695441,-0.9643972516059875,29.052
1785956120079,0.2641524374485016,-0.0123328939080238,-0.0030324789695441,-0.9643972516059875,29.063
1785956120089,0.2641524374485016,-0.0123328939080238,-0.0030324789695441,-0.9643972516059875,29.073
1785956120099,0.2641524374485016,-0.0123328939080238,-0.0030324789695441,-0.9643972516059875,29.083
1785956120108,0.2641524374485016,-0.0123328939080238,-0.0030324789695441,-0.9643972516059875,29.092
1785956120118,0.2641524374485016,-0.0123328939080238,-0.0030324789695441,-0.9643972516059875,29.102
1785956120128,0.2641524374485016,-0.0123328939080238,-0.0030324789695441,-0.9643972516059875,29.112
1785956120139,0.2641524374485016,-0.0123328939080238,-0.0030324789695441,-0.9643972516059875,29.123
1785956120149,0.2641524374485016,-0.0123328939080238,-0.0030324789695441,-0.9643972516059875,29.133
1785956120158,0.2641524374485016,-0.0123328939080238,-0.0030324789695441,-0.9643972516059875,29.142
1785956120168,0.2641524374485016,-0.0123328939080238,-0.0030324789695441,-0.9643972516059875,29.152
1785956120178,0.2641524374485016,-0.0123328939080238,-0.0030324789695441,-0.9643972516059875,29.162
1785956120189,0.2641524374485016,-0.0123328939080238,-0.0030324789695441,-0.9643972516059875,29.173
1785956120197,0.2641524374485016,-0.0123328939080238,-0.0030324789695441,-0.9643972516059875,29.181
1785956120208,0.2641524374485016,-0.0123328939080238,-0.0030324789695441,-0.9643972516059875,29.192
1785956120218,0.2641524374485016,-0.0123328939080238,-0.0030324789695441,-0.9643972516059875,29.202
1785956120228,0.2641524374485016,-0.0123328939080238,-0.0030324789695441,-0.9643972516059875,29.212
1785956120237,0.2641524374485016,-0.0123328939080238,-0.0030324789695441,-0.9643972516059875,29.221
1785956120247,0.2641524374485016,-0.0123328939080238,-0.0030324789695441,-0.9643972516059875,29.231
1785956120257,0.2641524374485016,-0.0123328939080238,-0.0030324789695441,-0.9643972516059875,29.241
1785956120268,0.2641524374485016,-0.0123328939080238,-0.0030324789695441,-0.9643972516059875,29.252
1785956120278,0.2641524374485016,-0.0123328939080238,-0.0030324789695441,-0.9643972516059875,29.262
1785956120287,0.2641524374485016,-0.0123328939080238,-0.0030324789695441,-0.9643972516059875,29.271
1785956120297,0.2641524374485016,-0.0123328939080238,-0.0030324789695441,-0.9643972516059875,29.281
1785956120307,0.2641524374485016,-0.0123328939080238,-0.0030324789695441,-0.9643972516059875,29.291
1785956120317,0.2641524374485016,-0.0123328939080238,-0.0030324789695441,-0.9643972516059875,29.301
1785956120326,0.2641524374485016,-0.0123328939080238,-0.0030324789695441,-0.9643972516059875,29.31
1785956120336,0.2641524374485016,-0.0123328939080238,-0.0030324789695441,-0.9643972516059875,29.32
1785956120347,0.2641524374485016,-0.0123328939080238,-0.0030324789695441,-0.9643972516059875,29.331
1785956120357,0.2641524374485016,-0.0123328939080238,-0.0030324789695441,-0.9643972516059875,29.341
1785956120367,0.2641524374485016,-0.0123328939080238,-0.0030324789695441,-0.9643972516059875,29.351
1785956120376,0.2641524374485016,-0.0123328939080238,-0.0030324789695441,-0.9643972516059875,29.36
1785956120386,0.2641524374485016,-0.0123328939080238,-0.0030324789695441,-0.9643972516059875,29.37
1785956120397,0.2641524374485016,-0.0123328939080238,-0.0030324789695441,-0.9643972516059875,29.381
1785956120407,0.2641524374485016,-0.0123328939080238,-0.0030324789695441,-0.9643972516059875,29.391
1785956120416,0.2641524374485016,-0.0123328939080238,-0.0030324789695441,-0.9643972516059875,29.4
1785956120426,0.2641524374485016,-0.0123328939080238,-0.0030324789695441,-0.9643972516059875,29.41
1785956120436,0.2641524374485016,-0.0123328939080238,-0.0030324789695441,-0.9643972516059875,29.42
1785956120446,0.2641538977622986,-0.0123023074120283,-0.0031441538594663,-0.9643970131874084,29.43
1785956120457,0.2641538977622986,-0.0123023074120283,-0.0031441538594663,-0.9643970131874084,29.441
1785956120465,0.2641545534133911,-0.0122884036973118,-0.0031949132680892,-0.964396834373474,29.449
1785956120476,0.2641545534133911,-0.0122884036973118,-0.0031949132680892,-0.964396834373474,29.46
1785956120486,0.2641545534133911,-0.0122884036973118,-0.0031949132680892,-0.964396834373474,29.47
1785956120496,0.2641538381576538,-0.0123036988079547,-0.0031390716321766,-0.9643970131874084,29.48
1785956120505,0.2641538381576538,-0.0123036988079547,-0.0031390716321766,-0.9643970131874084,29.489
1785956120515,0.2641538381576538,-0.0123036988079547,-0.0031390716321766,-0.9643970131874084,29.499
1785956120525,0.2641538381576538,-0.0123036988079547,-0.0031390716321766,-0.9643970131874084,29.509
1785956120536,0.2641538381576538,-0.0123036988079547,-0.0031390716321766,-0.9643970131874084,29.52
1785956120546,0.2641538381576538,-0.0123036988079547,-0.0031390716321766,-0.9643970131874084,29.53
1785956120555,0.2641538381576538,-0.0123036988079547,-0.0031390716321766,-0.9643970131874084,29.539
1785956120565,0.2641538381576538,-0.0123036988079547,-0.0031390716321766,-0.9643970131874084,29.549
1785956120575,0.2641538381576538,-0.0123036988079547,-0.0031390716321766,-0.9643970131874084,29.559
1785956120586,0.2641538381576538,-0.0123036988079547,-0.0031390716321766,-0.9643970131874084,29.57
1785956120594,0.2641538381576538,-0.0123036988079547,-0.0031390716321766,-0.9643970131874084,29.578
1785956120605,0.2641538381576538,-0.0123036988079547,-0.0031390716321766,-0.9643970131874084,29.589
1785956120615,0.2641538381576538,-0.0123036988079547,-0.0031390716321766,-0.9643970131874084,29.599
1785956120625,0.2641538381576538,-0.0123036988079547,-0.0031390716321766,-0.9643970131874084,29.609
1785956120635,0.2641538381576538,-0.0123036988079547,-0.0031390716321766,-0.9643970131874084,29.619
1785956120644,0.2641538381576538,-0.0123036988079547,-0.0031390716321766,-0.9643970131874084,29.628
1785956120654,0.2641538381576538,-0.0123036988079547,-0.0031390716321766,-0.9643970131874084,29.638
1785956120665,0.2641538381576538,-0.0123036988079547,-0.0031390716321766,-0.9643970131874084,29.649
1785956120675,0.2641538381576538,-0.0123036988079547,-0.0031390716321766,-0.9643970131874084,29.659
1785956120684,0.2641538381576538,-0.0123036988079547,-0.0031390716321766,-0.9643970131874084,29.668
1785956120694,0.2641538381576538,-0.0123036988079547,-0.0031390716321766,-0.9643970131874084,29.678
1785956120704,0.2641538381576538,-0.0123036988079547,-0.0031390716321766,-0.9643970131874084,29.688
1785956120714,0.2641538381576538,-0.0123036988079547,-0.0031390716321766,-0.9643970131874084,29.698
1785956120723,0.2641538381576538,-0.0123036988079547,-0.0031390716321766,-0.9643970131874084,29.707
1785956120733,0.2641538381576538,-0.0123036988079547,-0.0031390716321766,-0.9643970131874084,29.717
1785956120744,0.2641538381576538,-0.0123036988079547,-0.0031390716321766,-0.9643970131874084,29.728
1785956120754,0.2641538381576538,-0.0123036988079547,-0.0031390716321766,-0.9643970131874084,29.738
1785956120764,0.2641538381576538,-0.0123036988079547,-0.0031390716321766,-0.9643970131874084,29.748
1785956120773,0.2641538381576538,-0.0123036988079547,-0.0031390716321766,-0.9643970131874084,29.757
1785956120783,0.2641538381576538,-0.0123036988079547,-0.0031390716321766,-0.9643970131874084,29.767
1785956120794,0.2641538381576538,-0.0123036988079547,-0.0031390716321766,-0.9643970131874084,29.778
1785956120804,0.2641538381576538,-0.0123036988079547,-0.0031390716321766,-0.9643970131874084,29.788
1785956120813,0.2641538381576538,-0.0123036988079547,-0.0031390716321766,-0.9643970131874084,29.797
1785956120823,0.2641538381576538,-0.0123036988079547,-0.0031390716321766,-0.9643970131874084,29.807
1785956120833,0.2641538381576538,-0.0123036988079547,-0.0031390716321766,-0.9643970131874084,29.817
1785956120843,0.2641538381576538,-0.0123036988079547,-0.0031390716321766,-0.9643970131874084,29.827
1785956120854,0.2641538381576538,-0.0123036988079547,-0.0031390716321766,-0.9643970131874084,29.838
1785956120862,0.2641538381576538,-0.0123036988079547,-0.0031390716321766,-0.9643970131874084,29.846
1785956120873,0.2641538381576538,-0.0123036988079547,-0.0031390716321766,-0.9643970131874084,29.857
1785956120883,0.2641538381576538,-0.0123036988079547,-0.0031390716321766,-0.9643970131874084,29.867
1785956120893,0.2641538381576538,-0.0123036988079547,-0.0031390716321766,-0.9643970131874084,29.877
1785956120902,0.2641538381576538,-0.0123036988079547,-0.0031390716321766,-0.9643970131874084,29.886
1785956120912,0.2641538381576538,-0.0123036988079547,-0.0031390716321766,-0.9643970131874084,29.896
1785956120922,0.2641538381576538,-0.0123036988079547,-0.0031390716321766,-0.9643970131874084,29.906
1785956120933,0.2641538381576538,-0.0123036988079547,-0.0031390716321766,-0.9643970131874084,29.917
1785956120943,0.2641538381576538,-0.0123036988079547,-0.0031390716321766,-0.9643970131874084,29.927
1785956120952,0.2641538381576538,-0.0123036988079547,-0.0031390716321766,-0.9643970131874084,29.936
1785956120962,0.2641538381576538,-0.0123036988079547,-0.0031390716321766,-0.9643970131874084,29.946
1785956120972,0.2641538381576538,-0.0123036988079547,-0.0031390716321766,-0.9643970131874084,29.956
1785956120982,0.2641538381576538,-0.0123036988079547,-0.0031390716321766,-0.9643970131874084,29.966
1785956120993,0.2641538381576538,-0.0123036988079547,-0.0031390716321766,-0.9643970131874084,29.977
1785956121002,0.2641538381576538,-0.0123036988079547,-0.0031390716321766,-0.9643970131874084,29.986
1785956121012,0.2641538381576538,-0.0123036988079547,-0.0031390716321766,-0.9643970131874084,29.996
1785956121022,0.2641538381576538,-0.0123036988079547,-0.0031390716321766,-0.9643970131874084,30.006
1785956121032,0.2641538381576538,-0.0123036988079547,-0.0031390716321766,-0.9643970131874084,30.016
1785956121041,0.2641538381576538,-0.0123036988079547,-0.0031390716321766,-0.9643970131874084,30.025
1785956121051,0.2641538381576538,-0.0123036988079547,-0.0031390716321766,-0.9643970131874084,30.035
1785956121062,0.2641538381576538,-0.0123036988079547,-0.0031390716321766,-0.9643970131874084,30.046
1785956121072,0.2641538381576538,-0.0123036988079547,-0.0031390716321766,-0.9643970131874084,30.056
1785956121081,0.2638543248176574,-0.0123027237132191,-0.0031428926158696,-0.9644790291786194,30.065
1785956121091,0.2636766135692596,-0.0123021425679326,-0.0031451587565243,-0.9645275473594666,30.075
1785956121101,0.2636766135692596,-0.0123021425679326,-0.0031451587565243,-0.9645275473594666,30.085
1785956121111,0.2636766135692596,-0.0123021425679326,-0.0031451587565243,-0.9645275473594666,30.095
1785956121122,0.2636766135692596,-0.0123021425679326,-0.0031451587565243,-0.9645275473594666,30.106
1785956121130,0.2633618414402008,-0.0123011162504553,-0.0031491734553128,-0.9646136164665222,30.114
1785956121141,0.2629759013652801,-0.0122998533770442,-0.0031540936324745,-0.964718759059906,30.125
1785956121151,0.2629092037677765,-0.012314866296947,-0.0030990752857178,-0.964737057685852,30.135
1785956121161,0.2618046700954437,-0.0123487515375018,-0.0031785797327756,-0.9650366306304932,30.145
1785956121170,0.2607142627239227,-0.0123051842674613,-0.0033398582600057,-0.9653317928314208,30.154
1785956121180,0.2594205439090729,-0.0122540332376956,-0.0035291276872158,-0.9656803011894226,30.164
1785956121190,0.2580448687076568,-0.0121396509930491,-0.0036698232870548,-0.9660497307777404,30.174
1785956121201,0.2564007639884949,-0.0110936295241117,-0.0043608327396214,-0.9664970636367798,30.185
1785956121211,0.2542827129364013,-0.0060689439997076,-0.0104724029079079,-0.96705424785614,30.195
1785956121220,0.2530028820037842,0.0018415643135085,-0.0105813238769769,-0.9674059152603148,30.204
1785956121230,0.2513628005981445,0.0099975988268852,-0.0067249601706862,-0.9678179621696472,30.214
1785956121240,0.2489423155784607,0.0119850849732756,-0.0041322503238916,-0.968435287475586,30.224
1785956121251,0.2457942217588424,0.0146206114441156,0.0027353141922503,-0.9692079424858092,30.235
1785956121259,0.2432857006788253,0.0196665748953819,0.0119393356144428,-0.9696817994117736,30.243
1785956121270,0.2410259842872619,0.0262006893754005,0.0220405030995607,-0.9699145555496216,30.254
1785956121280,0.2374657690525055,0.0345130003988742,0.0319764204323291,-0.9702557921409608,30.264
1785956121290,0.2345726639032364,0.0437208674848079,0.0415898524224758,-0.970223903656006,30.274
1785956121299,0.2320733368396759,0.053318828344345,0.0509751066565513,-0.969897210597992,30.283
1785956121309,0.2293048799037933,0.0626412481069564,0.0602703243494033,-0.96946519613266,30.293
1785956121319,0.2253253757953643,0.0713101476430893,0.0672603398561477,-0.9693396687507628,30.303
1785956121330,0.2202729880809784,0.0768072754144668,0.0750464648008346,-0.9695094227790833,30.314
1785956121340,0.2144732326269149,0.0812716633081436,0.0825660601258277,-0.969834566116333,30.324
1785956121349,0.2099395990371704,0.0840178579092025,0.089371457695961,-0.9699892401695251,30.333
1785956121359,0.2068690359592437,0.0846180021762847,0.0934776067733764,-0.970209777355194,30.343
1785956121369,0.2063285559415817,0.0856541991233825,0.0950139909982681,-0.9700846076011658,30.353
1785956121379,0.2073860764503479,0.086044043302536,0.0915059521794319,-0.9701618552207948,30.363
1785956121388,0.2070780992507934,0.0813822895288467,0.0793757066130638,-0.9716970324516296,30.372
1785956121400,0.2085323184728622,0.0754450261592865,0.0553362667560577,-0.9735297560691832,30.384
1785956121409,0.211069256067276,0.070217028260231,0.0209102928638458,-0.9747215509414672,30.393
1785956121419,0.2151248604059219,0.0660509169101715,-0.0217911917716264,-0.9741066098213196,30.403
1785956121429,0.1742306053638458,0.0584291517734527,-0.0088068787008523,-0.9829303622245787,30.413
1785956121438,0.1829907447099685,0.0552046820521354,-0.0089922985062003,-0.981522262096405,30.422
1785956121448,0.1748134642839431,0.0547279007732868,-0.0049562188796699,-0.9830668568611144,30.432
1785956121459,0.1750853657722473,0.0504900589585304,-0.0060095903463661,-0.9832393527030944,30.443
1785956121469,0.1753493100404739,0.0515186265110969,-0.0044261356815695,-0.983147382736206,30.453
1785956121479,0.1827991902828216,0.0524899177253246,-0.0048617864958941,-0.9817360639572144,30.463
1785956121488,0.1879067569971084,0.0517550073564052,-0.0054065072908997,-0.9808074235916138,30.472
1785956121498,0.1878808587789535,0.0516569390892982,-0.0059127304702997,-0.9808145761489868,30.482
1785956121508,0.1877604722976684,0.0517573803663253,-0.0064292615279555,-0.9808292388916016,30.492
1785956121519,0.187532901763916,0.0516368933022022,-0.0069289724342525,-0.9808756113052368,30.503
1785956121527,0.1873176544904709,0.0517448037862777,-0.0074767852202057,-0.9809070825576782,30.511
1785956121538,0.1870494186878204,0.0517832525074481,-0.0076542003080248,-0.9809549450874328,30.522
1785956121548,0.1868481189012527,0.0517569780349731,-0.0074968617409467,-0.9809958338737488,30.532
1785956121558,0.1866997182369232,0.0517718531191349,-0.0075615211389958,-0.981022834777832,30.542
1785956121568,0.1867098063230514,0.0517354905605316,-0.0073704589158296,-0.9810243248939514,30.552
1785956121577,0.1867230981588363,0.0517934933304786,-0.0071132774464786,-0.9810205698013306,30.561
1785956121587,0.1868490874767303,0.0518520437180995,-0.0070054293610155,-0.9809942841529846,30.571
1785956121598,0.1869387477636337,0.0518631823360919,-0.0070723020471632,-0.9809761643409728,30.582
1785956121608,0.1870634406805038,0.0519521906971931,-0.0071583022363483,-0.9809470772743224,30.592
1785956121617,0.1871481090784073,0.0500725395977497,-0.0072991652414202,-0.9810275435447692,30.601
1785956121627,0.1872191727161407,0.0501946359872818,-0.0075261481106281,-0.98100608587265,30.611
1785956121637,0.1873023062944412,0.0503151081502437,-0.0077406982891261,-0.9809823036193848,30.621
1785956121648,0.1873427927494049,0.0503944680094718,-0.0081621184945106,-0.980967104434967,30.632
1785956121658,0.1873239874839782,0.0504643097519874,-0.008527873083949,-0.980963945388794,30.642
1785956121667,0.1873200833797454,0.0504788272082805,-0.0086038876324892,-0.9809632897377014,30.651
1785956121677,0.1879811286926269,-0.0145936757326126,-0.0062733106315135,-0.9820441603660583,30.661
1785956121687,0.1879785060882568,-0.014626171439886,-0.0060941418632864,-0.9820452928543092,30.671
1785956121697,0.1879740804433822,-0.0146791534498333,-0.0057913037016987,-0.982047200202942,30.681
1785956121706,0.1879727989435196,-0.0146867893636226,-0.0056903762742877,-0.9820479154586792,30.69
1785956121716,0.1879729479551315,-0.0146741885691881,-0.0056786062195897,-0.9820481538772584,30.7
1785956121727,0.187973067164421,-0.014659340493381,-0.005667753983289,-0.9820483922958374,30.711
1785956121737,0.1879740059375763,-0.0146374898031353,-0.0057184346951544,-0.9820482134819032,30.721
1785956121746,0.1879740506410598,-0.0146309975534677,-0.0057146167382597,-0.9820483326911926,30.73
1785956121756,0.1879740804433822,-0.0146280489861965,-0.0057125319726765,-0.9820483922958374,30.74
1785956121766,0.1879750937223434,-0.0146147869527339,-0.0057787634432315,-0.982047975063324,30.75
1785956121776,0.1879751086235046,-0.0146153178066015,-0.0057772775180637,-0.982047975063324,30.76
1785956121787,0.187976062297821,-0.0146046308800578,-0.0058393981307744,-0.9820476174354552,30.771
1785956121795,0.1879761070013046,-0.0146068260073661,-0.0058384640142321,-0.9820476770401,30.779
1785956121806,0.1879761666059494,-0.0146103808656334,-0.005835932213813,-0.9820476174354552,30.79
1785956121816,0.1879748404026031,-0.0146323703229427,-0.0057398052886128,-0.9820480942726136,30.8
1785956121826,0.1879723519086837,-0.0146695543080568,-0.0055658612400293,-0.98204904794693,30.81
1785956121835,0.1879694759845733,-0.0147085860371589,-0.005370317492634,-0.9820500016212464,30.819
1785956121845,0.1879651546478271,-0.0147640882059931,-0.0050801923498511,-0.9820516109466552,30.829
1785956121856,0.1879605650901794,-0.0148223359137773,-0.0047748507931828,-0.9820531606674194,30.84
1785956121866,0.1879572868347168,-0.0148631678894162,-0.0045574828982353,-0.9820542335510254,30.85
1785956121876,0.1880068629980087,-0.0148946531116962,-0.0043785511516034,-0.9820449948310852,30.86
1785956121886,0.1901834160089492,-0.0149035388603806,-0.0042963540181517,-0.9816259741783142,30.87
1785956121895,0.190182477235794,-0.0149114346131682,-0.0042345817200839,-0.9816263318061828,30.879
1785956121905,0.1901824623346328,-0.0149075090885162,-0.0042350688017904,-0.9816263914108276,30.889
1785956121916,0.1901824474334716,-0.0149045037105679,-0.0042353034950792,-0.9816264510154724,30.9
1785956121924,0.1901838779449463,-0.01488331053406,-0.0043287905864417,-0.9816260933876038,30.908
1785956121935,0.1915139257907867,-0.0148474853485822,-0.004486427642405,-0.981367290019989,30.919
1785956121945,0.1915169507265091,-0.014807435683906,-0.0046789022162556,-0.9813664555549622,30.929
1785956121955,0.1915187835693359,-0.0147837428376078,-0.0047946474514901,-0.9813658595085144,30.939
1785956121964,0.1915756613016128,-0.0147843938320875,-0.0047894562594592,-0.9813547730445862,30.948
1785956121974,0.1936997324228286,-0.0147762093693017,-0.0048141321167349,-0.9809377193450928,30.958
1785956121984,0.1936998516321182,-0.0147798107936978,-0.0048072570934891,-0.980937659740448,30.968
1785956121995,0.1936983317136764,-0.0148053271695971,-0.0046917735598981,-0.9809381365776062,30.979
1785956122005,0.193696528673172,-0.0148334698751568,-0.0045630149543285,-0.9809386730194092,30.989
1785956122014,0.1966998130083084,-0.0148401260375976,-0.0045224344357848,-0.9803409576416016,30.998
1785956122024,0.1966990828514099,-0.0148530257865786,-0.0044683380983769,-0.9803412556648254,31.008
1785956122034,0.1966990977525711,-0.0148540334776043,-0.0044675981625914,-0.9803412556648254,31.018
1785956122044,0.1966990977525711,-0.0148540614172816,-0.0044675543904304,-0.9803412556648254,31.028
1785956122055,0.1989303976297378,-0.0148319266736507,-0.0045580505393445,-0.979890763759613,31.039
1785956122064,0.1989315748214721,-0.0148139940574765,-0.0046351412311196,-0.9798904657363892,31.048
1785956122074,0.1989324390888214,-0.0147985368967056,-0.0046918611042201,-0.97989022731781,31.058
1785956122084,0.1989335566759109,-0.0147755052894353,-0.0047619985416531,-0.979889988899231,31.068
1785956122094,0.200069174170494,-0.0147580131888389,-0.0047772601246833,-0.9796589612960817,31.078
1785956122103,0.2000692039728164,-0.0147476606070995,-0.0047744922339916,-0.979659140110016,31.087
1785956122113,0.2000692486763,-0.0147391082718968,-0.0047709462232887,-0.9796592593193054,31.097
1785956122124,0.2000692933797836,-0.014733170159161,-0.0047668148763477,-0.979659378528595,31.108
1785956122134,0.2027490437030792,-0.0147276325151324,-0.0047534648329019,-0.979108452796936,31.118
1785956122143,0.2027490586042404,-0.014726304449141,-0.0047522652894258,-0.979108452796936,31.127
1785956122153,0.2027490586042404,-0.0147260027006268,-0.0047519509680569,-0.979108452796936,31.137
1785956122163,0.2027490586042404,-0.0147262848913669,-0.0047516310587525,-0.979108452796936,31.147
1785956122173,0.2047199159860611,-0.0147177716717123,-0.0047808145172894,-0.9786983132362366,31.157
1785956122184,0.2047199308872223,-0.0147196454927325,-0.0047804377973079,-0.9786983132362366,31.168
1785956122192,0.2047199457883834,-0.0147220296785235,-0.0047798296436667,-0.9786982536315918,31.176
1785956122203,0.2047199606895446,-0.01472435798496,-0.0047788713127374,-0.978698194026947,31.187
1785956122213,0.2069384157657623,-0.0147155635058879,-0.0048112669028341,-0.9782314896583556,31.197
1785956122223,0.2069384455680847,-0.0147169334813952,-0.0048097083345055,-0.9782314896583556,31.207
1785956122232,0.206937551498413,-0.0147304069250822,-0.0047462275251746,-0.9782317876815796,31.216
1785956122242,0.2069375813007354,-0.014730061404407,-0.0047442745417356,-0.9782317876815796,31.226
1785956122252,0.2075047940015792,-0.0147383995354175,-0.0046871243976056,-0.9781116843223572,31.236
1785956122263,0.2075048685073852,-0.0147335482761263,-0.0046819765120744,-0.978111743927002,31.247
1785956122273,0.20750492811203,-0.0147262662649154,-0.0046769301407039,-0.9781118631362916,31.257
1785956122282,0.2075049579143524,-0.0147204305976629,-0.0046741957776248,-0.978111982345581,31.266
1785956122292,0.2075049877166748,-0.0147153250873088,-0.0046724937856197,-0.9781120419502258,31.276
1785956122302,0.2094517648220062,-0.014687861315906,-0.0047734095714986,-0.97769695520401,31.286
1785956122313,0.2094530165195465,-0.0146686844527721,-0.0048565622419118,-0.9776965379714966,31.297
1785956122321,0.209454134106636,-0.0146528575569391,-0.0049285152927041,-0.9776962995529176,31.305
1785956122332,0.209454134106636,-0.0146528491750359,-0.0049285097047686,-0.9776962995529176,31.316
1785956122342,0.2111033797264099,-0.0146445212885737,-0.004953202791512,-0.9773414134979248,31.326
1785956122352,0.2111033797264099,-0.0146447382867336,-0.0049529825337231,-0.9773414134979248,31.336
1785956122362,0.2111033946275711,-0.01464569196105,-0.0049519813619554,-0.9773414134979248,31.346
1785956122371,0.2111034393310547,-0.0146471438929438,-0.0049498560838401,-0.9773414134979248,31.355
1785956122381,0.2130032777786255,-0.0146397985517978,-0.0049750837497413,-0.9769291281700134,31.365
1785956122392,0.2130033373832702,-0.0146413510665297,-0.0049718637019395,-0.9769291281700134,31.376
1785956122402,0.213003396987915,-0.0146427676081657,-0.0049683372490108,-0.9769291281700134,31.386
1785956122411,0.2130034267902374,-0.0146432584151625,-0.004966156091541,-0.9769291281700134,31.395
1785956122421,0.2145791202783584,-0.0146350767463445,-0.0049882614985108,-0.976584255695343,31.405
1785956122431,0.2145791500806808,-0.014634508639574,-0.0049865785986185,-0.976584255695343,31.415
1785956122441,0.214579164981842,-0.0146341659128665,-0.0049858894199132,-0.976584255695343,31.425
1785956122452,0.2145791798830032,-0.0146329989656806,-0.0049854475073516,-0.976584255695343,31.436
1785956122461,0.2164959609508514,-0.0146212931722402,-0.0050131687894463,-0.9761611223220824,31.445
1785956122471,0.2164968848228454,-0.0146057922393083,-0.0050741303712129,-0.9761608242988586,31.455
1785956122481,0.2164968997240066,-0.0146029433235526,-0.0050728856585919,-0.9761608839035034,31.465
1785956122491,0.2164969146251678,-0.0146003402769565,-0.0050717452540993,-0.9761609435081482,31.475
1785956122500,0.21845543384552,-0.0145876724272966,-0.0050999484956264,-0.9757245779037476,31.484
1785956122510,0.2184554487466812,-0.0145862037315964,-0.0050988039001822,-0.9757245779037476,31.494
1785956122521,0.2184554636478424,-0.0145856225863099,-0.0050980527885258,-0.9757245779037476,31.505
1785956122531,0.2184554636478424,-0.014585287310183,-0.0050976150669157,-0.9757245779037476,31.515
1785956122541,0.2199030518531799,-0.0145775647833943,-0.0051188007928431,-0.9753994345664978,31.525
1785956122550,0.2199030667543411,-0.0145780583843588,-0.0051177637651562,-0.9753994345664978,31.534
1785956122560,0.2199030965566635,-0.0145794507116079,-0.0051166489720344,-0.9753994345664978,31.544
1785956122570,0.2199031114578247,-0.0145803652703762,-0.0051158536225557,-0.9753994345664978,31.554
1785956122581,0.2214608341455459,-0.0145728029310703,-0.005138948559761,-0.9750468134880066,31.565
1785956122589,0.2214608341455459,-0.0145731475204229,-0.0051388726569712,-0.9750468134880066,31.573
1785956122600,0.2214608341455459,-0.0145734194666147,-0.0051387255080044,-0.9750468134880066,31.584
1785956122610,0.2214608341455459,-0.0145735116675496,-0.0051382607780396,-0.9750468134880066,31.594
1785956122620,0.2222737669944763,-0.0145901665091514,-0.0050575081259012,-0.9748620390892028,31.604
1785956122629,0.2222730070352554,-0.0146015081554651,-0.0050052325241267,-0.974862277507782,31.613
1785956122639,0.222273051738739,-0.0145998783409595,-0.0050027999095618,-0.974862277507782,31.623
1785956122649,0.2222730964422226,-0.0145979290828108,-0.0050004022195935,-0.9748623371124268,31.633
1785956122660,0.2222731411457061,-0.0145946172997355,-0.004996929783374,-0.9748623967170716,31.644
1785956122670,0.2225712388753891,-0.0145892798900604,-0.0049977181479334,-0.9747944474220276,31.654
1785956122679,0.2225712388753891,-0.0145892798900604,-0.0049977181479334,-0.9747944474220276,31.663
1785956122689,0.222570464015007,-0.0146011356264352,-0.004945792723447,-0.9747946858406068,31.673
1785956122699,0.222570464015007,-0.0146011356264352,-0.004945792723447,-0.9747946858406068,31.683
1785956122710,0.2226484715938568,-0.0146007407456636,-0.0049469610676169,-0.9747768640518188,31.694
1785956122718,0.2226484715938568,-0.0146007407456636,-0.0049469610676169,-0.9747768640518188,31.702
1785956122729,0.2226484715938568,-0.0146007407456636,-0.0049469610676169,-0.9747768640518188,31.713
1785956122739,0.2226484715938568,-0.0146007407456636,-0.0049469610676169,-0.9747768640518188,31.723
1785956122749,0.2229565232992172,-0.0145991770550608,-0.0049515748396515,-0.974706530570984,31.733
1785956122759,0.2229565232992172,-0.0145991770550608,-0.0049515748396515,-0.974706530570984,31.743
1785956122768,0.2229565232992172,-0.0145991770550608,-0.0049515748396515,-0.974706530570984,31.752
1785956122778,0.2229565232992172,-0.0145991770550608,-0.0049515748396515,-0.974706530570984,31.762
1785956122789,0.2232509106397628,-0.0145976804196834,-0.0049559837207198,-0.9746391177177428,31.773
1785956122799,0.2232509106397628,-0.0145976804196834,-0.0049559837207198,-0.9746391177177428,31.783
1785956122808,0.2232509106397628,-0.0145976804196834,-0.0049559837207198,-0.9746391177177428,31.792
1785956122818,0.2232509106397628,-0.0145976804196834,-0.0049559837207198,-0.9746391177177428,31.802
1785956122828,0.2234965562820434,-0.0145964296534657,-0.0049596619792282,-0.9745827317237854,31.812
1785956122838,0.2234965562820434,-0.0145964296534657,-0.0049596619792282,-0.9745827317237854,31.822
1785956122849,0.2234965562820434,-0.0145964296534657,-0.0049596619792282,-0.9745827317237854,31.833
1785956122857,0.2234965562820434,-0.0145964296534657,-0.0049596619792282,-0.9745827317237854,31.841
1785956122868,0.2234961092472076,-0.0145964315161108,-0.0049596554599702,-0.974582850933075,31.852
1785956122878,0.2234961092472076,-0.0145964315161108,-0.0049596554599702,-0.974582850933075,31.862
1785956122888,0.2234961092472076,-0.0145964315161108,-0.0049596554599702,-0.974582850933075,31.872
1785956122897,0.2234961092472076,-0.0145964315161108,-0.0049596554599702,-0.974582850933075,31.881
1785956122907,0.2242075204849243,-0.014592807739973,-0.0049703093245625,-0.9744195342063904,31.891
1785956122918,0.2242075204849243,-0.014592807739973,-0.0049703093245625,-0.9744195342063904,31.902
1785956122928,0.2242075204849243,-0.014592807739973,-0.0049703093245625,-0.9744195342063904,31.912
1785956122938,0.2242075204849243,-0.014592807739973,-0.0049703093245625,-0.9744195342063904,31.922
1785956122947,0.2233796715736389,-0.0145970247685909,-0.0049579106271266,-0.9746096134185792,31.931
1785956122957,0.2233796715736389,-0.0145970247685909,-0.0049579106271266,-0.9746096134185792,31.941
1785956122967,0.2233796715736389,-0.0145970247685909,-0.0049579106271266,-0.9746096134185792,31.951
1785956122978,0.2233796715736389,-0.0145970247685909,-0.0049579106271266,-0.9746096134185792,31.962
1785956122986,0.2240989059209823,-0.0145933609455823,-0.0049686823040246,-0.9744444489479064,31.97
1785956122997,0.2240989059209823,-0.0145933609455823,-0.0049686823040246,-0.9744444489479064,31.981
1785956123007,0.2240989059209823,-0.0145933609455823,-0.0049686823040246,-0.9744444489479064,31.991
1785956123017,0.2240989059209823,-0.0145933609455823,-0.0049686823040246,-0.9744444489479064,32.001
1785956123026,0.2240989059209823,-0.0145933609455823,-0.0049686823040246,-0.9744444489479064,32.01
1785956123036,0.2247022241353988,-0.0146056525409221,-0.0049110599793493,-0.9743056297302246,32.02
1785956123046,0.2247022241353988,-0.0146056525409221,-0.0049110599793493,-0.9743056297302246,32.03
1785956123057,0.2247022241353988,-0.0146056525409221,-0.0049110599793493,-0.9743056297302246,32.041
1785956123067,0.2247022241353988,-0.0146056525409221,-0.0049110599793493,-0.9743056297302246,32.051
1785956123076,0.2245210111141204,-0.0146065661683678,-0.0049083433113992,-0.9743474125862122,32.06
1785956123086,0.2245210111141204,-0.0146065661683678,-0.0049083433113992,-0.9743474125862122,32.07
1785956123096,0.2245210111141204,-0.0146065661683678,-0.0049083433113992,-0.9743474125862122,32.08
1785956123106,0.2245210111141204,-0.0146065661683678,-0.0049083433113992,-0.9743474125862122,32.09
1785956123117,0.225139170885086,-0.0146034490317106,-0.0049176099710166,-0.9742047786712646,32.101
1785956123126,0.225139170885086,-0.0146034490317106,-0.0049176099710166,-0.9742047786712646,32.11
1785956123136,0.225139170885086,-0.0146034490317106,-0.0049176099710166,-0.9742047786712646,32.12
1785956123146,0.225139170885086,-0.0146034490317106,-0.0049176099710166,-0.9742047786712646,32.13
1785956123156,0.2270015627145767,-0.0145940193906426,-0.0049455245025455,-0.9737724661827089,32.14
1785956123165,0.2270015627145767,-0.0145940193906426,-0.0049455245025455,-0.9737724661827089,32.149
1785956123175,0.2270015627145767,-0.0145940193906426,-0.0049455245025455,-0.9737724661827089,32.159
1785956123186,0.2270015627145767,-0.0145940193906426,-0.0049455245025455,-0.9737724661827089,32.17
1785956123196,0.2279711067676544,-0.01458908803761,-0.0049600545316934,-0.9735459685325624,32.18
1785956123205,0.2279711067676544,-0.01458908803761,-0.0049600545316934,-0.9735459685325624,32.189
1785956123215,0.2279711067676544,-0.01458908803761,-0.0049600545316934,-0.9735459685325624,32.199
1785956123225,0.2279711067676544,-0.01458908803761,-0.0049600545316934,-0.9735459685325624,32.209
1785956123235,0.228434756398201,-0.0145867234095931,-0.0049670026637613,-0.973437249660492,32.219
1785956123246,0.228434756398201,-0.0145867234095931,-0.0049670026637613,-0.973437249660492,32.23
1785956123254,0.228434756398201,-0.0145867234095931,-0.0049670026637613,-0.973437249660492,32.238
1785956123265,0.228434756398201,-0.0145867234095931,-0.0049670026637613,-0.973437249660492,32.249
1785956123275,0.2286254465579986,-0.0145857501775026,-0.0049698604270815,-0.9733924865722656,32.259
1785956123285,0.2286254465579986,-0.0145857501775026,-0.0049698604270815,-0.9733924865722656,32.269
1785956123294,0.2286254465579986,-0.0145857501775026,-0.0049698604270815,-0.9733924865722656,32.278
1785956123304,0.2286254465579986,-0.0145857501775026,-0.0049698604270815,-0.9733924865722656,32.288
1785956123315,0.2285985201597213,-0.0145858880132436,-0.0049694571644067,-0.9733988046646118,32.299
1785956123325,0.2285985201597213,-0.0145858880132436,-0.0049694571644067,-0.9733988046646118,32.309
1785956123335,0.2285985201597213,-0.0145858880132436,-0.0049694571644067,-0.9733988046646118,32.319
1785956123344,0.2285985201597213,-0.0145858880132436,-0.0049694571644067,-0.9733988046646118,32.328
1785956123354,0.2295844107866287,-0.0145808476954698,-0.004984229337424,-0.9731667637825012,32.338
1785956123364,0.2295844107866287,-0.0145808476954698,-0.004984229337424,-0.9731667637825012,32.348
1785956123375,0.2295844107866287,-0.0145808476954698,-0.004984229337424,-0.9731667637825012,32.359
1785956123383,0.2295844107866287,-0.0145808476954698,-0.004984229337424,-0.9731667637825012,32.367
1785956123394,0.2295844107866287,-0.0145808476954698,-0.004984229337424,-0.9731667637825012,32.378
1785956123404,0.2315299659967422,-0.0145708508789539,-0.0050133760087192,-0.9727057218551636,32.388
1785956123414,0.2315299659967422,-0.0145708508789539,-0.0050133760087192,-0.9727057218551636,32.398
1785956123424,0.2315299659967422,-0.0145708508789539,-0.0050133760087192,-0.9727057218551636,32.408
1785956123433,0.2315299659967422,-0.0145708508789539,-0.0050133760087192,-0.9727057218551636,32.417
1785956123443,0.232817456126213,-0.0145642012357711,-0.0050326604396104,-0.9723983407020568,32.427
1785956123454,0.232817456126213,-0.0145642012357711,-0.0050326604396104,-0.9723983407020568,32.438
1785956123464,0.232817456126213,-0.0145642012357711,-0.0050326604396104,-0.9723983407020568,32.448
1785956123473,0.232817456126213,-0.0145642012357711,-0.0050326604396104,-0.9723983407020568,32.457
1785956123483,0.2328428775072097,-0.0145640708506107,-0.0050330408848822,-0.9723923206329346,32.467
1785956123493,0.2328428775072097,-0.0145640708506107,-0.0050330408848822,-0.9723923206329346,32.477
1785956123503,0.2328428775072097,-0.0145640708506107,-0.0050330408848822,-0.9723923206329346,32.487
1785956123514,0.2328428775072097,-0.0145640708506107,-0.0050330408848822,-0.9723923206329346,32.498
1785956123523,0.2341165989637375,-0.0145574649795889,-0.0050521166995167,-0.9720864295959472,32.507
1785956123533,0.2341165989637375,-0.0145574649795889,-0.0050521166995167,-0.9720864295959472,32.517
1785956123543,0.2341165989637375,-0.0145574649795889,-0.0050521166995167,-0.9720864295959472,32.527
1785956123553,0.2341165989637375,-0.0145574649795889,-0.0050521166995167,-0.9720864295959472,32.537
1785956123562,0.2337595373392105,-0.014559319242835,-0.0050467690452933,-0.9721723794937134,32.546
1785956123572,0.2337595373392105,-0.014559319242835,-0.0050467690452933,-0.9721723794937134,32.556
1785956123583,0.2337595373392105,-0.014559319242835,-0.0050467690452933,-0.9721723794937134,32.567
1785956123593,0.2337595373392105,-0.014559319242835,-0.0050467690452933,-0.9721723794937134,32.577
1785956123603,0.2338494956493377,-0.0145588526502251,-0.0050481157377362,-0.97215074300766,32.587
1785956123612,0.2338494956493377,-0.0145588526502251,-0.0050481157377362,-0.97215074300766,32.596
1785956123622,0.2338494956493377,-0.0145588526502251,-0.0050481157377362,-0.97215074300766,32.606
1785956123632,0.2338494956493377,-0.0145588526502251,-0.0050481157377362,-0.97215074300766,32.616
1785956123643,0.2338217049837112,-0.014558995142579,-0.0050476994365453,-0.9721572995185852,32.627
1785956123651,0.2338217049837112,-0.014558995142579,-0.0050476994365453,-0.9721572995185852,32.635
1785956123662,0.2338217049837112,-0.014558995142579,-0.0050476994365453,-0.9721572995185852,32.646
1785956123672,0.2338217049837112,-0.014558995142579,-0.0050476994365453,-0.9721572995185852,32.656
1785956123682,0.2341850101947784,-0.0145571073517203,-0.0050531397573649,-0.9720698595046996,32.666
1785956123691,0.2341850101947784,-0.0145571073517203,-0.0050531397573649,-0.9720698595046996,32.675
1785956123701,0.2341850101947784,-0.0145571073517203,-0.0050531397573649,-0.9720698595046996,32.685
1785956123711,0.2341850101947784,-0.0145571073517203,-0.0050531397573649,-0.9720698595046996,32.695
1785956123722,0.2346280664205551,-0.0145548041909933,-0.0050597749650478,-0.971963107585907,32.706
1785956123732,0.2346280664205551,-0.0145548041909933,-0.0050597749650478,-0.971963107585907,32.716
1785956123741,0.2346280664205551,-0.0145548041909933,-0.0050597749650478,-0.971963107585907,32.725
1785956123751,0.2346280664205551,-0.0145548041909933,-0.0050597749650478,-0.971963107585907,32.735
1785956123761,0.2346280664205551,-0.0145548041909933,-0.0050597749650478,-0.971963107585907,32.745
1785956123772,0.2336810231208801,-0.0145597271621227,-0.0050455927848815,-0.9721912145614624,32.756
1785956123780,0.2336810231208801,-0.0145597271621227,-0.0050455927848815,-0.9721912145614624,32.764
1785956123791,0.2336810231208801,-0.0145597271621227,-0.0050455927848815,-0.9721912145614624,32.775
1785956123801,0.2336810231208801,-0.0145597271621227,-0.0050455927848815,-0.9721912145614624,32.785
1785956123811,0.2340382635593414,-0.014557871967554,-0.0050509427674114,-0.9721052646636964,32.795
