DataRate=100.000000
DataType=Quaternion
version=3
OpenSimVersion=4.5
endheader
time	torso_imu
0.000	0.6691582798957825,0.0025649946182966232,0.7431155443191528,0.0
0.008	0.6691610813140869,0.0026017299387604,0.7431128621101379,-4.6274821215774864e-05
0.019	0.6692865490913391,0.0027680243365466595,0.7429993152618408,2.3223103198688477e-05
0.029	0.6695547103881836,0.0030264833476394415,0.7427566051483154,3.472657044767402e-05
0.039	0.6694065928459167,0.0032550226897001266,0.7428891658782959,0.00012708344729617238
0.048	0.6693911552429199,0.0032584439031779766,0.7429029941558838,0.00013081029464956373
0.058	0.6697880029678345,0.003289853921160102,0.7425451874732971,-5.7182289310730994e-05
0.068	0.6701928377151489,0.003393550170585513,0.742179274559021,-0.00018648030527401716
0.079	0.6703706979751587,0.003541083075106144,0.742017924785614,-0.00020648262579925358
0.089	0.670589029788971,0.0037886984646320343,0.7418192625045776,-0.00026271885144524276
0.098	0.6708750128746033,0.004057597368955612,0.7415593862533569,-0.0002787097473628819
0.108	0.6711516976356506,0.004367658402770758,0.7413070797920227,-0.00040473148692399263
0.118	0.67170250415802,0.004810027312487364,0.7408051490783691,-0.000514517945703119
0.128	0.6723591089248657,0.005658927373588085,0.740203320980072,-0.0004660760750994086
0.137	0.6726657152175903,0.006586018949747086,0.7399171590805054,-0.0004020476480945945
0.148	0.6728649139404297,0.007461609318852425,0.7397276759147644,-0.00022300115961115807
0.158	0.6731637120246887,0.008129853755235672,0.7394487857818604,-2.972653783217538e-05
0.168	0.6734392642974854,0.00855040643364191,0.7391930222511292,0.00019932030409108847
0.178	0.6736449003219604,0.008909051306545734,0.7390015125274658,0.0003660634974949062
0.187	0.673801839351654,0.009161676280200481,0.7388551235198975,0.00043673659092746675
0.197	0.6737969517707825,0.009400644339621067,0.7388566732406616,0.00044025908573530614
0.208	0.6734827160835266,0.009399861097335815,0.7391431331634521,0.00044340992462821305
0.218	0.6730036735534668,0.009398016147315502,0.7395792603492737,0.00044726135092787445
0.227	0.6720300316810608,0.009228630922734737,0.740466296672821,0.0005325016099959612
0.237	0.6711408495903015,0.009084233082830906,0.7412739396095276,0.0006969571113586426
0.247	0.6705162525177002,0.008957580663263798,0.7418404817581177,0.000731622043531388
0.257	0.6703189015388489,0.00898837111890316,0.7420183420181274,0.0008379148202948272
0.268	0.6700717210769653,0.008854015730321407,0.7422429323196411,0.000943225808441639
0.276	0.6698165535926819,0.00873261597007513,0.7424743175506592,0.0011824978282675147
0.287	0.6694110631942749,0.008547642268240452,0.7428415417671204,0.0014448954025283456
0.297	0.6693919897079468,0.006196174304932356,0.742883563041687,0.00011823998647741973
0.307	0.6693252921104431,0.004730091895908117,0.742954432964325,-0.00019680520927067846
0.316	0.6699625253677368,0.0038490158040076494,0.7423844933509827,-0.0008442027028650045
0.326	0.6706434488296509,0.0033764198888093233,0.7417709231376648,-0.0013948327396064997
0.336	0.6713520884513855,0.0032676795963197947,0.7411289811134338,-0.0018996718572452664
0.347	0.67198646068573,0.0029837503097951412,0.7405523657798767,-0.0027196803130209446
0.356	0.6722888350486755,0.002473643748089671,0.7402764558792114,-0.0035199804697185755
0.366	0.6727088093757629,0.0019491524435579777,0.7398953437805176,-0.003738946281373501
0.376	0.6735574007034302,0.001620142487809062,0.7391226291656494,-0.0039400747045874596
0.386	0.6742149591445923,0.001523676561191678,0.7385225296020508,-0.004026097245514393
0.397	0.6749069094657898,0.0010904076043516397,0.7378909587860107,-0.004041245672851801
0.405	0.6753180623054504,0.0005804352695122361,0.7375165224075317,-0.0038143093697726727
0.416	0.6758764386177063,0.00023325931397266686,0.7370057702064514,-0.0036803740076720715
0.426	0.6764770746231079,-5.3991101594874635e-05,0.7364551424980164,-0.0035341493785381317
0.436	0.6768007874488831,-0.00039558846037834883,0.7361581325531006,-0.003460589097812772
0.445	0.6770945191383362,-0.0005291456473059952,0.735887885093689,-0.003414544742554426
0.455	0.6773659586906433,-0.0004539164947345853,0.7356385588645935,-0.0033428070601075888
0.465	0.6775006055831909,-0.00040025063208304346,0.735514760017395,-0.003292638575658202
0.476	0.6775721907615662,-0.0004642157000489533,0.7354496717453003,-0.003089578589424491
0.486	0.67754727602005,-0.0002688690146896988,0.7354738712310791,-0.0028057678136974573
0.496	0.6774426698684692,0.0002216496504843235,0.7355722784996033,-0.002169588813558221
0.505	0.6771233677864075,0.0005585749167948961,0.735867440700531,-0.0016390985110774636
0.515	0.6769842505455017,0.0006929661612957716,0.7359954118728638,-0.0016074144514277577
0.525	0.6771096587181091,0.0006516706780530512,0.7358800768852234,-0.0016449460526928306
0.534	0.6771018505096436,0.0005866916035301983,0.7358871698379517,-0.0017052232287824154
0.544	0.6772620677947998,0.0006589302211068571,0.7357390522956848,-0.001928249723277986
0.555	0.6774943470954895,0.0009215678437612951,0.7355241775512695,-0.0022156366612762213
0.565	0.6775813698768616,0.0012252179440110922,0.7354435324668884,-0.0022222453262656927
0.575	0.6773582696914673,0.001286243088543415,0.7356497049331665,-0.0019074362935498357
0.584	0.6772564649581909,0.001264398219063878,0.7357439398765564,-0.0017472330946475267
0.594	0.6771969199180603,0.0010230618063360453,0.7357996702194214,-0.0014843096723780036
0.605	0.6769900918006897,0.0005020970129407942,0.7359912395477295,-0.00103515456430614
0.615	0.6769273281097412,1.9897413949365728e-05,0.7360495328903198,-0.0006593192229047418
0.625	0.676572859287262,-0.00034677761141210794,0.736375629901886,-0.00016347182099707425
0.634	0.6761219501495361,-0.0008446922292932868,0.7367891073226929,0.0003611514111980796
0.644	0.6760013103485107,-0.0011783636873587966,0.736899197101593,0.0006189009873196483
0.654	0.6757584810256958,-0.0014420095831155777,0.7371212840080261,0.0007835694123059511
0.665	0.6756601929664612,-0.0016427242662757635,0.7372109889984131,0.0008412525057792664
0.673	0.6758609414100647,-0.0016824541380628943,0.7370267510414124,0.000875782105140388
0.684	0.676057755947113,-0.0015806164592504501,0.736846387386322,0.0009693682077340782
0.694	0.6761367321014404,-0.0014547548489645123,0.7367740273475647,0.0010852233972400427
0.704	0.676304042339325,-0.00150423520244658,0.7366203665733337,0.001040715491399169
0.713	0.6763474345207214,-0.001562148449011147,0.736580491065979,0.0009882748126983643
0.723	0.6761157512664795,-0.0017216945998370647,0.7367927432060242,0.0010137208737432957
0.733	0.6759485006332397,-0.0019265377195551991,0.7369456887245178,0.001021202770061791
0.744	0.6755924820899963,-0.002161270473152399,0.7372714877128601,0.0009985404321923852
0.754	0.675439178943634,-0.002299875719472766,0.7374114990234375,0.00097842316608876
0.763	0.6752734780311584,-0.002444551093503833,0.7375629544258118,0.0008454383350908756
0.773	0.6749703884124756,-0.002615175908431411,0.737839937210083,0.0004741997690871358
0.783	0.6749703884124756,-0.0026800211053341627,0.7378398776054382,0.0002771031577140093
0.794	0.6751905083656311,-0.0028131678700447083,0.7376380562782288,0.00015582380001433194
0.802	0.6751434206962585,-0.0030528714414685965,0.737680196762085,0.00020743640197906643
0.813	0.6753426790237427,-0.0032975291833281517,0.7374967336654663,0.00031966526876203716
0.823	0.6752210855484009,-0.0033976358827203512,0.7376072406768799,0.000605605251621455
0.833	0.6751166582107544,-0.003399909008294344,0.7377026081085205,0.0009135130094364285
0.843	0.6752162575721741,-0.003463557455688715,0.7376107573509216,0.001212079543620348
0.852	0.6754359602928162,-0.0036453737411648035,0.7374081611633301,0.0014103009598329663
0.862	0.6754155158996582,-0.003841281635686755,0.7374255061149597,0.0016311955405399203
0.873	0.6753156781196594,-0.004020608961582184,0.7375156283378601,0.00183116365224123
0.883	0.6751319169998169,-0.004343265667557716,0.7376819849014282,0.0018747842404991388
0.892	0.674775242805481,-0.004799625836312771,0.7380053997039795,0.0018350869650021195
0.902	0.6745620965957642,-0.0053481655195355415,0.7381971478462219,0.0015266038244590163
0.912	0.6744005680084229,-0.006014977116137743,0.7383405566215515,0.0009169101249426603
0.922	0.6742357015609741,-0.006580157205462456,0.7384868264198303,0.0003995162551291287
0.931	0.6740928292274475,-0.007274995092302561,0.7386108636856079,-3.51636263076216e-05
0.941	0.6737872958183289,-0.007827390916645527,0.7388838529586792,-0.0003443390887696296
0.952	0.673128604888916,-0.0082043232396245,0.7394797801971436,-0.0002934924850706011
0.962	0.6725579500198364,-0.008595490828156471,0.7399945855140686,-2.6461701054358855e-05
0.972	0.6723151206970215,-0.00915026105940342,0.7402084469795227,0.0001912934530992061
0.981	0.6723271012306213,-0.009693002328276634,0.7401907444000244,0.00037839545984752476
0.991	0.6723951697349548,-0.010423562489449978,0.7401187419891357,0.00059008743846789
1.002	0.672048807144165,-0.011103356257081032,0.7404230833053589,0.0007501639192923903
1.012	0.671852171421051,-0.011284935288131237,0.7405989766120911,0.0005762486252933741
1.021	0.6718518733978271,-0.011341411620378494,0.740598738193512,9.724339179228991e-05
1.031	0.6722639203071594,-0.013153525069355965,0.7401929497718811,0.0016081159701570868
1.041	0.6724861860275269,-0.013587781228125095,0.7399832010269165,0.0016367656644433737
1.051	0.6733801364898682,-0.013443629257380962,0.7391737103462219,0.000807887758128345
1.062	0.6741653680801392,-0.013560201972723007,0.7384558320045471,0.00038050199509598315
1.072	0.6747169494628906,-0.013967083767056465,0.7379442453384399,0.00030742838862352073
1.081	0.6755538582801819,-0.014854904264211655,0.7371606230735779,0.0007879676995798945
1.091	0.6768812537193298,-0.016271304339170456,0.7359101176261902,0.001786004169844091
1.101	0.6785140037536621,-0.018151817843317986,0.7343560457229614,0.0032500745728611946
1.110	0.6807053685188293,-0.02036876045167446,0.7322570085525513,0.005002432502806187
1.120	0.6831545233726501,-0.022622691467404366,0.7298911213874817,0.006850737612694502
1.130	0.6853953003883362,-0.02484150044620037,0.7276948094367981,0.008738677017390728
1.141	0.6878414750099182,-0.027057649567723274,0.7252786755561829,0.010619022883474827
1.151	0.6908290982246399,-0.02918962948024273,0.7223219275474548,0.012417290359735489
1.160	0.693278431892395,-0.03143659234046936,0.7198461294174194,0.014084824360907078
1.170	0.6957092881202698,-0.0340888537466526,0.7173345685005188,0.016049310564994812
1.180	0.6986044049263,-0.03723093867301941,0.7142967581748962,0.018596814945340157
1.190	0.7020903825759888,-0.04095171391963959,0.7105792760848999,0.021659882739186287
1.199	0.7056954503059387,-0.04513968527317047,0.7066358327865601,0.024942759424448013
1.210	0.708954930305481,-0.04934394359588623,0.7029670476913452,0.02802569419145584
1.220	0.7119658589363098,-0.05355658382177353,0.6994897723197937,0.03082829713821411
1.230	0.714584469795227,-0.05749213322997093,0.6963892579078674,0.033252403140068054
1.240	0.7168276309967041,-0.061018265783786774,0.693686306476593,0.03513230010867119
1.249	0.7182491421699524,-0.06419356912374496,0.6918513178825378,0.03659523278474808
1.259	0.7194907069206238,-0.06715597957372665,0.6902210712432861,0.03765707463026047
1.270	0.7198202610015869,-0.06999190151691437,0.6895574331283569,0.03834692761301994
1.280	0.7203649282455444,-0.07312919199466705,0.6886112093925476,0.039257679134607315
1.289	0.7213907837867737,-0.07655920833349228,0.6870718598365784,0.040819671005010605
1.299	0.7224970459938049,-0.07992792874574661,0.6854233145713806,0.042478855699300766
1.309	0.7236917018890381,-0.08132662624120712,0.6840646862983704,0.041374463587999344
1.319	0.7252996563911438,-0.0812973901629448,0.6824440956115723,0.04001348465681076
1.330	0.7265499234199524,-0.0801817774772644,0.6813912391662598,0.037445344030857086
1.338	0.7272267937660217,-0.07934170961380005,0.6808916330337524,0.035110220313072205
1.349	0.7277194857597351,-0.07686223089694977,0.6808215975761414,0.03159695491194725
1.359	0.7279101014137268,-0.07412471622228622,0.6810427308082581,0.028867080807685852
1.369	0.7272241115570068,-0.07160476595163345,0.6821262240409851,0.026863543316721916
1.378	0.7267332077026367,-0.0706629604101181,0.68276047706604,0.026529252529144287
1.388	0.7261149287223816,-0.07125914096832275,0.6833258867263794,0.02729429118335247
1.398	0.725701630115509,-0.07300420105457306,0.6835080981254578,0.029055330902338028
1.409	0.7254617810249329,-0.07496540993452072,0.6834696531295776,0.030896779149770737
1.418	0.7251399755477905,-0.07607755810022354,0.6836493611335754,0.031745392829179764
1.428	0.7250736355781555,-0.07670731842517853,0.6836215853691101,0.03233913332223892
1.438	0.7252443432807922,-0.07663757354021072,0.6834381222724915,0.03255447745323181
1.448	0.7253960371017456,-0.07604652643203735,0.6833462715148926,0.03248576447367668
1.459	0.7253947257995605,-0.07514981925487518,0.6834551692008972,0.03231244906783104
1.467	0.7251361608505249,-0.074338398873806,0.6838280558586121,0.03210005909204483
1.478	0.724936842918396,-0.07372055947780609,0.6841086149215698,0.03205238655209541
1.488	0.7249526977539062,-0.07332214713096619,0.684136688709259,0.03200825676321983
1.498	0.7249571681022644,-0.07298669964075089,0.6841638088226318,0.03208848834037781
1.507	0.725005030632019,-0.07283837348222733,0.6841214895248413,0.03224878013134003
1.517	0.7251228094100952,-0.07284419983625412,0.6839880347251892,0.03241812810301781
1.527	0.7252296209335327,-0.07273810356855392,0.6838804483413696,0.032536886632442474
1.538	0.7252351641654968,-0.0725342407822609,0.6838958263397217,0.03254657983779907
1.548	0.7249536514282227,-0.07232678681612015,0.6842223405838013,0.03241885453462601
1.558	0.7245399951934814,-0.0719892829656601,0.6847063899040222,0.032195158302783966
1.567	0.7244567275047302,-0.07154577225446701,0.6848465204238892,0.032078057527542114
1.577	0.7242439389228821,-0.07131846994161606,0.6850963234901428,0.03205433115363121
1.587	0.7238731980323792,-0.07201770693063736,0.6854023337364197,0.03232039138674736
1.596	0.7236607074737549,-0.07246304303407669,0.6855850219726562,0.03221265599131584
1.607	0.7231751084327698,-0.07296522706747055,0.6860697865486145,0.031654033809900284
1.617	0.7224267721176147,-0.07320940494537354,0.6868753433227539,0.030694423243403435
1.627	0.7219981551170349,-0.0733010470867157,0.6873732805252075,0.029386818408966064
1.637	0.7215457558631897,-0.07349010556936264,0.6878821849822998,0.02808968536555767
1.646	0.7210856080055237,-0.07401208579540253,0.6883524656295776,0.026993412524461746
1.656	0.7209262847900391,-0.07477305829524994,0.688468337059021,0.026183664798736572
1.667	0.721011221408844,-0.07545477896928787,0.6883265972137451,0.025611266493797302
1.677	0.7212173342704773,-0.07592961937189102,0.6880762577056885,0.02512715756893158
1.686	0.72161865234375,-0.0764542892575264,0.6876112818717957,0.02473457343876362
1.696	0.7216073274612427,-0.07734392583370209,0.6875354647636414,0.024408914148807526
1.706	0.7213389277458191,-0.0785188302397728,0.6876878142356873,0.024299371987581253
1.716	0.7209098935127258,-0.07919880002737045,0.688064694404602,0.024155139923095703
1.727	0.7212900519371033,-0.07964623719453812,0.6876167058944702,0.024089230224490166
1.735	0.7213101983070374,-0.0806015208363533,0.6874739527702332,0.024383142590522766
1.746	0.7212958335876465,-0.08093473315238953,0.6874564290046692,0.02419731765985489
1.756	0.7209874987602234,-0.08078031241893768,0.6878154873847961,0.023699212819337845
1.766	0.7206180095672607,-0.08079301565885544,0.6882023811340332,0.023655837401747704
1.775	0.7203697562217712,-0.0806170254945755,0.6884828805923462,0.023659994825720787
1.785	0.7202019691467285,-0.08066455274820328,0.6886450052261353,0.02387905679643154
1.795	0.7199961543083191,-0.08055417239665985,0.6888697743415833,0.023978183045983315
1.806	0.7197954058647156,-0.07976076751947403,0.6891992688179016,0.023175541311502457
1.816	0.7192460298538208,-0.07897136360406876,0.6898914575576782,0.022325299680233
1.825	0.7184816598892212,-0.07873977720737457,0.690711259841919,0.022406576201319695
1.835	0.718228816986084,-0.07856497168540955,0.6909751892089844,0.022979971021413803
1.845	0.7182103991508484,-0.07860259711742401,0.6909552216529846,0.024008972570300102
1.856	0.7180330753326416,-0.07766645401716232,0.6912264823913574,0.024542344734072685
1.864	0.7177678346633911,-0.07642481476068497,0.691633403301239,0.02473308891057968
1.875	0.7175193428993225,-0.07501842826604843,0.6920265555381775,0.025246158242225647
1.885	0.7173472046852112,-0.07326105982065201,0.6923820376396179,0.025551827624440193
1.895	0.717068612575531,-0.07165063172578812,0.6928302645683289,0.025789720937609673
1.905	0.7172261476516724,-0.07044514268636703,0.6927767992019653,0.026162806898355484
1.914	0.7170485854148865,-0.06951013207435608,0.6930557489395142,0.026143157854676247
1.924	0.7166085243225098,-0.06883569806814194,0.6935928463935852,0.0257461816072464
1.935	0.716162919998169,-0.06839675456285477,0.6941062808036804,0.025476353242993355
1.945	0.7158752679824829,-0.06785305589437485,0.6944646239280701,0.025247076526284218
1.954	0.7155294418334961,-0.06737463176250458,0.6948834657669067,0.024804584681987762
1.964	0.7151512503623962,-0.06732429563999176,0.6952809691429138,0.02470516413450241
1.974	0.7147047519683838,-0.0669274553656578,0.6957829594612122,0.024573158472776413
1.984	0.7143781185150146,-0.06652083992958069,0.6961632370948792,0.0244024395942688
1.993	0.715085506439209,-0.06359100341796875,0.695791482925415,0.02198185957968235
2.003	0.7149335145950317,-0.06281139701604843,0.6960228681564331,0.021838441491127014
2.014	0.7150557041168213,-0.06202176958322525,0.695975661277771,0.02160031348466873
2.024	0.7148075699806213,-0.06113537400960922,0.6963189244270325,0.02127210609614849
2.034	0.7142065167427063,-0.06018003448843956,0.6970329284667969,0.020799046382308006
2.044	0.7140114307403564,-0.05940518528223038,0.6973032355308533,0.020662926137447357
2.053	0.7142712473869324,-0.058785587549209595,0.6970873475074768,0.02073941007256508
2.064	0.714542806148529,-0.05834466591477394,0.6968379616737366,0.021008282899856567
2.074	0.7144955396652222,-0.05820033699274063,0.6968833804130554,0.021507006138563156
2.084	0.7144455909729004,-0.05803375318646431,0.6969364881515503,0.021891869604587555
2.093	0.7141663432121277,-0.0578230619430542,0.6972242593765259,0.022385934367775917
2.103	0.714139461517334,-0.05784720554947853,0.6972348690032959,0.022850027307868004
2.113	0.7142350673675537,-0.058077163994312286,0.6970953941345215,0.02352377027273178
2.124	0.7142372131347656,-0.05858951061964035,0.6970242261886597,0.02428024634718895
2.134	0.7143398523330688,-0.0592176727950573,0.6968499422073364,0.02473953738808632
2.143	0.7141966223716736,-0.05981721356511116,0.6969305276870728,0.025158019736409187
2.153	0.7139543294906616,-0.060611702501773834,0.6970872282981873,0.02578635700047016
2.163	0.7137061953544617,-0.06166008114814758,0.6972199082374573,0.026568563655018806
2.172	0.7135130167007446,-0.06244150176644325,0.6973232626914978,0.027212565764784813
2.182	0.7131167650222778,-0.06257545948028564,0.6977168321609497,0.027206474915146828
2.192	0.7129716873168945,-0.06227381154894829,0.6978979706764221,0.02705291286110878
2.203	0.7132228016853333,-0.06201756373047829,0.6976532936096191,0.02732762135565281
2.213	0.713078498840332,-0.06171427667140961,0.6978158354759216,0.02763121947646141
2.222	0.7130704522132874,-0.06151225045323372,0.6978336572647095,0.02783765271306038
2.232	0.7130196690559387,-0.06178281083703041,0.6978335380554199,0.02853371389210224
2.242	0.713040828704834,-0.062206462025642395,0.697746217250824,0.02921317331492901
2.252	0.713036298751831,-0.06232926994562149,0.6977388858795166,0.029237834736704826
2.261	0.7131515145301819,-0.06238251551985741,0.6976224780082703,0.0290907584130764
2.272	0.7132864594459534,-0.062286823987960815,0.6975110173225403,0.02865389548242092
2.282	0.71322101354599,-0.06236974149942398,0.6975830793380737,0.028348077088594437
2.292	0.712978184223175,-0.06250118464231491,0.6978318691253662,0.028045928105711937
2.302	0.7128198146820068,-0.0626661404967308,0.6979815363883972,0.027976373210549355
2.311	0.7122811079025269,-0.06277329474687576,0.6985207200050354,0.028001416474580765
2.321	0.7118701934814453,-0.06293656677007675,0.6989227533340454,0.0280473455786705
2.332	0.7112902998924255,-0.06311392784118652,0.6994972229003906,0.028040530160069466
2.342	0.7108913064002991,-0.06332430988550186,0.6998775601387024,0.028198983520269394
2.351	0.7108131051063538,-0.06347078830003738,0.6999461054801941,0.02813657373189926
2.361	0.7107369899749756,-0.06374743580818176,0.6999929547309875,0.028268983587622643
2.371	0.7108707427978516,-0.06397371739149094,0.6998350024223328,0.028306439518928528
2.381	0.7109195590019226,-0.06406158208847046,0.6997835636138916,0.02815205417573452
2.392	0.7107794284820557,-0.0639529600739479,0.6999502778053284,0.02778840810060501
2.400	0.7107635140419006,-0.06391141563653946,0.6999827027320862,0.02747456543147564
2.411	0.7107563018798828,-0.06392738968133926,0.7000026702880859,0.02711394988000393
2.421	0.710690975189209,-0.06391749531030655,0.7000863552093506,0.026684479787945747
2.431	0.7103428244590759,-0.0638158917427063,0.7004664540290833,0.026217125356197357
2.440	0.7100121378898621,-0.06388983130455017,0.7008108496665955,0.025783846154808998
2.450	0.7096114158630371,-0.06418277323246002,0.7011898756027222,0.025784028694033623
2.461	0.7091892957687378,-0.06433781236410141,0.7015988826751709,0.025890253484249115
2.471	0.7089511752128601,-0.06436029076576233,0.7018284797668457,0.026130815967917442
2.481	0.7086622714996338,-0.06417616456747055,0.7021352052688599,0.026181204244494438
2.490	0.7085621356964111,-0.06373964250087738,0.7022889256477356,0.025827493518590927
2.500	0.7085477113723755,-0.06326281279325485,0.7023637890815735,0.025356857106089592
2.510	0.7083606719970703,-0.06271088868379593,0.7026167511940002,0.024945830926299095
2.521	0.7084923982620239,-0.06242429092526436,0.7025159001350403,0.02476535178720951
2.529	0.708497941493988,-0.06236088648438454,0.7025180459022522,0.024702485650777817
2.540	0.7083315253257751,-0.06236673891544342,0.7026858925819397,0.024687714874744415
2.550	0.7082207202911377,-0.062467120587825775,0.7027884125709534,0.024692663922905922
2.560	0.7081806063652039,-0.062463562935590744,0.7028282880783081,0.024716906249523163
2.569	0.7079037427902222,-0.062402062118053436,0.7031163573265076,0.024612030014395714
2.579	0.7077154517173767,-0.06238248571753502,0.7033107280731201,0.02452428825199604
2.589	0.7076992988586426,-0.062472812831401825,0.7033157348632812,0.02461380325257778
2.600	0.707659900188446,-0.06276221573352814,0.7033188343048096,0.02492101863026619
2.610	0.7075595259666443,-0.0628981664776802,0.7033933401107788,0.025321917608380318
2.620	0.7075721025466919,-0.06317070126533508,0.7033330202102661,0.025958646088838577
2.629	0.7076017260551453,-0.06338608264923096,0.7032677531242371,0.026392972096800804
2.639	0.707649290561676,-0.06331214308738708,0.7032234072685242,0.026476452127099037
2.649	0.707572877407074,-0.06301537156105042,0.7033385038375854,0.0261622853577137
2.660	0.707455039024353,-0.06254903972148895,0.7035120725631714,0.025802744552493095
2.669	0.7075591087341309,-0.06232738122344017,0.7034345269203186,0.025601927191019058
2.679	0.7076323628425598,-0.062322165817022324,0.7033607363700867,0.0256149061024189
2.689	0.7075185775756836,-0.06230588257312775,0.7034709453582764,0.025772089138627052
2.699	0.7073297500610352,-0.06216666102409363,0.7036679983139038,0.02590937353670597
2.708	0.7070645689964294,-0.06203068792819977,0.7039417028427124,0.02603900618851185
2.718	0.7069264650344849,-0.06192980706691742,0.7040798664093018,0.02629140205681324
2.729	0.7068496346473694,-0.061885133385658264,0.704159140586853,0.02634003944694996
2.739	0.706751823425293,-0.0618741549551487,0.7042576670646667,0.026355957612395287
2.748	0.7066922783851624,-0.06210746243596077,0.7042862176895142,0.026640789583325386
2.758	0.7067688703536987,-0.06226063147187233,0.7041888236999512,0.026819845661520958
2.768	0.7067165970802307,-0.06240476667881012,0.7042186856269836,0.027079764753580093
2.778	0.7066157460212708,-0.0625767931342125,0.704289972782135,0.027457965537905693
2.789	0.7064821720123291,-0.06271534413099289,0.7043973803520203,0.027822639793157578
2.797	0.7062907814979553,-0.06275028735399246,0.7045766711235046,0.028065131977200508
2.808	0.7061518430709839,-0.06256686896085739,0.7047355771064758,0.02797788195312023
2.818	0.7060914635658264,-0.06245158240199089,0.7048102617263794,0.02787855453789234
2.828	0.7058529257774353,-0.062247779220342636,0.7050822377204895,0.02749568596482277
2.837	0.7057905793190002,-0.06220436468720436,0.7051567435264587,0.027282899245619774
2.847	0.7056196928024292,-0.06206917390227318,0.7053447961807251,0.027146458625793457
2.857	0.7052414417266846,-0.06184330955147743,0.7057462930679321,0.02705768309533596
2.868	0.7052391767501831,-0.061693448573350906,0.7057624459266663,0.02703768201172352
2.878	0.7052693963050842,-0.061714380979537964,0.7057279944419861,0.027101442217826843
2.887	0.7051749229431152,-0.06163401156663895,0.7058315873146057,0.02704566717147827
2.897	0.7051612734794617,-0.06152282655239105,0.705865740776062,0.026762772351503372
2.907	0.7053336501121521,-0.06158836558461189,0.7056996822357178,0.026446150615811348
2.918	0.7053660750389099,-0.061534952372312546,0.7056854963302612,0.026080681011080742
2.926	0.7051377296447754,-0.0616048201918602,0.705910325050354,0.026005171239376068
2.937	0.7050305008888245,-0.06172912195324898,0.7060059905052185,0.026022274047136307
2.947	0.7049601674079895,-0.06191112473607063,0.706054151058197,0.026188721880316734
2.957	0.7048526406288147,-0.062085360288619995,0.7061372399330139,0.026423020288348198
2.967	0.7045629024505615,-0.06221971660852432,0.7064033150672913,0.02672623284161091
2.976	0.7042739391326904,-0.06228473410010338,0.706675112247467,0.027004580944776535
2.986	0.7044563293457031,-0.06241753697395325,0.7064799666404724,0.027042783796787262
2.997	0.704609751701355,-0.06253699958324432,0.7063103914260864,0.027201084420084953
3.007	0.7045284509658813,-0.06267508864402771,0.7063685059547424,0.027479499578475952
3.016	0.7043415904045105,-0.06257238239049911,0.7065598964691162,0.027581682428717613
3.026	0.7043393850326538,-0.0624709352850914,0.7065709233283997,0.02758474461734295
3.036	0.704393744468689,-0.06248551979660988,0.7065082788467407,0.02776642143726349
3.046	0.7042954564094543,-0.06257673352956772,0.7065912485122681,0.02794405072927475
3.055	0.7041977047920227,-0.06291431933641434,0.7066452503204346,0.02828480489552021
3.065	0.7042157053947449,-0.06370259076356888,0.7065256237983704,0.029048960655927658
3.076	0.7040942311286926,-0.06500496715307236,0.7064728140830994,0.030363351106643677
3.086	0.7037183046340942,-0.06648492068052292,0.7066428065299988,0.031878095120191574
3.096	0.703419029712677,-0.06794653087854385,0.7067299485206604,0.03343277424573898
3.107	0.7031081914901733,-0.06940130889415741,0.7068281173706055,0.03487550839781761
3.115	0.7028369307518005,-0.0713818222284317,0.7067975401878357,0.03690572828054428
3.126	0.702224850654602,-0.07371947914361954,0.7070388197898865,0.03926685452461243
3.136	0.7018800973892212,-0.07677122205495834,0.7068836092948914,0.04226135462522507
3.146	0.7015565633773804,-0.08095250278711319,0.7064806818962097,0.046370431780815125
3.155	0.7012056708335876,-0.0861559733748436,0.7058443427085876,0.051687292754650116
3.165	0.7006348371505737,-0.09233783930540085,0.705166220664978,0.05766410753130913
3.175	0.7001692056655884,-0.09923454374074936,0.704136073589325,0.06409436464309692
3.186	0.69923335313797,-0.10682836174964905,0.7032850980758667,0.07106704264879227
3.194	0.6979540586471558,-0.11571341753005981,0.7022563219070435,0.0794137641787529
3.205	0.6965422034263611,-0.1257530301809311,0.7008089423179626,0.08878016471862793
3.215	0.6948321461677551,-0.13649588823318481,0.6991720199584961,0.09866902232170105
3.225	0.6927074790000916,-0.14850673079490662,0.6971551179885864,0.1098950132727623
3.235	0.6901734471321106,-0.1619434654712677,0.6945523023605347,0.1226053461432457
3.244	0.6874328255653381,-0.17509303987026215,0.6916872262954712,0.13545185327529907
3.254	0.6851559281349182,-0.18824611604213715,0.6879735589027405,0.1477060317993164
3.265	0.6820403337478638,-0.20288614928722382,0.6837214231491089,0.16181223094463348
3.275	0.678947925567627,-0.21747133135795593,0.678898811340332,0.1755911111831665
3.284	0.6758676767349243,-0.2324618250131607,0.6729708313941956,0.19045911729335785
3.294	0.6718193888664246,-0.24729023873806,0.6671046614646912,0.20610082149505615
3.304	0.667368471622467,-0.26257288455963135,0.6602129936218262,0.22314465045928955
3.315	0.6622610092163086,-0.27645906805992126,0.654202938079834,0.23874525725841522
3.323	0.657745897769928,-0.28894472122192383,0.648247241973877,0.25230303406715393
3.334	0.653630256652832,-0.30114060640335083,0.6413375735282898,0.26602238416671753
3.344	0.6490663886070251,-0.3127291202545166,0.6346033215522766,0.2796283960342407
3.354	0.6428274512290955,-0.32616835832595825,0.6263186931610107,0.2968365252017975
3.364	0.6366459131240845,-0.34010934829711914,0.6162768006324768,0.3149767518043518
3.373	0.6298211812973022,-0.35496097803115845,0.60478675365448,0.3340076208114624
3.383	0.6219315528869629,-0.37011441588401794,0.5912095904350281,0.35593196749687195
3.394	0.6129288077354431,-0.3836507201194763,0.5786755681037903,0.37718042731285095
3.404	0.6023613214492798,-0.39730319380760193,0.5641430020332336,0.4013150632381439
3.413	0.5908326506614685,-0.41006171703338623,0.5503935217857361,0.42406731843948364
3.423	0.5808422565460205,-0.4208941161632538,0.5384754538536072,0.44217026233673096
3.433	0.5727853775024414,-0.43001195788383484,0.5292784571647644,0.4548306167125702
3.443	0.5645661950111389,-0.43876558542251587,0.519739031791687,0.46756941080093384
3.454	0.5557241439819336,-0.44778698682785034,0.5104495882987976,0.47968608140945435
3.462	0.5471487045288086,-0.4570174813270569,0.500635027885437,0.4910476803779602
3.473	0.538466215133667,-0.46489620208740234,0.4921134412288666,0.5017470121383667
3.483	0.5297630429267883,-0.4719102382659912,0.4851905107498169,0.5111183524131775
3.493	0.5224322080612183,-0.4781493842601776,0.4797823131084442,0.5179253816604614
3.502	0.5167598724365234,-0.48372682929039,0.4745960235595703,0.5231883525848389
3.512	0.5105543732643127,-0.48990124464035034,0.4676704406738281,0.5297313928604126
3.523	0.5022057294845581,-0.49752920866012573,0.458219051361084,0.5387850999832153
3.533	0.49330273270606995,-0.506195604801178,0.44790318608283997,0.5475410223007202
3.543	0.4837602972984314,-0.5150278210639954,0.4360182583332062,0.5573242902755737
3.552	0.4748436510562897,-0.5233339071273804,0.42416810989379883,0.5663273334503174
3.562	0.4663245975971222,-0.530646800994873,0.4125228524208069,0.5751349329948425
3.572	0.45746591687202454,-0.5373402237892151,0.4006384015083313,0.5843622088432312
3.583	0.44724327325820923,-0.5433192253112793,0.3875279724597931,0.5954828262329102
3.593	0.4357331395149231,-0.5486423969268799,0.3734351396560669,0.608008623123169
3.602	0.4256215989589691,-0.5534748435020447,0.36124980449676514,0.6180698871612549
3.612	0.41573333740234375,-0.5583741664886475,0.3487474024295807,0.6275025010108948
3.622	0.4048406481742859,-0.5636430382728577,0.3351885676383972,0.6372276544570923
3.631	0.39352864027023315,-0.5694534182548523,0.3206275403499603,0.646572470664978
3.641	0.38391420245170593,-0.5749751329421997,0.30776074528694153,0.6536794900894165
3.651	0.3749646842479706,-0.5805946588516235,0.2959197759628296,0.6593503355979919
3.662	0.3649699091911316,-0.5862019062042236,0.28311675786972046,0.665589451789856
3.672	0.3515700399875641,-0.5923497676849365,0.2677481174468994,0.6736699938774109
3.682	0.33637624979019165,-0.5980249047279358,0.2516014873981476,0.6825788021087646
3.691	0.32015493512153625,-0.6025481224060059,0.23505999147891998,0.6922307014465332
3.701	0.30527162551879883,-0.6065220236778259,0.2203662246465683,0.7002707123756409
3.711	0.2939230501651764,-0.6099846959114075,0.21006867289543152,0.7052653431892395
3.722	0.2831936776638031,-0.6137070655822754,0.20051808655261993,0.7091948986053467
3.731	0.2695402503013611,-0.6178539991378784,0.1884472519159317,0.7142072319984436
3.741	0.25637197494506836,-0.6220858693122864,0.17699824273586273,0.7182996273040771
3.751	0.24718710780143738,-0.6259037256240845,0.1689554899930954,0.7201368808746338
3.761	0.23930759727954865,-0.628089189529419,0.16295695304870605,0.7222747802734375
3.770	0.22437064349651337,-0.6300124526023865,0.15003591775894165,0.7281699180603027
3.780	0.20332936942577362,-0.6325393319129944,0.13188603520393372,0.7356338500976562
3.791	0.17800132930278778,-0.6368505954742432,0.10940513014793396,0.7421370148658752
3.801	0.14787769317626953,-0.6414260268211365,0.08123064786195755,0.7484025359153748
3.810	0.11820448189973831,-0.6450703144073486,0.053006112575531006,0.7530619502067566
3.820	0.08852303773164749,-0.64896559715271,0.022378774359822273,0.7553187608718872
3.830	0.0602695532143116,-0.6505177021026611,-0.005253241863101721,0.757077693939209
3.840	0.0349709689617157,-0.6505483984947205,-0.030371231958270073,0.7580510973930359
3.851	0.0122477812692523,-0.6508670449256897,-0.05272165685892105,0.7572598457336426
3.859	0.0066362302750349045,0.65042644739151,0.07120096683502197,-0.7561956644058228
3.870	0.02003380097448826,0.6495910286903381,0.08340201526880264,-0.7554298043251038
3.880	0.028682712465524673,0.6493061780929565,0.09032969176769257,-0.7545987367630005
3.890	0.038063887506723404,0.648710310459137,0.09816465526819229,-0.753717303276062
3.899	0.047966256737709045,0.6472302079200745,0.10650140047073364,-0.7532925605773926
3.909	0.05519085004925728,0.6461683511734009,0.1115707978606224,-0.7529757022857666
3.919	0.061046186834573746,0.6448442339897156,0.1160212904214859,-0.7529862523078918
3.930	0.06664309650659561,0.6444066166877747,0.11903861165046692,-0.752415120601654
3.940	0.07119322568178177,0.64500892162323,0.12181166559457779,-0.7510372400283813
3.949	0.07545702904462814,0.6464272141456604,0.12305285781621933,-0.7491970062255859
3.959	0.0632675439119339,0.6200698614120483,0.1392480581998825,-0.7694937586784363
3.969	0.06584519147872925,0.6217841506004333,0.13987448811531067,-0.7677785754203796
3.980	0.06770563870668411,0.6235731244087219,0.14098046720027924,-0.7659615278244019
3.988	0.06959695369005203,0.6247982978820801,0.14238524436950684,-0.7645324468612671
3.999	0.07180362939834595,0.6256469488143921,0.1439284384250641,-0.763344407081604
4.009	0.07370346784591675,0.6266919374465942,0.14578671753406525,-0.76195228099823
4.019	0.07497961074113846,0.6277281045913696,0.14810825884342194,-0.7605257630348206
4.029	0.07617699354887009,0.6287962198257446,0.15075595676898956,-0.7590026259422302
4.038	0.07749156653881073,0.6295620799064636,0.15352384746074677,-0.757678747177124
4.048	0.07860811799764633,0.6301401257514954,0.1557224690914154,-0.7566337585449219
4.059	0.07925945520401001,0.6308785080909729,0.15753772854804993,-0.7555740475654602
4.069	0.07936733216047287,0.6317540407180786,0.15871921181678772,-0.7545832395553589
4.078	0.07900979369878769,0.6328173875808716,0.15922145545482635,-0.753623366355896
4.088	0.07826432585716248,0.6340145468711853,0.15913113951683044,-0.7527133822441101
4.098	0.07743298262357712,0.6351454854011536,0.15902210772037506,-0.7518685460090637
4.108	0.07653708010911942,0.6359758377075195,0.15887750685214996,-0.7512887120246887
4.117	0.07556221634149551,0.6366145014762878,0.15862752497196198,-0.7508992552757263
4.127	0.08502557128667831,0.6491696834564209,0.14759273827075958,-0.7413269877433777
4.138	0.08393403142690659,0.649343729019165,0.1469304859638214,-0.7414305210113525
4.148	0.08297143876552582,0.6491742134094238,0.1462101936340332,-0.7418296337127686
4.158	0.08208321779966354,0.6486179232597351,0.1456766128540039,-0.7425196170806885
4.169	0.08113358914852142,0.6481484770774841,0.14518441259860992,-0.7431301474571228
4.177	0.0801544263958931,0.6480957269668579,0.14435166120529175,-0.743444561958313
4.188	0.07929367572069168,0.6481336355209351,0.1435409039258957,-0.7436607480049133
4.198	0.0787840262055397,0.6480993032455444,0.1432647407054901,-0.7437979578971863
4.208	0.07816748321056366,0.6477169990539551,0.14296764135360718,-0.7442532181739807
4.217	0.07733549177646637,0.6472887396812439,0.142459437251091,-0.7448099255561829
4.227	0.0764140710234642,0.6470679044723511,0.14153099060058594,-0.745273768901825
4.237	0.07560339570045471,0.6471631526947021,0.14059723913669586,-0.745450496673584
4.248	0.075027696788311,0.6472301483154297,0.13993409276008606,-0.7455753087997437
4.256	0.07453517615795135,0.6469671130180359,0.1395125389099121,-0.7459317445755005
4.267	0.07395591586828232,0.646485447883606,0.13911689817905426,-0.7464807629585266
4.277	0.07347474247217178,0.646386444568634,0.13851189613342285,-0.7467265129089355
4.287	0.07314775884151459,0.6464681029319763,0.13783231377601624,-0.7468136548995972
4.296	0.07281582057476044,0.6465444564819336,0.13717663288116455,-0.746900737285614
4.306	0.07260067760944366,0.6467392444610596,0.1367386430501938,-0.7468332052230835
4.316	0.07231508940458298,0.6470370888710022,0.13643907010555267,-0.7466579079627991
4.327	0.07186324149370193,0.6474646329879761,0.13603614270687103,-0.7464042901992798
4.337	0.07124008983373642,0.6479777097702026,0.13555623590946198,-0.746105968952179
4.346	0.07059073448181152,0.6484420895576477,0.1349308043718338,-0.7458775639533997
4.356	0.06991010159254074,0.6487082242965698,0.13420729339122772,-0.7458407282829285
4.366	0.06928575783967972,0.6487380266189575,0.13367269933223724,-0.7459691762924194
4.377	0.06871239095926285,0.6489258408546448,0.13319413363933563,-0.7459444999694824
4.385	0.0682159885764122,0.6491191387176514,0.1326635479927063,-0.7459164261817932
4.396	0.06785555183887482,0.6492255330085754,0.13226687908172607,-0.7459270358085632
4.406	0.06752725690603256,0.6492733955383301,0.1317865550518036,-0.746000349521637
4.416	0.06724253296852112,0.6495413780212402,0.13141906261444092,-0.7458575367927551
4.426	0.0666164755821228,0.6499696373939514,0.1307661235332489,-0.7456552982330322
4.435	0.06568147987127304,0.6507555842399597,0.1298770010471344,-0.7452080249786377
4.445	0.06434295326471329,0.6513965129852295,0.12866626679897308,-0.7449748516082764
4.456	0.06275852024555206,0.6517858505249023,0.1273336261510849,-0.7449984550476074
4.466	0.06119144335389137,0.6521081328392029,0.1258384734392166,-0.7451007962226868
4.475	0.059650637209415436,0.6522181034088135,0.12434709817171097,-0.7453798055648804
4.485	0.058239392936229706,0.6521981358528137,0.12293639779090881,-0.745742917060852
4.495	0.05661018565297127,0.6525207161903381,0.12138751149177551,-0.7458397746086121
4.505	0.05483986437320709,0.6528034806251526,0.11965960264205933,-0.7460036873817444
4.516	0.05304625257849693,0.6528712511062622,0.1177997961640358,-0.7463700175285339
4.524	0.05132504925131798,0.6525512933731079,0.11603712290525436,-0.7470460534095764
4.535	0.04977019131183624,0.6516339778900146,0.11450718343257904,-0.748187243938446
4.545	0.048148177564144135,0.6507492661476135,0.11282305419445038,-0.7493183016777039
4.555	0.046843521296978,0.65018630027771,0.11149100214242935,-0.7500888705253601
4.564	0.04594998434185982,0.649626612663269,0.11060155928134918,-0.7507603764533997
4.574	0.04504169523715973,0.6496903300285339,0.10954877734184265,-0.7509146332740784
4.585	0.043589163571596146,0.6498679518699646,0.10770965367555618,-0.751112699508667
4.595	0.04203486070036888,0.6498411297798157,0.10553226619958878,-0.7515334486961365
4.605	0.040410324931144714,0.6499538421630859,0.10311607271432877,-0.7518603801727295
4.614	0.03978632017970085,0.6499388217926025,0.10171302407979965,-0.7520977258682251
4.624	0.03963305801153183,0.6502187252044678,0.10076805204153061,-0.7519909739494324
4.634	0.03951902315020561,0.6502730846405029,0.09972109645605087,-0.7520895600318909
4.645	0.03938327357172966,0.6506313681602478,0.0984535738825798,-0.7519539594650269
4.655	0.039506781846284866,0.6511901021003723,0.09726112335920334,-0.7516189217567444
4.664	0.03951314464211464,0.6518279910087585,0.09587497264146805,-0.7512435913085938
4.674	0.03963178023695946,0.6523146033287048,0.09506729245185852,-0.7509174942970276
4.684	0.03969677537679672,0.6522346138954163,0.09431640803813934,-0.7510782480239868
4.694	0.03970308601856232,0.6519430875778198,0.0936233177781105,-0.7514176368713379
4.703	0.03957192972302437,0.6519884467124939,0.09306464344263077,-0.7514546513557434
4.713	0.039556216448545456,0.6518831253051758,0.09254571050405502,-0.7516108155250549
4.724	0.0394875593483448,0.6519753336906433,0.09215837717056274,-0.751582145690918
4.734	0.03926825150847435,0.651837944984436,0.09179359674453735,-0.7517574429512024
4.744	0.039053890854120255,0.6517869830131531,0.09158893674612045,-0.7518378496170044
4.753	0.03876359015703201,0.6519727110862732,0.09149400889873505,-0.7517032027244568
4.763	0.038491763174533844,0.6521790623664856,0.09151556342840195,-0.7515355348587036
4.773	0.03813351318240166,0.6521406769752502,0.0914701372385025,-0.7515926361083984
4.784	0.03770119324326515,0.6519799828529358,0.09134820103645325,-0.7517688274383545
4.793	0.03705113008618355,0.6516170501708984,0.09115530550479889,-0.7521389126777649
4.803	0.03634648025035858,0.6513792872428894,0.0909314826130867,-0.7524064183235168
4.813	0.03548156097531319,0.6507731080055237,0.09065977483987808,-0.7530047297477722
4.823	0.0347745418548584,0.6504491567611694,0.09049737453460693,-0.7533371448516846
4.832	0.03431875631213188,0.6509559750556946,0.09060009568929672,-0.7529078125953674
4.842	0.03401641547679901,0.6516285538673401,0.09081841260194778,-0.7523130774497986
4.853	0.03364944830536842,0.6524622440338135,0.09097173064947128,-0.7515881657600403
4.863	0.03318086639046669,0.6528612375259399,0.09091580659151077,-0.7512692213058472
4.872	0.032614465802907944,0.6526628136634827,0.09058716148138046,-0.7515061497688293
4.882	0.03201007470488548,0.6519919633865356,0.09019795060157776,-0.7521610260009766
4.892	0.031425438821315765,0.6516596674919128,0.08987198770046234,-0.7525125741958618
4.902	0.030878324061632156,0.6514295935630798,0.08953507244586945,-0.7527745366096497
4.913	0.03013141080737114,0.6512314677238464,0.08917451649904251,-0.7530189752578735
4.921	0.029138371348381042,0.6509156227111816,0.08863631635904312,-0.753394603729248
4.932	0.02797013148665428,0.6501652598381042,0.0878504067659378,-0.7541784048080444
4.942	0.02675725519657135,0.6493224501609802,0.0869496613740921,-0.755052387714386
4.952	0.025498947128653526,0.6481629610061646,0.08588098734617233,-0.7562136054039001
4.961	0.02441810443997383,0.6471368670463562,0.08479722589254379,-0.757249653339386
4.971	0.023529136553406715,0.6471596360206604,0.08389578759670258,-0.7573587894439697
4.982	0.022875260561704636,0.6474770903587341,0.08306365460157394,-0.7571991682052612
4.992	0.022302431985735893,0.6476485729217529,0.08229543268680573,-0.7571534514427185
5.002	0.021843886002898216,0.6478859186172485,0.08150945603847504,-0.7570486664772034
5.011	0.021235311403870583,0.6476678848266602,0.08076133579015732,-0.7573326826095581
5.021	0.020425451919436455,0.6468963027000427,0.07989014685153961,-0.7581065893173218
5.031	0.019469192251563072,0.6458030343055725,0.07884491980075836,-0.7591724991798401
5.042	0.018494803458452225,0.6446606516838074,0.07763221859931946,-0.7602919340133667
5.050	0.017564091831445694,0.6437307596206665,0.07623200118541718,-0.7612430453300476
5.061	0.016738492995500565,0.6429817080497742,0.07487571984529495,-0.7620288729667664
5.071	0.015991881489753723,0.6422207355499268,0.07365008443593979,-0.7628056406974792
5.081	0.015416860580444336,0.6419393420219421,0.07270509004592896,-0.7631449103355408
5.091	0.014990806579589844,0.6418558955192566,0.07193130254745483,-0.7632968425750732
5.100	0.014665007591247559,0.6418822407722473,0.0712175965309143,-0.7633480429649353
5.110	0.014464293606579304,0.6421439051628113,0.07057690620422363,-0.763191282749176
5.121	0.014269913546741009,0.6424391865730286,0.0699678510427475,-0.7630024552345276
5.131	0.013964168727397919,0.6423434019088745,0.06927143037319183,-0.7631523013114929
5.140	0.013668935745954514,0.6420087814331055,0.06854686141014099,-0.7635045051574707
5.150	0.013402879238128662,0.6416471004486084,0.0678296759724617,-0.763877272605896
5.160	0.012864289805293083,0.6411633491516113,0.06700540333986282,-0.7643653154373169
5.170	0.012324417941272259,0.6411861181259155,0.06624186038970947,-0.7644215226173401
5.181	0.011738513596355915,0.6413336396217346,0.06553586572408676,-0.7643679976463318
5.190	0.011152553372085094,0.6415036916732788,0.06474033743143082,-0.7643018364906311
5.200	0.010591608472168446,0.6419563889503479,0.06394804269075394,-0.7639963626861572
5.210	0.010002563707530499,0.6421802043914795,0.06314996629953384,-0.7638825178146362
5.220	0.009347817860543728,0.6420513987541199,0.0623481385409832,-0.7640649676322937
5.231	0.008514845743775368,0.6415109038352966,0.061651792377233505,-0.764585018157959
5.239	0.007600013632327318,0.6408925652503967,0.06096196174621582,-0.765168309211731
5.250	0.006708878092467785,0.6402876377105713,0.06029361113905907,-0.7657358050346375
5.260	0.0059212204068899155,0.6397420167922974,0.05967450141906738,-0.7662467360496521
5.270	0.005292748101055622,0.6393943428993225,0.05911664292216301,-0.7665846347808838
5.279	0.004596644546836615,0.6386664509773254,0.05850168690085411,-0.7672427892684937
5.289	0.0038544165436178446,0.6380576491355896,0.0579189769923687,-0.7677974700927734
5.299	0.0030154113192111254,0.6373722553253174,0.05740765854716301,-0.7684086561203003
5.310	0.002237973501905799,0.6366288065910339,0.05693421885371208,-0.7690625786781311
5.318	0.001664813607931137,0.6361477375030518,0.056543998420238495,-0.7694907784461975
5.329	0.0013062086654826999,0.6356925964355469,0.056219521909952164,-0.7698912024497986
5.339	0.0010952665470540524,0.6359460353851318,0.05601334944367409,-0.7696974277496338
5.349	0.0010134222684428096,0.6360722184181213,0.05584751069545746,-0.7696051597595215
5.358	0.0008682019542902708,0.6360331177711487,0.05569816380739212,-0.769648551940918
5.368	0.0007406720542348921,0.636076807975769,0.05558886379003525,-0.7696204781532288
5.378	0.000565898313652724,0.6358224749565125,0.0554046630859375,-0.7698439359664917
5.389	0.0002373572060605511,0.6352920532226562,0.055181629955768585,-0.7702979445457458
5.399	7.685807213420048e-05,-0.635227620601654,-0.05493100360035896,0.7703689932823181
5.408	0.00037693080957978964,-0.6350085735321045,-0.054674796760082245,0.7705677151679993
5.418	0.0007039891788735986,-0.6348826289176941,-0.0544484406709671,0.7706873416900635
5.428	0.001031467574648559,-0.6348878741264343,-0.05424892529845238,0.7706965804100037
5.439	0.0013557161437347531,-0.6347631812095642,-0.054110459983348846,0.7708085775375366
5.447	0.0016708935145288706,-0.6347758173942566,-0.05392599478363991,0.7708105444908142
5.458	0.002031514188274741,-0.6347448229789734,-0.05369705706834793,0.7708511352539062
5.468	0.0023346447851508856,-0.6345005035400391,-0.053413309156894684,0.7710711359977722
5.478	0.002571618417277932,-0.6341226696968079,-0.05309303104877472,0.7714031934738159
5.488	0.0026622868608683348,-0.6339420080184937,-0.05285416170954704,0.7715678811073303
5.497	0.0026754846330732107,-0.6335795521736145,-0.05264567956328392,0.7718796730041504
5.507	0.0026984899304807186,-0.6333065629005432,-0.05246041342616081,0.7721161842346191
5.518	0.0027631435077637434,-0.6330968141555786,-0.05239468812942505,0.77229243516922
5.528	0.002746086334809661,-0.6328369379043579,-0.05234766751527786,0.7725086212158203
5.537	0.002689376939088106,-0.6328128576278687,-0.05232657864689827,0.7725300788879395
5.547	0.002687702886760235,-0.6326508522033691,-0.0522698238492012,0.7726665139198303
5.557	0.002650965005159378,-0.6326409578323364,-0.052181921899318695,0.7726807594299316
5.567	0.002606844762340188,-0.6327450275421143,-0.052081190049648285,0.772602379322052
5.578	0.0024597602896392345,-0.6327937245368958,-0.05199010670185089,0.7725691795349121
5.586	0.0023701011668890715,-0.6326671838760376,-0.051788900047540665,0.7726865410804749
5.597	0.0022531147114932537,-0.632398784160614,-0.051534831523895264,0.7729235291481018
5.607	0.002104939427226782,-0.6321278810501099,-0.05131176859140396,0.773160457611084
5.617	0.002030756790190935,-0.6315379738807678,-0.05108148977160454,0.7736577391624451
5.626	0.002024339511990547,-0.6308977603912354,-0.05092259496450424,0.774190366268158
5.636	0.00148476951289922,-0.6304996609687805,-0.05182041600346565,0.7744563221931458
5.647	0.001332355779595673,-0.6300790309906006,-0.051973842084407806,0.774788498878479
5.657	0.0014795137103646994,-0.6296259164810181,-0.051881611347198486,0.7751626372337341
5.667	0.001557514420710504,-0.6291559934616089,-0.05188987776637077,0.7755436301231384
5.676	0.0013622271362692118,-0.6288608908653259,-0.052282482385635376,0.7757568359375
5.686	0.0010238088434562087,-0.6287131905555725,-0.05285525321960449,0.7758382558822632
5.696	0.00024807173758745193,-0.6287251710891724,-0.054034288972616196,0.7757479548454285
5.707	0.0004826458462048322,0.6286035180091858,0.05513603240251541,-0.7757689356803894
5.717	0.0019031425472348928,0.6281612515449524,0.05718183517456055,-0.7759767770767212
5.726	0.0022685190197080374,0.6278864145278931,0.057490088045597076,-0.7761753797531128
5.736	0.0010051395511254668,0.6276513338088989,0.0551677867770195,-0.7765368223190308
5.746	0.0003464184410404414,-0.6269029378890991,-0.053191035985946655,0.7772794365882874
5.756	0.0013548338320106268,-0.6264963746070862,-0.05190645903348923,0.7776928544044495
5.765	0.0024595309514552355,-0.626362144947052,-0.0507848747074604,0.7778722643852234
5.775	0.0031061945483088493,-0.6264699697494507,-0.05012481287121773,0.7778259515762329
5.786	0.00360867683775723,-0.6264638900756836,-0.04961824789643288,0.7778611779212952
5.796	0.003889650572091341,-0.626331090927124,-0.049353089183568954,0.7779836654663086
5.805	0.004175529815256596,-0.6262103319168091,-0.04898921400308609,0.7781022191047668
5.815	0.004395743831992149,-0.6260941624641418,-0.048707228153944016,0.778212308883667
5.825	0.004635946825146675,-0.6260887980461121,-0.04854285717010498,0.7782255411148071
5.836	0.00497627817094326,-0.6259631514549255,-0.04857319965958595,0.7783225178718567
5.844	0.005372026935219765,-0.6258061528205872,-0.048708051443099976,0.7784377336502075
5.855	0.005791149102151394,-0.6255207657814026,-0.04889809340238571,0.7786520719528198
5.865	0.006306159775704145,-0.6247543096542358,-0.04877502843737602,0.7792709469795227
5.875	0.0067582642659544945,-0.6244580149650574,-0.04835909977555275,0.7795305848121643
5.885	0.007184078451246023,-0.6244558095932007,-0.047725412994623184,0.7795675992965698
5.894	0.008001572452485561,-0.6242936849594116,-0.04687989503145218,0.7797408103942871
5.904	0.008988013491034508,-0.6241570115089417,-0.04545442387461662,0.7799238562583923
5.915	0.010545626282691956,-0.6238572001457214,-0.04349103942513466,0.7802559733390808
5.925	0.011826305650174618,-0.6235014796257019,-0.041626036167144775,0.780623733997345
5.935	0.013203522190451622,-0.6232668161392212,-0.03986719623208046,0.7808807492256165
5.944	0.014849518425762653,-0.623472273349762,-0.03795333206653595,0.7807825207710266
5.954	0.01718936488032341,-0.6236157417297363,-0.0356299914419651,0.7807294130325317
5.964	0.01936900056898594,-0.6244022846221924,-0.0336388498544693,0.780137836933136
5.975	0.02150721848011017,-0.6254095435142517,-0.0318232960999012,0.779350757598877
5.983	0.02372402884066105,-0.62595134973526,-0.02993398904800415,0.7789261937141418
5.994	0.02519361302256584,-0.6264729499816895,-0.028400639072060585,0.77851802110672
6.004	0.026272960007190704,-0.6266012191772461,-0.027145380154252052,0.7784238457679749
6.014	0.02736792340874672,-0.6265543699264526,-0.025785021483898163,0.7784701585769653
6.023	0.028520232066512108,-0.6268435120582581,-0.02435525506734848,0.7782420516014099
6.033	0.030177518725395203,-0.6267688274383545,-0.022662391886115074,0.7782907485961914
6.044	0.032159097492694855,-0.6265299916267395,-0.020745310932397842,0.7784571051597595
6.054	0.03451593220233917,-0.6264113187789917,-0.01832502894103527,0.7785124778747559
6.064	0.03742700815200806,-0.6264621615409851,-0.015230676159262657,0.7784036993980408
6.073	0.040414925664663315,-0.6267606019973755,-0.011924692429602146,0.7780716419219971
6.083	0.04353246092796326,-0.6274079084396362,-0.008660758845508099,0.7774246335029602
6.093	0.04708021879196167,-0.6276603937149048,-0.005274960771203041,0.7770444750785828
6.104	0.050877735018730164,-0.6273403763771057,-0.0016264683799818158,0.777079701423645
6.112	0.05487469956278801,-0.6269326210021973,0.002420272910967469,0.7771347761154175
6.124	0.05922981724143028,-0.6264212131500244,0.006731642875820398,0.7772020697593689
6.133	0.0633339136838913,-0.626542866230011,0.011098521761596203,0.7767300605773926
6.143	0.06714587658643723,-0.626479983329773,0.01552199199795723,0.7763848304748535
6.153	0.0712597444653511,-0.6259759664535522,0.020245468243956566,0.7763158082962036
6.162	0.0756029561161995,-0.6256307363510132,0.025172842666506767,0.7760390639305115
6.172	0.08008814603090286,-0.6253553032875061,0.030338473618030548,0.7756263613700867
6.183	0.08511192351579666,-0.6249591112136841,0.03589281812310219,0.7751733064651489
6.193	0.09059925377368927,-0.6245760321617126,0.04224114492535591,0.7745400667190552
6.203	0.09663870930671692,-0.6239217519760132,0.04989144951105118,0.7738820910453796
6.212	0.10332920402288437,-0.6228101253509521,0.05853603407740593,0.773307204246521
6.222	0.11055947095155716,-0.6218410134315491,0.06777222454547882,0.7723323702812195
6.232	0.11860477924346924,-0.6214584708213806,0.07732939720153809,0.7705467939376831
6.243	0.12680870294570923,-0.6210416555404663,0.08716662228107452,0.7685237526893616
6.252	0.13495075702667236,-0.6204664707183838,0.09678883105516434,0.7664473056793213
6.262	0.14196565747261047,-0.6194807291030884,0.1059550866484642,0.7647632956504822
6.272	0.1487499624490738,-0.6182031035423279,0.11548444628715515,0.7631262540817261
6.282	0.1554354727268219,-0.616443395614624,0.12507009506225586,0.7617051601409912
6.293	0.16248993575572968,-0.6144139170646667,0.13525791466236115,0.7601301074028015
6.301	0.1701531708240509,-0.611616313457489,0.1469329446554184,0.7585407495498657
6.312	0.17845310270786285,-0.608429491519928,0.15961699187755585,0.7566308975219727
6.322	0.1877647191286087,-0.6061273813247681,0.17280671000480652,0.753320574760437
6.332	0.19785121083259583,-0.6039034128189087,0.1852392703294754,0.7495611906051636
6.341	0.20821210741996765,-0.6017638444900513,0.1969311237335205,0.7454838156700134
6.351	0.2191648632287979,-0.6002188920974731,0.20920667052268982,0.7402274012565613
6.361	0.22987520694732666,-0.5980238318443298,0.22155016660690308,0.7351465225219727
6.372	0.2394668161869049,-0.5957111120223999,0.2328847050666809,0.7304441928863525
6.380	0.2484927624464035,-0.5936875939369202,0.24365395307540894,0.7255474925041199
6.391	0.2569589912891388,-0.5919870138168335,0.2539620101451874,0.7204350829124451
6.401	0.26578590273857117,-0.5903756618499756,0.26418471336364746,0.714857280254364
6.411	0.27530625462532043,-0.5884717106819153,0.2727697789669037,0.7095803022384644
6.420	0.2845323085784912,-0.5860356688499451,0.27917513251304626,0.705453634262085
6.430	0.29325252771377563,-0.5827762484550476,0.2850642502307892,0.7022200226783752
6.440	0.3014114797115326,-0.5792823433876038,0.29156577587127686,0.6989794373512268
6.451	0.3089722692966461,-0.5750129818916321,0.29887980222702026,0.6961085796356201
6.461	0.31523069739341736,-0.5716702342033386,0.30654197931289673,0.6927154660224915
6.470	0.3219587206840515,-0.5688159465789795,0.31480661034584045,0.6882498264312744
6.480	0.3277430236339569,-0.566311776638031,0.32253190875053406,0.6839945912361145
6.490	0.3326053321361542,-0.5642173290252686,0.3285408914089203,0.6805095672607422
6.501	0.3368094861507416,-0.5626023411750793,0.3331218361854553,0.6775453090667725
6.509	0.3411431312561035,-0.5605484843254089,0.33742108941078186,0.6749471426010132
6.520	0.34557104110717773,-0.5582506656646729,0.34234172105789185,0.6721153259277344
6.530	0.350220650434494,-0.5556766390800476,0.34783920645713806,0.6690117716789246
6.540	0.3550640046596527,-0.5527222752571106,0.35426458716392517,0.665525496006012
6.550	0.3588765263557434,-0.5495014786720276,0.36127299070358276,0.6623727679252625
6.559	0.36150702834129333,-0.5465970635414124,0.3679923713207245,0.6596406102180481
6.569	0.36628711223602295,-0.543287456035614,0.37546640634536743,0.6555131077766418
6.580	0.37264353036880493,-0.5398796796798706,0.3828881084918976,0.6504331231117249
6.590	0.3790605366230011,-0.5364221334457397,0.38900667428970337,0.6459397673606873
6.599	0.38559210300445557,-0.5330107808113098,0.39445918798446655,0.64157634973526
6.609	0.3905637264251709,-0.529636025428772,0.3984660506248474,0.6388821005821228
6.619	0.39451441168785095,-0.5263227224349976,0.4019726514816284,0.636993408203125
6.629	0.39878755807876587,-0.5223585963249207,0.40519842505455017,0.635550320148468
6.640	0.40225768089294434,-0.5197597742080688,0.40770605206489563,0.6338882446289062
6.648	0.40494289994239807,-0.5169377326965332,0.4105015695095062,0.6326809525489807
6.659	0.4082207679748535,-0.5137635469436646,0.4135395884513855,0.6311797499656677
6.669	0.41102585196495056,-0.5105087161064148,0.4170422852039337,0.629693865776062
6.679	0.4151700735092163,-0.5075429081916809,0.42152225971221924,0.6263809204101562
6.688	0.4197079539299011,-0.5047371983528137,0.4256264269351959,0.6228384375572205
6.698	0.42467570304870605,-0.5015022158622742,0.4300359785556793,0.6190436482429504
6.709	0.43025603890419006,-0.4971276521682739,0.4341377913951874,0.6158475279808044
6.719	0.4348108470439911,-0.4929428696632385,0.43826380372047424,0.6130836606025696
6.729	0.4423080086708069,-0.48719751834869385,0.4459580183029175,0.6067319512367249
6.738	0.448220819234848,-0.4825635850429535,0.4515485167503357,0.6019421815872192
6.748	0.4563945233821869,-0.47674402594566345,0.4592348635196686,0.5945774912834167
6.758	0.46369484066963196,-0.47185441851615906,0.46458306908607483,0.5886450409889221
6.769	0.47179746627807617,-0.4654587209224701,0.47140511870384216,0.5818353891372681
6.779	0.48244428634643555,-0.4563378393650055,0.4832913875579834,0.5704669952392578
6.788	0.49470147490501404,-0.4440702497959137,0.4988965690135956,0.5560344457626343
6.798	0.5072486996650696,-0.43000850081443787,0.5167849063873291,0.5391889810562134
6.808	0.5164510607719421,-0.41878461837768555,0.528618574142456,0.5276932120323181
6.818	0.5241304636001587,-0.4098888337612152,0.5362541079521179,0.5193359851837158
6.827	0.5310391187667847,-0.40313848853111267,0.54109126329422,0.512539803981781
6.837	0.5373765826225281,-0.3970213532447815,0.5449385046958923,0.5065988898277283
6.848	0.5432729721069336,-0.39165860414505005,0.5481836199760437,0.500951886177063
6.858	0.5497181415557861,-0.38595137000083923,0.5512892603874207,0.4949056804180145
6.867	0.555888831615448,-0.37951141595840454,0.5551236867904663,0.4886679947376251
6.877	0.5621712803840637,-0.3726768493652344,0.5598987936973572,0.48123663663864136
6.887	0.5683711767196655,-0.36581820249557495,0.5643664598464966,0.47394269704818726
6.898	0.5735624432563782,-0.36041441559791565,0.568109393119812,0.46731066703796387
6.906	0.5788094401359558,-0.3544044494628906,0.5725640058517456,0.4599429965019226
6.917	0.5845426321029663,-0.3481621742248535,0.5762342810630798,0.45282116532325745
6.927	0.5899524092674255,-0.34245777130126953,0.5788899660110474,0.44672736525535583
6.937	0.5958386063575745,-0.33529600501060486,0.5824989080429077,0.4395998418331146
6.947	0.6016101241111755,-0.32661303877830505,0.5880385041236877,0.4308130443096161
6.956	0.6073065400123596,-0.3159230351448059,0.5963570475578308,0.41920119524002075
6.966	0.6124299168586731,-0.30613818764686584,0.603374719619751,0.40883731842041016
6.977	0.6172168254852295,-0.2984564006328583,0.6073706746101379,0.4013327658176422
6.987	0.6231411695480347,-0.28900155425071716,0.6119222640991211,0.39207690954208374
6.996	0.6305876970291138,-0.2755632996559143,0.6193600296974182,0.37791162729263306
7.006	0.6353425979614258,-0.2678917646408081,0.6226337552070618,0.37000128626823425
7.016	0.6397939324378967,-0.25870129466056824,0.6272329092025757,0.36099329590797424
7.026	0.6434141397476196,-0.250657856464386,0.6314509510993958,0.3527867794036865
7.037	0.6460402011871338,-0.24291104078292847,0.6362743377685547,0.3446466028690338
7.045	0.648453414440155,-0.23460432887077332,0.641821563243866,0.33546096086502075
7.056	0.6509714722633362,-0.2253517359495163,0.6481039524078369,0.3246753215789795
7.066	0.6531971096992493,-0.21687260270118713,0.6537366509437561,0.31452858448028564
7.076	0.6552265286445618,-0.2074374109506607,0.6598725914955139,0.30367106199264526
7.085	0.6579448580741882,-0.19875609874725342,0.664318323135376,0.2937443256378174
7.095	0.6612318754196167,-0.18689705431461334,0.670245885848999,0.28037887811660767
7.106	0.66432785987854,-0.1766698956489563,0.6748637557029724,0.2683563530445099
7.116	0.6671628355979919,-0.16287702322006226,0.6815779209136963,0.2526191174983978
7.126	0.6690433621406555,-0.15084132552146912,0.6872559785842896,0.23938891291618347
7.135	0.6709738969802856,-0.1370571106672287,0.6934087872505188,0.22403952479362488
7.145	0.6723507642745972,-0.12342533469200134,0.6993629336357117,0.20881114900112152
7.155	0.6742634773254395,-0.1090964749455452,0.7046234011650085,0.19228269159793854
7.166	0.6765560507774353,-0.0935174748301506,0.7092130780220032,0.1747661679983139
7.174	0.6785159707069397,-0.08072516322135925,0.71236652135849,0.1601044237613678
7.186	0.6796345114707947,-0.06871207058429718,0.7154797911643982,0.14650648832321167
7.195	0.6807011961936951,-0.05728955939412117,0.7179176211357117,0.13400813937187195
7.205	0.6819015741348267,-0.045808758586645126,0.7198213338851929,0.12152731418609619
7.215	0.683161735534668,-0.03257269039750099,0.7216854691505432,0.10676704347133636
7.224	0.6848201751708984,-0.019060764461755753,0.7226330041885376,0.0919753685593605
7.234	0.6861984133720398,-0.004970763344317675,0.7234068512916565,0.07608896493911743
7.245	0.6872555613517761,0.009487870149314404,0.7238756418228149,0.05994785204529762
7.255	0.6877064108848572,0.02143147960305214,0.7242144346237183,0.04597984999418259
7.265	0.688149094581604,0.03317800909280777,0.7241023778915405,0.032028790563344955
7.274	0.6889718174934387,0.04294566810131073,0.7232334017753601,0.020171690732240677
7.284	0.6896878480911255,0.05172281712293625,0.7221948504447937,0.009484191425144672
7.294	0.6901470422744751,0.05860501527786255,0.721291720867157,0.0009112199186347425
7.305	0.6910373568534851,0.06467994302511215,0.7198888063430786,-0.006631136871874332
7.314	0.6926155686378479,0.06961371004581451,0.7178284525871277,-0.012641537934541702
7.324	0.694556713104248,0.07405520230531693,0.715389609336853,-0.01801162213087082
7.334	0.6962584257125854,0.07743357867002487,0.7132472991943359,-0.02250775508582592
7.344	0.6973238587379456,0.07912307977676392,0.7119297385215759,-0.025198107585310936
7.353	0.6977798938751221,0.07980210334062576,0.7113494277000427,-0.026773804798722267
7.363	0.6985611915588379,0.08049489557743073,0.7104548215866089,-0.028049876913428307
7.374	0.6994315385818481,0.08159401267766953,0.7094175815582275,-0.029405055567622185
7.384	0.7244831919670105,0.06613367050886154,0.6845584511756897,-0.046154458075761795
7.394	0.7251771688461304,0.06780193001031876,0.6835769414901733,-0.047365859150886536
7.403	0.7260869145393372,0.06936919689178467,0.6823810935020447,-0.048390232026576996
7.413	0.7269713282585144,0.07084891200065613,0.6812557578086853,-0.04882368817925453
7.423	0.7276865243911743,0.07266825437545776,0.6803051233291626,-0.04875056818127632
7.434	0.7286604046821594,0.07447045296430588,0.6791035532951355,-0.048234421759843826
7.442	0.7292706370353699,0.07611850649118423,0.6783261895179749,-0.047369156032800674
7.453	0.729536771774292,0.07768920063972473,0.6779179573059082,-0.04655871167778969
7.463	0.7295895218849182,0.079435795545578,0.6777017712593079,-0.04592816159129143
7.473	0.7294471859931946,0.0810941681265831,0.6777156591415405,-0.045078095048666
7.482	0.7292171120643616,0.08217956125736237,0.6779045462608337,-0.043980326503515244
7.492	0.7283653616905212,0.08215811848640442,0.6789118647575378,-0.04257563129067421
7.502	0.726692795753479,0.08121000975370407,0.680923581123352,-0.04081075266003609
7.513	0.7246838808059692,0.07955855876207352,0.6833378076553345,-0.03940945491194725
7.523	0.7249749898910522,0.07795999199151993,0.6831496953964233,-0.040496405214071274
7.532	0.7244344353675842,0.07832744717597961,0.6836702227592468,-0.040676623582839966
7.542	0.7251631021499634,0.07895425707101822,0.6828382611274719,-0.040454473346471786
7.552	0.7255469560623169,0.07944130152463913,0.6823559999465942,-0.040754739195108414
7.563	0.7256776690483093,0.07990772277116776,0.682134211063385,-0.04122501611709595
7.571	0.7254999876022339,0.0801856517791748,0.682297945022583,-0.04110582917928696
7.582	0.7254050374031067,0.08054303377866745,0.6823486089706421,-0.041242316365242004
7.592	0.7252363562583923,0.08094199746847153,0.6824723482131958,-0.04137657955288887
7.602	0.7248228192329407,0.08135908097028732,0.682865560054779,-0.0413169227540493
7.612	0.7244385480880737,0.08224460482597351,0.6831790208816528,-0.0411209911108017
7.621	0.7239775657653809,0.08379598706960678,0.683463990688324,-0.041371140629053116
7.631	0.723564863204956,0.08542865514755249,0.6836569905281067,-0.042059510946273804
7.642	0.7236522436141968,0.08693402260541916,0.6833071112632751,-0.043142691254615784
7.652	0.7241023778915405,0.08802054077386856,0.6826181411743164,-0.044278234243392944
7.661	0.7246005535125732,0.08860073983669281,0.681950032711029,-0.04525671526789665
7.672	0.7250846028327942,0.08888247609138489,0.681374192237854,-0.045622505247592926
7.681	0.7257853746414185,0.08903466165065765,0.6806231141090393,-0.045393530279397964
7.691	0.7265783548355103,0.08929850906133652,0.679766833782196,-0.04501959681510925
7.702	0.7273322939872742,0.08950423449277878,0.6789246201515198,-0.04514496400952339
7.711	0.7280557155609131,0.08964934945106506,0.6780937314033508,-0.04568086937069893
7.721	0.7285975217819214,0.09013194590806961,0.6774089932441711,-0.0462486669421196
7.731	0.7288909554481506,0.09095599502325058,0.6769248843193054,-0.047093331813812256
7.741	0.7292429804801941,0.0918821319937706,0.6763444542884827,-0.048171382397413254
7.750	0.729667067527771,0.09258242696523666,0.6757276654243469,-0.04905654117465019
7.762	0.730201244354248,0.09282247722148895,0.675072431564331,-0.049672018736600876
7.771	0.7310116291046143,0.09291063249111176,0.6741339564323425,-0.05032915249466896
7.781	0.7318126559257507,0.09272614866495132,0.6732619404792786,-0.05069942772388458
7.791	0.7327383160591125,0.09223158657550812,0.672353982925415,-0.050279755145311356
7.800	0.732885479927063,0.09149552136659622,0.6723345518112183,-0.04973546415567398
7.810	0.7329875230789185,0.09082924574613571,0.6723217368125916,-0.04962697997689247
7.820	0.7330520749092102,0.09059128165245056,0.6722990870475769,-0.049415890127420425
7.831	0.7331204414367676,0.0906502902507782,0.6722210049629211,-0.04935501143336296
7.841	0.7331520915031433,0.09098908305168152,0.6720762252807617,-0.0502241812646389
7.850	0.7332702875137329,0.09119434654712677,0.6719031929969788,-0.0504419207572937
7.860	0.7334475517272949,0.09102258086204529,0.6717341542243958,-0.05042670667171478
7.870	0.7338232398033142,0.08759818226099014,0.6719246506690979,-0.04844806343317032
7.880	0.7339506149291992,0.08564433455467224,0.6721563935279846,-0.04676888883113861
7.889	0.733816385269165,0.0843244194984436,0.6725754737854004,-0.04522294923663139
7.899	0.7334086894989014,0.08431164175271988,0.6730104684829712,-0.04538718983530998
7.910	0.7337446808815002,0.08390530943870544,0.6727573275566101,-0.04445415362715721
7.920	0.7341322898864746,0.08337360620498657,0.6724417805671692,-0.043825358152389526
7.929	0.7351812720298767,0.08270695805549622,0.6714551448822021,-0.042615052312612534
7.939	0.7366712093353271,0.08165842294692993,0.6700584292411804,-0.04085560142993927
7.949	0.7379738688468933,0.0802430510520935,0.6689212322235107,-0.038730472326278687
7.960	0.7387924790382385,0.07853803038597107,0.6683072447776794,-0.03718644380569458
7.968	0.7389252185821533,0.07760265469551086,0.6682246923446655,-0.03798731788992882
7.979	0.7391837239265442,0.07799827307462692,0.6678639650344849,-0.03848886117339134
7.989	0.7385309934616089,0.08042129129171371,0.6681976914405823,-0.04020301625132561
7.999	0.7375031113624573,0.08405302464962006,0.6687152981758118,-0.04294181242585182
8.009	0.7361128330230713,0.08864260464906693,0.6694422364234924,-0.046123407781124115
8.018	0.7343481779098511,0.09297879785299301,0.670624315738678,-0.048483945429325104
8.028	0.7332943677902222,0.09595242142677307,0.6713659167289734,-0.04837683588266373
8.039	0.7327691912651062,0.09767863154411316,0.6717736721038818,-0.04720620438456535
8.049	0.7322377562522888,0.09790821373462677,0.6724996566772461,-0.044563233852386475
8.058	0.7313043475151062,0.09747462719678879,0.6737970113754272,-0.041112348437309265
8.068	0.7305169105529785,0.09700437635183334,0.6749430298805237,-0.03724316507577896
8.078	0.7299225330352783,0.09744346886873245,0.6756930351257324,-0.034009963274002075
8.088	0.7285404801368713,0.09925056248903275,0.6769879460334778,-0.03264038637280464
8.099	0.7264713048934937,0.10161981731653214,0.6788185834884644,-0.03343977779150009
8.107	0.7238569259643555,0.1028301790356636,0.6812776923179626,-0.03630177676677704
8.118	0.7209728956222534,0.10462500154972076,0.683826744556427,-0.040407441556453705
8.128	0.7187070846557617,0.1071075052022934,0.6854798793792725,-0.04588482901453972
8.138	0.7157559394836426,0.110173299908638,0.687627375125885,-0.05218925327062607
8.147	0.7146690487861633,0.11140275746583939,0.6883352994918823,-0.05506495386362076
8.157	0.7136669754981995,0.11256780475378036,0.688782811164856,-0.059884652495384216
8.168	0.7119088172912598,0.11260990798473358,0.6904744505882263,-0.06123678386211395
8.178	0.7100130915641785,0.1137191653251648,0.6917275190353394,-0.06680156290531158
8.188	0.707897961139679,0.11722870171070099,0.6929404139518738,-0.07050947844982147
8.197	0.7035361528396606,0.12062866240739822,0.6958894729614258,-0.07888881117105484
8.207	0.7022328972816467,0.12250935286283493,0.6964406371116638,-0.08264817297458649
8.217	0.7023944854736328,0.12203919142484665,0.6960245370864868,-0.0854291170835495
8.228	0.7019898891448975,0.12271273881196976,0.695788562297821,-0.08961042761802673
8.236	0.7014065980911255,0.12405240535736084,0.6955434083938599,-0.09412334859371185
8.248	0.6996939778327942,0.12626893818378448,0.6961323022842407,-0.09941981732845306
8.257	0.6982614398002625,0.12881781160831451,0.6963871121406555,-0.10431656241416931
8.267	0.6980156898498535,0.13093934953212738,0.695520281791687,-0.10899795591831207
8.277	0.6982098817825317,0.13243061304092407,0.6943803429603577,-0.11314109712839127
8.286	0.6980344653129578,0.13337507843971252,0.6938251256942749,-0.11647165566682816
8.296	0.6977763772010803,0.13369865715503693,0.6935282945632935,-0.1193784847855568
8.307	0.6978895664215088,0.1333366334438324,0.6930496096611023,-0.12187553942203522
8.317	0.69906085729599,0.13217487931251526,0.69181227684021,-0.12344808131456375
8.327	0.7014365792274475,0.13021424412727356,0.6896503567695618,-0.12415068596601486
8.336	0.7045011520385742,0.12776906788349152,0.6870165467262268,-0.1239410787820816
8.346	0.7080358862876892,0.12509173154830933,0.6840328574180603,-0.12302996218204498
8.357	0.7111647725105286,0.1221412643790245,0.681525468826294,-0.12185755372047424
8.367	0.7140277624130249,0.11873763799667358,0.6793565154075623,-0.12058389186859131
8.376	0.7168307304382324,0.1149340495467186,0.6772645711898804,-0.11940064281225204
8.386	0.7199414372444153,0.11071288585662842,0.6749101281166077,-0.1179969534277916
8.396	0.7242516279220581,0.10520990937948227,0.6717711091041565,-0.11451562494039536
8.406	0.7289800047874451,0.09883502870798111,0.6683971881866455,-0.10984043776988983
8.415	0.7333390712738037,0.09248907119035721,0.6652922034263611,-0.10509965568780899
8.425	0.7367879748344421,0.08703787624835968,0.6627938747406006,-0.10135124623775482
8.436	0.7393578886985779,0.08250640332698822,0.6608622670173645,-0.09901322424411774
8.446	0.741213321685791,0.07868786156177521,0.6594657897949219,-0.09754925221204758
8.456	0.7434691190719604,0.07452236115932465,0.6576904058456421,-0.09562093764543533
8.465	0.7455664277076721,0.07029447704553604,0.6561039686203003,-0.09336449950933456
8.475	0.7474930882453918,0.06608930230140686,0.6547548770904541,-0.09045596420764923
8.485	0.7495465874671936,0.06150456517934799,0.6533235907554626,-0.0869789570569992
8.496	0.7514312863349915,0.056445714086294174,0.6521563529968262,-0.08280676603317261
8.504	0.7525760531425476,0.05167115852236748,0.6516941785812378,-0.07908304035663605
8.515	0.7531979084014893,0.04785997420549393,0.6515393853187561,-0.07680291682481766
8.525	0.7541565895080566,0.044410545378923416,0.6508633494377136,-0.0751827284693718
8.535	0.7547274827957153,0.041314996778964996,0.6505885124206543,-0.07358011603355408
8.545	0.7553417086601257,0.03835628181695938,0.6502791047096252,-0.0715876892209053
8.554	0.7559716105461121,0.03582250326871872,0.6498843431472778,-0.06981360912322998
8.565	0.7564728856086731,0.03383658081293106,0.6495410203933716,-0.06855884939432144
8.575	0.7566781044006348,0.03219461068511009,0.6494784951210022,-0.06767136603593826
8.585	0.7567043900489807,0.030888443812727928,0.6495868563652039,-0.06694219261407852
8.594	0.7565744519233704,0.029866747558116913,0.6498225331306458,-0.06658658385276794
8.604	0.7564579844474792,0.029115427285432816,0.6499958634376526,-0.06655032932758331
8.614	0.7562400698661804,0.028550168499350548,0.6502501368522644,-0.06678716093301773
8.625	0.7559945583343506,0.028074927628040314,0.6505242586135864,-0.0670982077717781
8.633	0.7560058236122131,0.027452168986201286,0.6505755186080933,-0.06673052161931992
8.644	0.756085216999054,0.027156401425600052,0.6504958868026733,-0.0667295828461647
8.654	0.7559300661087036,0.02735680341720581,0.650603711605072,-0.06735087186098099
8.664	0.7555360198020935,0.027720659971237183,0.6509639024734497,-0.06813811510801315
8.674	0.7548878192901611,0.028088675811886787,0.6516298055648804,-0.06880424916744232
8.683	0.7546263933181763,0.028151514008641243,0.6518864035606384,-0.06921320408582687
8.693	0.7547940015792847,0.027869291603565216,0.6516969799995422,-0.06928479671478271
8.704	0.7549788355827332,0.02745773456990719,0.6515235304832458,-0.06906440109014511
8.714	0.7549343705177307,0.027462463825941086,0.6515752673149109,-0.06906253099441528
8.723	0.7544156908988953,0.028038151562213898,0.6521441340446472,-0.06912870705127716
8.734	0.753767192363739,0.029241619631648064,0.6527848243713379,-0.06965510547161102
8.743	0.7534840703010559,0.03084489144384861,0.6529220938682556,-0.07073277235031128
8.753	0.7537356019020081,0.03230753168463707,0.6524860262870789,-0.07141994684934616
8.764	0.754472553730011,0.033568352460861206,0.6514965891838074,-0.0720859095454216
8.773	0.7554205060005188,0.03484567627310753,0.6501323580741882,-0.07384847849607468
8.783	0.7560678720474243,0.03577960282564163,0.6491605639457703,-0.07531080394983292
8.793	0.7562230229377747,0.03667024150490761,0.6487540006637573,-0.07681334763765335
8.803	0.756231427192688,0.037655510008335114,0.6485102772712708,-0.0782977044582367
8.814	0.7562314867973328,0.03896124288439751,0.6482188701629639,-0.08005143702030182
8.822	0.7557364702224731,0.04088351130485535,0.6482312083244324,-0.08359009772539139
8.833	0.7548129558563232,0.043316543102264404,0.6483702063560486,-0.08942584693431854
8.843	0.7539597153663635,0.04657959192991257,0.6482340693473816,-0.09574761986732483
8.853	0.7531498074531555,0.051522258669137955,0.6476368308067322,-0.10333099961280823
8.862	0.7526078820228577,0.05724547430872917,0.6462728381156921,-0.11240852624177933
8.872	0.7512510418891907,0.06462632119655609,0.6449286937713623,-0.1245480626821518
8.882	0.7498853206634521,0.07276005297899246,0.642962634563446,-0.13775742053985596
8.893	0.7490423321723938,0.08127200603485107,0.6398367881774902,-0.15145747363567352
8.903	0.747804582118988,0.0899396762251854,0.6366689801216125,-0.16538386046886444
8.912	0.7455309629440308,0.09889446198940277,0.6339545845985413,-0.18029142916202545
8.922	0.7421714067459106,0.10911805182695389,0.6308855414390564,-0.19813694059848785
8.932	0.7377211451530457,0.11961767077445984,0.6281669735908508,-0.2164841890335083
8.942	0.7312331199645996,0.13290803134441376,0.6253161430358887,-0.2379353642463684
8.951	0.7230214476585388,0.14725473523139954,0.622674822807312,-0.26044586300849915
8.961	0.7126252055168152,0.16283613443374634,0.6215013861656189,-0.28175482153892517
8.972	0.7010038495063782,0.17871402204036713,0.6206638216972351,-0.30237624049186707
8.982	0.6891928911209106,0.19284476339817047,0.6209201216697693,-0.3198159635066986
8.991	0.679544985294342,0.20378758013248444,0.6203523874282837,-0.3344431221485138
9.001	0.6716542840003967,0.2135474681854248,0.6195908188819885,-0.3455217778682709
9.011	0.6640426516532898,0.2221268266439438,0.6200199723243713,-0.3539523482322693
9.022	0.6575886607170105,0.22964657843112946,0.6211255788803101,-0.3592248857021332
9.032	0.6457301378250122,0.24548231065273285,0.616239070892334,-0.37818047404289246
9.041	0.6309961080551147,0.2601262032985687,0.6152427792549133,-0.3945309519767761
9.051	0.6145431995391846,0.27580899000167847,0.6150029301643372,-0.409923791885376
9.061	0.5983869433403015,0.2920404076576233,0.61539226770401,-0.4218267798423767
9.071	0.5840827226638794,0.3071271479129791,0.6151136159896851,-0.43145751953125
9.080	0.5675280094146729,0.32333704829216003,0.6154150366783142,-0.44116830825805664
9.090	0.5505514144897461,0.3404496908187866,0.6131506562232971,-0.45280614495277405
9.101	0.5358272790908813,0.355877161026001,0.6079788208007812,-0.46540552377700806
9.111	0.5264736413955688,0.3676317632198334,0.5986688137054443,-0.47881948947906494
9.120	0.5206477642059326,0.37852826714515686,0.5865179300308228,-0.4915678799152374
9.130	0.5147125720977783,0.389372318983078,0.5740553140640259,-0.5039053559303284
9.140	0.5049833655357361,0.3992540240287781,0.5675208568572998,-0.5133303999900818
9.150	0.49527958035469055,0.4083394706249237,0.5605567097663879,-0.523195207118988
9.161	0.4851644039154053,0.41571590304374695,0.5565269589424133,-0.5311058759689331
9.169	0.47240033745765686,0.421559602022171,0.5528527498245239,-0.5417371988296509
9.180	0.4548949897289276,0.42820125818252563,0.5502018332481384,-0.5540686845779419
9.190	0.4354568421840668,0.4372658133506775,0.5450212359428406,-0.567562997341156
9.200	0.41354236006736755,0.44754448533058167,0.5361858010292053,-0.5841158628463745
9.209	0.39049798250198364,0.45953959226608276,0.5255743861198425,-0.6000884771347046
9.221	0.3682122528553009,0.47281613945961,0.5140221118927002,-0.6137148141860962
9.230	0.3524347245693207,0.48483744263648987,0.5024057030677795,-0.6231459379196167
9.240	0.3425886332988739,0.4959276020526886,0.49188920855522156,-0.6282784938812256
9.250	0.33420529961586,0.5059657692909241,0.4803987443447113,-0.6336581110954285
9.259	0.32541465759277344,0.5147908329963684,0.47279638051986694,-0.6368353962898254
9.269	0.3176095187664032,0.5215901136398315,0.46428871154785156,-0.6414856314659119
9.279	0.30521318316459656,0.5276633501052856,0.4549303352832794,-0.6491954326629639
9.290	0.2928198277950287,0.5330989360809326,0.44626346230506897,-0.6564381718635559
9.298	0.28016117215156555,0.5409138798713684,0.43920227885246277,-0.6603205800056458
9.310	0.2671907842159271,0.5522603392601013,0.4329150915145874,-0.6604560017585754
9.319	0.25657638907432556,0.5642364025115967,0.42632976174354553,-0.6588237881660461
9.329	0.24710820615291595,0.576623260974884,0.4159233570098877,-0.6583698391914368
9.339	0.2372264564037323,0.5863526463508606,0.4048108756542206,-0.6603350043296814
9.348	0.22848622500896454,0.5938428044319153,0.3934127390384674,-0.663604736328125
9.358	0.21956942975521088,0.6008098125457764,0.3813602924346924,-0.6673689484596252
9.369	0.2091231346130371,0.6076839566230774,0.37016040086746216,-0.6707973480224609
9.379	0.19707341492176056,0.6164592504501343,0.3582818806171417,-0.6728848814964294
9.389	0.18505166471004486,0.6278320550918579,0.34363287687301636,-0.6734235882759094
9.398	0.1731969118118286,0.6414036154747009,0.32825571298599243,-0.671455442905426
9.408	0.1623350977897644,0.6546545028686523,0.3124660849571228,-0.66890949010849
9.419	0.15070946514606476,0.6672121286392212,0.29383671283721924,-0.6676635146141052
9.429	0.13835877180099487,0.6765101552009583,0.2760882079601288,-0.6685552597045898
9.438	0.12430144846439362,0.683296263217926,0.2602342665195465,-0.6707707643508911
9.448	0.10891381651163101,0.690614640712738,0.24426357448101044,-0.6719557642936707
9.458	0.09276986867189407,0.6965727806091309,0.22994375228881836,-0.6732800602912903
9.468	0.0766073688864708,0.7026767134666443,0.21893782913684845,-0.6726387739181519
9.477	0.06001315265893936,0.7083675861358643,0.20865923166275024,-0.6716211438179016
9.487	0.0447259396314621,0.7129170894622803,0.19658049941062927,-0.6716434359550476
9.498	0.034073103219270706,0.7161994576454163,0.18247930705547333,-0.6727545857429504
9.508	0.027672966942191124,0.7213553786277771,0.16636726260185242,-0.6717162132263184
9.518	0.02232692763209343,0.7263614535331726,0.15152592957019806,-0.6700301170349121
9.527	0.01697048544883728,0.7294575572013855,0.13571195304393768,-0.6702134013175964
9.537	0.01016994845122099,0.732600212097168,0.12227986007928848,-0.6695080995559692
9.547	0.0010992670431733131,0.7319539785385132,0.11046270281076431,-0.6723393201828003
9.558	0.007663673721253872,-0.7309660315513611,-0.10090874135494232,0.6748684048652649
9.566	0.0164579376578331,-0.7315629124641418,-0.09370231628417969,0.6751033663749695
9.577	0.02394743263721466,-0.7323794364929199,-0.08648921549320221,0.6749566793441772
9.587	0.030683724209666252,-0.7334790229797363,-0.07975049316883087,0.6743196249008179
9.597	0.03686029464006424,-0.7354941368103027,-0.07262971252202988,0.6726177334785461
9.607	0.04337284341454506,-0.7336143851280212,-0.06545622646808624,0.6750141978263855
9.616	0.050578609108924866,-0.7302948832511902,-0.0582849383354187,0.6787591576576233
9.627	0.05800816789269447,-0.7280063033103943,-0.05238976702094078,0.6811000108718872
9.637	0.06469236314296722,-0.7253923416137695,-0.048056188970804214,0.6836018562316895
9.647	0.07091493904590607,-0.7227739691734314,-0.04261716827750206,0.6861141324043274
9.656	0.07633839547634125,-0.720489501953125,-0.03791816160082817,0.6882073879241943
9.666	0.08033673465251923,-0.7191964387893677,-0.03475727513432503,0.6892709732055664
9.676	0.08292949199676514,-0.7188112139701843,-0.03240161016583443,0.6894804239273071
9.687	0.08537457138299942,-0.7182803750038147,-0.030175935477018356,0.6898361444473267
9.695	0.0878337174654007,-0.7164608240127563,-0.028239484876394272,0.6914995908737183
9.706	0.08990688621997833,-0.7153021097183228,-0.02620679698884487,0.692512035369873
9.716	0.09264141321182251,-0.7138792276382446,-0.025291629135608673,0.6936529278755188
9.726	0.0966721773147583,-0.7111121416091919,-0.023991001769900322,0.695987343788147
9.736	0.10035958141088486,-0.707749605178833,-0.022251039743423462,0.6989444494247437
9.745	0.10322869569063187,-0.7062705755233765,-0.019779840484261513,0.700096070766449
9.755	0.10506388545036316,-0.7058018445968628,-0.016543179750442505,0.7003795504570007
9.766	0.10691066831350327,-0.7057934999465942,-0.014311907812952995,0.7001575827598572
9.776	0.10844152420759201,-0.706227719783783,-0.012355179525911808,0.6995213031768799
9.785	0.10946663469076157,-0.7062426805496216,-0.010841921903192997,0.6993716359138489
9.796	0.11029452830553055,-0.7059885859489441,-0.009883487597107887,0.6995123624801636
9.805	0.11089956015348434,-0.7059897780418396,-0.008957704529166222,0.6994280219078064
9.815	0.11094388365745544,-0.7060092687606812,-0.006974907126277685,0.6994237899780273
9.826	0.11108022928237915,-0.7051651477813721,-0.004906876012682915,0.7002707123756409
9.835	0.11145926266908646,-0.704129695892334,-0.001953285885974765,0.7012662887573242
9.845	0.1122898980975151,-0.7031481266021729,0.00016173566109500825,0.702120840549469
9.855	0.11294533312320709,-0.7029924392700195,0.0014446066925302148,0.7021700739860535
9.865	0.11333779990673065,-0.7028334736824036,0.002000811044126749,0.7022645473480225
9.876	0.11332271993160248,-0.7029552459716797,0.002357497112825513,0.7021440863609314
9.884	0.11257593333721161,-0.7036700248718262,0.0032185008749365807,0.7015445232391357
9.895	0.11167281121015549,-0.7039821147918701,0.0036409376189112663,0.701373815536499
9.905	0.11071611940860748,-0.7039565443992615,0.004207773599773645,0.7015478610992432
9.915	0.10981254279613495,-0.7030219435691833,0.004485728684812784,0.7026245594024658
9.924	0.10912693291902542,-0.7014661431312561,0.004474706947803497,0.7042843103408813
9.934	0.10860562324523926,-0.700371265411377,0.004491363186389208,0.705453634262085
9.944	0.10798582434654236,-0.6999067664146423,0.004755186848342419,0.706007719039917
9.955	0.10737840831279755,-0.6998695731163025,0.004972296301275492,0.7061356902122498
9.963	0.10692352056503296,-0.6997272372245789,0.005142082925885916,0.706344723701477
9.974	0.10642783343791962,-0.6992618441581726,0.00500767957419157,0.7068811058998108
9.984	0.10539869964122772,-0.6991974711418152,0.005015392787754536,0.7070989012718201
9.994	0.1041761189699173,-0.698975682258606,0.004288468509912491,0.7075039744377136
10.004	0.10296934098005295,-0.6983099579811096,0.003713804529979825,0.7083408236503601
10.013	0.1010451391339302,-0.6984556913375854,0.0035519881639629602,0.7084750533103943
10.023	0.09916616231203079,-0.6987299919128418,0.0036603943444788456,0.708469569683075
10.034	0.09746409952640533,-0.6987999677658081,0.004252019803971052,0.7086333632469177
10.044	0.0956704169511795,-0.6989348530769348,0.0048292651772499084,0.7087410688400269
10.053	0.09384505450725555,-0.699063777923584,0.005637490656226873,0.7088519334793091
10.063	0.09187176823616028,-0.6987760663032532,0.006250237114727497,0.709388792514801
10.073	0.09003852307796478,-0.6984075307846069,0.006594452075660229,0.7099834680557251
10.084	0.08815136551856995,-0.6980441808700562,0.007053528446704149,0.7105728983879089
10.094	0.08611621707677841,-0.6976550817489624,0.007855129428207874,0.7111960053443909
10.103	0.08413904160261154,-0.6968272924423218,0.008788133040070534,0.7122324109077454
10.113	0.08239543437957764,-0.6953874826431274,0.009914964437484741,0.7138269543647766
10.123	0.08072871714830399,-0.6936385035514832,0.011235879734158516,0.7156970500946045
10.133	0.07915123552083969,-0.692571222782135,0.012662955559790134,0.7168818712234497
10.142	0.07800104469060898,-0.6916148662567139,0.014119794592261314,0.7179034352302551
10.152	0.07713492959737778,-0.6909416913986206,0.015936018899083138,0.7186068892478943
10.163	0.075851209461689,-0.6911575198173523,0.01770372875034809,0.7184945940971375
10.173	0.07446018606424332,-0.692188024520874,0.018869543448090553,0.7176178097724915
10.182	0.07300278544425964,-0.6932708621025085,0.019791310653090477,0.7166968584060669
10.192	0.07178275287151337,-0.6942596435546875,0.02001342549920082,0.7158563137054443
10.202	0.07107243686914444,-0.695149838924408,0.020276539027690887,0.7150553464889526
10.212	0.07069995254278183,-0.6952673196792603,0.020647840574383736,0.7149675488471985
10.223	0.07043307274580002,-0.6951375603675842,0.02089872397482395,0.7151127457618713
10.232	0.07061383128166199,-0.6947677135467529,0.020902663469314575,0.7154541611671448
10.242	0.0707954540848732,-0.6942705512046814,0.021514251828193665,0.7159004211425781
10.252	0.07087143510580063,-0.6938989162445068,0.02245025336742401,0.7162244319915771
10.262	0.07091031223535538,-0.6939404010772705,0.023112820461392403,0.7161592841148376
10.271	0.07054639607667923,-0.694230854511261,0.023872219026088715,0.7158886790275574
10.283	0.06987287104129791,-0.6945174932479858,0.02454579435288906,0.7156541347503662
10.292	0.0689336508512497,-0.6950498819351196,0.024883773177862167,0.7152164578437805
10.302	0.06792806833982468,-0.6959620118141174,0.024648474529385567,0.714433491230011
10.312	0.06727926433086395,-0.6967554092407227,0.02436654083430767,0.7137308120727539
10.321	0.06697317957878113,-0.6973506212234497,0.0244562067091465,0.7131750583648682
10.331	0.06679601967334747,-0.6976938843727112,0.024650491774082184,0.7128490209579468
10.341	0.0668143704533577,-0.6979374289512634,0.024897808209061623,0.7126003503799438
10.352	0.0667751282453537,-0.6978293061256409,0.02535778470337391,0.7126937508583069
10.362	0.06960611790418625,-0.6722343564033508,0.024127895012497902,0.7366639375686646
10.372	0.06937871128320694,-0.6720069646835327,0.024718333035707474,0.736873209476471
10.381	0.06917274743318558,-0.6716139912605286,0.025803400203585625,0.737213671207428
10.391	0.06866172701120377,-0.6711431741714478,0.02683277241885662,0.7376533150672913
10.401	0.06811463087797165,-0.670803427696228,0.02760353311896324,0.7379845380783081
10.410	0.0676879808306694,-0.6705946326255798,0.028179526329040527,0.7381917834281921
10.420	0.06721408665180206,-0.6706660389900208,0.028514239937067032,0.7381572723388672
10.431	0.06677983701229095,-0.6709091663360596,0.02915825881063938,0.7379506230354309
10.441	0.06673971563577652,-0.6711172461509705,0.02997790277004242,0.7377322316169739
10.451	0.0667201355099678,-0.6710981726646423,0.03063788078725338,0.7377241849899292
10.460	0.06675194948911667,-0.6709263324737549,0.03088093362748623,0.737867534160614
10.470	0.06679826974868774,-0.670749306678772,0.030829455703496933,0.7380264401435852
10.481	0.0667814239859581,-0.670114278793335,0.030811455100774765,0.7386051416397095
10.491	0.06667894124984741,-0.6700411438941956,0.031228989362716675,0.7386633157730103
10.500	0.06652659177780151,-0.6698610782623291,0.03194145858287811,0.7388099431991577
10.510	0.066297747194767,-0.6694764494895935,0.032670214772224426,0.7391470670700073
10.520	0.06591715663671494,-0.6687381863594055,0.03297783434391022,0.7398355007171631
10.530	0.06551159173250198,-0.668063759803772,0.032659173011779785,0.7404947280883789
10.539	0.06489250063896179,-0.6675535440444946,0.03211585059762001,0.7410328984260559
10.549	0.06415995955467224,-0.6670067310333252,0.03183618560433388,0.7416009902954102
10.560	0.0636594220995903,-0.6664206981658936,0.0311661995947361,0.7421991229057312
10.570	0.06280149519443512,-0.6666122078895569,0.03043949231505394,0.74213045835495
10.580	0.06181570515036583,-0.6668664813041687,0.030029065907001495,0.742001473903656
10.589	0.06086486577987671,-0.6669224500656128,0.029450323432683945,0.7420529723167419
10.599	0.05980384349822998,-0.6670345664024353,0.028810443356633186,0.7420635223388672
10.609	0.05878565087914467,-0.6671018600463867,0.028039496392011642,0.7421139478683472
10.620	0.05777156352996826,-0.6670858263969421,0.02716035395860672,0.7422407269477844
10.628	0.05597475543618202,-0.6673750281333923,0.025908082723617554,0.7421631813049316
10.639	0.0548376590013504,-0.6673670411109924,0.024372415617108345,0.7423072457313538
10.649	0.05435333773493767,-0.6662935614585876,0.023117568343877792,0.743346631526947
10.659	0.053798604756593704,-0.6655510067939758,0.022293420508503914,0.7440770268440247
10.668	0.05372731387615204,-0.6643669605255127,0.020882755517959595,0.7451804280281067
10.678	0.05331537500023842,-0.6636411547660828,0.019889438524842262,0.745883584022522
10.689	0.05265989899635315,-0.662851870059967,0.018820876255631447,0.7466593384742737
10.699	0.051886845380067825,-0.6622942686080933,0.01770585961639881,0.7472352385520935
10.709	0.05125144496560097,-0.6619831919670105,0.017171798273921013,0.7475671172142029
10.718	0.05048714205622673,-0.6620106101036072,0.016942942515015602,0.7476001381874084
10.728	0.04973961412906647,-0.6622369885444641,0.016743818297982216,0.7474542260169983
10.738	0.04879073426127434,-0.6627878546714783,0.016513187438249588,0.7470334768295288
10.749	0.0481112077832222,-0.6632327437400818,0.016475068405270576,0.7466833591461182
10.757	0.047716379165649414,-0.6634738445281982,0.01651610992848873,0.7464936971664429
10.768	0.04742962867021561,-0.6636581420898438,0.016775144264101982,0.7463424205780029
10.778	0.04727153852581978,-0.6634697914123535,0.016738491132855415,0.7465206980705261
10.788	0.04714420065283775,-0.6632395386695862,0.016573993489146233,0.746737003326416
10.798	0.04702923446893692,-0.6628771424293518,0.01609012298285961,0.7470764517784119
10.807	0.04691324383020401,-0.6615392565727234,0.01519782841205597,0.7482873797416687
10.817	0.046964097768068314,-0.6609039306640625,0.01454782672226429,0.7488582730293274
10.828	0.046413131058216095,-0.6605569124221802,0.014512867666780949,0.749199390411377
10.838	0.04575849324464798,-0.6605439782142639,0.015090033411979675,0.7492396831512451
10.847	0.04490825533866882,-0.6606853604316711,0.015505366027355194,0.7491579651832581
10.858	0.044187840074300766,-0.6607761383056641,0.01580096408724785,0.7491145730018616
10.867	0.04361848905682564,-0.6607863903045654,0.01579136587679386,0.7491391897201538
10.877	0.043365634977817535,-0.6607124209403992,0.015864187851548195,0.7492175102233887
10.888	0.04301869496703148,-0.6607204675674438,0.01581260748207569,0.7492315769195557
10.897	0.04261515662074089,-0.6607499718666077,0.015274572186172009,0.7492396831512451
10.907	0.04231841862201691,-0.6600649952888489,0.014379234984517097,0.7498778104782104
10.917	0.042008135467767715,-0.6597906351089478,0.014347035437822342,0.7501370906829834
10.927	0.04147050157189369,-0.6590985059738159,0.013783132657408714,0.7507858872413635
10.938	0.04095258563756943,-0.6582382917404175,0.01312519796192646,0.7515802383422852
10.946	0.04011596366763115,-0.6571993231773376,0.012655826285481453,0.7525420188903809
10.957	0.03888137266039848,-0.6565336585044861,0.011597329750657082,0.7532047033309937
10.967	0.03738205507397652,-0.6561976671218872,0.010265237651765347,0.7535926103591919
10.977	0.03604678064584732,-0.6556726098060608,0.008957591839134693,0.7541311383247375
10.986	0.03487686812877655,-0.654769778251648,0.006982417311519384,0.7549909949302673
10.996	0.03362546116113663,-0.654285192489624,0.004938610829412937,0.7554837465286255
11.006	0.03203829005360603,-0.6544891595840454,0.004078136291354895,0.7553812265396118
11.017	0.030396156013011932,-0.6548520922660828,0.003926261328160763,0.7551353573799133
11.025	0.02841860242187977,-0.6548999547958374,0.003308218438178301,0.7551738023757935
11.036	0.02578902244567871,-0.6546683311462402,0.001636176137253642,0.7554743885993958
11.046	0.022442307323217392,-0.6544826030731201,-0.0011873581679537892,0.7557430267333984
11.056	0.0185665562748909,-0.6536664366722107,-0.004932590294629335,0.7565389275550842
11.066	0.013935242779552937,-0.6527905464172363,-0.009946697391569614,0.7573448419570923
11.075	0.008873206563293934,-0.65151447057724,-0.01612924411892891,0.758412778377533
11.086	0.0037001902237534523,-0.6500036120414734,-0.02243666537106037,0.7595908045768738
11.096	0.0016876563895493746,0.6483208537101746,0.028837472200393677,-0.7608189582824707
11.106	0.007425566203892231,0.6466883420944214,0.0349029004573822,-0.7619192004203796
11.115	0.013663921505212784,0.6456321477890015,0.040846992284059525,-0.7624329924583435
11.125	0.02048504538834095,0.645435094833374,0.04578106850385666,-0.7621666193008423
11.135	0.028147654607892036,0.6463463306427002,0.05040523782372475,-0.7608570456504822
11.146	0.03645682707428932,0.6473401784896851,0.05625433102250099,-0.7592477202415466
11.156	0.04564661532640457,0.6482737064361572,0.06365860253572464,-0.7573673129081726
11.165	0.055887218564748764,0.6489174365997314,0.07268837094306946,-0.7553138732910156
11.175	0.06834716349840164,0.6478464007377625,0.08534537255764008,-0.7538832426071167
11.185	0.08400139212608337,0.6451821327209473,0.10420065373182297,-0.7522140145301819
11.195	0.10234473645687103,0.6420934200286865,0.12710580229759216,-0.7490565180778503
11.204	0.12471150606870651,0.6383187174797058,0.1524641513824463,-0.7441443800926208
11.214	0.14794513583183289,0.6353278756141663,0.17632992565631866,-0.7371420860290527
11.225	0.17024177312850952,0.6329230666160583,0.19661018252372742,-0.7292259931564331
11.235	0.18997050821781158,0.6317122578620911,0.21262511610984802,-0.720861554145813
11.244	0.205617755651474,0.6320883631706238,0.2240554392337799,-0.7127304673194885
11.254	0.21983860433101654,0.6322160363197327,0.2341461330652237,-0.7050881385803223
11.264	0.2317318618297577,0.6321444511413574,0.24355410039424896,-0.6981226205825806
11.274	0.2438853681087494,0.6314059495925903,0.2529198229312897,-0.6912873387336731
11.285	0.2577504813671112,0.6299510598182678,0.2632604241371155,-0.683681309223175
11.294	0.27398255467414856,0.6272393465042114,0.2746075689792633,-0.6753481030464172
11.304	0.29414573311805725,0.6235004663467407,0.2874261736869812,-0.6649148464202881
11.314	0.3173605799674988,0.6185557246208191,0.3024226725101471,-0.652082622051239
11.324	0.343081533908844,0.6111875772476196,0.3189534842967987,-0.6379759311676025
11.333	0.367557168006897,0.6036911606788635,0.33621835708618164,-0.6224272847175598
11.345	0.38841554522514343,0.5947628617286682,0.35348910093307495,-0.6086344718933105
11.354	0.4047574996948242,0.5854151248931885,0.371197909116745,-0.5963828563690186
11.364	0.4213252663612366,0.5726990699768066,0.3884689211845398,-0.5861677527427673
11.374	0.43420496582984924,0.5620130300521851,0.40329694747924805,-0.5770259499549866
11.383	0.44776150584220886,0.551021158695221,0.4144580364227295,-0.5693065524101257
11.393	0.45968687534332275,0.5410012602806091,0.4223644733428955,-0.5635722279548645
11.403	0.4721420705318451,0.5309609174728394,0.42795345187187195,-0.5585859417915344
11.414	0.48635533452033997,0.5199292302131653,0.43381884694099426,-0.5522076487541199
11.424	0.5014685392379761,0.5087043046951294,0.4411408305168152,-0.5432716608047485
11.433	0.5165941715240479,0.49584537744522095,0.4520880877971649,-0.5318684577941895
11.443	0.5325297713279724,0.48172909021377563,0.46579983830451965,-0.5170876979827881
11.453	0.5471341013908386,0.4667762219905853,0.47997167706489563,-0.5023856163024902
11.463	0.5582067966461182,0.45415931940078735,0.4922405481338501,-0.48973846435546875
11.472	0.5658292770385742,0.44759073853492737,0.4997406303882599,-0.4793318212032318
11.482	0.5728046298027039,0.440814346075058,0.5077609419822693,-0.46878182888031006
11.493	0.581304669380188,0.4322529435157776,0.518215537071228,-0.4546371102333069
11.503	0.5928645133972168,0.4207267165184021,0.5294666886329651,-0.4372248947620392
11.513	0.6061152219772339,0.40699946880340576,0.5407928824424744,-0.417754590511322
11.522	0.6196961998939514,0.3928954601287842,0.5504674911499023,-0.3982403576374054
11.532	0.6335955262184143,0.37828749418258667,0.5586026310920715,-0.37870606780052185
11.543	0.6463667154312134,0.36441943049430847,0.5651028156280518,-0.3606484532356262
11.553	0.6583113074302673,0.3504577577114105,0.5715821385383606,-0.3421979546546936
11.562	0.6699363589286804,0.3353371322154999,0.5782811045646667,-0.3229939937591553
11.572	0.6805427074432373,0.31978005170822144,0.585570216178894,-0.30283644795417786
11.582	0.6904239058494568,0.30387964844703674,0.5933876037597656,-0.28082576394081116
11.592	0.6987579464912415,0.2877780497074127,0.6021898984909058,-0.2574652433395386
11.601	0.7055088877677917,0.2728566825389862,0.6104069948196411,-0.23496729135513306
11.611	0.7114697098731995,0.259448379278183,0.6167086958885193,-0.21486692130565643
11.622	0.7182134389877319,0.24543491005897522,0.6210110783576965,-0.19564348459243774
11.632	0.7260833382606506,0.22955113649368286,0.6236155033111572,-0.1766720563173294
11.642	0.7336919903755188,0.21336665749549866,0.6253632307052612,-0.15840326249599457
11.651	0.7404492497444153,0.19769065082073212,0.6264952421188354,-0.1419757604598999
11.661	0.7454643845558167,0.1837572306394577,0.6278438568115234,-0.12778189778327942
11.671	0.7478840351104736,0.171681210398674,0.6309588551521301,-0.11439340561628342
11.682	0.7485134601593018,0.15947265923023224,0.6359262466430664,-0.09946786612272263
11.690	0.7481700778007507,0.1460416316986084,0.6420599818229675,-0.08168503642082214
11.701	0.7480128407478333,0.13230322301387787,0.6473650336265564,-0.062378816306591034
11.711	0.7484766840934753,0.11993927508592606,0.6506004333496094,-0.04600207880139351
11.721	0.7496255040168762,0.10869274288415909,0.6520992517471313,-0.03184441477060318
11.732	0.7517839074134827,0.09731677919626236,0.6519536972045898,-0.017511965706944466
11.740	0.7547013759613037,0.0858207494020462,0.6504225134849548,-0.003321464406326413
11.751	0.7574910521507263,0.07585199922323227,0.6483675241470337,0.008559530600905418
11.761	0.7593598961830139,0.06599444150924683,0.6469957828521729,0.020339980721473694
11.771	0.7601157426834106,0.05645027011632919,0.6465147137641907,0.03249793127179146
11.780	0.7594269514083862,0.04824625700712204,0.6473801732063293,0.04291735962033272
11.790	0.7573567628860474,0.04222414270043373,0.6496617197990417,0.05067099630832672
11.800	0.7540321350097656,0.03764835372567177,0.6533302664756775,0.05637124180793762
11.811	0.7509209513664246,0.032881297171115875,0.6566647887229919,0.06186949461698532
11.819	0.7490096688270569,0.02785804495215416,0.6585997939109802,0.06674322485923767
11.831	0.7479231953620911,0.022726107388734818,0.6595231294631958,0.07157973200082779
11.840	0.7473266124725342,0.01748928613960743,0.6598114371299744,0.07645890861749649
11.850	0.7470305562019348,0.012660211883485317,0.6597529053688049,0.08069081604480743
11.860	0.7466338872909546,0.008322736248373985,0.6597967743873596,0.0844794437289238
11.869	0.7460196018218994,0.004954732023179531,0.6601368188858032,0.08746052533388138
11.879	0.7451567649841309,0.0026427560951560736,0.6609269380569458,0.08893771469593048
11.890	0.7432986497879028,0.001718347892165184,0.6629964709281921,0.08910524100065231
11.900	0.7407038807868958,0.0016118085477501154,0.6659601926803589,0.08861280977725983
11.909	0.7382239699363708,0.001525986474007368,0.6687108874320984,0.08859343081712723
11.920	0.7371994256973267,0.0018198494799435139,0.6699082851409912,0.08807128667831421
11.929	0.7372003197669983,0.0013813689583912492,0.6698557138442993,0.0884697213768959
11.940	0.7375047206878662,0.0002107378386426717,0.6693251729011536,0.08994737267494202
11.950	0.737971842288971,-0.0010361609747633338,0.6686688661575317,0.09098590165376663
11.959	0.738212525844574,-0.001642137998715043,0.6684438586235046,0.0906771868467331
11.969	0.7378882169723511,-0.00147219595964998,0.6690019965171814,0.08919164538383484
11.979	0.7366905808448792,-0.00029976535006426275,0.6706143021583557,0.08696775138378143
11.989	0.7349575757980347,0.001041364623233676,0.6727523803710938,0.08509131520986557
12.000	0.7332488298416138,0.0030576575081795454,0.6747970581054688,0.08358071744441986
12.008	0.7317808866500854,0.00595340458676219,0.6768586039543152,0.07952217012643814
12.019	0.7304266691207886,0.008191024884581566,0.6787980198860168,0.07512010633945465
12.029	0.7293081283569336,0.0087948152795434,0.6802948117256165,0.07232770323753357
12.039	0.7286815643310547,0.007797626778483391,0.6810811161994934,0.07135036587715149
12.048	0.7284138202667236,0.006353330332785845,0.6813668608665466,0.07149972766637802
12.058	0.7285404205322266,0.006544273812323809,0.6812019348144531,0.0717635378241539
12.068	0.7286490201950073,0.006949391681700945,0.6810597777366638,0.07197216153144836
12.079	0.7286636233329773,0.007698720321059227,0.6810791492462158,0.07156234979629517
12.087	0.7280333042144775,0.008028705604374409,0.6819355487823486,0.06976354122161865
12.098	0.7258265614509583,0.009783088229596615,0.6844303011894226,0.06808261573314667
12.108	0.7224817872047424,0.010282729752361774,0.6882290244102478,0.06523139774799347
12.118	0.7193313241004944,0.010616311803460121,0.6917485594749451,0.06271949410438538
12.128	0.7168192267417908,0.011258439160883427,0.6945801377296448,0.06001491844654083
12.137	0.7162388563156128,0.01191088929772377,0.695346474647522,0.057906921952962875
12.148	0.7164126634597778,0.012650996446609497,0.6952621340751648,0.05659867823123932
12.158	0.7162989377975464,0.013809224590659142,0.6954277157783508,0.05572573468089104
12.168	0.7158367037773132,0.014912648126482964,0.6959677338600159,0.05462891235947609
12.177	0.7153335213661194,0.015693875029683113,0.6965640783309937,0.05338750407099724
12.187	0.71479332447052,0.01681671105325222,0.697218120098114,0.05171628296375275
12.197	0.7145732641220093,0.01793627068400383,0.6975427269935608,0.049975115805864334
12.208	0.7153028249740601,0.019158821552991867,0.6968334317207336,0.048969607800245285
12.218	0.715086817741394,0.019787123426795006,0.6971157789230347,0.04784256964921951
12.227	0.7149161696434021,0.018924493342638016,0.6974210739135742,0.04626619443297386
12.237	0.7157623171806335,0.016758982092142105,0.6967010498046875,0.044843561947345734
12.247	0.717720091342926,0.01338382251560688,0.6947789788246155,0.04450799152255058
12.257	0.7204071879386902,0.01020207442343235,0.6919885873794556,0.04539984464645386
12.266	0.7225911617279053,0.008797074668109417,0.6896299123764038,0.046853646636009216
12.276	0.7238777875900269,0.00871102511882782,0.6882632374763489,0.04710453748703003
12.287	0.7241078615188599,0.009707355871796608,0.6880618929862976,0.04630793258547783
12.297	0.7232033610343933,0.011775225400924683,0.6890751719474792,0.044872503727674484
12.307	0.7214792370796204,0.014224543236196041,0.690936803817749,0.043262701481580734
12.316	0.7200140953063965,0.016421720385551453,0.6925129890441895,0.0416635163128376
12.326	0.7188289761543274,0.018339969217777252,0.6937612295150757,0.040546026080846786
12.336	0.7178561687469482,0.020163726061582565,0.6947601437568665,0.039803605526685715
12.347	0.7166677713394165,0.02059738151729107,0.6959988474845886,0.03935280069708824
12.356	0.717099666595459,0.01899467594921589,0.6955921649932861,0.03948177024722099
12.366	0.717143177986145,0.017799481749534607,0.695559561252594,0.03982054814696312
12.376	0.7170710563659668,0.01776704378426075,0.6955958604812622,0.04049479961395264
12.386	0.7165048718452454,0.018247244879603386,0.6960881948471069,0.041821666061878204
12.395	0.7157532572746277,0.019316786900162697,0.6967292428016663,0.0435025580227375
12.407	0.7149574756622314,0.0202321857213974,0.6974777579307556,0.044171784073114395
12.416	0.7143419981002808,0.02070695348083973,0.6981301307678223,0.04360071197152138
12.426	0.7135364413261414,0.02093670330941677,0.6989916563034058,0.04287302866578102
12.436	0.7126656174659729,0.02079015038907528,0.6999863386154175,0.04116455093026161
12.445	0.7102655172348022,0.02052479051053524,0.7025967836380005,0.038201600313186646
12.455	0.707215428352356,0.022506777197122574,0.7058121562004089,0.034191228449344635
12.465	0.7055194973945618,0.02349206618964672,0.7076064348220825,0.031359534710645676
12.476	0.7047334313392639,0.02361895702779293,0.7084395885467529,0.030105972662568092
12.486	0.7037750482559204,0.023871872574090958,0.7093878388404846,0.029993733391165733
12.495	0.7025102376937866,0.022868257015943527,0.7106353640556335,0.030881574377417564
12.505	0.701549768447876,0.022258052602410316,0.7115630507469177,0.031786512583494186
12.515	0.7005616426467896,0.021646134555339813,0.7124938368797302,0.033127207309007645
12.525	0.7002336382865906,0.021356681361794472,0.7127966284751892,0.03373099863529205
12.534	0.699707567691803,0.022128460928797722,0.7132831811904907,0.033862896263599396
12.544	0.6996759176254272,0.022867409512400627,0.7132781744003296,0.0341310016810894
12.555	0.6997328996658325,0.023171178996562958,0.7131985425949097,0.0344233438372612
12.565	0.6997494101524353,0.02289988286793232,0.7132271528244019,0.03366353362798691
12.574	0.7033632397651672,0.014061455614864826,0.7102697491645813,0.02448161132633686
12.584	0.7045363783836365,0.013323490507900715,0.7091361880302429,0.024018531665205956
12.594	0.7061651349067688,0.011663743294775486,0.7075273990631104,0.024488966912031174
12.605	0.7080022096633911,0.00942678190767765,0.7057036757469177,0.025027094408869743
12.615	0.7094375491142273,0.007060785312205553,0.7042830586433411,0.025179458782076836
12.624	0.70991051197052,0.005090023390948772,0.7038317918777466,0.024937203153967857
12.634	0.7103868722915649,0.0035209697671234608,0.7033643126487732,0.02483302354812622
12.644	0.7111964821815491,0.002353803487494588,0.7025463581085205,0.024953335523605347
12.654	0.7119058966636658,0.0018180492334067822,0.701813280582428,0.025394020602107048
12.663	0.712755024433136,0.001247771317139268,0.700943648815155,0.025629382580518723
12.673	0.712286114692688,0.001392035512253642,0.7013717293739319,0.026911458000540733
12.684	0.7122765183448792,0.0019689693581312895,0.7013842463493347,0.026799187064170837
12.694	0.7122678160667419,0.0024081035517156124,0.7013922333717346,0.026787688955664635
12.704	0.7121570110321045,0.0025495553854852915,0.7014876008033752,0.027223672717809677
12.713	0.7117451429367065,0.0027702476363629103,0.7018951177597046,0.027465034276247025
12.723	0.711146354675293,0.0030033444054424763,0.70247882604599,0.02802256867289543
12.733	0.710834801197052,0.0029884199611842632,0.7027755379676819,0.028485188260674477
12.744	0.7105326056480408,0.002992185764014721,0.703059732913971,0.029011104255914688
12.752	0.7103990912437439,0.0029367050155997276,0.7031828165054321,0.02929762192070484
12.763	0.7097259759902954,0.0033257699105888605,0.7038620710372925,0.029258575290441513
12.773	0.7094691395759583,0.0030368247535079718,0.7041264772415161,0.029155874624848366
12.783	0.7092458009719849,0.002652783878147602,0.704357385635376,0.029053816571831703
12.794	0.7087202668190002,0.002604392124339938,0.7049022316932678,0.028665395453572273
12.802	0.7079851031303406,0.003131189616397023,0.7056741714477539,0.027773888781666756
12.813	0.7072857618331909,0.003827199339866638,0.7063993811607361,0.027058005332946777
12.823	0.7059037685394287,0.00492016552016139,0.7077984809875488,0.026398513466119766
12.833	0.7049023509025574,0.005815534852445126,0.7088030576705933,0.026021139696240425
12.842	0.7043641805648804,0.006311357021331787,0.7093366980552673,0.025933513417840004
12.852	0.7043262124061584,0.0061635239981114864,0.7093480229377747,0.02668345719575882
12.862	0.7040326595306396,0.005918141454458237,0.7095902562141418,0.028011256828904152
12.873	0.703015923500061,0.00517731299623847,0.7105341553688049,0.02971651963889599
12.881	0.7017166614532471,0.004373470786958933,0.7117502093315125,0.03140391781926155
12.893	0.7001050710678101,0.003926254343241453,0.7132745981216431,0.03281505033373833
12.902	0.6987792253494263,0.0035709254443645477,0.7145249247550964,0.033896319568157196
12.912	0.698470413684845,0.0029551456682384014,0.714776337146759,0.03500190004706383
12.922	0.6988154649734497,0.0023171333596110344,0.714408278465271,0.03567054122686386
12.931	0.6987055540084839,0.0026812669821083546,0.7145261764526367,0.035436175763607025
12.941	0.6991280913352966,0.003246647771447897,0.714137852191925,0.03487793356180191
12.952	0.6997228264808655,0.0036512650549411774,0.7135868072509766,0.03418305888772011
12.962	0.6993793249130249,0.0037385616451501846,0.7139087319374084,0.03447762504220009
12.971	0.6979292631149292,0.0038790239486843348,0.7152958512306213,0.035092707723379135
12.982	0.696068525314331,0.004063349217176437,0.717091977596283,0.03537077084183693
12.991	0.6936059594154358,0.00542314862832427,0.7194806933403015,0.03505349159240723
13.002	0.6912086009979248,0.007558496668934822,0.7217969298362732,0.034389786422252655
13.012	0.6904792189598083,0.008550788275897503,0.7224881649017334,0.034295812249183655
13.021	0.6907567381858826,0.0081593357026577,0.7221940159797668,0.03498998284339905
13.031	0.691451370716095,0.007585470099002123,0.7215045690536499,0.03561700880527496
13.041	0.6912192702293396,0.006926501635462046,0.7216814160346985,0.03665999695658684
13.051	0.6897706389427185,0.00688133155927062,0.7229925990104675,0.03809031471610069
13.062	0.6885274052619934,0.006676155608147383,0.7241047024726868,0.039467912167310715
13.070	0.6873608231544495,0.006337197031825781,0.7251198887825012,0.04118163883686066
13.081	0.6863850355148315,0.005865555722266436,0.725944995880127,0.04295312613248825
13.091	0.6849687695503235,0.0053949481807649136,0.7271608710289001,0.04500604048371315
13.101	0.6831110715866089,0.004918214865028858,0.7287754416465759,0.04713180288672447
13.110	0.6818844079971313,0.004356073215603828,0.7298176884651184,0.04879281297326088
13.120	0.6809926629066467,0.003844572464004159,0.7305627465248108,0.050122618675231934
13.130	0.6802425980567932,0.0030471831560134888,0.731167733669281,0.0515214167535305
13.141	0.6787897348403931,0.0021393417846411467,0.7323594093322754,0.05375438556075096
13.149	0.6768421530723572,0.0009569100802764297,0.7339392304420471,0.05671866983175278
13.160	0.6743955016136169,-0.0003825525054708123,0.7358903884887695,0.06046350300312042
13.170	0.6706892251968384,-0.0017127273604273796,0.7388864755630493,0.06496046483516693
13.180	0.6664406061172485,-0.00307276239618659,0.7422567009925842,0.07001756131649017
13.190	0.6625949144363403,-0.0041800555773079395,0.745254397392273,0.07447392493486404
13.199	0.6595934629440308,-0.0056730834767222404,0.7474726438522339,0.07866959273815155
13.210	0.6561047434806824,-0.007564462721347809,0.7500196099281311,0.08330627530813217
13.220	0.6530805826187134,-0.009032649919390678,0.7521241903305054,0.08782545477151871
13.230	0.650672197341919,-0.010091479867696762,0.7537853717803955,0.0912770926952362
13.239	0.6480406522750854,-0.010935045778751373,0.7557368278503418,0.09373169392347336
13.249	0.6446883678436279,-0.013268426060676575,0.7579116225242615,0.0988471657037735
13.259	0.6405825614929199,-0.01625126600265503,0.7604100108146667,0.10567163676023483
13.270	0.6355378031730652,-0.018697811290621758,0.7635783553123474,0.11265072971582413
13.280	0.6305221319198608,-0.02083451673388481,0.766654908657074,0.11936482042074203
13.289	0.625507652759552,-0.02264637127518654,0.7697252631187439,0.12550072371959686
13.299	0.6206115484237671,-0.02441473864018917,0.7727158665657043,0.13097867369651794
13.309	0.6178156733512878,-0.026657944545149803,0.7741820812225342,0.13503782451152802
13.319	0.6161088347434998,-0.03344938904047012,0.7737115621566772,0.14374060928821564
13.328	0.6143569946289062,-0.036825306713581085,0.7741298675537109,0.14809542894363403
13.338	0.6132302284240723,-0.04011447727680206,0.7740254998207092,0.15239445865154266
13.349	0.6116384267807007,-0.04233037680387497,0.7745189666748047,0.15564949810504913
13.359	0.6105728149414062,-0.04439238831400871,0.7746278643608093,0.15868759155273438
13.369	0.6077314615249634,-0.04388748109340668,0.7766581773757935,0.1598075032234192
13.378	0.6021884679794312,-0.04354274272918701,0.780612587928772,0.16160781681537628
13.388	0.5978235006332397,-0.04461856558918953,0.783293604850769,0.16452156007289886
13.398	0.5941498279571533,-0.044300906360149384,0.7858808040618896,0.16557414829730988
13.409	0.5910888910293579,-0.0447816364467144,0.787855863571167,0.1670081466436386
13.418	0.5893839001655579,-0.045959219336509705,0.7887277007102966,0.1685909628868103
13.428	0.5887671113014221,-0.047277554869651794,0.7888582348823547,0.16976669430732727
13.438	0.589407205581665,-0.04890458285808563,0.7881638407707214,0.17030955851078033
13.448	0.5906583666801453,-0.05026516690850258,0.7872507572174072,0.16980092227458954
13.457	0.5914183855056763,-0.05263514444231987,0.7863757014274597,0.17049013078212738
13.469	0.5922009944915771,-0.05635431036353111,0.7849758863449097,0.17301759123802185
13.478	0.5937883257865906,-0.06037304177880287,0.7829868197441101,0.1752200722694397
13.488	0.5944521427154541,-0.06373489648103714,0.7818117737770081,0.17701661586761475
13.498	0.5941960215568542,-0.06673617660999298,0.781353235244751,0.1787862330675125
13.507	0.5940402746200562,-0.06941724568605423,0.7808739542961121,0.18036991357803345
13.517	0.5939416885375977,-0.07200725376605988,0.7802700400352478,0.18228226900100708
13.527	0.5940057039260864,-0.07519850134849548,0.7791560292243958,0.18552161753177643
13.538	0.5944204926490784,-0.07872331142425537,0.7773703336715698,0.1901639848947525
13.548	0.5956689119338989,-0.08421023935079575,0.774547815322876,0.19535304605960846
13.557	0.5975871682167053,-0.09082949161529541,0.7709450125694275,0.20070691406726837
13.567	0.5996602773666382,-0.09813409298658371,0.7671042680740356,0.2057383954524994
13.577	0.6015653014183044,-0.10617796331644058,0.7631146311759949,0.21095381677150726
13.587	0.6029857397079468,-0.11507810652256012,0.7591853141784668,0.21634002029895782
13.596	0.6036546230316162,-0.12463681399822235,0.7553324103355408,0.2225753366947174
13.607	0.6042075157165527,-0.13457241654396057,0.7511972784996033,0.22918583452701569
13.617	0.6054045557975769,-0.14567628502845764,0.7456161975860596,0.23731888830661774
13.627	0.6072496771812439,-0.15804266929626465,0.7384472489356995,0.24691306054592133
13.636	0.6090989112854004,-0.1731509417295456,0.7290722131729126,0.2597517967224121
13.646	0.6101565957069397,-0.18927474319934845,0.719089686870575,0.2734849452972412
13.656	0.6107327342033386,-0.20443348586559296,0.7094249129295349,0.2862318158149719
13.667	0.6104252934455872,-0.21991713345050812,0.6996632814407349,0.2991468608379364
13.677	0.609518826007843,-0.2354796826839447,0.6898586750030518,0.31165868043899536
13.686	0.6075547933578491,-0.24932263791561127,0.6813594698905945,0.3232100307941437
13.696	0.6052252650260925,-0.2649886906147003,0.670731246471405,0.33705034852027893
13.706	0.6030654311180115,-0.280528724193573,0.6591940522193909,0.3508262038230896
13.716	0.6012804508209229,-0.2935813367366791,0.6489099264144897,0.3621984124183655
13.725	0.5991568565368652,-0.3059093952178955,0.638938307762146,0.37307965755462646
13.735	0.5959303975105286,-0.3202325701713562,0.6271080374717712,0.3860747218132019
13.746	0.5911076664924622,-0.33609262108802795,0.6129042506217957,0.40246960520744324
13.756	0.5828874111175537,-0.35476282238960266,0.5960056781768799,0.4232763946056366
13.766	0.5738047361373901,-0.374126136302948,0.5755801200866699,0.4466377794742584
13.775	0.5663272738456726,-0.38894227147102356,0.5609496831893921,0.4618796110153198
13.785	0.5575342178344727,-0.4035405218601227,0.5450502634048462,0.4787805378437042
13.795	0.5497612357139587,-0.41573846340179443,0.5320779085159302,0.4917490780353546
13.806	0.542473316192627,-0.42663267254829407,0.5193985104560852,0.5039169788360596
13.815	0.5344212651252747,-0.435520201921463,0.5113264322280884,0.5130899548530579
13.825	0.5263271927833557,-0.4438692331314087,0.5043144822120667,0.5211782455444336
13.835	0.518022894859314,-0.4518226087093353,0.49859049916267395,0.5281251072883606
13.845	0.5097919702529907,-0.46042144298553467,0.4917972683906555,0.5350323915481567
13.856	0.5003912448883057,-0.4699319899082184,0.48252996802330017,0.5440012812614441
13.864	0.49224433302879333,-0.47821033000946045,0.47411462664604187,0.5515666604042053
13.875	0.4844285249710083,-0.4868614375591278,0.4639039933681488,0.5595427751541138
13.885	0.47642001509666443,-0.4950644373893738,0.4537181556224823,0.5675165057182312
13.895	0.4666678309440613,-0.5047890543937683,0.44135046005249023,0.5767312049865723
13.904	0.45545536279678345,-0.5151419043540955,0.4264407157897949,0.5876543521881104
13.914	0.44531866908073425,-0.5237630605697632,0.4142020642757416,0.5964899063110352
13.924	0.43318629264831543,-0.5336641669273376,0.40008705854415894,0.6062033176422119
13.935	0.4202888607978821,-0.5437760353088379,0.38643360137939453,0.6150885820388794
13.945	0.4060620963573456,-0.5551807284355164,0.3711063265800476,0.6238332986831665
13.955	0.3931812047958374,-0.5645322203636169,0.3566831648349762,0.6320514678955078
13.964	0.3782427906990051,-0.5760595202445984,0.34070348739624023,0.6395381689071655
13.974	0.36495330929756165,-0.586114764213562,0.32526955008506775,0.6461256146430969
13.984	0.34615379571914673,-0.5996425151824951,0.3092477023601532,0.6518988609313965
13.993	0.32894423604011536,-0.6115214824676514,0.29187914729118347,0.6577566266059875
14.003	0.3075520694255829,-0.6272140741348267,0.27092456817626953,0.6622794270515442
14.014	0.2874867618083954,-0.6420386433601379,0.25066816806793213,0.6650587320327759
14.024	0.271881103515625,-0.6521784663200378,0.23087386786937714,0.6689105033874512
14.034	0.2590438425540924,-0.6598559617996216,0.21209056675434113,0.6726841330528259
14.043	0.2454540878534317,-0.6679779887199402,0.19336026906967163,0.6754031777381897
14.053	0.2315550595521927,-0.6771555542945862,0.1755552440881729,0.6760347485542297
14.064	0.21611659228801727,-0.6885935664176941,0.15753856301307678,0.6740283370018005
14.074	0.1993902027606964,-0.7025566101074219,0.14016813039779663,0.6685885190963745
14.083	0.18198241293430328,-0.7153927087783813,0.1220497414469719,0.6634753346443176
14.093	0.16706882417201996,-0.7250894904136658,0.10402917861938477,0.6599326729774475
14.103	0.15393716096878052,-0.7304428219795227,0.0859542116522789,0.6598246097564697
14.113	0.14215843379497528,-0.7320523858070374,0.06731043756008148,0.6628420352935791
14.124	0.13140305876731873,-0.7314679622650146,0.04826976731419563,0.6673514246940613
14.132	0.1218688040971756,-0.7291059494018555,0.030731037259101868,0.6727614998817444
14.143	0.11206519603729248,-0.726474404335022,0.01535838097333908,0.6778202652931213
14.153	0.10332458466291428,-0.7232521772384644,0.002294431673362851,0.6828067898750305
14.163	0.0951055958867073,-0.7210046648979187,-0.009022031910717487,0.6863131523132324
14.172	0.0878930538892746,-0.7203959822654724,-0.016169583424925804,0.6877811551094055
14.182	0.08029281347990036,-0.7203368544578552,-0.02266080491244793,0.6885886788368225
14.192	0.07322829961776733,-0.720308780670166,-0.027547895908355713,0.6892270445823669
14.203	0.0659683495759964,-0.7198373675346375,-0.032132990658283234,0.690253496170044
14.211	0.059434931725263596,-0.7197279334068298,-0.03631104901432991,0.6907535791397095
14.222	0.05280256271362305,-0.7193120718002319,-0.04090138152241707,0.6914687156677246
14.232	0.04669555649161339,-0.7189744710922241,-0.04580771178007126,0.6919514536857605
14.242	0.04218839854001999,-0.7184799909591675,-0.049425166100263596,0.692505419254303
14.252	0.03816918283700943,-0.717643141746521,-0.051976464688777924,0.6934189796447754
14.261	0.03286615014076233,-0.7178671360015869,-0.05592895299196243,0.6931511759757996
14.272	0.026056936010718346,-0.7176738977432251,-0.05978814885020256,0.6933184266090393
14.282	0.019666999578475952,-0.7168274521827698,-0.06303738802671432,0.6941166520118713
14.292	0.013022924773395061,-0.7132189273834229,-0.06402181088924408,0.6978899240493774
14.301	0.009859022684395313,-0.7090033292770386,-0.06378566473722458,0.7022452354431152
14.311	0.008057408966124058,-0.7019701600074768,-0.06039702147245407,0.7095950841903687
14.321	0.006547063123434782,-0.6944429278373718,-0.05517999455332756,0.717399001121521
14.332	0.004939424339681864,-0.687284529209137,-0.05045858025550842,0.7246167659759521
14.342	0.0035469953436404467,-0.6808657050132751,-0.04645395278930664,0.7309250235557556
14.351	0.002843969501554966,-0.67490553855896,-0.04335297644138336,0.736624002456665
14.361	0.0034053788986057043,-0.6693686842918396,-0.04169589653611183,0.7417515516281128
14.371	0.004288437310606241,-0.6647931337356567,-0.04139688238501549,0.7458672523498535
14.381	0.004417996387928724,-0.6616742014884949,-0.04274529218673706,0.7485589385032654
14.390	0.0029838988557457924,-0.660841166973114,-0.04555871710181236,0.7491358518600464
14.400	0.0002021693071583286,-0.6621399521827698,-0.04906630888581276,0.7477721571922302
14.411	0.0023953283671289682,0.6641153693199158,0.051823750138282776,-0.745827853679657
14.421	0.004313278943300247,0.6649019122123718,0.05351895093917847,-0.7449983954429626
14.431	0.005263982340693474,0.6643491983413696,0.054259803146123886,-0.7454316020011902
14.441	0.005339468829333782,0.6627698540687561,0.05365082249045372,-0.7468796372413635
14.450	0.004406102001667023,0.6606225371360779,0.05169159173965454,-0.7489235401153564
14.461	0.002760424977168441,0.6584181189537048,0.048889391124248505,-0.7510577440261841
14.471	0.0008707013330422342,0.6567643880844116,0.04651634022593498,-0.7526593208312988
14.480	0.0003824515442829579,-0.6573793292045593,-0.04536481946706772,0.7521929740905762
14.490	0.0013313164236024022,-0.6585710644721985,-0.04497728496789932,0.7511721253395081
14.500	0.0025359399151057005,-0.6592572927474976,-0.04511953145265579,0.7505581974983215
14.510	0.0036665417719632387,-0.6602071523666382,-0.0453483983874321,0.7497043013572693
14.519	0.00440826453268528,-0.6622430086135864,-0.044859353452920914,0.747931957244873
14.531	0.005534093361347914,-0.6631851196289062,-0.04326517507433891,0.7471833229064941
14.540	0.007205491419881582,-0.6627712845802307,-0.04120026156306267,0.7476529479026794
14.550	0.009219381958246231,-0.6611989140510559,-0.03895014524459839,0.7491421103477478
14.560	0.01120582316070795,-0.6589192152023315,-0.037141866981983185,0.7512126564979553
14.569	0.012789268046617508,-0.6568491458892822,-0.03607398644089699,0.7530500292778015
14.579	0.014217442832887173,-0.6541138887405396,-0.036903735250234604,0.7553614974021912
14.589	0.014764043502509594,-0.6516746282577515,-0.03958135470747948,0.757321298122406
14.600	0.012624863535165787,-0.6532994508743286,-0.04222998395562172,0.7558155655860901
14.610	0.012716837227344513,-0.6547735333442688,-0.042435646057128906,0.7545257210731506
14.619	0.012290453538298607,-0.6565849184989929,-0.04321402683854103,0.752912700176239
14.629	0.012095008976757526,-0.6584853529930115,-0.044012319296598434,0.7512081265449524
14.639	0.012139957398176193,-0.6589255332946777,-0.04506933316588402,0.7507586479187012
14.649	0.011887885630130768,-0.6583334803581238,-0.04608440771698952,0.7512202262878418
14.658	0.011364431120455265,-0.6566105484962463,-0.04733861982822418,0.752656877040863
14.669	0.01080121286213398,-0.6545817255973816,-0.04862077161669731,0.7543488144874573
14.679	0.010518884286284447,-0.6538344025611877,-0.0495758131146431,0.754938542842865
14.689	0.010489503853023052,-0.6547906398773193,-0.05008698254823685,0.7540759444236755
14.698	0.010741394944489002,-0.6558037400245667,-0.050323642790317535,0.753175675868988
14.708	0.010618987493216991,-0.6568049192428589,-0.05022190138697624,0.7523112893104553
14.718	0.010474873706698418,-0.6574548482894897,-0.050203144550323486,0.751746654510498
14.729	0.010249782353639603,-0.6584782600402832,-0.050268176943063736,0.7508491277694702
14.739	0.009826683439314365,-0.6597415804862976,-0.05053384229540825,0.749727189540863
14.748	0.009305243380367756,-0.660240888595581,-0.050996262580156326,0.7492627501487732
14.758	0.00879194587469101,-0.6596184372901917,-0.051745057106018066,0.7497657537460327
14.768	0.008625589311122894,-0.6581079363822937,-0.05263052135705948,0.7510323524475098
14.778	0.008819155395030975,-0.6566072106361389,-0.05346573889255524,0.7522835731506348
14.787	0.009096582420170307,-0.6561204791069031,-0.05392313003540039,0.7526721954345703
14.797	0.009148878045380116,-0.6571787595748901,-0.05379129946231842,0.7517572045326233
14.808	0.009207185357809067,-0.6582989692687988,-0.05335453525185585,0.7508068680763245
14.818	0.009302699938416481,-0.659177303314209,-0.05267499014735222,0.7500827312469482
14.828	0.009473332203924656,-0.6597260236740112,-0.05201541632413864,0.7496440410614014
14.837	0.009632892906665802,-0.6598385572433472,-0.05153881758451462,0.7495759725570679
14.847	0.009703160263597965,-0.6604319214820862,-0.051231611520051956,0.7490733861923218
14.857	0.009722844697535038,-0.6607196927070618,-0.0512278750538826,0.7488195300102234
14.868	0.009899117052555084,-0.6600270867347717,-0.05169190466403961,0.7493958473205566
14.877	0.01028912328183651,-0.6585457921028137,-0.05237993970513344,0.7506449818611145
14.887	0.010981087572872639,-0.6573091745376587,-0.05307544395327568,0.7516694664955139
14.897	0.01181640475988388,-0.6574325561523438,-0.0534324049949646,0.7515236139297485
14.907	0.01256993692368269,-0.6587815880775452,-0.05351576954126358,0.7503232359886169
14.918	0.014439549297094345,-0.6605244278907776,-0.05170021206140518,0.7488832473754883
14.926	0.015802104026079178,-0.6613669991493225,-0.04977700114250183,0.7482420802116394
14.937	0.016124267131090164,-0.6615711450576782,-0.04843490570783615,0.7481428384780884
14.947	0.01767251081764698,-0.6614407896995544,-0.04604365676641464,0.7483739852905273
14.957	0.023241832852363586,-0.6616056561470032,-0.0399303212761879,0.7484272122383118
14.966	0.03287707269191742,-0.6622107028961182,-0.02937106415629387,0.7480196952819824
14.976	0.045126061886548996,-0.6630100011825562,-0.015722520649433136,0.7470837235450745
14.986	0.06209716945886612,-0.6636924147605896,0.004429925698786974,0.7454105019569397
14.997	0.08199194818735123,-0.6636999249458313,0.028654353693127632,0.7429392337799072
15.007	0.10029379278421402,-0.6629179120063782,0.052064448595047,0.7401149272918701
15.017	0.11606557667255402,-0.662371814250946,0.072620689868927,0.7365585565567017
15.026	0.12996011972427368,-0.6607417464256287,0.09097497910261154,0.7336581349372864
15.036	0.1422363817691803,-0.6584213376045227,0.10737218707799911,0.7312463521957397
15.046	0.15665583312511444,-0.6557625532150269,0.12756437063217163,0.7274349927902222
15.055	0.1711387187242508,-0.6516743898391724,0.1479034423828125,0.7239866256713867
15.065	0.18405376374721527,-0.6469466686248779,0.16675490140914917,0.7209556698799133
15.076	0.19619518518447876,-0.6410335898399353,0.18492145836353302,0.7186010479927063
15.086	0.20757338404655457,-0.6332381367683411,0.20255807042121887,0.7175604104995728
15.096	0.2185417115688324,-0.625128448009491,0.2197338491678238,0.7163594365119934
15.105	0.23064234852790833,-0.6158385872840881,0.23973675072193146,0.7141939997673035
15.115	0.24256888031959534,-0.6059057116508484,0.25906410813331604,0.7119863033294678
15.126	0.254304438829422,-0.5969621539115906,0.277396023273468,0.7085314989089966
15.136	0.2678143382072449,-0.5877005457878113,0.2979761064052582,0.7029180526733398
15.145	0.28166675567626953,-0.5776011943817139,0.3187955617904663,0.6967138648033142
15.155	0.29335880279541016,-0.569028913974762,0.33719536662101746,0.6902506351470947
15.165	0.3040216565132141,-0.5612989664077759,0.3555588722229004,0.6827093958854675
15.175	0.31433773040771484,-0.5531281232833862,0.37612199783325195,0.6736269593238831
15.184	0.3248167335987091,-0.5451514720916748,0.3965504765510559,0.6633638739585876
15.194	0.33312371373176575,-0.5391769409179688,0.4132377803325653,0.6538739800453186
15.205	0.34105685353279114,-0.5329788327217102,0.4285525381565094,0.6449469327926636
15.215	0.35009056329727173,-0.5262176990509033,0.44439294934272766,0.6348593831062317
15.225	0.3613619804382324,-0.5167586207389832,0.4646179676055908,0.6216978430747986
15.234	0.3718871474266052,-0.5073692798614502,0.48300591111183167,0.6090826988220215
15.244	0.3837656080722809,-0.49685683846473694,0.502380907535553,0.5945339798927307
15.254	0.39460593461990356,-0.4865798354148865,0.5191540122032166,0.5813822746276855
15.265	0.40528610348701477,-0.47614040970802307,0.5346873998641968,0.5684564709663391
15.273	0.4171784222126007,-0.46545085310935974,0.5505831241607666,0.5533316135406494
15.284	0.4287402629852295,-0.4550708830356598,0.5644006133079529,0.5390214920043945
15.294	0.43878835439682007,-0.44600608944892883,0.576445996761322,0.5255981087684631
15.304	0.4485979378223419,-0.436660498380661,0.5896496176719666,0.5102948546409607
15.315	0.45673003792762756,-0.43101996183395386,0.5978599786758423,0.49817970395088196
15.323	0.4650677442550659,-0.4242497384548187,0.6071867346763611,0.4848177433013916
15.334	0.4738893508911133,-0.4148114025592804,0.6202183961868286,0.4676423966884613
15.344	0.48294568061828613,-0.4052846431732178,0.6317327618598938,0.45102280378341675
15.354	0.49027037620544434,-0.39645636081695557,0.6410096883773804,0.4376801550388336
15.363	0.4973316490650177,-0.38811564445495605,0.6492448449134827,0.42486298084259033
15.373	0.5051982402801514,-0.37759989500045776,0.6576966643333435,0.41185930371284485
15.383	0.5129646062850952,-0.3666199743747711,0.665713369846344,0.39910250902175903
15.394	0.5212588310241699,-0.35312288999557495,0.6755725741386414,0.3836601972579956
15.404	0.5287027955055237,-0.3403325378894806,0.6846706867218018,0.36860978603363037
15.413	0.536516547203064,-0.32585301995277405,0.6947444677352905,0.35114091634750366
15.423	0.5424368977546692,-0.3106077015399933,0.7066966891288757,0.33145871758461
15.433	0.5480111241340637,-0.2974332869052887,0.7164018750190735,0.31302639842033386
15.443	0.5529711842536926,-0.28473010659217834,0.7245280146598816,0.2970031797885895
15.452	0.5548129677772522,-0.28185614943504333,0.7258133888244629,0.29314616322517395
15.462	0.5572715997695923,-0.2808578312397003,0.7242838144302368,0.29322370886802673
15.473	0.5613914728164673,-0.27925407886505127,0.7214487195014954,0.2938852608203888
15.483	0.5649988055229187,-0.27729687094688416,0.7185747623443604,0.2958599925041199
15.493	0.5685243010520935,-0.2742777466773987,0.7162317633628845,0.29759681224823
15.503	0.5726128220558167,-0.27198851108551025,0.713455855846405,0.29852551221847534
15.512	0.5773816704750061,-0.2689412534236908,0.7109593749046326,0.29805657267570496
15.523	0.5812619924545288,-0.2649955451488495,0.7100844383239746,0.2961283028125763
15.533	0.58537358045578,-0.2608680725097656,0.7095383405685425,0.29298603534698486
15.542	0.5904815793037415,-0.2564183175563812,0.708305299282074,0.2896285057067871
15.552	0.5953343510627747,-0.2515420615673065,0.7069137692451477,0.2873610556125641
15.562	0.5997889637947083,-0.24639585614204407,0.7053813934326172,0.2863205075263977
15.572	0.6047093272209167,-0.24102766811847687,0.7039605379104614,0.28402796387672424
15.583	0.6093488931655884,-0.23529699444770813,0.7026875615119934,0.2820626199245453
15.593	0.6131818294525146,-0.22933101654052734,0.7022003531455994,0.2798747420310974
15.602	0.616070568561554,-0.22336436808109283,0.702801525592804,0.2768309414386749
15.612	0.619132936000824,-0.21788133680820465,0.7036393880844116,0.27220162749290466
15.622	0.6220852136611938,-0.2128721922636032,0.7047328948974609,0.2665463089942932
15.631	0.6254015564918518,-0.20812556147575378,0.7055332660675049,0.2603447437286377
15.641	0.6288573741912842,-0.20383624732494354,0.7057459950447083,0.25477802753448486
15.651	0.631460964679718,-0.19969326257705688,0.7060680389404297,0.2506939172744751
15.662	0.6341459155082703,-0.19583387672901154,0.7059065699577332,0.24739430844783783
15.672	0.636552095413208,-0.19236135482788086,0.7057857513427734,0.2442641407251358
15.681	0.6388471722602844,-0.18931105732917786,0.7056121826171875,0.24113714694976807
15.691	0.640674889087677,-0.18627376854419708,0.7056751847267151,0.23845365643501282
15.701	0.6425050497055054,-0.1833585500717163,0.7055679559707642,0.23609468340873718
15.711	0.6443583965301514,-0.18015097081661224,0.7054091095924377,0.23397846519947052
15.720	0.6464444398880005,-0.17572113871574402,0.7059745788574219,0.2298508584499359
15.731	0.6469916105270386,-0.17285744845867157,0.706805408000946,0.22792167961597443
15.741	0.6477487683296204,-0.16945712268352509,0.7078441977500916,0.22508296370506287
15.751	0.648347795009613,-0.16673769056797028,0.7085059881210327,0.22330012917518616
15.760	0.6489980220794678,-0.16440202295780182,0.7085714340209961,0.2229347676038742
15.770	0.6496841907501221,-0.16192249953746796,0.7084439992904663,0.22315581142902374
15.780	0.6502173542976379,-0.1596270650625229,0.7084629535675049,0.22319692373275757
15.791	0.6505511999130249,-0.156978040933609,0.7089937329292297,0.22241581976413727
15.801	0.6500197649002075,-0.1551210582256317,0.7098353505134583,0.22258827090263367
15.810	0.6489948630332947,-0.15387853980064392,0.7107914090156555,0.22338922321796417
15.820	0.6479758024215698,-0.15343354642391205,0.7114505171775818,0.224552184343338
15.830	0.6469091176986694,-0.15396584570407867,0.7117565870285034,0.2262866497039795
15.840	0.6510928273200989,-0.14797858893871307,0.7125681042671204,0.2154696136713028
15.849	0.6522292494773865,-0.14471888542175293,0.7135004997253418,0.21111732721328735
15.859	0.6533367037773132,-0.13968820869922638,0.7152225971221924,0.20517079532146454
15.870	0.6546889543533325,-0.1324952393770218,0.7176896929740906,0.19684723019599915
15.880	0.6563608646392822,-0.12542839348316193,0.7199004888534546,0.1876201182603836
15.890	0.6575987339019775,-0.11712918430566788,0.7227575182914734,0.17738716304302216
15.899	0.6587273478507996,-0.10685327649116516,0.7264564037322998,0.16407841444015503
15.909	0.6608426570892334,-0.09265539050102234,0.7304049134254456,0.14563898742198944
15.919	0.6617741584777832,-0.07812301814556122,0.7347597479820251,0.12680664658546448
15.930	0.6618829965591431,-0.06563212722539902,0.7384932041168213,0.11059385538101196
15.939	0.6613841652870178,-0.05145551264286041,0.7424083948135376,0.09355740994215012
15.949	0.6606545448303223,-0.04096181318163872,0.7452517747879028,0.0803586095571518
15.959	0.6597083806991577,-0.03170230612158775,0.7476553320884705,0.06921911239624023
15.969	0.6583551168441772,-0.020167091861367226,0.7504037022590637,0.055281735956668854
15.980	0.6569790244102478,-0.007460976485162973,0.7528436779975891,0.03936183080077171
15.988	0.6548128128051758,0.00692735705524683,0.7554510235786438,0.021585222333669662
15.999	0.6527606248855591,0.01725497469305992,0.7573175430297852,0.008719662204384804
16.009	0.6506893038749695,0.02408597432076931,0.7589617967605591,0.00029424624517560005
16.019	0.6483727693557739,0.02920563705265522,0.7607394456863403,-0.0059361206367611885
16.028	0.6477335691452026,0.02981402352452278,0.7612481117248535,-0.007327461615204811
16.038	0.6476211547851562,0.030014624819159508,0.7613310217857361,-0.007810045499354601
16.048	0.6472068428993225,0.031232468783855438,0.7616184949874878,-0.009223400615155697
16.059	0.6465467214584351,0.03439057990908623,0.7619920372962952,-0.012757841497659683
16.069	0.6451931595802307,0.04130794107913971,0.7626371383666992,-0.020100373774766922
16.079	0.6432912349700928,0.04742680862545967,0.7636973857879639,-0.026333019137382507
16.088	0.6421501040458679,0.05015982687473297,0.7643934488296509,-0.028808608651161194
16.098	0.6415186524391174,0.05281815677881241,0.7646464705467224,-0.0313027985394001
16.108	0.6414870023727417,0.054718147963285446,0.764464795589447,-0.03307216614484787
16.117	0.6417809128761292,0.05562285706400871,0.7641195058822632,-0.033833883702754974
16.127	0.6422026753425598,0.055594317615032196,0.7637847065925598,-0.03343287482857704
16.138	0.6423003077507019,0.055009450763463974,0.7638067007064819,-0.031993988901376724
16.148	0.6422077417373657,0.05361658334732056,0.7641019821166992,-0.029029307886958122
16.158	0.642177939414978,0.051274508237838745,0.764451801776886,-0.024327043443918228
16.167	0.6428429484367371,0.0480356402695179,0.7642595767974854,-0.018782585859298706
16.177	0.6435771584510803,0.04383370652794838,0.7640274167060852,-0.01221280824393034
16.188	0.6441776156425476,0.038638874888420105,0.763886570930481,-0.004428062122315168
16.198	0.6455009579658508,0.038204293698072433,0.7627846002578735,-0.00534431915730238
16.207	0.6453068852424622,0.037552669644355774,0.7629885077476501,-0.004169217310845852
16.217	0.64622563123703,0.036796052008867264,0.7622491121292114,-0.0038293048273772
16.227	0.6475054621696472,0.035913486033678055,0.7612032890319824,-0.0040609100833535194
16.237	0.6489865779876709,0.035093650221824646,0.7599777579307556,-0.004317814484238625
16.246	0.6510087251663208,0.03416455164551735,0.7582878470420837,-0.004453911911696196
16.256	0.6528775095939636,0.0331445038318634,0.7567268013954163,-0.004120505880564451
16.267	0.6546216011047363,0.03213673084974289,0.7552658319473267,-0.003368157660588622
16.277	0.6558515429496765,0.032882168889045715,0.7541612386703491,-0.004288758151233196
16.287	0.6567776799201965,0.03297802805900574,0.7533520460128784,-0.0040151686407625675
16.296	0.6573971509933472,0.03270552307367325,0.7528281211853027,-0.003019411815330386
16.306	0.6579710841178894,0.03142690658569336,0.7523860931396484,-0.0012435263488441706
16.316	0.6625902652740479,0.030035628005862236,0.7483760714530945,-0.0022687597665935755
16.327	0.6642704010009766,0.02900456078350544,0.7469241619110107,-0.002780458889901638
16.336	0.666659951210022,0.026848947629332542,0.7448724508285522,-0.002949971007183194
16.346	0.6685873866081238,0.024910788983106613,0.7432106733322144,-0.0028890296816825867
16.356	0.6703861355781555,0.023102164268493652,0.7416499853134155,-0.001999411964789033
16.366	0.6717660427093506,0.022680997848510742,0.7404128909111023,-0.002192649058997631
16.377	0.6738406419754028,0.02261785790324211,0.7385261058807373,-0.0025069513358175755
16.385	0.6887531280517578,0.016732104122638702,0.7248027324676514,0.000408790452638641
16.396	0.7300422787666321,0.004384796135127544,0.6833241581916809,0.009329751133918762
16.406	0.7309717535972595,0.0032466233242303133,0.6823451519012451,0.008649046532809734
16.416	0.7348878979682922,0.0018392335623502731,0.6781266331672668,0.008982306346297264
16.425	0.738351583480835,-0.0003861846635118127,0.6743462681770325,0.009693531319499016
16.435	0.7417248487472534,-0.0020173252560198307,0.6706178784370422,0.010573040693998337
16.445	0.7443819046020508,-0.003223112318664789,0.6676415205001831,0.011829841881990433
16.456	0.7463510632514954,-0.003808415960520506,0.6654152274131775,0.012968501076102257
16.466	0.7469046711921692,-0.0033653019927442074,0.6648009419441223,0.01271313987672329
16.475	0.7465495467185974,-0.0025880392640829086,0.6652268171310425,0.0114214476197958
16.485	0.745414674282074,-0.0012043887982144952,0.666546106338501,0.008474444039165974
16.495	0.7443206310272217,0.00014655946870334446,0.6678022146224976,0.005190063267946243
16.505	0.7442132234573364,0.00019914279982913285,0.6679328680038452,0.0035156637895852327
16.514	0.7438493371009827,0.0001839278993429616,0.6683419942855835,0.0026577601674944162
16.524	0.7432621717453003,0.0005302737117744982,0.6689974069595337,0.0018505464540794492
16.535	0.7422493696212769,0.0015481659211218357,0.6701217889785767,0.0005148138734512031
16.545	0.7409409284591675,0.0030749712605029345,0.6715619564056396,-0.001230283873155713
16.555	0.739357590675354,0.004697506316006184,0.6732876896858215,-0.0034725351724773645
16.565	0.7371679544448853,0.0067068831995129585,0.6756457090377808,-0.006430384702980518
16.574	0.7342459559440613,0.009243207983672619,0.6787495017051697,-0.009828481823205948
16.585	0.7316062450408936,0.011626048013567924,0.6815062165260315,-0.012900278903543949
16.595	0.7295528054237366,0.013666486367583275,0.6836128234863281,-0.015472345054149628
16.604	0.7272475361824036,0.016147449612617493,0.6859451532363892,-0.018151821568608284
16.614	0.7257393002510071,0.01820712350308895,0.6874411106109619,-0.019893381744623184
16.624	0.7257188558578491,0.019003434106707573,0.6874188184738159,-0.020647669211030006
16.634	0.7264227867126465,0.018961727619171143,0.6866819262504578,-0.020451655611395836
16.645	0.7274430990219116,0.018472163006663322,0.6856310367584229,-0.01988561823964119
16.653	0.7282477021217346,0.01804211735725403,0.6848030090332031,-0.01935688592493534
16.664	0.7285821437835693,0.01778281480073929,0.6844645142555237,-0.0189785435795784
16.674	0.7285822629928589,0.01791076548397541,0.6844611763954163,-0.0189745482057333
16.684	0.7285780310630798,0.01808333955705166,0.6844567060470581,-0.019136672839522362
16.693	0.7281482219696045,0.018406936898827553,0.6848892569541931,-0.01970040425658226
16.703	0.7233152389526367,0.01928490400314331,0.6899501085281372,-0.020297521725296974
16.713	0.7225602269172668,0.019759399816393852,0.6907142996788025,-0.020738383755087852
16.724	0.7222493290901184,0.02001122385263443,0.6910242438316345,-0.020998049527406693
16.734	0.7222405672073364,0.020218269899487495,0.6910225749015808,-0.02116047777235508
16.743	0.7225126028060913,0.020115260034799576,0.6907510757446289,-0.020831475034356117
16.753	0.7228389382362366,0.019923551008105278,0.6904199123382568,-0.020665796473622322
16.763	0.7228223085403442,0.01994524709880352,0.6904299855232239,-0.02089090086519718
16.773	0.7226372361183167,0.019939906895160675,0.6906152367591858,-0.02117893286049366
16.782	0.7221707701683044,0.020096564665436745,0.6910783052444458,-0.021825404837727547
16.793	0.7214359045028687,0.02034011483192444,0.691815197467804,-0.022544240579009056
16.803	0.7200324535369873,0.021010322496294975,0.6932268142700195,-0.023417802527546883
16.813	0.7189735770225525,0.021490486338734627,0.6942968368530273,-0.023814428597688675
16.822	0.7191837430000305,0.02101507969200611,0.6940922141075134,-0.023858923465013504
16.832	0.7192848324775696,0.020345568656921387,0.694007158279419,-0.023862674832344055
16.842	0.7191888093948364,0.019804229959845543,0.6941182017326355,-0.02398195117712021
16.853	0.7188642621040344,0.01947932131588459,0.6944581270217896,-0.024138392880558968
16.863	0.7180219292640686,0.019671838730573654,0.6953215003013611,-0.02419859729707241
16.872	0.7165066003799438,0.02041640505194664,0.6968546509742737,-0.024394037202000618
16.882	0.7160045504570007,0.020463446155190468,0.6973903775215149,-0.023775652050971985
16.892	0.7160360813140869,0.01972014270722866,0.6974151730537415,-0.022706493735313416
16.902	0.7157645225524902,0.018963027745485306,0.6977522373199463,-0.021524811163544655
16.911	0.7151355743408203,0.01861218921840191,0.6984384655952454,-0.02045363187789917
16.921	0.7142158150672913,0.018566949293017387,0.6994040608406067,-0.019621973857283592
16.932	0.712959349155426,0.018668808043003082,0.7006945013999939,-0.019174616783857346
16.942	0.7109541296958923,0.01887485198676586,0.7027291059494019,-0.018967218697071075
16.952	0.7091468572616577,0.018705546855926514,0.7045698761940002,-0.018495487049221992
16.961	0.7086308598518372,0.018237663432955742,0.7050959467887878,-0.018686801195144653
16.971	0.7087904214859009,0.017466936260461807,0.7049554586410522,-0.018677959218621254
16.982	0.7093701362609863,0.016568951308727264,0.7044032216072083,-0.018318701535463333
16.992	0.7104246616363525,0.015475055202841759,0.7033836245536804,-0.017572900280356407
17.001	0.71151202917099,0.01446538232266903,0.7023256421089172,-0.01673431321978569
17.011	0.7125987410545349,0.013742443174123764,0.7012532353401184,-0.016068067401647568
17.021	0.7134250402450562,0.013634124770760536,0.7004144191741943,-0.01607753336429596
17.031	0.7140883207321167,0.013810316100716591,0.6997300982475281,-0.01627853699028492
17.042	0.7144488096237183,0.014004800468683243,0.6993531584739685,-0.016484620049595833
17.050	0.7148774862289429,0.014162053354084492,0.6989076733589172,-0.01665717549622059
17.061	0.7154766917228699,0.014155210927128792,0.6982859373092651,-0.01701546460390091
17.071	0.7161332964897156,0.013800843618810177,0.6976107358932495,-0.017375411465764046
17.081	0.7169108390808105,0.01333285216242075,0.6968169808387756,-0.01752699539065361
17.090	0.717953622341156,0.012624485418200493,0.695763885974884,-0.01719927042722702
17.100	0.7189012765884399,0.012179701589047909,0.6947975158691406,-0.017000820487737656
17.110	0.7202426195144653,0.011677795089781284,0.6934260129928589,-0.016570698469877243
17.121	0.721709132194519,0.011097731068730354,0.6919245719909668,-0.01590953767299652
17.131	0.7227634787559509,0.010625614784657955,0.6908437013626099,-0.015329021960496902
17.141	0.7234631180763245,0.010412981733679771,0.6901212334632874,-0.01501286681741476
17.150	0.7238661646842957,0.010352719575166702,0.6896979212760925,-0.015072913840413094
17.160	0.724215030670166,0.010196181014180183,0.689330518245697,-0.015234417282044888
17.170	0.72410649061203,0.01037602312862873,0.6894326210021973,-0.015641720965504646
17.179	0.7234204411506653,0.010907108895480633,0.6901248097419739,-0.016478827223181725
17.190	0.7223242521286011,0.011711404658854008,0.691231369972229,-0.01759735867381096
17.200	0.7220300436019897,0.012142765335738659,0.6915300488471985,-0.017642678692936897
17.210	0.7230363488197327,0.01167775597423315,0.6905076503753662,-0.01677253097295761
17.220	0.724137544631958,0.011243411339819431,0.68939208984375,-0.015389380976557732
17.229	0.7250487804412842,0.011212929151952267,0.6884562969207764,-0.014369349926710129
17.239	0.7257550954818726,0.011331792920827866,0.6877217292785645,-0.01378160435706377
17.250	0.7256488800048828,0.011788398027420044,0.6878215670585632,-0.01401254627853632
17.260	0.7248802185058594,0.012322564609348774,0.6886006593704224,-0.015028140507638454
17.269	0.7236061692237854,0.012916556559503078,0.6898984909057617,-0.01634994149208069
17.279	0.7221730947494507,0.013680239208042622,0.691356897354126,-0.01744881086051464
17.289	0.7214023470878601,0.014194075018167496,0.6921430826187134,-0.017754144966602325
17.299	0.721646249294281,0.014127327129244804,0.691895067691803,-0.017560699954628944
17.310	0.7221527695655823,0.013917464762926102,0.6913835406303406,-0.017039012163877487
17.318	0.7227526903152466,0.013709709979593754,0.6907725930213928,-0.016552617773413658
17.329	0.7230773568153381,0.013730386272072792,0.690437376499176,-0.016331277787685394
17.339	0.7232611775398254,0.013813309371471405,0.6902453303337097,-0.016243547201156616
17.349	0.7236727476119995,0.013803615234792233,0.6898136734962463,-0.016251783818006516
17.358	0.7238275408744812,0.013797936961054802,0.6896458268165588,-0.016485800966620445
17.368	0.723662793636322,0.013878763653337955,0.6898033618927002,-0.01705782115459442
17.378	0.7232690453529358,0.014181395061314106,0.6901872158050537,-0.017955178394913673
17.389	0.7231816649436951,0.014355857856571674,0.6902588605880737,-0.018567323684692383
17.398	0.7232764959335327,0.014498123899102211,0.690148115158081,-0.018882427364587784
17.408	0.7232745289802551,0.014597107656300068,0.6901455521583557,-0.018976876512169838
17.418	0.7233129143714905,0.014672394841909409,0.6901058554649353,-0.01889769546687603
17.428	0.7236398458480835,0.014522033743560314,0.6897748708724976,-0.01858028955757618
17.439	0.7242099642753601,0.014045233838260174,0.6892006993293762,-0.01802683435380459
17.447	0.724845290184021,0.013415174558758736,0.6885598301887512,-0.01745547726750374
17.458	0.7253263592720032,0.012955511920154095,0.6880661845207214,-0.017286445945501328
17.468	0.7255887985229492,0.01273147203028202,0.6877877116203308,-0.017520561814308167
17.478	0.7254998087882996,0.012760580517351627,0.6878654956817627,-0.01811773143708706
17.487	0.7254035472869873,0.01285291463136673,0.6879505515098572,-0.018671255558729172
17.497	0.7250148057937622,0.013269986025989056,0.6883317232131958,-0.019412843510508537
17.507	0.7246214151382446,0.01377310324460268,0.6887227296829224,-0.019872814416885376
17.518	0.7246207594871521,0.013979291543364525,0.6887176036834717,-0.019930852577090263
17.528	0.7248713970184326,0.013967761769890785,0.6884633898735046,-0.019612077623605728
17.537	0.7251030802726746,0.01405457966029644,0.6882266402244568,-0.019286520779132843
17.547	0.725061297416687,0.014334090985357761,0.6882659196853638,-0.019252315163612366
17.557	0.7255049347877502,0.01415901631116867,0.6878085732460022,-0.01901257410645485
17.567	0.7262483239173889,0.013441188260912895,0.687050461769104,-0.01855495199561119
17.576	0.7269046902656555,0.012766287662088871,0.6863778829574585,-0.018221110105514526
17.586	0.727207601070404,0.012478837743401527,0.6860626339912415,-0.01820462755858898
17.597	0.7271605730056763,0.012639283202588558,0.6861000061035156,-0.01856408081948757
17.607	0.7263776063919067,0.013194079510867596,0.6868959069252014,-0.01937946490943432
17.617	0.7253039479255676,0.013981019146740437,0.6879859566688538,-0.02035054937005043
17.627	0.7249746322631836,0.014341779984533787,0.6883156895637512,-0.020677153021097183
17.636	0.7248010635375977,0.014650804921984673,0.6884892582893372,-0.020771142095327377
17.647	0.7244727611541748,0.015219045802950859,0.688813328742981,-0.021062565967440605
17.657	0.7241674065589905,0.015773331746459007,0.6891061663627625,-0.021574541926383972
17.666	0.7242890000343323,0.015849517658352852,0.6889742016792297,-0.021653536707162857
17.676	0.7246297597885132,0.015503535978496075,0.6886333227157593,-0.021342074498534203
17.686	0.7250232696533203,0.015263757668435574,0.6882307529449463,-0.021134410053491592
17.696	0.7253285050392151,0.015212486498057842,0.6879156827926636,-0.020956072956323624
17.707	0.725653886795044,0.015184630639851093,0.6875810027122498,-0.020699337124824524
17.715	0.7261064648628235,0.014976315200328827,0.6871126890182495,-0.020524661988019943
17.726	0.7264538407325745,0.01483771950006485,0.6867440342903137,-0.020667679607868195
17.736	0.7265135645866394,0.014860562980175018,0.6866695284843445,-0.021025797352194786
